Wellenlänge 1	Intensität 1	Wellenlänge 2	Intensität 2
3.214651794e+02	4.673600662e-03	3.214895935e+02	1.209822949e-02
3.215724487e+02	1.794160809e-03	3.215973206e+02	-4.727973137e-03
3.216797485e+02	-4.058818333e-03	3.217050476e+02	1.547447988e-03
3.217870483e+02	7.797698956e-03	3.218128052e+02	2.373161167e-02
3.218943481e+02	1.126055513e-02	3.219205627e+02	1.826355606e-02
3.220016785e+02	5.765153095e-03	3.220283203e+02	9.162359871e-03
3.221089783e+02	-1.781614264e-03	3.221360779e+02	3.290620400e-03
3.222163086e+02	1.286024344e-03	3.222438354e+02	2.217193134e-02
3.223236389e+02	7.063724101e-03	3.223516235e+02	2.620875277e-02
3.224309692e+02	2.885713242e-03	3.224594116e+02	5.143888295e-03
3.225383301e+02	2.697514603e-03	3.225671997e+02	-6.544542848e-04
3.226456909e+02	-1.141738729e-03	3.226750183e+02	1.923606172e-02
3.227530518e+02	2.490496030e-03	3.227828064e+02	2.341967635e-02
3.228604126e+02	8.230555803e-03	3.228906250e+02	-7.627144456e-03
3.229677734e+02	-1.988632837e-03	3.229984436e+02	2.336462960e-03
3.230751648e+02	1.899552159e-02	3.231062622e+02	2.119942568e-02
3.231825256e+02	3.845526604e-03	3.232141113e+02	1.064864360e-02
3.232899170e+02	-4.510495346e-03	3.233219299e+02	1.143765869e-03
3.233973389e+02	-3.099004971e-03	3.234297791e+02	-8.324413560e-03
3.235047302e+02	6.292109378e-03	3.235376282e+02	9.621089324e-03
3.236121521e+02	1.041366020e-03	3.236455078e+02	2.371326275e-02
3.237195740e+02	3.883166239e-03	3.237533569e+02	-4.654576536e-03
3.238269958e+02	5.708693643e-04	3.238612366e+02	-2.801308874e-03
3.239344177e+02	6.103910971e-03	3.239691162e+02	2.244716883e-02
3.240418701e+02	5.125277676e-03	3.240769958e+02	1.356616430e-02
3.241492920e+02	1.925899880e-03	3.241848755e+02	-4.691274837e-03
3.242567444e+02	-6.712420145e-04	3.242927856e+02	3.822746919e-03
3.243641968e+02	4.033725243e-03	3.244006958e+02	7.455885410e-03
3.244716797e+02	1.020664256e-02	3.245086060e+02	1.041010395e-02
3.245791321e+02	1.493042917e-03	3.246165161e+02	9.822930209e-03
3.246866150e+02	-7.672233041e-03	3.247244263e+02	4.097984638e-03
3.247940979e+02	3.996085376e-03	3.248323669e+02	1.417168695e-02
3.249016113e+02	9.472667240e-03	3.249403076e+02	2.033701353e-02
3.250090942e+02	-7.182916626e-03	3.250482483e+02	-1.480167615e-03
3.251166077e+02	-1.631055260e-03	3.251561890e+02	1.332762465e-02
3.252241211e+02	6.574407686e-03	3.252641602e+02	2.501605637e-02
3.253316345e+02	9.039809927e-03	3.253721313e+02	1.666717604e-02
3.254391479e+02	-6.900618318e-04	3.254801025e+02	5.290681496e-03
3.255466919e+02	4.447762389e-03	3.255880737e+02	-2.746261423e-03
3.256542358e+02	3.375029890e-03	3.256960449e+02	1.745619066e-02
3.257617798e+02	5.238196813e-03	3.258040466e+02	4.556714091e-03
3.258693237e+02	-1.875713584e-03	3.259120483e+02	-9.590507485e-03
3.259768677e+02	3.130371450e-03	3.260200500e+02	-7.847335190e-03
3.260844421e+02	4.203103948e-03	3.261280518e+02	5.896204617e-03
3.261920166e+02	6.837885827e-03	3.262360535e+02	1.057524700e-02
3.262995911e+02	-6.072544493e-03	3.263440857e+02	-2.672864590e-03
3.264071655e+02	1.737701241e-03	3.264521179e+02	-6.544542848e-04
3.265147705e+02	1.112881582e-02	3.265601501e+02	1.241016574e-02
3.266223450e+02	1.033838093e-02	3.266681824e+02	1.503409911e-02
3.267299500e+02	-3.945899196e-03	3.267762451e+02	1.033670735e-03
3.268375549e+02	-1.160558546e-03	3.268843079e+02	4.336523823e-03
3.269451904e+02	5.859252531e-03	3.269923706e+02	1.105232537e-02
3.270527954e+02	4.767700098e-03	3.271004333e+02	7.419187110e-03
3.271604309e+02	6.310929544e-03	3.272084961e+02	-2.654515440e-03
3.272680664e+02	4.278383683e-03	3.273165894e+02	-3.223340260e-03
3.273757324e+02	5.614594091e-03	3.274246826e+02	9.033915587e-03
3.274833679e+02	1.361303846e-03	3.275327759e+02	9.767882526e-03
3.275910339e+02	-1.009999658e-03	3.276408691e+02	-1.333374064e-03
3.276987000e+02	-4.171737470e-03	3.277489624e+02	-4.104101099e-03
3.278063660e+02	2.452856163e-03	3.278570862e+02	4.630111158e-03
3.279140320e+02	9.265649132e-03	3.279652100e+02	2.041040920e-02
3.280217285e+02	1.398943597e-03	3.280733337e+02	2.501605544e-03
3.281293945e+02	-2.684968058e-03	3.281814575e+02	-2.122389153e-03
3.282370911e+02	6.649686839e-04	3.282896118e+02	9.088963270e-03
3.283447876e+02	9.961984120e-03	3.283977661e+02	2.136456780e-02
3.284525146e+02	-1.047639409e-03	3.285059204e+02	-5.241750740e-03
3.285602112e+02	1.775340992e-03	3.286140747e+02	1.602495438e-03
3.286679382e+02	1.624781988e-03	3.287222290e+02	1.453867089e-02
3.287756653e+02	8.701052517e-03	3.288304138e+02	2.290589921e-02
3.288834229e+02	4.259563517e-03	3.289385986e+02	4.336523823e-03
3.289911499e+02	2.377576660e-03	3.290467834e+02	-1.241628197e-03
3.290989075e+02	1.043248083e-02	3.291549683e+02	9.621089324e-03
3.292066650e+02	4.711240530e-03	3.292631531e+02	1.105232537e-02
3.293144226e+02	-1.405216870e-03	3.293713684e+02	1.620844705e-03
3.294221802e+02	-8.029810851e-04	3.294795837e+02	4.942046944e-03
3.295299683e+02	6.687326822e-03	3.295877991e+02	1.419003680e-02
3.296377258e+02	8.494034410e-03	3.296960144e+02	9.804581292e-03
3.297455139e+02	-1.706334762e-03	3.298042603e+02	2.978684381e-03
3.298533325e+02	4.391302718e-05	3.299124756e+02	-4.874766804e-03
3.299611206e+02	1.856266335e-02	3.300207214e+02	5.162237212e-03
3.300689392e+02	5.953351967e-03	3.301289673e+02	5.364078563e-03
3.301767273e+02	8.155276068e-03	3.302372437e+02	-1.021437929e-03
3.302845459e+02	1.756521087e-04	3.303454895e+02	3.822746919e-03
3.303923950e+02	3.431489458e-03	3.304537659e+02	9.822930209e-03
3.305002136e+02	4.711240530e-03	3.305620422e+02	2.868589247e-03
3.306080627e+02	1.549502485e-03	3.306703186e+02	8.685280918e-04
3.307159119e+02	1.925899880e-03	3.307786255e+02	1.107067452e-03
3.308237610e+02	5.802792963e-03	3.308869019e+02	9.914676659e-03
3.309316101e+02	1.142993383e-02	3.309952087e+02	9.107312188e-03
3.310394897e+02	4.523041658e-03	3.311035156e+02	9.694485925e-03
3.311473694e+02	2.114098519e-03	3.312118530e+02	-1.865500468e-03
3.312552185e+02	5.915712100e-03	3.313201599e+02	1.466711517e-02
3.313631287e+02	6.950804964e-03	3.314284973e+02	1.518089231e-02
3.314710083e+02	-1.894533401e-03	3.315368347e+02	5.327380262e-03
3.315789185e+02	4.880619235e-03	3.316451721e+02	-4.544481635e-03
3.316868286e+02	2.772794105e-03	3.317535095e+02	2.248386852e-02
3.317947388e+02	6.762606092e-03	3.318618774e+02	8.006361313e-03
3.319026489e+02	7.910618559e-03	3.319702148e+02	-2.948102308e-03
3.320105591e+02	-3.174284473e-03	3.320785828e+02	7.969662547e-03
3.321184998e+02	4.485402256e-03	3.321869507e+02	6.593473721e-03
3.322264404e+02	8.908071555e-03	3.322953491e+02	1.031835843e-02
3.323343811e+02	3.168011317e-03	3.324037170e+02	1.380470395e-02
3.324423218e+02	4.203103890e-04	3.325121155e+02	1.090553217e-02
3.325502930e+02	6.950804964e-03	3.326205139e+02	3.696137667e-02
3.326582642e+02	8.399934508e-03	3.327289124e+02	2.283250168e-02
3.327662048e+02	4.635960795e-03	3.328373413e+02	-2.727912273e-03
3.328742065e+02	-2.703787759e-03	3.329457703e+02	-4.104101099e-03
3.329821777e+02	5.783972796e-03	3.330541687e+02	5.162237212e-03
3.330901794e+02	2.904533176e-03	3.331625977e+02	2.890608273e-02
3.331981506e+02	4.221924115e-03	3.332710571e+02	5.712713115e-03
3.333061523e+02	-5.771426368e-04	3.333794861e+02	9.602740174e-04
3.334141846e+02	6.837885827e-03	3.334879456e+02	1.253861003e-02
3.335221863e+02	4.259563517e-03	3.335964050e+02	7.419187110e-03
3.336302185e+02	5.332296132e-04	3.337048645e+02	5.804458633e-03
3.337382507e+02	3.883166239e-03	3.338133240e+02	1.431848109e-02
3.338462830e+02	8.136456832e-03	3.339218140e+02	1.103397645e-02
3.339543152e+02	1.080887765e-02	3.340303040e+02	1.938285492e-02
3.340623779e+02	-4.529315047e-03	3.341387939e+02	-1.406770898e-03
3.341704102e+02	1.820508577e-02	3.342472839e+02	9.767882526e-03
3.342784729e+02	8.117636666e-03	3.343557739e+02	1.272210153e-03
3.343865356e+02	4.560681526e-03	3.344642944e+02	1.461206749e-02
3.344946289e+02	3.958445508e-03	3.345728149e+02	4.208079539e-03
3.346026917e+02	2.829253674e-03	3.346813354e+02	-1.883849618e-03
3.347107849e+02	3.487949027e-03	3.347898560e+02	5.786109716e-03
3.348188782e+02	6.254469510e-03	3.348983765e+02	1.248356234e-02
3.349269714e+02	-1.631055347e-04	3.350069275e+02	-3.425181203e-04
3.350350952e+02	8.512853645e-03	3.351154785e+02	1.018991414e-02
3.351431885e+02	8.588133380e-03	3.352240295e+02	2.562157810e-02
3.352513123e+02	1.022546180e-02	3.353325806e+02	1.505244803e-02
3.353594360e+02	-3.193104407e-03	3.354411621e+02	-6.544542848e-04
3.354675598e+02	3.694967600e-03	3.355497131e+02	-4.177497700e-03
3.355757141e+02	2.829253674e-03	3.356582947e+02	4.593412858e-03
3.356838379e+02	7.026084233e-03	3.357668762e+02	5.180586595e-03
3.357919922e+02	1.003726356e-04	3.358754883e+02	5.639316048e-03
3.359001465e+02	5.915712100e-03	3.359840698e+02	1.725435071e-02
3.360083313e+02	9.171549231e-03	3.360926819e+02	2.136456780e-02
3.361164856e+02	2.923352877e-03	3.362012939e+02	1.850209571e-02
3.362246704e+02	-3.701240930e-04	3.363099060e+02	-1.993944868e-03
3.363328552e+02	6.649686839e-04	3.364185181e+02	3.675953485e-03
3.364410400e+02	6.480308250e-03	3.365271606e+02	1.235511806e-02
3.365492249e+02	3.883166239e-03	3.366358032e+02	9.235756472e-03
3.366574402e+02	-1.932173152e-03	3.367444458e+02	4.281476504e-05
3.367656555e+02	4.334843252e-03	3.368530884e+02	-2.269182587e-03
3.368738708e+02	5.576954223e-03	3.369617310e+02	7.914614864e-03
3.369820862e+02	3.224470885e-03	3.370704041e+02	1.200648304e-02
3.370903015e+02	1.775340992e-03	3.371790771e+02	3.364017233e-03
3.371985474e+02	2.245837590e-03	3.372877502e+02	3.529159818e-03
3.373067932e+02	4.635960795e-03	3.373964233e+02	1.160280127e-02
3.374150391e+02	1.284142397e-02	3.375050964e+02	9.033915587e-03
3.375232849e+02	-6.900618318e-04	3.376138000e+02	-7.700541522e-03
3.376315613e+02	2.283477457e-03	3.377225037e+02	-2.140738216e-04
3.377398071e+02	6.198009942e-03	3.378312073e+02	1.129086502e-02
3.378480835e+02	2.565775532e-03	3.379399109e+02	1.094223093e-02
3.379563599e+02	2.942172810e-03	3.380486450e+02	1.020826306e-02
3.380646667e+02	-2.270930912e-03	3.381573486e+02	4.281476431e-04
3.381729431e+02	5.765153095e-03	3.382660828e+02	1.938285492e-02
3.382812500e+02	6.724966224e-03	3.383748169e+02	6.116394885e-03
3.383895569e+02	-2.948446199e-03	3.384835815e+02	3.107128665e-03
3.384978638e+02	6.706146523e-03	3.385923157e+02	-6.728034350e-05
3.386061707e+02	1.229564752e-02	3.387010803e+02	1.050185040e-02
3.387145081e+02	1.611608081e-02	3.388098450e+02	1.156610250e-02
3.388228455e+02	1.756521058e-03	3.389186096e+02	-5.865622777e-03
3.389311829e+02	6.160370540e-03	3.390274048e+02	1.602495438e-03
3.390395203e+02	1.472341083e-02	3.391361694e+02	1.628184319e-02
3.391478577e+02	3.092731815e-03	3.392449646e+02	1.053854823e-02
3.392562256e+02	1.235210709e-02	3.393537598e+02	4.776904359e-03
3.393645935e+02	-3.983539063e-03	3.394625549e+02	-4.984861705e-03
3.394729614e+02	1.295434311e-02	3.395713501e+02	1.349276770e-02
3.395813293e+02	1.063949894e-02	3.396801758e+02	1.912596636e-02
3.396896973e+02	1.267204527e-03	3.397890015e+02	3.896143520e-03
3.397980957e+02	-6.900618318e-04	3.398978271e+02	1.215327680e-01
3.399064941e+02	4.504221957e-03	3.400066528e+02	1.863054000e-02
3.400148926e+02	8.343474939e-03	3.401155090e+02	9.621089324e-03
3.401232910e+02	2.151738387e-03	3.402243347e+02	2.575002378e-03
3.402317200e+02	3.600868164e-03	3.403331909e+02	1.033670735e-02
3.403401489e+02	4.410122521e-03	3.404420471e+02	5.290681496e-03
3.404485474e+02	3.883166239e-03	3.405509033e+02	1.226337161e-02
3.405570068e+02	-2.797887195e-03	3.406597900e+02	-4.948163405e-03
3.406654358e+02	-3.889439686e-04	3.407686768e+02	-4.801370203e-03
3.407738647e+02	1.163695194e-02	3.408775330e+02	8.263249882e-03
3.408823242e+02	4.654780962e-03	3.409864502e+02	1.714425534e-02
3.409907837e+02	1.229564776e-03	3.410953369e+02	1.725435071e-02
3.410992432e+02	-3.588321619e-03	3.412042236e+02	8.501788601e-03
3.412077332e+02	9.190369397e-03	3.413131409e+02	1.556622516e-02
3.413161926e+02	7.458941545e-03	3.414220581e+02	2.919966914e-02
3.414246826e+02	-3.550681984e-03	3.415309753e+02	1.896082424e-03
3.415331726e+02	-2.572048688e-04	3.416398926e+02	2.685097512e-03
3.416416626e+02	8.079997264e-03	3.417488403e+02	1.428178232e-02
3.417501831e+02	3.864346305e-03	3.418577881e+02	1.435517892e-02
3.418586731e+02	-3.682421055e-03	3.419667358e+02	-1.718707033e-03
3.419671936e+02	2.321117092e-03	3.420756836e+02	6.740267389e-03
3.420757141e+02	1.835564524e-02	3.421846313e+02	1.057524700e-02
3.421842346e+02	7.835338823e-03	3.422936096e+02	1.853879355e-02
3.422927856e+02	-3.042545402e-03	3.424025574e+02	1.914431690e-03
3.424013367e+02	2.490496030e-03	3.425115356e+02	4.483317491e-03
3.425098572e+02	1.024428196e-02	3.426205444e+02	1.033670735e-02
3.426184082e+02	9.604406543e-03	3.427295227e+02	8.556836285e-03
3.427269897e+02	3.826706670e-04	3.428385315e+02	-9.718951769e-03
3.428355408e+02	2.490496030e-03	3.429475098e+02	2.848405205e-02
3.429441223e+02	1.180633064e-02	3.430565186e+02	1.446527429e-02
3.430527039e+02	3.036272246e-03	3.431655579e+02	1.663047820e-02
3.431612854e+02	4.391302718e-05	3.432745667e+02	9.180708788e-03
3.432698669e+02	-5.583227612e-04	3.433836060e+02	5.804458633e-03
3.433784790e+02	1.161813270e-02	3.434926453e+02	1.041010395e-02
3.434870911e+02	1.075241808e-02	3.436016846e+02	1.165784895e-02
3.435956726e+02	7.948257960e-03	3.437107239e+02	-2.324230154e-04
3.437043152e+02	2.132918453e-04	3.438197632e+02	5.272332579e-03
3.438129272e+02	1.028192136e-02	3.439288330e+02	6.061347667e-03
3.439215698e+02	1.056421921e-02	3.440379028e+02	5.327380262e-03
3.440301819e+02	5.313476082e-03	3.441469727e+02	1.174959447e-02
3.441388245e+02	6.028631236e-03	3.442560425e+02	2.464907244e-03
3.442474670e+02	3.770247102e-03	3.443651428e+02	6.116395234e-04
3.443561401e+02	9.924343787e-03	3.444742126e+02	4.666809458e-03
3.444647827e+02	-4.905712325e-03	3.445833130e+02	-2.305880887e-03
3.445734558e+02	-3.550681984e-03	3.446924133e+02	6.483378820e-04
3.446821289e+02	-1.047639409e-03	3.448015137e+02	2.017187141e-02
3.447908020e+02	3.506768961e-03	3.449106445e+02	9.566041641e-03
3.448995056e+02	-5.545588210e-03	3.450197754e+02	1.809841208e-02
3.450081787e+02	9.096270078e-04	3.451289062e+02	1.762133464e-02
3.451168823e+02	1.528800651e-02	3.452380371e+02	1.015321584e-03
3.452255859e+02	1.056421921e-02	3.453471680e+02	8.887122385e-03
3.453343201e+02	-2.722607693e-03	3.454562988e+02	5.070491228e-03
3.454430237e+02	-4.773973487e-03	3.455654602e+02	-4.984861705e-03
3.455517578e+02	1.030074153e-02	3.456746216e+02	1.400654437e-03
3.456604919e+02	3.256464750e-02	3.457837830e+02	8.520138450e-03
3.457692261e+02	-1.122918795e-03	3.458929749e+02	-1.406770898e-04
3.458779602e+02	8.719872567e-04	3.460021362e+02	2.907122485e-02
3.459866943e+02	2.885713242e-03	3.461113281e+02	2.281415276e-02
3.460954590e+02	1.393297594e-02	3.462205200e+02	1.061194576e-02
3.462042236e+02	9.039809927e-03	3.463297119e+02	7.712773979e-03
3.463129883e+02	-9.723599069e-04	3.464389038e+02	2.042875858e-03
3.464217529e+02	1.289788354e-02	3.465481262e+02	-1.902198885e-03
3.465305481e+02	8.606953546e-03	3.466573486e+02	5.143888295e-03
3.466393433e+02	-8.970804047e-04	3.467665710e+02	1.529098721e-03
3.467481079e+02	-3.136644955e-05	3.468757935e+02	-4.104101099e-03
3.468569336e+02	6.612047087e-03	3.469850159e+02	4.538365174e-03
3.469657288e+02	2.038819157e-02	3.470942688e+02	1.710755751e-02
3.470745239e+02	5.746333394e-03	3.472034912e+02	-1.590262691e-04
3.471833496e+02	-4.454035778e-03	3.473127441e+02	2.097923541e-03
3.472921753e+02	1.585260220e-02	3.474220276e+02	8.813724853e-03
3.474010010e+02	6.649686955e-03	3.475312805e+02	1.841034857e-03
3.475098572e+02	1.737701241e-03	3.476405334e+02	-2.893054858e-03
3.476186829e+02	2.528135665e-03	3.477498169e+02	-4.452735651e-03
3.477275391e+02	6.819065660e-03	3.478591003e+02	3.510810668e-03
3.478363953e+02	2.904533176e-03	3.479683838e+02	2.393345349e-02
3.479452515e+02	-6.693600211e-03	3.480776978e+02	-2.159087453e-03
3.480541077e+02	1.323664095e-03	3.481869812e+02	-3.957307432e-03
3.481629944e+02	5.671053659e-03	3.482962952e+02	1.762133464e-02
3.482718811e+02	6.310929544e-03	3.484056091e+02	9.914676659e-03
3.483807678e+02	-5.451488774e-03	3.485149231e+02	9.786232113e-05
3.484896545e+02	-5.037451629e-03	3.486242676e+02	-3.461879678e-03
3.485985413e+02	3.958445508e-03	3.487336121e+02	5.731062032e-03
3.487074585e+02	9.585586376e-03	3.488429260e+02	1.369460858e-02
3.488163757e+02	1.116645522e-03	3.489522705e+02	3.620905802e-03
3.489252930e+02	6.405028515e-03	3.490616455e+02	-2.544420306e-03
3.490342102e+02	1.366949826e-02	3.491709900e+02	1.637358963e-02
3.491431274e+02	1.022546180e-02	3.492803650e+02	1.050185040e-02
3.492520752e+02	-2.270930912e-03	3.493897095e+02	5.419125780e-03
3.493610229e+02	-4.416395910e-03	3.494990845e+02	7.107250858e-03
3.494699707e+02	9.453847073e-03	3.496084900e+02	9.364200756e-03
3.495789185e+02	1.043248083e-02	3.497178650e+02	1.747453958e-02
3.496878967e+02	1.323664095e-03	3.498272705e+02	-9.608856402e-03
3.497968445e+02	7.760059088e-03	3.499366760e+02	1.512584463e-02
3.499058228e+02	1.511862781e-02	3.500460815e+02	2.743814886e-02
3.500148010e+02	5.520494655e-03	3.501554871e+02	1.630019210e-02
3.501237793e+02	-5.357389338e-03	3.502648926e+02	-7.278510020e-04
3.502327881e+02	-3.061365336e-03	3.503743286e+02	-5.131655373e-03
3.503417664e+02	3.506768961e-03	3.504837646e+02	1.901587285e-02
3.504507751e+02	7.421301678e-03	3.505932007e+02	7.988011464e-03
3.505597839e+02	-3.701240930e-04	3.507026367e+02	3.639254952e-03
3.506688232e+02	-2.496769186e-03	3.508121033e+02	3.602556651e-03
3.507778320e+02	8.098816499e-03	3.509215393e+02	6.575124804e-03
3.508868713e+02	6.668506656e-03	3.510310059e+02	2.831890946e-03
3.509959106e+02	-4.303476773e-03	3.511404724e+02	-3.737117397e-03
3.511049500e+02	4.635960795e-03	3.512499390e+02	1.574971713e-02
3.512139893e+02	3.186831018e-03	3.513594360e+02	1.914431690e-03
3.513230286e+02	1.090297755e-02	3.514689026e+02	8.079757914e-03
3.514320984e+02	2.509315891e-05	3.515783997e+02	1.345606870e-04
3.515411682e+02	6.461488083e-04	3.516878967e+02	3.951190971e-03
3.516502380e+02	7.044904400e-03	3.517974243e+02	1.020826306e-02
3.517593079e+02	3.280930454e-03	3.519069214e+02	9.474296123e-03
3.518684082e+02	-2.891986398e-03	3.520164490e+02	-4.636227619e-03
3.519775085e+02	-1.009999658e-03	3.521259766e+02	-3.461879678e-03
3.520866089e+02	1.812980743e-03	3.522355042e+02	9.969723411e-03
3.521957092e+02	3.826706670e-03	3.523450317e+02	1.064864360e-02
3.523048096e+02	8.569313213e-03	3.524545593e+02	-6.691336166e-03
3.524139099e+02	-6.712420145e-04	3.525641174e+02	2.538303845e-03
3.525230408e+02	9.416207671e-03	3.526736755e+02	2.171320142e-03
3.526321716e+02	5.238196813e-03	3.527832336e+02	1.736444607e-02
3.527413025e+02	8.908071322e-04	3.528927917e+02	6.116394798e-05
3.528504333e+02	4.824159667e-03	3.530023804e+02	3.162176115e-03
3.529595947e+02	4.955898970e-03	3.531119385e+02	-4.526132252e-04
3.530687561e+02	1.094061695e-02	3.532215271e+02	1.461206749e-02
3.531779175e+02	1.173105207e-03	3.533311157e+02	1.712590602e-04
3.532870789e+02	-1.518136123e-03	3.534407349e+02	6.391632836e-03
3.533962402e+02	9.322108701e-03	3.535503235e+02	1.769473031e-02
3.535054321e+02	4.955898621e-04	3.536599426e+02	1.997002959e-02
3.536145935e+02	4.523041658e-03	3.537695618e+02	-4.783020820e-03
3.537237854e+02	5.859252531e-03	3.538791809e+02	1.804336556e-03
3.538329773e+02	6.894345395e-03	3.539888000e+02	7.712773979e-03
3.539421997e+02	1.188161038e-02	3.540984192e+02	5.565919448e-03
3.540513916e+02	5.012358539e-03	3.542080688e+02	5.896204617e-03
3.541606140e+02	-3.889439686e-04	3.543177185e+02	1.602495438e-03
3.542698364e+02	5.501674954e-03	3.544273682e+02	1.101562753e-02
3.543790588e+02	1.526918728e-02	3.545370178e+02	1.538273320e-02
3.544882812e+02	-1.687514945e-03	3.546466980e+02	-3.223340260e-03
3.545975342e+02	4.278383683e-03	3.547563477e+02	5.382427480e-03
3.547067871e+02	8.079997264e-03	3.548660278e+02	1.079543680e-02
3.548160400e+02	1.327428035e-02	3.549757080e+02	1.912596636e-02
3.549252930e+02	7.402481860e-04	3.550854187e+02	-3.737117397e-03
3.550345459e+02	-6.336022634e-04	3.551950989e+02	-6.728034350e-05
3.551438293e+02	7.101363968e-03	3.553048096e+02	1.130921394e-02
3.552530823e+02	4.071365111e-03	3.554145203e+02	1.057524700e-02
3.553623657e+02	2.321117208e-04	3.555242310e+02	5.841157399e-03
3.554716797e+02	2.321117092e-03	3.556339417e+02	6.299886853e-03
3.555809631e+02	5.238196813e-03	3.557436523e+02	9.455946274e-03
3.556902466e+02	1.270968467e-02	3.558533936e+02	1.519924123e-02
3.557995605e+02	1.079005771e-03	3.559631348e+02	-3.113245126e-03
3.559088745e+02	8.908071322e-04	3.560728760e+02	-6.728034350e-05
3.560181885e+02	6.894345395e-03	3.561826172e+02	-7.095017936e-04
3.561275330e+02	6.837885827e-03	3.562923889e+02	6.171442568e-03
3.562368469e+02	-2.365030115e-03	3.564021301e+02	2.501605544e-03
3.563461914e+02	6.555587519e-03	3.565119019e+02	-6.728034350e-05
3.564555359e+02	1.295434311e-02	3.566216736e+02	4.611761775e-03
3.565648804e+02	1.045130007e-02	3.567314453e+02	9.474296123e-03
3.566742249e+02	9.039809927e-03	3.568412476e+02	1.196978521e-02
3.567835999e+02	2.471676096e-03	3.569510498e+02	-8.012477192e-04
3.568929749e+02	6.461488083e-03	3.570608215e+02	8.666931652e-03
3.570023499e+02	8.776332252e-03	3.571706238e+02	1.130921394e-02
3.571117249e+02	-4.058818333e-03	3.572804565e+02	1.877733273e-03
3.572210999e+02	2.321117208e-04	3.573902588e+02	1.987828407e-03
3.573305054e+02	1.368831750e-02	3.575000916e+02	6.575124804e-03
3.574398804e+02	7.157823537e-03	3.576099243e+02	1.299733948e-02
3.575492859e+02	-3.513042175e-04	3.577197571e+02	9.437597357e-03
3.576586914e+02	7.383661810e-03	3.578295898e+02	-4.709624045e-04
3.577681274e+02	5.802792963e-03	3.579394226e+02	7.786171045e-03
3.578775330e+02	7.797698956e-03	3.580492859e+02	6.960457657e-03
3.579869690e+02	-6.185463630e-03	3.581591492e+02	-1.608611899e-03
3.580964050e+02	8.908071322e-04	3.582690125e+02	3.712651785e-03
3.582058411e+02	1.069595851e-02	3.583788757e+02	3.602556651e-03
3.583153076e+02	1.039484050e-02	3.584887390e+02	2.393345349e-02
3.584247437e+02	-6.900618610e-05	3.585986328e+02	8.960518986e-03
3.585342102e+02	-7.408754900e-03	3.587085266e+02	3.896143520e-03
3.586436768e+02	4.654780962e-03	3.588184204e+02	8.813724853e-03
3.587531433e+02	7.007264532e-03	3.589283142e+02	6.153093185e-03
3.588626099e+02	-9.723599069e-04	3.590382080e+02	-3.608673112e-03
3.589721069e+02	-3.230744042e-03	3.591481323e+02	-5.296797957e-03
3.590816040e+02	1.210744865e-02	3.592580566e+02	-1.608611899e-03
3.591910706e+02	1.587142237e-03	3.593679810e+02	9.474296123e-03
3.593005981e+02	-1.969812904e-03	3.594779053e+02	-3.003149992e-03
3.594100952e+02	1.944719843e-04	3.595878296e+02	-3.957307432e-03
3.595195923e+02	7.703599520e-03	3.596977844e+02	3.749350086e-03
3.596291199e+02	8.155276300e-04	3.598077393e+02	3.529159818e-03
3.597386475e+02	-2.854346763e-03	3.599176941e+02	7.584329578e-04
3.598481750e+02	-7.559313904e-03	3.600276489e+02	-1.993944868e-03
3.599577332e+02	6.819065660e-03	3.601376038e+02	1.431848109e-02
3.600672607e+02	1.287906338e-02	3.602475891e+02	2.294259705e-02
3.601768188e+02	1.346247923e-02	3.603575439e+02	3.180525382e-04
3.602863770e+02	-5.357389338e-03	3.604675293e+02	4.336523823e-03
3.603959351e+02	7.157823537e-03	3.605775146e+02	3.088779515e-03
3.605054932e+02	9.849064983e-03	3.606875305e+02	2.228202671e-02
3.606150818e+02	-2.252110979e-03	3.607975159e+02	-4.526132252e-03
3.607246399e+02	-3.701240930e-04	3.609075317e+02	-3.149943426e-03
3.608342285e+02	6.969624665e-03	3.610175476e+02	4.923698027e-03
3.609438171e+02	3.901986172e-03	3.611275635e+02	1.079543680e-02
3.610534363e+02	4.955898621e-04	3.612375793e+02	7.694425061e-03
3.611630249e+02	-4.472855479e-03	3.613476257e+02	2.097923541e-03
3.612726440e+02	9.378568269e-03	3.614576721e+02	1.905257069e-02
3.613822632e+02	1.831800560e-03	3.615677185e+02	1.540108304e-02
3.614918823e+02	-3.776520258e-03	3.616777649e+02	4.556714091e-03
3.616015015e+02	-4.679874051e-03	3.617878113e+02	4.446619190e-03
3.617111511e+02	4.541861825e-03	3.618978882e+02	6.483378820e-03
3.618207703e+02	7.797698956e-03	3.620079346e+02	1.182299107e-02
3.619304199e+02	2.546955599e-03	3.621180115e+02	-6.030765362e-03
3.620400696e+02	-1.348757301e-03	3.622280884e+02	-4.654576536e-03
3.621497498e+02	1.079005841e-02	3.623381653e+02	1.685066894e-02
3.622593994e+02	7.948257960e-03	3.624482727e+02	1.196978521e-02
3.623690796e+02	1.511862734e-03	3.625583801e+02	7.767821662e-03
3.624787598e+02	5.520494888e-04	3.626684875e+02	4.464968224e-04
3.625884399e+02	1.867558248e-02	3.627785950e+02	1.297899056e-02
3.626981201e+02	1.869440312e-03	3.628887024e+02	5.327380262e-03
3.628078003e+02	1.925899880e-03	3.629988098e+02	-4.122450016e-03
3.629175110e+02	-4.943352193e-03	3.631089478e+02	4.373222589e-03
3.630272217e+02	6.574407686e-03	3.632190857e+02	5.143888295e-03
3.631369324e+02	1.056421921e-02	3.633292236e+02	2.041040920e-02
3.632466431e+02	-1.819253957e-04	3.634393616e+02	2.263066126e-04
3.633563843e+02	-3.080185270e-03	3.635494995e+02	-7.278509904e-03
3.634660950e+02	1.304844208e-02	3.636596680e+02	1.584146288e-03
3.635758362e+02	3.676147666e-03	3.637698364e+02	7.107250858e-03
3.636855774e+02	-8.161549456e-03	3.638800049e+02	-4.617878236e-03
3.637953186e+02	-8.481487632e-03	3.639901733e+02	7.657726761e-03
3.639050903e+02	5.915712100e-03	3.641003723e+02	1.747453958e-02
3.640148315e+02	6.310929544e-03	3.642105408e+02	8.593535051e-03
3.641246033e+02	3.826706670e-04	3.643207397e+02	3.529159818e-03
3.642343750e+02	-5.771426368e-04	3.644309387e+02	8.593535051e-03
3.643441467e+02	7.308382541e-03	3.645411377e+02	6.685219705e-03
3.644539490e+02	6.329749245e-03	3.646513367e+02	1.602495438e-03
3.645637207e+02	-4.077638150e-04	3.647615662e+02	7.400838076e-04
3.646735229e+02	-1.913353335e-03	3.648717957e+02	7.180647925e-03
3.647833252e+02	9.773785248e-03	3.649820251e+02	1.246521343e-02
3.648931274e+02	1.105353609e-02	3.650922546e+02	2.044710889e-02
3.650029602e+02	-1.649875194e-03	3.652024841e+02	1.026331075e-02
3.651127625e+02	-1.781614264e-03	3.653127441e+02	-3.149943426e-03
3.652225952e+02	-8.970804047e-04	3.654229736e+02	3.235572949e-03
3.653324280e+02	2.998632379e-03	3.655332336e+02	1.064864360e-02
3.654422607e+02	4.391302646e-04	3.656435242e+02	1.165784895e-02
3.655520935e+02	-7.465214469e-03	3.657537842e+02	1.107067452e-03
3.656619568e+02	4.466582090e-03	3.658640442e+02	8.758678101e-03
3.657718201e+02	5.972171668e-03	3.659743347e+02	3.597052023e-02
3.658816833e+02	-4.454035778e-03	3.660846252e+02	8.226551116e-03
3.659915466e+02	-2.948446199e-03	3.661949158e+02	5.987950601e-03
3.661014099e+02	1.543856598e-02	3.663052063e+02	9.988073260e-03
3.662113037e+02	4.673600662e-03	3.664155273e+02	1.050185040e-02
3.663211670e+02	1.058303937e-02	3.665258179e+02	-2.379277721e-03
3.664310608e+02	-8.199189790e-03	3.666361389e+02	9.602740174e-04
3.665409546e+02	6.085090805e-03	3.667464600e+02	6.446680520e-03
3.666508789e+02	4.805339966e-03	3.668568115e+02	3.455763217e-03
3.667607727e+02	-1.725154580e-03	3.669671326e+02	5.198935978e-04
3.668706970e+02	9.472667240e-03	3.670774841e+02	3.584207501e-03
3.669806213e+02	5.953351967e-03	3.671878052e+02	6.520077121e-03
3.670905457e+02	1.050775964e-02	3.672981567e+02	1.512584463e-02
3.672004700e+02	-5.733786616e-03	3.674085388e+02	-3.627022263e-03
3.673104248e+02	-1.386397053e-03	3.675188904e+02	2.134621842e-03
3.674203491e+02	6.423848681e-03	3.676292725e+02	1.529098809e-04
3.675303040e+02	8.870431222e-03	3.677396240e+02	-1.406770898e-04
3.676402588e+02	1.605962170e-03	3.678500061e+02	2.483256394e-03
3.677502136e+02	-6.599500775e-03	3.679604187e+02	1.385975070e-02
3.678601990e+02	2.772794105e-03	3.680708008e+02	1.523593999e-02
3.679701538e+02	6.894345395e-03	3.681812134e+02	7.529282011e-03
3.680801392e+02	1.323664095e-03	3.682915955e+02	5.767760333e-03
3.681901245e+02	-1.743974513e-03	3.684020081e+02	-2.562769456e-03
3.683001404e+02	8.381115273e-03	3.685124207e+02	1.088718325e-02
3.684101257e+02	8.042356931e-03	3.686228638e+02	1.545612980e-02
3.685201416e+02	4.504221957e-03	3.687332764e+02	2.630049712e-04
3.686301270e+02	1.737701241e-03	3.688437195e+02	6.299886853e-03
3.687401428e+02	1.506216824e-02	3.689541626e+02	5.052142311e-03
3.688501892e+02	1.493042894e-02	3.690646057e+02	1.527263876e-02
3.689602051e+02	1.925899880e-03	3.691750488e+02	1.204318181e-02
3.690702209e+02	-5.338569637e-03	3.692855225e+02	1.345606870e-04
3.691802673e+02	5.765153095e-03	3.693959656e+02	1.248356234e-02
3.692903137e+02	3.186831018e-03	3.695064392e+02	6.318236236e-03
3.694003601e+02	-3.682421055e-03	3.696169128e+02	-4.324291367e-03
3.695104370e+02	3.487949027e-03	3.697274170e+02	-1.626961050e-03
3.696204834e+02	1.302962285e-02	3.698378906e+02	2.501605637e-02
3.697305603e+02	9.660866112e-03	3.699483948e+02	2.239212207e-02
3.698406372e+02	7.684779819e-03	3.700588684e+02	6.024648901e-03
3.699507141e+02	1.530682668e-03	3.701693726e+02	8.043059148e-03
3.700607910e+02	1.462931093e-02	3.702799072e+02	5.217284895e-03
3.701708984e+02	4.748880398e-03	3.703904114e+02	2.775008418e-02
3.702810059e+02	-6.016084924e-03	3.705009460e+02	9.382549673e-03
3.703910828e+02	-4.454035661e-04	3.706114502e+02	3.400715534e-03
3.705011902e+02	4.146644380e-03	3.707219849e+02	7.254044525e-03
3.706113281e+02	1.095943712e-02	3.708325195e+02	1.956634782e-02
3.707214355e+02	1.925899880e-03	3.709430847e+02	5.731062032e-03
3.708315735e+02	-5.376209039e-03	3.710536194e+02	6.116395070e-06
3.709417114e+02	3.713787533e-03	3.711641846e+02	1.143765822e-02
3.710518494e+02	1.690651476e-02	3.712747498e+02	6.905409973e-03
3.711619873e+02	-1.593415509e-03	3.713853149e+02	9.547692724e-03
3.712721252e+02	-6.147823879e-04	3.714958801e+02	-4.104101099e-03
3.713822937e+02	2.972284518e-02	3.716064758e+02	9.841279127e-03
3.714924622e+02	1.797924750e-02	3.717170715e+02	1.119911950e-02
3.716026306e+02	6.273289910e-05	3.718276367e+02	-3.700418863e-03
3.717127991e+02	8.155276300e-04	3.719382629e+02	1.637358963e-02
3.718229675e+02	4.692420829e-03	3.720488586e+02	2.195174247e-02
3.719331665e+02	1.472341083e-02	3.721594543e+02	2.721795812e-03
3.720433655e+02	-4.378756043e-03	3.722700806e+02	-1.828802051e-03
3.721535645e+02	1.474223100e-03	3.723807068e+02	-1.883849618e-03
3.722637634e+02	9.397387505e-03	3.724913330e+02	6.978806574e-03
3.723739624e+02	3.657327732e-03	3.726019592e+02	5.290681496e-03
3.724841919e+02	5.332296249e-03	3.727125854e+02	2.941986080e-03
3.725944214e+02	3.977265675e-03	3.728232422e+02	-1.315024914e-03
3.727046204e+02	1.366949826e-02	3.729338989e+02	4.409920890e-03
3.728148804e+02	3.713787533e-03	3.730445557e+02	5.859506316e-03
3.729251099e+02	-1.875713584e-03	3.731552124e+02	5.914554000e-03
3.730353394e+02	-8.575586602e-03	3.732658691e+02	6.171442568e-03
3.731455994e+02	4.805339966e-03	3.733765564e+02	6.575124804e-03
3.732558594e+02	5.313476082e-03	3.734872131e+02	5.786109716e-03
3.733661194e+02	-2.854346763e-03	3.735979004e+02	-3.260038560e-03
3.734763794e+02	-3.268383909e-03	3.737085876e+02	7.767821662e-03
3.735866699e+02	9.943163954e-03	3.738193054e+02	1.178629324e-02
3.736969299e+02	1.041366067e-02	3.739299927e+02	1.310743485e-02
3.738072205e+02	-8.970804047e-04	3.740407104e+02	3.162176115e-03
3.739175110e+02	3.356209956e-03	3.741514282e+02	3.162176115e-03
3.740278015e+02	9.886704385e-03	3.742621460e+02	1.431848109e-02
3.741381226e+02	1.278496441e-02	3.743728638e+02	6.538426038e-03
3.742484131e+02	-6.599500775e-03	3.744835815e+02	1.644698530e-02
3.743587341e+02	1.304844278e-03	3.745943298e+02	9.107312188e-03
3.744690552e+02	4.090184812e-03	3.747050781e+02	1.114407182e-02
3.745793762e+02	1.502452884e-02	3.748158264e+02	1.086883433e-02
3.746897278e+02	5.520494888e-04	3.749265747e+02	1.162115019e-03
3.748000488e+02	1.154285274e-03	3.750373230e+02	-5.351845641e-03
3.749104004e+02	1.231446769e-02	3.751481018e+02	1.784152351e-02
3.750207520e+02	4.937078804e-03	3.752588806e+02	8.960518986e-03
3.751311035e+02	5.012358539e-03	3.753696594e+02	-2.691213740e-04
3.752414551e+02	1.587142237e-03	3.754804382e+02	2.464907244e-03
3.753518372e+02	6.950804964e-03	3.755912170e+02	2.141961455e-02
3.754621887e+02	1.022546180e-02	3.757020264e+02	3.932842053e-03
3.755725708e+02	1.092179678e-02	3.758128052e+02	3.822746919e-03
3.756829529e+02	8.701052517e-03	3.759236145e+02	-8.195969276e-04
3.757933655e+02	8.287015371e-03	3.760344238e+02	1.292394288e-02
3.759037476e+02	1.289788354e-02	3.761452332e+02	5.290681496e-03
3.760141602e+02	7.967077545e-04	3.762560730e+02	-4.471084569e-03
3.761245728e+02	-4.397576209e-03	3.763669128e+02	7.455885410e-03
3.762349854e+02	1.301080268e-02	3.764777222e+02	8.666931652e-03
3.763453979e+02	1.163695194e-02	3.765885620e+02	1.277714875e-02
3.764558105e+02	-6.844158750e-03	3.766994324e+02	4.630111158e-03
3.765662537e+02	-7.088817190e-03	3.768102722e+02	1.211657841e-02
3.766766968e+02	9.623225778e-03	3.769211121e+02	1.407994144e-02
3.767871399e+02	6.988444831e-03	3.770319824e+02	5.033792928e-03
3.768975830e+02	1.267204527e-03	3.771428528e+02	2.941986080e-03
3.770080261e+02	-4.661054350e-03	3.772537231e+02	3.437414067e-03
3.771184998e+02	7.214283105e-03	3.773646240e+02	2.283250168e-02
3.772289429e+02	1.700061560e-02	3.774754944e+02	4.409920890e-03
3.773394165e+02	-4.077638150e-04	3.775863953e+02	-5.443591624e-03
3.774498901e+02	-4.510495346e-03	3.776972961e+02	1.143765869e-03
3.775603943e+02	5.915712100e-03	3.778081970e+02	1.248356234e-02
3.776708679e+02	9.754965082e-03	3.779190979e+02	1.041010395e-02
3.777813721e+02	-2.741427626e-03	3.780300293e+02	-5.828924477e-03
3.778918762e+02	1.398943597e-03	3.781409302e+02	-3.663720563e-03
3.780023804e+02	1.577732340e-02	3.782518616e+02	1.694241422e-03
3.781128845e+02	1.965421624e-02	3.783627930e+02	3.160341457e-02
3.782233887e+02	-2.063912340e-03	3.784737244e+02	-2.507722005e-03
3.783339233e+02	1.312372182e-02	3.785846863e+02	3.675953485e-03
3.784444580e+02	1.321782079e-02	3.786956177e+02	1.191473752e-02
3.785549927e+02	9.002170525e-03	3.788065796e+02	1.292394288e-02
3.786655273e+02	-4.849252757e-03	3.789175415e+02	-1.590262691e-04
3.787760620e+02	-2.816707129e-03	3.790285034e+02	1.529098809e-04
3.788866272e+02	9.284468368e-03	3.791394653e+02	6.923759356e-03
3.789971619e+02	7.440121379e-03	3.792504578e+02	1.861218922e-02
3.791077271e+02	-1.160558546e-03	3.793614197e+02	3.914492670e-03
3.792182922e+02	4.861799534e-03	3.794724121e+02	1.492400421e-03
3.793288879e+02	3.224470885e-03	3.795834045e+02	1.332762465e-02
3.794394531e+02	1.796042733e-02	3.796944275e+02	3.299795091e-02
3.795500488e+02	9.284468833e-04	3.798054199e+02	-2.507721947e-04
3.796606445e+02	3.676147666e-03	3.799164429e+02	8.520138450e-03
3.797712402e+02	1.015018299e-02	3.800274658e+02	2.400685102e-02
3.798818359e+02	1.015018299e-02	3.801384888e+02	4.923698027e-03
3.799924622e+02	-8.594406536e-04	3.802495117e+02	-4.250894301e-03
3.801030579e+02	5.144097377e-04	3.803605347e+02	1.033670735e-03
3.802136841e+02	1.276614424e-02	3.804715881e+02	5.510871764e-03
3.803243103e+02	8.870431222e-03	3.805826111e+02	1.196978521e-02
3.804349365e+02	-3.004905768e-03	3.806936646e+02	2.538303845e-03
3.805455627e+02	7.157823537e-03	3.808047180e+02	6.685219705e-03
3.806562195e+02	4.541861825e-03	3.809158020e+02	1.505244803e-02
3.807668762e+02	1.250266656e-02	3.810268555e+02	1.703415997e-02
3.808775330e+02	-1.179378480e-03	3.811379395e+02	7.786171045e-03
3.809881897e+02	4.353662953e-03	3.812490234e+02	-3.608672996e-04
3.810988464e+02	8.061177097e-03	3.813601074e+02	3.364017233e-03
3.812095337e+02	1.299198251e-02	3.814711914e+02	4.336523823e-03
3.813201904e+02	1.299198251e-02	3.815822754e+02	4.520015791e-03
3.814308777e+02	4.504221957e-03	3.816933899e+02	6.611823104e-03
3.815415649e+02	6.781426258e-03	3.818045044e+02	3.308969783e-03
3.816522522e+02	1.009372249e-02	3.819156189e+02	1.637358963e-02
3.817629700e+02	-4.830432881e-04	3.820267334e+02	-5.682130810e-03
3.818736572e+02	5.294656381e-03	3.821378479e+02	2.428208711e-03
3.819843750e+02	1.060185954e-02	3.822489929e+02	1.736444607e-02
3.820950928e+02	9.472667240e-03	3.823601074e+02	6.354934536e-03
3.822058105e+02	2.321117208e-04	3.824712524e+02	2.308939025e-02
3.823165588e+02	9.924343787e-03	3.825823975e+02	2.685097512e-03
3.824272766e+02	2.321117092e-03	3.826935730e+02	4.685158376e-03
3.825380249e+02	1.873204298e-02	3.828047180e+02	6.501727737e-03
3.826487732e+02	9.472667240e-03	3.829158936e+02	2.079574333e-04
3.827595215e+02	7.816518657e-03	3.830270386e+02	1.268540323e-02
3.828702698e+02	8.926890790e-03	3.831382141e+02	6.263188552e-03
3.829810486e+02	1.058303937e-02	3.832494202e+02	-5.810575094e-04
3.830917969e+02	-5.545588210e-03	3.833605957e+02	9.841279127e-03
3.832025757e+02	1.257794537e-02	3.834718018e+02	8.960518986e-03
3.833133545e+02	5.934531800e-03	3.835829773e+02	7.492583711e-03
3.834241333e+02	8.889251389e-03	3.836941833e+02	1.380470395e-02
3.835349426e+02	-8.782605291e-04	3.838053894e+02	-8.159270510e-03
3.836457214e+02	-1.555775874e-03	3.839166260e+02	4.446619190e-03
3.837565308e+02	1.199452952e-02	3.840278320e+02	5.345729180e-03
3.838673401e+02	1.201334968e-02	3.841390686e+02	9.455946274e-03
3.839781494e+02	1.549502485e-03	3.842503052e+02	-6.232606713e-03
3.840889893e+02	-2.647328191e-03	3.843615417e+02	5.015443894e-04
3.841997986e+02	2.099042758e-02	3.844727783e+02	1.002477109e-02
3.843106384e+02	2.928998880e-02	3.845840149e+02	1.585981250e-02
3.844214783e+02	1.982359448e-03	3.846952820e+02	-3.957307432e-03
3.845323181e+02	1.681241556e-03	3.848065491e+02	4.409920890e-03
3.846431580e+02	4.937078804e-03	3.849178162e+02	6.318236236e-03
3.847540283e+02	1.829918660e-02	3.850290833e+02	8.373344317e-03
3.848648682e+02	-3.738880623e-03	3.851403503e+02	-2.360928571e-03
3.849757385e+02	-2.101551974e-03	3.852516174e+02	5.474173464e-03
3.850866089e+02	1.538210642e-02	3.853629150e+02	2.923636697e-03
3.851974792e+02	9.209189564e-03	3.854742126e+02	7.125600241e-03
3.853083801e+02	7.214283105e-04	3.855855103e+02	1.042845380e-02
3.854192505e+02	3.036272246e-03	3.856968079e+02	-1.645310200e-03
3.855301514e+02	1.238974649e-02	3.858081360e+02	1.358451322e-02
3.856410522e+02	1.092179678e-02	3.859194336e+02	5.767760333e-03
3.857519531e+02	1.944719843e-04	3.860307617e+02	9.547692724e-03
3.858628540e+02	8.719872567e-04	3.861420898e+02	-2.048992319e-03
3.859737854e+02	1.797924750e-02	3.862534180e+02	2.997033589e-04
3.860846863e+02	1.622899994e-02	3.863647461e+02	7.235695142e-03
3.861956177e+02	-4.529315047e-03	3.864761047e+02	-4.214196000e-03
3.863065491e+02	3.789066803e-03	3.865874634e+02	1.327257720e-03
3.864174805e+02	1.651129872e-02	3.866988220e+02	2.215358242e-02
3.865284424e+02	1.050775964e-02	3.868101807e+02	1.798831858e-02
3.866393738e+02	4.221924115e-03	3.869215393e+02	-3.608672996e-04
3.867503357e+02	7.571860682e-03	3.870328979e+02	2.850240096e-03
3.868612976e+02	1.105353609e-02	3.871442871e+02	1.969479257e-03
3.869722595e+02	2.496141940e-02	3.872556763e+02	3.896143520e-03
3.870832214e+02	6.273289328e-04	3.873670654e+02	1.747453958e-02
3.871942139e+02	1.329310052e-02	3.874784546e+02	9.841279127e-03
3.873052063e+02	2.023763210e-02	3.875898438e+02	5.070491228e-03
3.874161682e+02	1.675595716e-02	3.877012634e+02	7.198996842e-03
3.875271912e+02	7.665959653e-03	3.878126526e+02	-3.168292576e-03
3.876381836e+02	3.130371450e-03	3.879240723e+02	5.951252300e-03
3.877491760e+02	2.294769324e-02	3.880354919e+02	7.932964712e-03
3.878601990e+02	1.799806766e-02	3.881469421e+02	3.969540354e-03
3.879712219e+02	5.671053659e-03	3.882583618e+02	-2.691213740e-03
3.880822449e+02	3.262110695e-04	3.883698120e+02	-4.764671903e-03
3.881932678e+02	1.009372249e-02	3.884812317e+02	-2.874705533e-04
3.883042908e+02	2.164912224e-02	3.885926819e+02	5.143888295e-03
3.884153442e+02	4.372482654e-03	3.887041626e+02	7.088901941e-03
3.885263672e+02	1.400825568e-02	3.888156128e+02	2.263066126e-04
3.886374207e+02	2.492377907e-02	3.889270630e+02	2.721795812e-03
3.887484741e+02	1.033838093e-02	3.890385437e+02	1.218997501e-02
3.888595276e+02	-8.406207780e-04	3.891500244e+02	5.198935978e-04
3.889706116e+02	-1.254657982e-04	3.892615051e+02	8.134805248e-04
3.890816650e+02	5.614594091e-03	3.893729858e+02	-3.333435161e-03
3.891927490e+02	1.986123435e-02	3.894844971e+02	5.987950601e-03
3.893038330e+02	7.214283105e-03	3.895959778e+02	1.327257720e-03
3.894149170e+02	4.184284247e-03	3.897074890e+02	-1.461818349e-03
3.895260315e+02	1.455403212e-02	3.898190002e+02	5.620967131e-03
3.896371155e+02	1.861912385e-02	3.899305115e+02	3.252087161e-02
3.897482300e+02	1.035720110e-02	3.900420532e+02	1.272210153e-03
3.898593445e+02	3.676147666e-03	3.901535645e+02	5.565919564e-04
3.899704590e+02	1.604080200e-02	3.902651062e+02	4.391571507e-03
3.900815735e+02	1.841210574e-02	3.903766479e+02	5.437475163e-03
3.901927185e+02	6.103910971e-03	3.904881897e+02	7.841218263e-03
3.903038330e+02	2.885713184e-04	3.905997314e+02	9.914676659e-03
3.904149780e+02	1.190043055e-02	3.907112732e+02	1.167619787e-02
3.905261230e+02	1.754639111e-02	3.908228455e+02	2.275910601e-02
3.906372681e+02	5.765153095e-03	3.909344177e+02	7.272393443e-03
3.907484436e+02	1.737701241e-03	3.910459900e+02	5.565919448e-03
3.908595886e+02	1.908962056e-02	3.911575623e+02	5.290681496e-03
3.909707642e+02	1.229564752e-02	3.912691345e+02	1.573136821e-02
3.910819397e+02	1.944719843e-04	3.913807373e+02	4.263127223e-03
3.911931152e+02	-1.198198297e-03	3.914923096e+02	-2.342579188e-03
3.913042908e+02	1.263440493e-02	3.916039124e+02	1.474051178e-02
3.914154663e+02	1.575850323e-02	3.917155151e+02	1.437352784e-02
3.915266724e+02	-2.120371908e-03	3.918271179e+02	-2.287531737e-03
3.916378784e+02	-3.644781187e-03	3.919387512e+02	8.923820220e-03
3.917490845e+02	1.764049008e-02	3.920503540e+02	9.382549673e-03
3.918602905e+02	1.293552294e-02	3.921619873e+02	1.231841929e-02
3.919714966e+02	-8.029810851e-04	3.922736206e+02	-3.957307432e-03
3.920827332e+02	1.775340992e-03	3.923852539e+02	8.795375936e-03
3.921939697e+02	1.137347426e-02	3.924969177e+02	1.042845380e-02
3.923052063e+02	1.366949826e-02	3.926085510e+02	7.290742826e-03
3.924164429e+02	4.165464081e-03	3.927202148e+02	1.657543005e-03
3.925276794e+02	-2.534409054e-03	3.928318787e+02	1.400654437e-03
3.926389160e+02	2.065167017e-02	3.929435425e+02	2.008012496e-02
3.927501831e+02	1.538210642e-02	3.930552063e+02	1.409829035e-02
3.928614502e+02	1.003726386e-03	3.931668701e+02	6.446680520e-03
3.929727173e+02	6.630867254e-03	3.932785645e+02	2.371326275e-02
3.930839844e+02	1.052657980e-02	3.933902283e+02	7.419187110e-03
3.931952515e+02	2.093396708e-02	3.935019226e+02	1.600660570e-02
3.933065491e+02	1.794160809e-03	3.936136169e+02	1.371295750e-02
3.934178162e+02	-3.136644955e-05	3.937253418e+02	1.244686358e-02
3.935291138e+02	8.004717529e-03	3.938370361e+02	7.437536493e-03
3.936404114e+02	1.205098908e-02	3.939487610e+02	1.398819499e-02
3.937517395e+02	2.528135665e-03	3.940604858e+02	-1.975595485e-03
3.938630371e+02	-3.136644838e-03	3.941722107e+02	6.098045968e-03
3.939743652e+02	1.429055352e-02	3.942839355e+02	1.149270590e-02
3.940856628e+02	1.914607920e-02	3.943956604e+02	1.363956090e-02
3.941969910e+02	6.687326822e-03	3.945074158e+02	9.162359871e-03
3.943083191e+02	-2.459129551e-03	3.946191406e+02	1.086883433e-02
3.944196777e+02	8.399934508e-03	3.947308960e+02	1.209822949e-02
3.945310059e+02	5.313476082e-03	3.948426514e+02	6.006299984e-03
3.946423645e+02	3.826706670e-03	3.949544373e+02	1.411663927e-02
3.947537231e+02	-4.397576209e-03	3.950661926e+02	4.428269807e-03
3.948650818e+02	2.757738158e-02	3.951779785e+02	1.257530786e-02
3.949764404e+02	1.099707652e-02	3.952897339e+02	1.767638139e-03
3.950877991e+02	1.141111366e-02	3.954015198e+02	6.208140869e-03
3.951991882e+02	1.878850162e-02	3.955133057e+02	8.685280569e-03
3.953105774e+02	2.977930568e-02	3.956251221e+02	6.520077121e-03
3.954219666e+02	1.461049169e-02	3.957369080e+02	8.905471303e-03
3.955333557e+02	-1.442856592e-04	3.958487244e+02	3.290620400e-03
3.956447449e+02	2.189378021e-03	3.959605408e+02	3.675953485e-03
3.957561646e+02	1.493042894e-02	3.960723572e+02	1.250191126e-02
3.958675537e+02	1.427173335e-02	3.961841736e+02	1.615339890e-02
3.959789734e+02	-1.009999658e-03	3.962959900e+02	1.378635410e-02
3.960903931e+02	4.673600662e-03	3.964078369e+02	-4.709624045e-04
3.962018127e+02	1.754639111e-02	3.965196838e+02	3.529159818e-03
3.963132629e+02	8.437574841e-03	3.966315308e+02	4.997094627e-03
3.964246826e+02	-5.244470201e-03	3.967433777e+02	2.336462960e-03
3.965361328e+02	5.388755817e-03	3.968552246e+02	4.189730622e-03
3.966475830e+02	1.220154855e-02	3.969670715e+02	2.336462960e-03
3.967590332e+02	1.312372182e-02	3.970789490e+02	1.226337161e-02
3.968704834e+02	-7.277015829e-04	3.971908264e+02	-3.223340260e-03
3.969819641e+02	-3.230744042e-03	3.973027039e+02	3.345668083e-03
3.970934143e+02	9.698505513e-03	3.974145813e+02	4.758555442e-03
3.972048950e+02	1.267204527e-02	3.975264587e+02	8.520138450e-03
3.973163757e+02	5.219377112e-03	3.976383667e+02	5.712713115e-03
3.974278564e+02	-3.042545402e-03	3.977502441e+02	4.776904359e-03
3.975393677e+02	1.252148580e-02	3.978621521e+02	2.428208711e-03
3.976508484e+02	2.191260085e-02	3.979740601e+02	6.226490252e-03
3.977623596e+02	2.266539447e-02	3.980859680e+02	5.143888295e-03
3.978738708e+02	-4.905712325e-03	3.981979065e+02	-2.397626871e-03
3.979853821e+02	8.606953546e-03	3.983098145e+02	5.125538912e-03
3.980968933e+02	1.651129872e-02	3.984217529e+02	1.266705431e-02
3.982084045e+02	-4.134098068e-03	3.985336914e+02	-4.654576536e-03
3.983199463e+02	-4.247017205e-03	3.986456299e+02	2.611700678e-03
3.984314880e+02	1.873204298e-02	3.987575989e+02	2.336462960e-03
3.985430298e+02	1.402707584e-02	3.988695374e+02	9.070613421e-03
3.986545715e+02	-4.905712325e-03	3.989815063e+02	5.327380262e-03
3.987661133e+02	2.885713184e-04	3.990934448e+02	6.098045968e-03
3.988776855e+02	1.050775964e-02	3.992054138e+02	1.031835843e-02
3.989892273e+02	8.701052517e-03	3.993174133e+02	3.327318933e-03
3.991007996e+02	-4.642234184e-03	3.994293823e+02	1.400654437e-03
3.992123718e+02	-1.217018231e-03	3.995413513e+02	1.417168695e-02
3.993239441e+02	2.044465020e-02	3.996533508e+02	1.391479839e-02
3.994355469e+02	1.560794469e-02	3.997653503e+02	-8.012477192e-04
3.995471191e+02	-5.959624890e-03	3.998773499e+02	-8.379461244e-03
3.996587219e+02	-3.701240930e-04	3.999893494e+02	-3.480228828e-03
3.997703247e+02	1.280378364e-02	4.001013794e+02	3.951190971e-03
3.998819275e+02	7.967078127e-03	4.002133789e+02	7.382488810e-03
3.999935303e+02	1.474223100e-03	4.003254089e+02	8.520138450e-03
4.001051636e+02	3.450309159e-04	4.004374390e+02	3.969540354e-03
4.002167664e+02	9.265649132e-03	4.005494690e+02	1.918101497e-02
4.003283997e+02	1.440347265e-02	4.006614990e+02	1.039175503e-02
4.004400330e+02	-1.179378480e-03	4.007735596e+02	4.501666874e-03
4.005516663e+02	6.536767818e-03	4.008855896e+02	7.235695142e-03
4.006632996e+02	1.205098908e-02	4.009976501e+02	1.207988057e-02
4.007749634e+02	7.910618559e-03	4.011097107e+02	1.446527429e-02
4.008865967e+02	-9.196642786e-03	4.012217712e+02	2.169485390e-02
4.009982605e+02	4.391302718e-05	4.013338318e+02	8.116455749e-03
4.011099243e+02	6.837885827e-03	4.014459229e+02	6.446680520e-03
4.012216187e+02	1.493042894e-02	4.015580139e+02	9.070613421e-03
4.013332825e+02	1.794160809e-03	4.016700745e+02	-2.452674322e-03
4.014449463e+02	-4.661054350e-03	4.017821960e+02	-6.471145898e-03
4.015566406e+02	8.813971654e-03	4.018942871e+02	7.125600241e-03
4.016683350e+02	9.604406543e-03	4.020063782e+02	3.382366383e-03
4.017800293e+02	-1.311117550e-03	4.021184998e+02	1.455702004e-03
4.018917236e+02	-3.324843477e-03	4.022305908e+02	-6.250955630e-03
4.020034485e+02	1.225800812e-02	4.023427124e+02	6.905409973e-03
4.021151428e+02	2.511197887e-02	4.024548340e+02	1.877733320e-02
4.022268677e+02	1.323664095e-03	4.025669861e+02	-1.498516765e-03
4.023385925e+02	7.590680616e-04	4.026791077e+02	5.272332579e-03
4.024503174e+02	1.270968467e-02	4.027912598e+02	9.107312188e-03
4.025620728e+02	2.511197887e-02	4.029033813e+02	6.575124804e-03
4.026737976e+02	-5.188010633e-03	4.030155334e+02	6.483378820e-04
4.027855530e+02	3.713787533e-03	4.031276855e+02	2.868589247e-03
4.028973083e+02	1.366949826e-02	4.032398682e+02	3.149331734e-02
4.030090637e+02	1.758403145e-02	4.033520203e+02	1.769473031e-02
4.031208191e+02	5.689873826e-03	4.034642029e+02	1.077708788e-02
4.032325745e+02	2.829253674e-03	4.035763855e+02	4.079451859e-01
4.033443604e+02	1.541974582e-02	4.036885681e+02	7.749472279e-03
4.034561157e+02	1.267204527e-02	4.038007507e+02	2.771338634e-02
4.035679016e+02	1.579614356e-02	4.039129333e+02	-5.700480193e-03
4.036796875e+02	2.076458884e-03	4.040251465e+02	4.042936955e-03
4.037915039e+02	2.430272475e-02	4.041373291e+02	9.731184691e-03
4.039032898e+02	1.246502623e-02	4.042495422e+02	9.107312188e-03
4.040151062e+02	8.475214243e-03	4.043617554e+02	6.116394798e-05
4.041268921e+02	1.380123722e-04	4.044739685e+02	-3.058197617e-04
4.042387085e+02	1.508098841e-02	4.045862122e+02	6.905409973e-03
4.043505249e+02	2.155502327e-02	4.046984253e+02	5.584268831e-03
4.044623718e+02	-1.367577119e-03	4.048106689e+02	-5.627083592e-04
4.045741882e+02	-2.158011543e-03	4.049229126e+02	-3.755466547e-03
4.046860352e+02	2.134800516e-02	4.050351562e+02	1.670387387e-02
4.047978821e+02	4.711240530e-02	4.051473999e+02	9.529343806e-03
4.049097290e+02	3.457837179e-02	4.052596741e+02	3.028227203e-02
4.050215759e+02	9.773785248e-03	4.053719177e+02	5.877855700e-03
4.051334229e+02	1.801688783e-02	4.054841919e+02	7.932964712e-03
4.052453003e+02	1.771576889e-02	4.055964661e+02	1.246521343e-02
4.053571472e+02	-4.905712325e-03	4.057087402e+02	9.602740407e-03
4.054690247e+02	9.924343787e-03	4.058210144e+02	2.143796533e-02
4.055809021e+02	8.588133380e-03	4.059333191e+02	1.173124555e-02
4.056927795e+02	1.429055352e-02	4.060455933e+02	5.437475163e-03
4.058046875e+02	-1.066459226e-04	4.061578979e+02	2.110767923e-02
4.059165649e+02	5.426395684e-03	4.062702026e+02	1.033670735e-02
4.060284729e+02	1.609726064e-02	4.063825073e+02	6.226490252e-03
4.061403809e+02	1.526918728e-02	4.064948425e+02	1.290559303e-02
4.062522888e+02	-2.346210415e-03	4.066071472e+02	7.052203640e-03
4.063641968e+02	1.210744842e-03	4.067194824e+02	1.239181589e-02
4.064761353e+02	1.338720042e-02	4.068318176e+02	9.474296123e-03
4.065880432e+02	1.493042894e-02	4.069441528e+02	5.657665431e-03
4.066999817e+02	-3.324843419e-04	4.070564880e+02	-2.526071155e-03
4.068119202e+02	-1.424036687e-03	4.071688232e+02	3.859445220e-03
4.069238586e+02	9.002170525e-03	4.072811890e+02	1.712590572e-03
4.070357971e+02	1.050775964e-02	4.073935242e+02	1.114407182e-02
4.071477661e+02	-4.868072923e-03	4.075058899e+02	1.602495438e-03
4.072597046e+02	6.373035163e-02	4.076182556e+02	1.277714875e-02
4.073716736e+02	8.945710957e-03	4.077306519e+02	8.410043083e-03
4.074836426e+02	1.692533493e-02	4.078430176e+02	6.520077121e-03
4.075956116e+02	1.103471592e-02	4.079554138e+02	-7.131716702e-03
4.077076111e+02	1.210744842e-03	4.080677795e+02	4.171381239e-03
4.078195801e+02	1.139229350e-02	4.081801758e+02	1.365790982e-02
4.079315796e+02	2.633526921e-02	4.082925720e+02	1.468546409e-02
4.080435791e+02	3.092731815e-03	4.084049988e+02	1.475886069e-02
4.081555786e+02	1.398943597e-03	4.085173950e+02	1.529098768e-02
4.082675781e+02	1.780986972e-02	4.086298218e+02	4.079635255e-03
4.083795776e+02	1.698179543e-02	4.087422180e+02	1.606165245e-02
4.084916077e+02	-6.637140177e-03	4.088546448e+02	1.308908570e-03
4.086036377e+02	2.302297391e-03	4.089670715e+02	3.749350086e-03
4.087156677e+02	1.302962285e-02	4.090795288e+02	1.226337161e-02
4.088276978e+02	1.035720110e-02	4.091919556e+02	9.767882526e-03
4.089397278e+02	1.600316167e-02	4.093044128e+02	6.208140869e-03
4.090517578e+02	5.351115949e-03	4.094168396e+02	9.107312188e-03
4.091638184e+02	1.186279021e-02	4.095292969e+02	6.318236236e-03
4.092758789e+02	2.586477250e-02	4.096417847e+02	1.633689180e-02
4.093879089e+02	3.431489458e-03	4.097542419e+02	-4.177497700e-03
4.095000000e+02	1.116645522e-03	4.098666992e+02	7.052203640e-03
4.096120605e+02	6.480308250e-03	4.099791870e+02	1.978653856e-02
4.097241211e+02	2.117862552e-02	4.100916748e+02	7.217345992e-04
4.098362122e+02	-2.440309618e-03	4.102041626e+02	1.400654437e-03
4.099483032e+02	1.812980743e-03	4.103166504e+02	2.958500199e-02
4.100603943e+02	9.811424650e-03	4.104291382e+02	1.877733273e-03
4.101724854e+02	1.079005841e-02	4.105416565e+02	2.428208711e-03
4.102845764e+02	1.907080063e-03	4.106541443e+02	-4.544481635e-03
4.103966675e+02	2.603415167e-03	4.107666626e+02	7.180647925e-03
4.105087891e+02	1.114763599e-02	4.108791809e+02	9.254105389e-03
4.106209106e+02	2.294769324e-02	4.109916992e+02	3.786048619e-03
4.107330322e+02	-1.217018231e-03	4.111042480e+02	5.143888295e-03
4.108451538e+02	9.303288534e-03	4.112167664e+02	-7.462002104e-04
4.109572754e+02	2.179968171e-02	4.113293152e+02	3.015382681e-03
4.110694275e+02	1.432819385e-02	4.114418640e+02	5.419125780e-03
4.111815796e+02	2.885713184e-04	4.115544128e+02	6.648521405e-03
4.112937012e+02	4.523041658e-03	4.116669617e+02	-3.590323962e-03
4.114058533e+02	1.685005613e-02	4.117795105e+02	1.483225822e-02
4.115180359e+02	2.166794240e-02	4.118920898e+02	1.085048448e-02
4.116301880e+02	5.181737244e-03	4.120046692e+02	-4.177497700e-03
4.117423401e+02	2.377576660e-03	4.121172485e+02	1.145600807e-02
4.118545227e+02	1.558912452e-02	4.122298279e+02	9.694485925e-03
4.119667053e+02	1.308608241e-02	4.123424072e+02	2.558488026e-02
4.120788879e+02	-1.706334762e-03	4.124549866e+02	9.327501990e-03
4.121910706e+02	-3.494222416e-03	4.125675964e+02	6.611823104e-03
4.123032837e+02	1.880732179e-02	4.126802063e+02	4.373222589e-03
4.124154663e+02	1.741465181e-02	4.127927856e+02	9.180708788e-03
4.125276794e+02	1.267204527e-03	4.129053955e+02	2.850240096e-03
4.126398926e+02	8.155276300e-04	4.130180359e+02	-4.287593067e-03
4.127521057e+02	1.843092404e-02	4.131306458e+02	1.020826306e-02
4.128643188e+02	7.891798392e-03	4.132432861e+02	2.305269241e-02
4.129765625e+02	2.132918453e-03	4.133558960e+02	8.501788601e-03
4.130887756e+02	8.625772782e-03	4.134685364e+02	4.483317491e-03
4.132010193e+02	1.325546112e-02	4.135811768e+02	7.639377378e-03
4.133132629e+02	1.995533332e-02	4.136938477e+02	6.887060590e-03
4.134255066e+02	-2.120371908e-03	4.138064880e+02	-2.562769456e-03
4.135377502e+02	-1.273477799e-03	4.139191589e+02	4.483317491e-03
4.136499939e+02	1.991769485e-02	4.140317993e+02	1.055689808e-02
4.137622681e+02	1.413999498e-02	4.141444702e+02	1.490565483e-02
4.138745422e+02	5.689873826e-03	4.142571411e+02	5.877855700e-03
4.139868164e+02	-2.797887195e-03	4.143698425e+02	9.033915587e-03
4.140990906e+02	1.472341083e-02	4.144825134e+02	1.413498912e-02
4.142113647e+02	1.730173267e-02	4.145952148e+02	6.483378820e-03
4.143236694e+02	7.797698956e-03	4.147078857e+02	1.896082395e-04
4.144359436e+02	-3.889439686e-04	4.148205872e+02	-3.590323962e-03
4.145482483e+02	1.803570800e-02	4.149333191e+02	8.098106831e-03
4.146605530e+02	1.780986972e-02	4.150460205e+02	-1.406770898e-04
4.147728577e+02	-2.139191842e-03	4.151587219e+02	1.841034857e-03
4.148851624e+02	1.009372249e-02	4.152714539e+02	1.275879983e-02
4.149974976e+02	2.309825271e-02	4.153841858e+02	3.272271249e-03
4.151098022e+02	1.357539836e-02	4.154969177e+02	2.464907244e-03
4.152221375e+02	-6.938258186e-03	4.156096497e+02	4.923698027e-03
4.153344727e+02	-5.056271330e-03	4.157223816e+02	-5.260099424e-04
4.154468079e+02	2.025645226e-02	4.158351135e+02	3.657604102e-03
4.155591736e+02	1.811098680e-02	4.159478760e+02	3.123642877e-02
4.156715088e+02	-5.150370765e-03	4.160606384e+02	9.786232113e-05
4.157838745e+02	-1.367577119e-03	4.161734009e+02	1.272210153e-03
4.158962402e+02	1.538210642e-02	4.162861633e+02	2.374996245e-02
4.160086060e+02	1.841210574e-02	4.163989258e+02	1.261200663e-02
4.161209717e+02	6.606401503e-02	4.165117188e+02	1.092388108e-02
4.162333374e+02	1.695921123e-01	4.166244812e+02	4.263127223e-03
4.163457031e+02	1.691592485e-01	4.167372742e+02	1.534603536e-02
4.164580994e+02	5.313476175e-02	4.168500671e+02	8.501788601e-03
4.165704956e+02	1.171223167e-02	4.169628601e+02	-7.828985690e-04
4.166828918e+02	1.572086290e-02	4.170756531e+02	-9.663904202e-04
4.167952881e+02	4.274619371e-02	4.171884766e+02	4.630111158e-03
4.169076843e+02	3.941508010e-02	4.173012695e+02	1.960304566e-02
4.170201111e+02	1.782868989e-02	4.174140930e+02	4.556714091e-03
4.171325378e+02	5.257016513e-03	4.175269165e+02	8.446741849e-03
4.172449341e+02	2.360638790e-02	4.176397400e+02	7.639377378e-03
4.173573608e+02	3.013688326e-02	4.177525940e+02	5.914554000e-03
4.174698181e+02	7.346021943e-03	4.178654175e+02	-4.636227619e-03
4.175822449e+02	-2.045092406e-03	4.179782715e+02	-1.186580630e-03
4.176946716e+02	1.419645455e-02	4.180910950e+02	1.958469674e-02
4.178071289e+02	1.316136122e-02	4.182039490e+02	6.391632836e-03
4.179195862e+02	1.028192136e-02	4.183168335e+02	4.850301426e-03
4.180320435e+02	-1.838073833e-03	4.184296875e+02	1.174959447e-02
4.181445007e+02	1.974831522e-02	4.185425415e+02	-7.278510020e-04
4.182569580e+02	2.481085993e-02	4.186554260e+02	1.407994144e-02
4.183694458e+02	-1.668695011e-03	4.187683105e+02	1.529098809e-04
4.184819336e+02	1.925899833e-02	4.188811951e+02	4.373222589e-03
4.185944214e+02	4.526805878e-02	4.189940796e+02	8.024710231e-03
4.187069092e+02	4.393184558e-02	4.191069641e+02	9.877977893e-03
4.188193970e+02	5.689873826e-03	4.192198792e+02	8.887122385e-03
4.189318848e+02	5.765153095e-03	4.193327637e+02	2.831890946e-03
4.190444031e+02	1.875086315e-02	4.194456787e+02	2.813541796e-03
4.191568909e+02	1.965421624e-02	4.195585938e+02	2.850240096e-03
4.192694092e+02	1.103471592e-02	4.196715088e+02	1.217162586e-03
4.193819275e+02	3.749545291e-02	4.197844238e+02	2.430043742e-02
4.194944458e+02	9.433145821e-02	4.198973694e+02	1.960304566e-02
4.196069946e+02	7.110773772e-02	4.200102844e+02	2.576837130e-02
4.197195129e+02	1.748993061e-02	4.201232300e+02	8.740328252e-03
4.198320618e+02	1.028192136e-02	4.202361755e+02	1.277714875e-02
4.199446106e+02	1.946601830e-02	4.203491211e+02	9.804581292e-03
4.200571594e+02	2.639172971e-02	4.204620972e+02	1.679562032e-02
4.201697083e+02	5.490383133e-02	4.205750427e+02	1.529098809e-04
4.202822571e+02	9.615698457e-02	4.206880188e+02	2.795192413e-03
4.203948364e+02	1.852314174e-01	4.208009644e+02	8.373344317e-03
4.205073853e+02	2.517032027e-01	4.209139404e+02	1.149270590e-02
4.206199646e+02	1.010877863e-01	4.210269165e+02	3.364017233e-03
4.207325439e+02	3.589576483e-02	4.211399231e+02	8.556836285e-03
4.208451538e+02	2.516843751e-02	4.212528992e+02	4.740206059e-03
4.209577332e+02	2.085868828e-02	4.213659058e+02	2.140126564e-02
4.210703125e+02	2.302297391e-03	4.214788818e+02	2.813541796e-03
4.211829224e+02	4.955898621e-04	4.215918884e+02	-7.645493606e-04
4.212955322e+02	2.191260085e-02	4.217048950e+02	6.520077121e-03
4.214081421e+02	1.105353609e-02	4.218179321e+02	4.611761775e-03
4.215207520e+02	8.155276300e-04	4.219309387e+02	5.565919448e-03
4.216333618e+02	-1.668695011e-03	4.220439758e+02	5.272332579e-03
4.217460022e+02	2.104688622e-02	4.221570129e+02	1.107067522e-02
4.218586426e+02	1.701943390e-02	4.222700195e+02	7.712773979e-03
4.219712524e+02	-7.107636891e-03	4.223830872e+02	-1.425120048e-03
4.220838928e+02	4.297203384e-03	4.224961243e+02	1.747453958e-02
4.221965637e+02	1.150521357e-02	4.226091614e+02	1.780482568e-02
4.223092041e+02	1.594670303e-02	4.227222290e+02	2.136456780e-02
4.224218750e+02	-1.273477799e-03	4.228352661e+02	1.870393567e-02
4.225345154e+02	2.070812881e-02	4.229483337e+02	1.598825678e-02
4.226471863e+02	1.421527378e-02	4.230614014e+02	6.391632836e-03
4.227598572e+02	1.677477546e-02	4.231744995e+02	2.611700678e-03
4.228725281e+02	9.246828966e-03	4.232875671e+02	3.602556651e-03
4.229852295e+02	9.604406543e-03	4.234006653e+02	-2.948102308e-03
4.230979004e+02	1.995533332e-02	4.235137329e+02	5.969601683e-03
4.232106018e+02	1.658657752e-02	4.236268311e+02	1.630019210e-02
4.233232727e+02	7.967077545e-04	4.237399292e+02	-8.746444946e-04
4.234359741e+02	3.600868164e-03	4.238530579e+02	7.676075678e-03
4.235487061e+02	2.927116863e-02	4.239661560e+02	1.189638861e-02
4.236614075e+02	2.620352991e-02	4.240792542e+02	5.731062032e-03
4.237741089e+02	2.283477457e-03	4.241923828e+02	6.079696584e-03
4.238868408e+02	-2.948446199e-03	4.243055115e+02	-3.902259981e-03
4.239995728e+02	1.745229214e-02	4.244186401e+02	1.828190498e-02
4.241123047e+02	1.920253970e-02	4.245317688e+02	9.694485925e-03
4.242250366e+02	1.645483822e-02	4.246449280e+02	2.685097512e-03
4.243377686e+02	5.878072232e-03	4.247580566e+02	2.997033589e-04
4.244505310e+02	2.181850187e-02	4.248712158e+02	5.694363732e-03
4.245632629e+02	1.916489936e-02	4.249843750e+02	6.685219705e-03
4.246760254e+02	1.020664256e-02	4.250975342e+02	6.061347667e-03
4.247887878e+02	4.635960795e-03	4.252106934e+02	6.024648901e-03
4.249015503e+02	1.993651502e-02	4.253238525e+02	4.593412858e-03
4.250143433e+02	1.924018003e-02	4.254370422e+02	-8.562953008e-05
4.251271057e+02	1.728291251e-02	4.255502014e+02	1.620844752e-02
4.252398987e+02	3.770247102e-03	4.256633911e+02	4.740206059e-03
4.253526917e+02	3.269638494e-02	4.257765808e+02	1.303403731e-02
4.254654541e+02	2.883831225e-02	4.258897705e+02	4.923698027e-03
4.255782776e+02	2.153620310e-02	4.260029907e+02	6.887060590e-03
4.256910706e+02	5.878072232e-03	4.261161804e+02	2.426373959e-02
4.258038635e+02	2.718216367e-02	4.262294006e+02	6.575124804e-03
4.259166870e+02	2.200669982e-02	4.263426208e+02	3.127312660e-02
4.260295105e+02	1.451639179e-02	4.264558411e+02	5.198935978e-03
4.261423340e+02	9.020990692e-03	4.265690613e+02	6.721918005e-03
4.262551575e+02	6.378681213e-02	4.266822815e+02	2.556652995e-03
4.263679810e+02	8.940064907e-02	4.267955017e+02	-1.406770898e-04
4.264808044e+02	5.243842676e-02	4.269087524e+02	6.116395070e-06
4.265936584e+02	2.917706966e-02	4.270220032e+02	-2.874705533e-04
4.267065125e+02	2.259011567e-02	4.271352539e+02	4.501666874e-03
4.268193665e+02	2.708806470e-02	4.272485046e+02	6.593473721e-03
4.269322205e+02	3.026862256e-02	4.273617554e+02	7.125600241e-03
4.270450745e+02	5.198675022e-02	4.274750366e+02	2.738310024e-02
4.271579285e+02	6.342922896e-02	4.275882874e+02	1.613504998e-02
4.272708130e+02	4.124060646e-02	4.277015686e+02	6.299886853e-03
4.273836975e+02	1.654893719e-02	4.278148499e+02	-1.773754484e-04
4.274965820e+02	4.020551220e-02	4.279281311e+02	-2.397626871e-03
4.276094666e+02	8.891133219e-02	4.280414124e+02	1.694241352e-02
4.277223511e+02	9.514071047e-02	4.281547241e+02	8.061408997e-03
4.278352356e+02	4.033725336e-02	4.282680054e+02	2.200678922e-02
4.279481506e+02	2.601533197e-02	4.283813171e+02	8.740328252e-03
4.280610352e+02	2.232663706e-02	4.284946289e+02	1.987828407e-03
4.281739502e+02	2.228899859e-02	4.286079407e+02	4.042936955e-03
4.282868652e+02	1.139229350e-02	4.287212524e+02	2.776843263e-03
4.283998108e+02	2.900769189e-02	4.288345642e+02	4.776904359e-03
4.285127258e+02	4.861799255e-02	4.289479065e+02	1.182299107e-02
4.286256409e+02	2.834899537e-02	4.290612488e+02	1.450197212e-02
4.287385864e+02	1.907080063e-03	4.291745605e+02	-2.636166289e-03
4.288515320e+02	1.799806766e-02	4.292879028e+02	2.264901064e-02
4.289644775e+02	4.293439537e-02	4.294012756e+02	7.015504874e-03
4.290774231e+02	5.273954570e-02	4.295146179e+02	6.758616306e-03
4.291903687e+02	2.390750684e-02	4.296279602e+02	9.235756588e-04
4.293033447e+02	1.549502555e-02	4.297413330e+02	4.556714091e-03
4.294163208e+02	4.223806038e-02	4.298547058e+02	9.712834843e-03
4.295292664e+02	5.289010331e-02	4.299680786e+02	7.364139426e-03
4.296422424e+02	4.122178629e-02	4.300814514e+02	5.657665431e-03
4.297552185e+02	2.571421489e-02	4.301948242e+02	6.593473721e-03
4.298682251e+02	2.866893262e-02	4.303082275e+02	4.281476606e-03
4.299812012e+02	3.444663435e-02	4.304216003e+02	5.565919448e-03
4.300942078e+02	3.753309324e-02	4.305350037e+02	6.134744268e-03
4.302072144e+02	4.189930111e-02	4.306484070e+02	4.042936955e-03
4.303202209e+02	8.874195814e-02	4.307618103e+02	1.272210199e-02
4.304332275e+02	1.084651798e-01	4.308752136e+02	7.052203640e-03
4.305462341e+02	7.620792091e-02	4.309886475e+02	-4.507783335e-03
4.306592407e+02	3.760837018e-02	4.311020508e+02	6.887060590e-03
4.307722778e+02	6.058743224e-02	4.312154846e+02	1.114407182e-02
4.308853149e+02	2.753974125e-02	4.313289185e+02	2.371326275e-02
4.309983521e+02	3.926451877e-02	4.314423523e+02	2.061225008e-03
4.311113892e+02	5.740687251e-02	4.315557861e+02	1.193308644e-02
4.312244263e+02	7.812754810e-02	4.316692505e+02	4.373222589e-03
4.313374634e+02	8.702934533e-02	4.317826843e+02	-1.204929780e-03
4.314505310e+02	1.226741746e-01	4.318961487e+02	-3.370133694e-03
4.315635986e+02	1.490784585e-01	4.320096130e+02	6.501727737e-03
4.316766357e+02	1.199076548e-01	4.321230774e+02	3.896143520e-03
4.317897339e+02	5.514848977e-02	4.322365417e+02	1.253861003e-03
4.319028015e+02	1.914607920e-02	4.323500061e+02	6.281537469e-03
4.320158691e+02	2.778439969e-02	4.324635010e+02	2.712621167e-02
4.321289673e+02	1.573968306e-02	4.325769653e+02	2.558488026e-02
4.322420349e+02	9.171549231e-03	4.326904602e+02	-1.553564332e-03
4.323551331e+02	4.824159667e-03	4.328039551e+02	4.538365174e-03
4.324682312e+02	1.801688783e-02	4.329174500e+02	1.064864360e-02
4.325813293e+02	2.019999176e-02	4.330309753e+02	1.872228459e-02
4.326944580e+02	1.764049008e-02	4.331444702e+02	3.657604102e-03
4.328075562e+02	1.333073992e-02	4.332579956e+02	-3.920609131e-03
4.329206848e+02	2.275949530e-02	4.333714905e+02	1.274045091e-02
4.330338135e+02	1.916489936e-02	4.334850159e+02	2.741979808e-02
4.331469116e+02	6.913165096e-03	4.335985413e+02	-1.975595485e-03
4.332600708e+02	1.316136122e-02	4.337120972e+02	-6.728034350e-05
4.333731995e+02	2.193142101e-02	4.338256226e+02	1.351111662e-02
4.334863281e+02	3.096495755e-02	4.339391785e+02	2.536468953e-02
4.335994873e+02	4.959662631e-02	4.340527039e+02	2.061225101e-02
4.337126465e+02	7.696072012e-02	4.341662598e+02	-1.278326497e-03
4.338258057e+02	6.817183644e-02	4.342798157e+02	6.960457657e-03
4.339389648e+02	5.394401774e-02	4.343934021e+02	8.813724853e-03
4.340521240e+02	1.956011727e-02	4.345069580e+02	3.474112367e-03
4.341652832e+02	9.529126808e-03	4.346205139e+02	1.529098809e-04
4.342784729e+02	3.828588501e-02	4.347341003e+02	1.929111034e-02
4.343916626e+02	3.395731747e-02	4.348476868e+02	4.336523823e-03
4.345048218e+02	1.694415510e-02	4.349612732e+02	1.235511736e-03
4.346180420e+02	1.863794401e-02	4.350748596e+02	7.951313455e-05
4.347312317e+02	4.491047934e-02	4.351884460e+02	3.455763217e-03
4.348444214e+02	4.487283900e-02	4.353020630e+02	1.960304566e-02
4.349576416e+02	2.285359427e-02	4.354156494e+02	1.563962176e-02
4.350708313e+02	2.266539447e-02	4.355292664e+02	8.648582734e-03
4.351840515e+02	3.905750066e-02	4.356428833e+02	4.776904359e-03
4.352972717e+02	3.320452198e-02	4.357565002e+02	1.696076244e-02
4.354104919e+02	4.598321393e-03	4.358701172e+02	1.149270590e-02
4.355237427e+02	1.523154695e-02	4.359837646e+02	7.712773979e-03
4.356369629e+02	2.443446219e-02	4.360973816e+02	1.031835843e-02
4.357502136e+02	2.482968010e-02	4.362110291e+02	8.850423619e-03
4.358634338e+02	1.479869056e-02	4.363246765e+02	3.822746919e-03
4.359766846e+02	2.370048873e-02	4.364383240e+02	9.621089324e-03
4.360899353e+02	2.801023796e-02	4.365519714e+02	-1.223278960e-04
4.362032166e+02	3.341154009e-02	4.366656494e+02	6.538426038e-03
4.363164673e+02	4.974718671e-03	4.367792969e+02	-3.938958514e-03
4.364297485e+02	3.920806106e-03	4.368929749e+02	1.675892272e-03
4.365429993e+02	2.750210091e-02	4.370066528e+02	1.189638861e-02
4.366562805e+02	1.939073764e-02	4.371203308e+02	6.336585153e-03
4.367695618e+02	1.566440426e-02	4.372340088e+02	-1.975595485e-03
4.368828735e+02	7.139003370e-03	4.373476868e+02	3.731001052e-04
4.369961548e+02	2.753974125e-02	4.374613647e+02	1.340102125e-02
4.371094360e+02	2.242073789e-02	4.375750732e+02	4.464968573e-03
4.372227478e+02	8.418754674e-03	4.376887817e+02	1.343772002e-02
4.373360596e+02	1.837446541e-02	4.378024902e+02	-4.801370203e-03
4.374493713e+02	1.799806766e-02	4.379161987e+02	7.859567180e-03
4.375626831e+02	2.277831361e-02	4.380299072e+02	1.395149715e-02
4.376759949e+02	1.060185954e-02	4.381436157e+02	1.307073608e-02
4.377893372e+02	1.700061490e-03	4.382573547e+02	4.758555442e-03
4.379026489e+02	2.667402662e-02	4.383710938e+02	2.134621842e-03
4.380159912e+02	2.319235168e-02	4.384848328e+02	1.094223093e-02
4.381293335e+02	1.455403212e-02	4.385985718e+02	5.584268831e-03
4.382426758e+02	7.044904400e-03	4.387123108e+02	-1.021437929e-03
4.383560486e+02	1.630427875e-02	4.388260498e+02	4.960396327e-03
4.384693909e+02	3.508650884e-02	4.389398193e+02	1.050185040e-02
4.385827637e+02	1.231446769e-02	4.390535583e+02	4.630111158e-03
4.386961060e+02	2.245837590e-03	4.391673279e+02	7.951313455e-05
4.388094788e+02	1.319900155e-02	4.392810974e+02	1.349276770e-02
4.389228516e+02	2.795377932e-02	4.393948669e+02	1.730939746e-02
4.390362244e+02	6.950804964e-03	4.395086365e+02	8.520138450e-03
4.391496277e+02	8.719872567e-04	4.396224365e+02	-5.205051973e-03
4.392630005e+02	1.530682668e-02	4.397362061e+02	8.226551116e-03
4.393764038e+02	9.698505513e-03	4.398500061e+02	2.085079066e-02
4.394898071e+02	2.471676096e-03	4.399638062e+02	9.914676659e-03
4.396032104e+02	9.623225778e-03	4.400776062e+02	7.033854257e-03
4.397166138e+02	2.046347037e-02	4.401914062e+02	-9.663904202e-04
4.398300171e+02	1.543856598e-02	4.403052368e+02	1.806171425e-02
4.399434509e+02	9.849064518e-04	4.404190369e+02	-4.526132252e-04
4.400568542e+02	-1.047639409e-03	4.405328674e+02	1.387810055e-02
4.401702881e+02	1.765931025e-02	4.406466980e+02	1.103397645e-02
4.402837219e+02	2.106570639e-02	4.407604980e+02	2.209853567e-02
4.403971558e+02	3.826706670e-03	4.408743591e+02	4.483317491e-03
4.405105896e+02	4.203103890e-04	4.409881897e+02	1.987828407e-03
4.406240540e+02	2.663638815e-02	4.411020203e+02	6.832013372e-03
4.407374878e+02	2.170558274e-02	4.412158813e+02	5.364078563e-03
4.408509521e+02	1.146757323e-02	4.413297424e+02	2.941986080e-03
4.409644165e+02	6.141550373e-03	4.414436035e+02	1.409829035e-02
4.410778809e+02	1.643601805e-02	4.415574646e+02	1.213492732e-02
4.411913452e+02	2.117862552e-02	4.416713257e+02	7.474234793e-03
4.413048096e+02	-6.204283331e-03	4.417851868e+02	4.446619190e-03
4.414183044e+02	-1.348757301e-03	4.418990784e+02	9.547692724e-03
4.415317688e+02	1.858148351e-02	4.420129395e+02	4.024588037e-03
4.416452637e+02	3.009924293e-02	4.421268311e+02	8.281598799e-03
4.417587585e+02	-2.967265900e-03	4.422407227e+02	1.475886069e-02
4.418722534e+02	5.520494655e-03	4.423546143e+02	-2.782959724e-03
4.419857483e+02	1.570204459e-02	4.424685364e+02	1.692406461e-02
4.420992737e+02	2.189378068e-02	4.425824280e+02	3.749350086e-03
4.422127686e+02	8.813971654e-03	4.426963501e+02	8.795375936e-03
4.423262939e+02	1.888260129e-03	4.428102722e+02	-1.755405334e-03
4.424398193e+02	2.601533197e-02	4.429241638e+02	1.681396924e-02
4.425533447e+02	1.807334647e-02	4.430380859e+02	1.422673464e-02
4.426668701e+02	2.866893308e-03	4.431520386e+02	1.143765869e-03
4.427804260e+02	1.252148580e-02	4.432659607e+02	-4.177497700e-03
4.428939514e+02	1.525036711e-02	4.433799133e+02	1.004312094e-02
4.430075073e+02	2.225135826e-02	4.434938354e+02	1.679562032e-02
4.431210632e+02	1.681241556e-03	4.436077881e+02	-2.801308874e-03
4.432345886e+02	-4.642234417e-04	4.437217407e+02	2.575002378e-03
4.433481750e+02	1.541974582e-02	4.438356934e+02	1.351111662e-02
4.434617310e+02	1.455403212e-02	4.439496765e+02	1.263035554e-02
4.435752869e+02	-3.381303046e-03	4.440636292e+02	4.483317491e-03
4.436888733e+02	2.095278818e-03	4.441776123e+02	8.208202198e-03
4.438024597e+02	1.289788354e-02	4.442915649e+02	6.098045968e-03
4.439160461e+02	1.658657752e-02	4.444055481e+02	7.345790509e-03
4.440296326e+02	-5.018631928e-04	4.445195312e+02	-3.039848292e-03
4.441432190e+02	4.391302646e-04	4.446335449e+02	-1.682008617e-03
4.442568054e+02	2.142328396e-02	4.447475281e+02	1.556622516e-02
4.443704224e+02	2.644818835e-02	4.448615112e+02	1.730939746e-02
4.444840088e+02	4.918259103e-03	4.449755249e+02	-1.388421631e-03
4.445976257e+02	4.428942222e-03	4.450895386e+02	1.589651033e-02
4.447112427e+02	1.470459066e-02	4.452035522e+02	2.703446662e-03
4.448248596e+02	2.528135665e-02	4.453175659e+02	8.354995400e-03
4.449384766e+02	3.638507915e-04	4.454315796e+02	-5.076607922e-04
4.450521240e+02	3.826706670e-04	4.455456238e+02	2.097923541e-03
4.451657410e+02	2.435918339e-02	4.456596375e+02	1.413498912e-02
4.452793884e+02	2.036937140e-02	4.457736816e+02	2.391510457e-02
4.453930359e+02	-4.284656607e-03	4.458877258e+02	-1.626961050e-03
4.455066833e+02	5.689873826e-03	4.460017700e+02	2.633719705e-02
4.456203308e+02	2.181850187e-02	4.461158142e+02	1.077708788e-02
4.457340088e+02	2.723862417e-02	4.462298889e+02	1.694241422e-03
4.458476562e+02	1.380123664e-03	4.463439331e+02	-7.645493606e-04
4.459613342e+02	1.643601921e-03	4.464580078e+02	-2.122389153e-03
4.460750122e+02	2.051993087e-02	4.465720825e+02	2.815376595e-02
4.461886902e+02	2.466030046e-02	4.466861572e+02	1.358451322e-02
4.463023682e+02	2.716334304e-03	4.468002319e+02	8.868773002e-04
4.464160461e+02	-3.249563975e-03	4.469143066e+02	1.457536966e-02
4.465297241e+02	1.483632997e-02	4.470283813e+02	-1.388421631e-03
4.466434326e+02	2.040701173e-02	4.471424866e+02	1.630019210e-02
4.467571411e+02	-9.347201558e-04	4.472565918e+02	2.997033531e-03
4.468708496e+02	-4.698693752e-03	4.473706970e+02	1.622679643e-02
4.469845581e+02	1.131701469e-02	4.474848022e+02	1.042845380e-02
4.470982666e+02	2.147974446e-02	4.475989075e+02	1.666717604e-02
4.472119751e+02	1.342484029e-03	4.477130127e+02	3.052081214e-03
4.473257141e+02	1.323664095e-03	4.478271484e+02	-5.076607689e-03
4.474394226e+02	2.119744569e-02	4.479412537e+02	5.033792928e-03
4.475531616e+02	2.991104499e-02	4.480553894e+02	6.868711673e-03
4.476669006e+02	2.923352877e-03	4.481695251e+02	9.676137008e-03
4.477806396e+02	5.501674954e-03	4.482836609e+02	-5.718829110e-03
4.478943787e+02	1.844974421e-02	4.483977966e+02	6.006299984e-03
4.480081482e+02	2.176204138e-02	4.485119629e+02	1.134591270e-02
4.481218872e+02	3.073911881e-03	4.486260986e+02	2.978684381e-03
4.482356567e+02	7.007264532e-03	4.487402649e+02	2.281415276e-03
4.483494263e+02	1.538210642e-02	4.488544312e+02	9.547692724e-03
4.484631958e+02	1.698179543e-02	4.489685974e+02	1.079543680e-02
4.485769653e+02	4.391302820e-03	4.490827637e+02	1.675892272e-03
4.486907654e+02	3.920806106e-03	4.491969299e+02	6.024648901e-03
4.488045349e+02	1.376359724e-02	4.493111267e+02	9.621089324e-03
4.489183350e+02	2.087750845e-02	4.494252930e+02	2.193339169e-02
4.490321045e+02	9.472667007e-04	4.495394897e+02	-5.516988225e-03
4.491459045e+02	2.001179382e-03	4.496536865e+02	1.031835843e-02
4.492597046e+02	2.076458931e-02	4.497678833e+02	1.072204020e-02
4.493735352e+02	2.582713403e-02	4.498820801e+02	1.642863639e-02
4.494873352e+02	-1.762794331e-03	4.499963074e+02	-2.746261423e-03
4.496011658e+02	9.867884219e-03	4.501105042e+02	-2.250833437e-03
4.497149658e+02	1.677477546e-02	4.502247314e+02	3.217223799e-03
4.498287964e+02	2.893241122e-02	4.503389587e+02	1.765803248e-02
4.499426270e+02	-5.075091496e-03	4.504531555e+02	5.400776863e-03
4.500564575e+02	-2.948446199e-03	4.505674133e+02	-1.938897185e-03
4.501703186e+02	1.846856438e-02	4.506816406e+02	6.575124804e-03
4.502841492e+02	1.688769646e-02	4.507958679e+02	2.068564855e-02
4.503980103e+02	6.875525229e-03	4.509101257e+02	1.677727140e-02
4.505118408e+02	3.393849591e-03	4.510243835e+02	3.896143520e-03
4.506257019e+02	1.865676232e-02	4.511386108e+02	5.364078563e-03
4.507395630e+02	1.685005613e-02	4.512528687e+02	4.391571507e-03
4.508534241e+02	1.474223100e-03	4.513671570e+02	1.160280127e-02
4.509673157e+02	4.259563517e-03	4.514814148e+02	2.092418820e-02
4.510811768e+02	1.474223100e-02	4.515956726e+02	1.508914679e-02
4.511950684e+02	2.526253648e-02	4.517099609e+02	5.639316048e-03
4.513089600e+02	1.112881582e-02	4.518242493e+02	1.134591270e-02
4.514228516e+02	3.668619692e-02	4.519385376e+02	4.281476431e-04
4.515367432e+02	4.890029132e-02	4.520528259e+02	1.006146986e-02
4.516506348e+02	2.418980375e-02	4.521671143e+02	1.130921394e-02
4.517645264e+02	1.321782079e-02	4.522814026e+02	1.308908570e-03
4.518784485e+02	4.334843252e-03	4.523957214e+02	7.694425061e-03
4.519923706e+02	2.040701173e-02	4.525100098e+02	1.384140179e-02
4.521062927e+02	9.754965082e-03	4.526243286e+02	4.354873206e-03
4.522202148e+02	1.944719814e-03	4.527386475e+02	-3.461879678e-03
4.523341370e+02	1.118527539e-02	4.528529663e+02	1.173124555e-02
4.524480591e+02	2.332409099e-02	4.529672852e+02	6.318236236e-03
4.525620117e+02	3.642271832e-02	4.530816345e+02	8.740328252e-03
4.526759338e+02	2.157384343e-02	4.531959534e+02	-6.544542848e-04
4.527898865e+02	9.039809927e-03	4.533103027e+02	-2.874705533e-04
4.529038391e+02	2.292887308e-02	4.534246521e+02	1.297899056e-02
4.530177917e+02	1.653011888e-02	4.535390015e+02	1.085048448e-02
4.531317444e+02	1.756521058e-03	4.536533508e+02	-4.636227619e-03
4.532456970e+02	4.541861825e-03	4.537677002e+02	2.281415276e-03
4.533596802e+02	1.969185658e-02	4.538820801e+02	5.217284895e-03
4.534736633e+02	2.279713377e-02	4.539964294e+02	4.978745710e-03
4.535876160e+02	4.560681526e-03	4.541108093e+02	1.327257720e-03
4.537015991e+02	4.466582090e-03	4.542251892e+02	6.960457657e-03
4.538155823e+02	1.946601830e-02	4.543395691e+02	6.299886853e-03
4.539295959e+02	2.575185336e-02	4.544539490e+02	1.380470395e-02
4.540435791e+02	7.402481511e-03	4.545683594e+02	9.144010954e-03
4.541575928e+02	4.485402256e-03	4.546827393e+02	2.308939025e-02
4.542715759e+02	2.255247533e-02	4.547971497e+02	4.575063474e-03
4.543855896e+02	1.873204298e-02	4.549115295e+02	5.712713115e-03
4.544996033e+02	5.144097377e-03	4.550259399e+02	6.226490252e-03
4.546136169e+02	1.041366020e-03	4.551403503e+02	-3.975656815e-03
4.547276611e+02	1.679359563e-02	4.552547913e+02	8.721979335e-03
4.548416748e+02	2.131036483e-02	4.553692017e+02	1.349276770e-02
4.549557190e+02	6.988444831e-03	4.554836426e+02	-3.058197617e-04
4.550697327e+02	7.214283105e-03	4.555980530e+02	6.813663989e-03
4.551837769e+02	2.336173132e-02	4.557124939e+02	1.387810055e-02
4.552978210e+02	1.769695058e-02	4.558269348e+02	2.389675565e-02
4.554118652e+02	1.286024321e-02	4.559413757e+02	4.281476504e-05
4.555259399e+02	3.901986172e-03	4.560558167e+02	2.281415276e-03
4.556399841e+02	2.744564228e-02	4.561702881e+02	7.419187110e-03
4.557540588e+02	1.901433989e-02	4.562847290e+02	2.063059993e-02
4.558681335e+02	-5.018631782e-05	4.563992004e+02	2.391510410e-03
4.559822083e+02	-1.066459226e-04	4.565136719e+02	2.941986080e-03
4.560962830e+02	2.441564389e-02	4.566281433e+02	1.371295750e-02
4.562103577e+02	1.852502488e-02	4.567426147e+02	1.681396924e-02
4.563244324e+02	7.063724101e-03	4.568570862e+02	-5.865622777e-03
4.564385376e+02	3.582048463e-03	4.569715881e+02	4.318174906e-03
4.565526123e+02	2.114098519e-02	4.570860596e+02	4.446619190e-03
4.566667175e+02	2.119744569e-02	4.572005615e+02	7.235695142e-03
4.567808228e+02	-8.029810851e-04	4.573150635e+02	3.565858351e-03
4.568949280e+02	-1.838073833e-03	4.574295654e+02	1.011651754e-02
4.570090637e+02	1.701943390e-02	4.575440674e+02	1.934615709e-02
4.571231689e+02	2.526253648e-02	4.576585693e+02	1.380470395e-02
4.572373047e+02	5.369936116e-03	4.577731018e+02	1.780482568e-02
4.573514099e+02	1.557030436e-02	4.578876038e+02	4.464968224e-04
4.574655457e+02	2.934644930e-02	4.580021362e+02	7.786171045e-03
4.575796814e+02	2.326763049e-02	4.581166687e+02	8.703630418e-03
4.576938171e+02	7.891798392e-03	4.582312012e+02	8.336646482e-03
4.578079834e+02	8.832791820e-03	4.583457336e+02	1.308908570e-03
4.579221191e+02	1.986123435e-02	4.584602966e+02	2.187834494e-02
4.580362854e+02	2.228899859e-02	4.585748291e+02	9.088963270e-03
4.581504211e+02	7.609500084e-03	4.586893921e+02	3.547508968e-04
4.582645874e+02	-2.703787759e-03	4.588039246e+02	6.538426038e-03
4.583787537e+02	2.110334672e-02	4.589184875e+02	1.230007038e-02
4.584929199e+02	3.077675961e-02	4.590330505e+02	3.162176115e-03
4.586071167e+02	-8.594406536e-04	4.591476440e+02	1.233676914e-02
4.587212830e+02	3.036272246e-03	4.592622070e+02	4.409920890e-03
4.588354797e+02	2.279713377e-02	4.593768005e+02	1.261200663e-02
4.589496765e+02	2.733272314e-02	4.594913635e+02	1.721765101e-02
4.590638733e+02	8.795152418e-03	4.596059570e+02	-2.195785753e-03
4.591780701e+02	3.356209956e-03	4.597205505e+02	1.108902413e-02
4.592922668e+02	2.078340761e-02	4.598351440e+02	1.501574926e-02
4.594064636e+02	2.616589144e-02	4.599497375e+02	1.400654437e-03
4.595206909e+02	9.943163954e-03	4.600643616e+02	1.108902413e-02
4.596348877e+02	3.619688097e-03	4.601789551e+02	4.630111158e-03
4.597491150e+02	2.520607784e-02	4.602935791e+02	1.754793711e-02
4.598633423e+02	2.496141940e-02	4.604082031e+02	4.997094627e-03
4.599775696e+02	1.462931093e-02	4.605228271e+02	1.688736677e-02
4.600917969e+02	2.443446219e-02	4.606374512e+02	9.510993958e-03
4.602060547e+02	2.648582868e-02	4.607520752e+02	6.832013372e-03
4.603202820e+02	2.509315891e-05	4.608666992e+02	2.116272692e-03
4.604345398e+02	5.934531800e-03	4.609813538e+02	-1.700357767e-03
4.605487976e+02	2.891359106e-02	4.610960083e+02	1.732774638e-02
4.606630554e+02	2.706924453e-02	4.612106323e+02	9.180708788e-03
4.607773132e+02	3.337390022e-03	4.613252869e+02	-3.516927129e-03
4.608915710e+02	5.087637808e-03	4.614399414e+02	-8.379461360e-04
4.610058289e+02	2.144210413e-02	4.615546265e+02	4.208079539e-03
4.611201172e+02	2.776557952e-02	4.616692810e+02	8.373344317e-03
4.612344055e+02	2.377576660e-03	4.617839661e+02	-7.627144456e-03
4.613486633e+02	-1.405216870e-03	4.618986206e+02	2.378666028e-02
4.614629517e+02	3.702495620e-02	4.620133057e+02	1.725435071e-02
4.615772400e+02	2.057638951e-02	4.621279907e+02	1.285054628e-02
4.616915588e+02	1.398943597e-03	4.622426758e+02	2.997033589e-04
4.618058472e+02	8.908071322e-04	4.623573914e+02	-1.828802051e-03
4.619201660e+02	2.402042598e-02	4.624720764e+02	6.465029437e-03
4.620344543e+02	3.350564092e-02	4.625867920e+02	9.437597357e-03
4.621487732e+02	9.736145847e-03	4.627014771e+02	-7.462002104e-04
4.622630920e+02	2.866893308e-03	4.628161926e+02	5.565919448e-03
4.623774109e+02	1.875086315e-02	4.629309082e+02	2.004342712e-02
4.624917603e+02	2.067048848e-02	4.630456238e+02	1.362121198e-02
4.626060791e+02	-3.494222416e-03	4.631603699e+02	2.776843263e-03
4.627204285e+02	2.509315731e-03	4.632750854e+02	5.767760333e-03
4.628347473e+02	2.595887147e-02	4.633898315e+02	1.831860282e-02
4.629490967e+02	2.324881032e-02	4.635045471e+02	1.072204020e-02
4.630634460e+02	2.114098519e-03	4.636192932e+02	2.813541796e-03
4.631777954e+02	7.665959653e-03	4.637340393e+02	2.868589247e-03
4.632921753e+02	2.953464724e-02	4.638487854e+02	9.474296123e-03
4.634065247e+02	1.476105023e-02	4.639635620e+02	3.510810668e-03
4.635209045e+02	1.116645522e-03	4.640783081e+02	4.097984638e-04
4.636352539e+02	8.926890790e-03	4.641930847e+02	6.354934536e-03
4.637496338e+02	1.698179543e-02	4.643078308e+02	1.446527429e-02
4.638640137e+02	1.596552134e-02	4.644226074e+02	7.914614864e-03
4.639783936e+02	-2.120371908e-03	4.645373840e+02	6.483378820e-04
4.640928040e+02	1.775340992e-03	4.646521606e+02	-1.626961050e-03
4.642071838e+02	2.070812881e-02	4.647669678e+02	9.254105389e-03
4.643215942e+02	2.748328261e-02	4.648817444e+02	7.822869346e-03
4.644360046e+02	-2.779067261e-03	4.649965515e+02	-4.838068504e-03
4.645503845e+02	-6.448941771e-03	4.651113281e+02	1.050185040e-02
4.646647949e+02	2.189378068e-02	4.652261353e+02	4.171381239e-03
4.647792358e+02	1.984241419e-02	4.653409424e+02	1.332762465e-02
4.648936462e+02	2.245837590e-03	4.654557495e+02	-3.003149992e-03
4.650080566e+02	7.251922973e-03	4.655705872e+02	-2.342579188e-03
4.651224976e+02	2.710688487e-02	4.656853943e+02	6.391632836e-03
4.652369385e+02	2.117862552e-02	4.658002319e+02	1.670387387e-02
4.653513794e+02	5.953351967e-03	4.659150391e+02	2.263066126e-04
4.654658203e+02	4.240743816e-03	4.660298767e+02	7.437536493e-03
4.655802612e+02	2.740800194e-02	4.661447144e+02	8.153154515e-03
4.656947021e+02	2.712570503e-02	4.662595520e+02	3.675953485e-03
4.658091736e+02	6.706146523e-03	4.663744202e+02	9.144010954e-03
4.659236145e+02	3.958445508e-03	4.664892578e+02	3.675953485e-03
4.660380859e+02	2.804787830e-02	4.666041260e+02	1.538273320e-02
4.661525574e+02	2.460384183e-02	4.667189941e+02	5.529221147e-03
4.662670288e+02	-1.217018231e-03	4.668338318e+02	7.786171045e-03
4.663815002e+02	6.292109378e-03	4.669487000e+02	-3.902259981e-03
4.664959717e+02	2.067048848e-02	4.670635986e+02	6.079696584e-03
4.666104736e+02	2.738918178e-02	4.671784668e+02	6.244839169e-03
4.667249451e+02	1.980477571e-02	4.672933350e+02	-4.269243684e-03
4.668394470e+02	4.560681526e-03	4.674082336e+02	-6.911526434e-04
4.669539490e+02	2.505551837e-02	4.675231323e+02	1.841034926e-02
4.670684509e+02	3.399495780e-02	4.676380005e+02	4.464968573e-03
4.671829529e+02	4.334843252e-03	4.677528992e+02	2.141961455e-02
4.672974854e+02	6.969624665e-03	4.678678284e+02	-2.159087453e-03
4.674119873e+02	2.580831386e-02	4.679827271e+02	1.833695173e-02
4.675265198e+02	2.784085833e-02	4.680976257e+02	1.547447988e-03
4.676410217e+02	4.748880398e-03	4.682125549e+02	7.125600241e-03
4.677555542e+02	9.566766210e-03	4.683274536e+02	-6.544542848e-04
4.678700867e+02	2.998632379e-02	4.684423828e+02	5.877855700e-03
4.679846191e+02	2.477322146e-02	4.685573120e+02	1.657542959e-02
4.680991821e+02	9.980803356e-03	4.686722412e+02	1.841034857e-03
4.682137146e+02	7.778879255e-03	4.687872009e+02	8.226551116e-03
4.683282776e+02	2.693750523e-02	4.689021301e+02	-2.140738216e-04
4.684428406e+02	3.694967553e-02	4.690170898e+02	1.663047820e-02
4.685573730e+02	6.480308250e-03	4.691320190e+02	-2.507721947e-04
4.686719360e+02	1.391415671e-02	4.692469788e+02	7.767821662e-03
4.687865295e+02	3.427725285e-02	4.693619385e+02	4.171381239e-03
4.689010925e+02	3.681793809e-02	4.694768982e+02	2.428208711e-03
4.690156555e+02	2.272185497e-02	4.695918884e+02	2.303434350e-02
4.691302490e+02	1.427173335e-02	4.697068481e+02	3.272271249e-03
4.692448425e+02	2.275949530e-02	4.698218079e+02	1.532768551e-02
4.693594360e+02	2.462266199e-02	4.699367981e+02	8.740328252e-03
4.694740295e+02	3.450309159e-04	4.700517883e+02	2.244716976e-03
4.695886230e+02	1.739583164e-02	4.701667786e+02	8.740328252e-03
4.697032166e+02	1.803570800e-02	4.702817688e+02	9.841279127e-03
4.698178101e+02	2.592123300e-02	4.703967590e+02	1.672222465e-02
4.699324341e+02	1.481750980e-02	4.705117798e+02	2.464907244e-03
4.700470581e+02	1.184397098e-02	4.706267700e+02	4.153032321e-03
4.701616821e+02	2.445328236e-02	4.707417908e+02	3.822746919e-03
4.702763062e+02	2.147974446e-02	4.708568115e+02	7.345790509e-03
4.703909302e+02	2.012471296e-02	4.709718323e+02	-2.929753158e-03
4.705055542e+02	2.782204002e-02	4.710868530e+02	6.079696584e-03
4.706201782e+02	4.280265421e-02	4.712018738e+02	1.270375215e-02
4.707348328e+02	2.744564228e-02	4.713168945e+02	2.775008418e-02
4.708494873e+02	6.612047087e-03	4.714319458e+02	8.960518986e-03
4.709641418e+02	1.737701241e-03	4.715469666e+02	2.145631425e-02
4.710787964e+02	2.386986651e-02	4.716620178e+02	1.132756379e-02
4.711934509e+02	2.334291115e-02	4.717770691e+02	2.202513814e-02
4.713081055e+02	7.835338823e-03	4.718921204e+02	7.822869346e-03
4.714227600e+02	1.323664095e-03	4.720071716e+02	2.575002378e-03
4.715374451e+02	2.855601348e-02	4.721222534e+02	3.235572949e-03
4.716521301e+02	3.068265878e-02	4.722373047e+02	7.235695142e-03
4.717667847e+02	4.203103948e-03	4.723523865e+02	2.611700678e-03
4.718814697e+02	6.536767818e-03	4.724674377e+02	1.017156523e-02
4.719961548e+02	2.567657456e-02	4.725825195e+02	1.527263876e-02
4.721108704e+02	3.324216232e-02	4.726976013e+02	1.701581106e-02
4.722255554e+02	8.889251389e-03	4.728127136e+02	1.820850745e-02
4.723402710e+02	1.562676392e-02	4.729277954e+02	-3.737117397e-03
4.724549561e+02	2.334291115e-02	4.730428772e+02	4.318174906e-03
4.725696716e+02	3.141663596e-02	4.731579895e+02	1.490565483e-02
4.726843872e+02	7.007264532e-03	4.732731018e+02	-9.113428532e-04
4.727991028e+02	5.012358539e-03	4.733881836e+02	2.134621842e-03
4.729138184e+02	2.057638951e-02	4.735032959e+02	9.621089324e-03
4.730285645e+02	1.634191908e-02	4.736184387e+02	1.470381394e-02
4.731432800e+02	2.076458884e-03	4.737335510e+02	7.345790509e-03
4.732580261e+02	-9.723599069e-04	4.738486633e+02	-3.058197617e-04
4.733727722e+02	3.128489479e-02	4.739638062e+02	1.270375215e-02
4.734875183e+02	3.674265742e-02	4.740789490e+02	3.112633340e-02
4.736022644e+02	-2.986085834e-03	4.741940613e+02	1.310743485e-02
4.737170105e+02	1.252148580e-02	4.743092041e+02	5.657665431e-03
4.738317566e+02	3.862464428e-02	4.744243469e+02	2.006177558e-03
4.739465332e+02	2.674930729e-02	4.745395203e+02	1.237346698e-02
4.740612793e+02	1.011254266e-02	4.746546631e+02	-3.828863380e-03
4.741760559e+02	1.069595851e-02	4.747698364e+02	5.510871764e-03
4.742908325e+02	2.560129389e-02	4.748849792e+02	4.593412858e-03
4.744056091e+02	2.044465020e-02	4.750001526e+02	1.949295029e-02
4.745203857e+02	3.299750388e-03	4.751153259e+02	7.272393443e-03
4.746351624e+02	9.096270078e-04	4.752304993e+02	6.666870322e-04
4.747499695e+02	3.566992283e-02	4.753456726e+02	5.015443894e-04
4.748647461e+02	2.307943255e-02	4.754608765e+02	1.430013124e-02
4.749795532e+02	9.190369397e-03	4.755760498e+02	3.125477815e-03
4.750943604e+02	3.073911939e-04	4.756912537e+02	4.831952101e-04
4.752091675e+02	2.413334511e-02	4.758064575e+02	8.354995400e-03
4.753239746e+02	1.562676392e-02	4.759216614e+02	1.233676914e-02
4.754388123e+02	8.042356931e-03	4.760368652e+02	1.584146288e-03
4.755536194e+02	8.061177097e-03	4.761520691e+02	-1.094834763e-03
4.756684570e+02	1.986123435e-02	4.762672729e+02	2.795192413e-03
4.757832642e+02	2.503669821e-02	4.763824768e+02	4.923698027e-03
4.758981018e+02	7.157823537e-03	4.764977112e+02	-3.792164789e-04
4.760129395e+02	1.191925025e-03	4.766129456e+02	2.354812110e-03
4.761277771e+02	2.343701012e-02	4.767281799e+02	1.382305287e-03
4.762426147e+02	2.601533197e-02	4.768434143e+02	2.677757666e-02
4.763574829e+02	3.600868164e-03	4.769586487e+02	-9.663904202e-04
4.764723206e+02	2.942172810e-03	4.770738831e+02	-3.828863380e-03
4.765871887e+02	2.466030046e-02	4.771891479e+02	1.894247532e-02
4.767020569e+02	2.797259763e-02	4.773043823e+02	1.013486646e-02
4.768169250e+02	1.176869124e-02	4.774196472e+02	4.281476504e-05
4.769317932e+02	3.901986172e-03	4.775349121e+02	6.465029437e-03
4.770466614e+02	2.159266360e-02	4.776501770e+02	3.602556651e-03
4.771615295e+02	2.539427578e-02	4.777654419e+02	1.912596636e-02
4.772764282e+02	-9.347201558e-04	4.778807068e+02	-1.718707033e-03
4.773912964e+02	1.030074153e-02	4.779959717e+02	1.033670735e-03
4.775061951e+02	2.833017521e-02	4.781112671e+02	1.556622516e-02
4.776210938e+02	2.343701012e-02	4.782265320e+02	1.239181589e-02
4.777359924e+02	1.434701309e-02	4.783418274e+02	1.435517892e-02
4.778508911e+02	1.069595851e-02	4.784571228e+02	-9.572158568e-03
4.779658203e+02	2.814197727e-02	4.785724182e+02	1.149270590e-02
4.780807190e+02	2.415216528e-02	4.786877136e+02	5.272332579e-03
4.781956482e+02	5.369936116e-03	4.788030396e+02	1.496070251e-02
4.783105469e+02	-3.136644955e-05	4.789183350e+02	5.510871764e-03
4.784254761e+02	2.578949369e-02	4.790336609e+02	4.409920890e-03
4.785404053e+02	3.175539151e-02	4.791489563e+02	1.556622516e-02
4.786553345e+02	9.020990692e-03	4.792642822e+02	-3.186641727e-03
4.787702942e+02	4.748880398e-03	4.793796082e+02	6.226490252e-03
4.788852234e+02	2.330527082e-02	4.794949341e+02	8.666931652e-03
4.790001831e+02	2.889477275e-02	4.796102905e+02	1.442857552e-02
4.791151123e+02	5.294656381e-03	4.797256165e+02	-1.315024914e-03
4.792300720e+02	8.155276300e-04	4.798409729e+02	8.226551116e-03
4.793450317e+02	2.938408777e-02	4.799562988e+02	1.090553217e-02
4.794599915e+02	2.827371657e-02	4.800716553e+02	4.373222589e-03
4.795749512e+02	5.501674954e-03	4.801870117e+02	-1.296675764e-03
4.796899414e+02	1.084651798e-02	4.803023682e+02	5.914554000e-03
4.798049011e+02	2.979812585e-02	4.804177246e+02	4.978745710e-03
4.799198914e+02	2.377576753e-02	4.805331116e+02	2.079574333e-04
4.800348816e+02	1.626664028e-02	4.806484680e+02	2.354812110e-03
4.801498413e+02	7.872978225e-03	4.807638550e+02	-1.333374064e-03
4.802648621e+02	2.548837475e-02	4.808792419e+02	3.675953485e-03
4.803798523e+02	4.103358835e-02	4.809946289e+02	3.861280158e-02
4.804948425e+02	4.748880398e-03	4.811100159e+02	8.043059148e-03
4.806098328e+02	5.351115949e-03	4.812254028e+02	-3.516927129e-03
4.807248535e+02	2.940290794e-02	4.813407898e+02	8.501788601e-03
4.808398743e+02	3.990439326e-02	4.814562073e+02	1.299733948e-02
4.809548950e+02	7.741239388e-03	4.815715942e+02	-1.259977347e-03
4.810699158e+02	4.428942222e-03	4.816870117e+02	1.382305287e-03
4.811849365e+02	3.405141458e-02	4.818024292e+02	1.160280127e-02
4.812999573e+02	2.865011431e-02	4.819178467e+02	1.430013124e-02
4.814149780e+02	4.316023085e-03	4.820332642e+02	-3.902259981e-03
4.815300293e+02	3.996085376e-03	4.821486816e+02	4.116334021e-03
4.816450806e+02	3.408905491e-02	4.822640991e+02	2.831890946e-03
4.817601013e+02	2.769030072e-02	4.823795471e+02	1.455701981e-02
4.818751526e+02	2.998632379e-03	4.824949951e+02	-4.636227619e-03
4.819902039e+02	8.494034410e-03	4.826104126e+02	-1.094834763e-03
4.821052856e+02	2.275949530e-02	4.827258606e+02	5.033792928e-03
4.822203369e+02	2.511197887e-02	4.828413086e+02	6.721918005e-03
4.823353882e+02	-8.406207780e-04	4.829567871e+02	3.180525382e-04
4.824504700e+02	1.218272839e-02	4.830722351e+02	6.960457657e-03
4.825655518e+02	3.256464750e-02	4.831876831e+02	1.664882712e-02
4.826806335e+02	4.291557521e-02	4.833031616e+02	9.988073260e-03
4.827957153e+02	1.306726225e-02	4.834186401e+02	3.969540354e-03
4.829107971e+02	9.096269496e-03	4.835341187e+02	1.877733273e-03
4.830258789e+02	2.605297230e-02	4.836495972e+02	1.512584463e-02
4.831409912e+02	2.639172971e-02	4.837650757e+02	1.263035554e-02
4.832560730e+02	9.905524552e-03	4.838805542e+02	1.938285492e-02
4.833711853e+02	7.647139952e-03	4.839960327e+02	3.015382681e-03
4.834862976e+02	2.706924453e-02	4.841115417e+02	1.571301930e-02
4.836014099e+02	2.467912063e-02	4.842270203e+02	1.696076244e-02
4.837165222e+02	6.856705528e-03	4.843425293e+02	-7.498700172e-03
4.838316345e+02	3.356209956e-03	4.844580383e+02	1.529098809e-04
4.839467468e+02	2.603415214e-02	4.845735474e+02	6.593473721e-03
4.840618896e+02	2.947818860e-02	4.846890564e+02	3.419064917e-03
4.841770020e+02	3.262110520e-03	4.848045959e+02	2.648398979e-03
4.842921448e+02	7.364842109e-03	4.849201050e+02	1.382305287e-03
4.844072876e+02	3.869992495e-02	4.850356445e+02	2.165815420e-02
4.845224304e+02	2.556365542e-02	4.851511841e+02	1.086883433e-02
4.846375732e+02	1.449757256e-02	4.852666931e+02	3.052081214e-03
4.847527161e+02	2.321117092e-03	4.853822327e+02	1.694241422e-03
4.848678894e+02	2.347465046e-02	4.854978027e+02	1.094223093e-02
4.849830322e+02	2.772793919e-02	4.856133423e+02	1.145600807e-02
4.850982056e+02	1.869440312e-03	4.857288818e+02	-5.333496258e-03
4.852133789e+02	5.464035086e-03	4.858444519e+02	6.758616306e-03
4.853285522e+02	2.577067353e-02	4.859599915e+02	6.795315072e-03
4.854437256e+02	2.631644905e-02	4.860755615e+02	1.877733320e-02
4.855588989e+02	4.617141094e-03	4.861911316e+02	-5.498639308e-03
4.856741028e+02	3.826706670e-04	4.863067017e+02	1.307073608e-02
4.857892761e+02	1.871322282e-02	4.864222717e+02	7.198996842e-03
4.859044800e+02	3.486067057e-02	4.865378723e+02	2.573167346e-02
4.860196838e+02	3.638508031e-03	4.866534424e+02	-2.379277721e-03
4.861348572e+02	1.587142237e-03	4.867690430e+02	-2.122389153e-03
4.862500610e+02	3.231998906e-02	4.868846130e+02	2.575002378e-03
4.863652954e+02	5.480973050e-02	4.870002136e+02	1.439187769e-02
4.864804993e+02	4.967190698e-02	4.871158142e+02	1.409829035e-02
4.865957031e+02	4.413886368e-02	4.872314148e+02	-2.874705533e-04
4.867109375e+02	4.656662792e-02	4.873470154e+02	8.721979335e-03
4.868261719e+02	4.176756367e-02	4.874626465e+02	1.380470395e-02
4.869413757e+02	1.306726225e-02	4.875782471e+02	-5.663781893e-03
4.870566101e+02	1.666185632e-02	4.876938782e+02	4.391571507e-03
4.871718445e+02	3.670501709e-02	4.878095093e+02	1.855714247e-02
4.872871094e+02	3.614041954e-02	4.879251404e+02	1.850209571e-02
4.874023438e+02	1.079005771e-03	4.880407715e+02	1.351111662e-02
4.875175781e+02	1.223918796e-02	4.881564026e+02	4.263127223e-03
4.876328430e+02	2.507433854e-02	4.882720337e+02	8.153154515e-03
4.877481079e+02	3.935861960e-02	4.883876953e+02	8.666931652e-03
4.878633728e+02	2.001179382e-02	4.885033264e+02	9.877977893e-03
4.879786377e+02	9.453847073e-03	4.886189880e+02	1.578641497e-02
4.880939026e+02	5.174209177e-02	4.887346497e+02	1.352946553e-02
4.882091675e+02	3.425843269e-02	4.888503113e+02	1.686901785e-02
4.883244629e+02	1.287906338e-02	4.889659729e+02	2.189669525e-03
4.884397278e+02	1.519390754e-02	4.890816345e+02	4.116334021e-03
4.885550232e+02	3.331743926e-02	4.891972961e+02	7.088901941e-03
4.886703186e+02	3.068265878e-02	4.893129883e+02	9.767882526e-03
4.887856140e+02	1.291670371e-02	4.894286499e+02	-7.700541522e-03
4.889009094e+02	1.127937436e-02	4.895443420e+02	1.059359591e-02
4.890162048e+02	3.593340144e-02	4.896600342e+02	9.914676659e-03
4.891315002e+02	3.032508120e-02	4.897757263e+02	1.435517892e-02
4.892468262e+02	1.263440493e-02	4.898914185e+02	-9.462063201e-03
4.893621216e+02	3.028744273e-02	4.900071106e+02	1.088718302e-03
4.894774475e+02	2.806669846e-02	4.901228333e+02	3.364017233e-03
4.895927734e+02	1.771576889e-02	4.902385254e+02	1.841034857e-03
4.897080994e+02	1.267204527e-02	4.903542480e+02	1.123581734e-02
4.898234253e+02	3.632862121e-02	4.904699707e+02	3.675953485e-03
4.899387512e+02	3.670501709e-02	4.905856934e+02	1.086883433e-02
4.900540771e+02	3.525588661e-03	4.907014160e+02	-2.269182587e-03
4.901694336e+02	4.918259103e-03	4.908171387e+02	1.345606870e-04
4.902847900e+02	3.757072985e-02	4.909328613e+02	1.630019210e-02
4.904001160e+02	3.286576271e-02	4.910485840e+02	1.453867089e-02
4.905154724e+02	1.039484050e-02	4.911643372e+02	-7.425303571e-03
4.906308289e+02	1.893906109e-02	4.912800903e+02	7.841218263e-03
4.907461853e+02	3.164247423e-02	4.913958435e+02	1.459371857e-02
4.908615723e+02	2.466030046e-02	4.915115662e+02	6.318236236e-03
4.909769287e+02	7.233102806e-03	4.916273499e+02	-4.507783335e-03
4.910923157e+02	1.350011956e-02	4.917431030e+02	-8.159270510e-03
4.912076721e+02	3.032508120e-02	4.918588562e+02	1.230007038e-02
4.913230591e+02	2.947818860e-02	4.919746399e+02	2.997033589e-04
4.914384460e+02	1.491160970e-02	4.920903931e+02	4.318174906e-03
4.915538330e+02	1.280378364e-02	4.922061768e+02	-3.370133694e-03
4.916692200e+02	3.343036026e-02	4.923219604e+02	3.822746919e-03
4.917846375e+02	2.913942933e-02	4.924377441e+02	1.455702004e-03
4.919000244e+02	7.251922973e-03	4.925535278e+02	-3.516927129e-03
4.920154419e+02	7.854158990e-03	4.926693115e+02	2.703446662e-03
4.921308594e+02	2.708806470e-02	4.927850952e+02	1.767638139e-03
4.922462463e+02	2.537545562e-02	4.929009094e+02	7.932964712e-03
4.923616638e+02	5.332296132e-04	4.930167236e+02	8.868773002e-04
4.924771118e+02	8.362295106e-03	4.931325073e+02	3.015382681e-03
4.925925293e+02	3.038154170e-02	4.932483215e+02	1.121746842e-02
4.927079468e+02	2.430272475e-02	4.933641357e+02	1.079543680e-02
4.928233948e+02	1.210744865e-02	4.934799500e+02	-4.764671903e-03
4.929388123e+02	4.654780962e-03	4.935957947e+02	-8.562953211e-03
4.930542603e+02	3.096495755e-02	4.937116089e+02	6.960457657e-03
4.931697083e+02	3.478538990e-02	4.938274536e+02	1.811676286e-02
4.932851562e+02	5.727513228e-03	4.939432678e+02	5.125538912e-03
4.934006042e+02	1.523154695e-02	4.940591125e+02	-1.535215182e-03
4.935160522e+02	2.562011406e-02	4.941749573e+02	9.804581292e-03
4.936315308e+02	2.275949530e-02	4.942908020e+02	5.033792928e-03
4.937469788e+02	4.240743816e-03	4.944066467e+02	-5.663781893e-03
4.938624573e+02	1.287906338e-02	4.945225220e+02	3.547508968e-04
4.939779358e+02	2.332409099e-02	4.946383667e+02	1.248356234e-02
4.940934143e+02	2.710688487e-02	4.947542419e+02	-1.663659466e-03
4.942088928e+02	5.144097377e-04	4.948700867e+02	-5.920670461e-03
4.943243713e+02	2.678694669e-03	4.949859619e+02	-2.195785753e-03
4.944398499e+02	3.256464750e-02	4.951018372e+02	1.444692537e-02
4.945553589e+02	3.073911928e-02	4.952177124e+02	1.028165966e-02
4.946708374e+02	-9.911797242e-04	4.953335876e+02	-2.581118606e-03
4.947863464e+02	8.719872683e-03	4.954494934e+02	-3.241689410e-04
4.949018555e+02	2.840545587e-02	4.955653687e+02	1.767638139e-03
4.950173645e+02	3.111551702e-02	4.956812744e+02	2.589681558e-02
4.951328735e+02	8.926890790e-03	4.957971497e+02	-8.214318193e-03
4.952483826e+02	-5.940805189e-03	4.959130554e+02	1.468546409e-02
4.953638916e+02	2.228899859e-02	4.960289612e+02	5.345729180e-03
4.954794312e+02	3.245172650e-02	4.961448669e+02	1.037340611e-02
4.955949402e+02	7.722419687e-03	4.962607727e+02	2.795192413e-03
4.957104797e+02	-2.609688556e-03	4.963767090e+02	3.382366383e-03
4.958260193e+02	2.812315710e-02	4.964926147e+02	1.530933660e-02
4.959415588e+02	1.931545883e-02	4.966085510e+02	1.615339890e-02
4.960570984e+02	4.391302646e-04	4.967244873e+02	-5.076607922e-04
4.961726379e+02	1.118527539e-02	4.968403931e+02	7.052203640e-03
4.962882080e+02	2.242073789e-02	4.969563293e+02	9.327501990e-03
4.964037476e+02	3.026862256e-02	4.970722961e+02	2.580507100e-02
4.965193176e+02	1.127937436e-02	4.971882324e+02	-1.498516765e-03
4.966348877e+02	4.504221957e-03	4.973041687e+02	-5.828924477e-03
4.967504272e+02	3.252700716e-02	4.974201355e+02	1.174959447e-02
4.968659973e+02	3.527470678e-02	4.975360718e+02	7.529282011e-03
4.969815979e+02	3.450309159e-03	4.976520386e+02	-6.379399914e-03
4.970971680e+02	1.120409556e-02	4.977680054e+02	3.127312660e-02
4.972127380e+02	2.452856302e-02	4.978839722e+02	1.602495462e-02
4.973283386e+02	2.910179086e-02	4.979999390e+02	1.230007038e-02
4.974439087e+02	3.073911881e-03	4.981159058e+02	-5.076607922e-04
4.975595093e+02	8.795152418e-03	4.982319031e+02	-4.746322520e-03
4.976751099e+02	3.446545452e-02	4.983478699e+02	1.400654437e-03
4.977907104e+02	3.329862282e-02	4.984638672e+02	6.318236236e-03
4.979063110e+02	-2.383850078e-04	4.985798645e+02	-4.067402799e-03
4.980219116e+02	-5.131551065e-03	4.986958313e+02	7.914614864e-03
4.981375427e+02	2.571421489e-02	4.988118286e+02	2.088748850e-02
4.982531433e+02	3.693085536e-02	4.989278564e+02	8.299947716e-03
4.983687744e+02	3.168011317e-03	4.990438538e+02	-6.140860729e-03
4.984844055e+02	2.509315731e-03	4.991598511e+02	-1.773754600e-03
4.986000366e+02	3.591458127e-02	4.992758789e+02	3.088779515e-03
4.987156677e+02	3.083321825e-02	4.993918762e+02	7.859567180e-03
4.988312988e+02	-3.136644955e-05	4.995079041e+02	-7.939080708e-03
4.989469299e+02	1.474223100e-03	4.996239319e+02	4.097984638e-04
4.990625916e+02	3.450309113e-02	4.997399597e+02	2.918132022e-02
4.991782227e+02	2.452856302e-02	4.998559875e+02	2.336462960e-03
4.992938843e+02	1.605962170e-03	4.999720459e+02	-7.517049555e-03
4.994095459e+02	6.066271104e-03	5.000880737e+02	-5.994067178e-04
4.995252075e+02	3.395731747e-02	5.002041016e+02	1.833695173e-02
4.996408691e+02	1.669949666e-02	5.003201599e+02	1.314413268e-02
4.997565308e+02	-2.082732040e-03	5.004362183e+02	-9.315269999e-03
4.998721924e+02	9.152729064e-03	5.005522766e+02	1.510749571e-03
4.999878540e+02	3.168011084e-02	5.006683350e+02	1.461206749e-02
5.001035461e+02	2.449092269e-02	5.007843933e+02	8.153154515e-03
5.002192383e+02	5.520494888e-04	5.009004517e+02	-6.397749297e-03
5.003348999e+02	1.220154855e-02	5.010165405e+02	-2.893054858e-03
5.004505920e+02	4.598321393e-02	5.011325989e+02	1.740114391e-02
5.005662842e+02	2.849955484e-02	5.012486877e+02	9.254105389e-03
5.006820068e+02	1.099707652e-02	5.013647766e+02	-1.755405334e-03
5.007976990e+02	3.073911939e-04	5.014808350e+02	-3.700418863e-03
5.009133911e+02	3.745781258e-02	5.015969238e+02	2.362151816e-02
5.010291138e+02	3.087085858e-02	5.017130432e+02	7.529282011e-03
5.011448364e+02	1.150521357e-02	5.018291321e+02	5.198935978e-04
5.012605286e+02	4.899438936e-03	5.019452209e+02	-6.085813046e-03
5.013762512e+02	3.151073307e-02	5.020613403e+02	4.030092806e-02
5.014919739e+02	2.609061077e-02	5.021774292e+02	5.198935978e-04
5.016077271e+02	-3.889439628e-03	5.022935486e+02	1.896082395e-04
5.017234497e+02	8.061177097e-03	5.024096680e+02	-1.406770898e-04
5.018391724e+02	4.715004563e-02	5.025257874e+02	2.775008418e-02
5.019549255e+02	3.233880922e-02	5.026419067e+02	1.167619787e-02
5.020706787e+02	5.708693643e-04	5.027580566e+02	4.556714091e-03
5.021864014e+02	1.425291412e-02	5.028741760e+02	9.455946274e-03
5.023021545e+02	2.405806631e-02	5.029902954e+02	8.593535051e-03
5.024179077e+02	2.283477411e-02	5.031064453e+02	1.659378037e-02
5.025336609e+02	7.872978225e-03	5.032225952e+02	-4.030704498e-03
5.026494446e+02	2.132918453e-04	5.033387451e+02	5.437475163e-03
5.027651978e+02	2.097160742e-02	5.034548950e+02	9.309153073e-03
5.028809814e+02	3.211297095e-02	5.035710449e+02	3.969540354e-03
5.029967346e+02	5.671053659e-03	5.036871948e+02	-1.351723331e-03
5.031125183e+02	5.765153095e-03	5.038033752e+02	-5.003211088e-03
5.032283020e+02	3.689321503e-02	5.039195251e+02	4.520015791e-03
5.033440857e+02	2.151738293e-02	5.040357056e+02	2.246551961e-02
5.034598694e+02	1.071477868e-02	5.041518555e+02	-1.828802051e-03
5.035756836e+02	4.899438936e-03	5.042680359e+02	-2.287531737e-03
5.036914673e+02	4.026197270e-02	5.043842163e+02	1.108902413e-02
5.038072815e+02	3.320452198e-02	5.045003967e+02	1.819015853e-02
5.039230652e+02	1.316136122e-02	5.046166077e+02	3.033731831e-03
5.040388794e+02	-1.009999658e-03	5.047327881e+02	-8.012477192e-04
5.041546936e+02	4.479756206e-02	5.048489990e+02	1.072204020e-02
5.042705078e+02	3.192476928e-02	5.049651794e+02	1.982323639e-02
5.043863220e+02	9.924343787e-03	5.050813904e+02	2.134621842e-03
5.045021667e+02	4.447762389e-03	5.051976013e+02	3.088779515e-03
5.046179810e+02	2.701278403e-02	5.053138123e+02	2.997033531e-03
5.047337952e+02	3.085203841e-02	5.054300232e+02	1.747453958e-02
5.048496399e+02	1.150521357e-02	5.055462341e+02	8.666931652e-03
5.049654846e+02	8.343474939e-03	5.056624451e+02	-1.223279047e-03
5.050813293e+02	4.310377315e-02	5.057786865e+02	4.630111158e-03
5.051971741e+02	3.405141458e-02	5.058949280e+02	8.740328252e-03
5.053130188e+02	8.832791820e-03	5.060111389e+02	8.887122385e-03
5.054288635e+02	1.120409556e-02	5.061273804e+02	-2.324230154e-04
5.055447388e+02	4.705594480e-02	5.062436218e+02	1.231841929e-02
5.056605835e+02	3.804122657e-02	5.063598633e+02	1.222667377e-02
5.057764587e+02	1.594670303e-02	5.064761047e+02	7.162298542e-03
5.058923340e+02	1.696297526e-02	5.065923767e+02	1.664882712e-02
5.060081787e+02	3.437135369e-02	5.067086182e+02	5.657665431e-03
5.061240540e+02	5.001066625e-02	5.068248901e+02	3.171350807e-02
5.062399597e+02	1.413999498e-02	5.069411316e+02	-8.562952862e-04
5.063558350e+02	2.138564363e-02	5.070574036e+02	4.538365174e-03
5.064717102e+02	3.429607302e-02	5.071736755e+02	6.666870322e-03
5.065876160e+02	3.386321664e-02	5.072899475e+02	1.341937017e-02
5.067034912e+02	1.378241740e-02	5.074062195e+02	6.868711673e-03
5.068193970e+02	2.345583029e-02	5.075225220e+02	-2.232484287e-03
5.069353027e+02	4.048781097e-02	5.076387939e+02	1.312578376e-02
5.070512085e+02	4.869327322e-02	5.077550964e+02	4.097984638e-03
5.071671143e+02	2.131036483e-02	5.078713684e+02	1.160280127e-02
5.072830200e+02	1.350011956e-02	5.079876709e+02	-3.223340260e-03
5.073989563e+02	3.922687843e-02	5.081039734e+02	3.208049014e-02
5.075148621e+02	5.100811645e-02	5.082202759e+02	1.116242073e-02
5.076307983e+02	2.793495916e-02	5.083365784e+02	-3.682069713e-03
5.077467346e+02	2.349346876e-02	5.084529114e+02	-1.755405334e-03
5.078626404e+02	5.110221729e-02	5.085692139e+02	1.958469674e-02
5.079785767e+02	4.408240691e-02	5.086855469e+02	2.041040920e-02
5.080945129e+02	1.995533332e-02	5.088018494e+02	-1.828802051e-03
5.082104797e+02	1.572086290e-02	5.089181824e+02	-1.645310200e-03
5.083264160e+02	4.077010974e-02	5.090345154e+02	8.299947716e-03
5.084423523e+02	4.156054184e-02	5.091508484e+02	7.786171045e-03
5.085583191e+02	2.689986490e-02	5.092671814e+02	5.932903150e-04
5.086742859e+02	1.485515013e-02	5.093835144e+02	-3.810513997e-03
5.087902527e+02	5.326650292e-02	5.094998779e+02	1.125416718e-02
5.089062195e+02	3.755190969e-02	5.096162109e+02	1.472216286e-02
5.090221863e+02	1.797924750e-02	5.097325745e+02	1.327257720e-03
5.091381531e+02	1.429055352e-02	5.098489380e+02	-7.498700172e-03
5.092541199e+02	3.476656973e-02	5.099652710e+02	8.923820220e-03
5.093700867e+02	4.809103906e-02	5.100816345e+02	1.307073608e-02
5.094860840e+02	1.630427875e-02	5.101979980e+02	-7.223462686e-03
5.096020813e+02	1.316136122e-02	5.103143921e+02	4.886999726e-03
5.097180786e+02	3.239526600e-02	5.104307556e+02	2.422703989e-02
5.098340454e+02	3.405141458e-02	5.105471497e+02	8.079757914e-03
5.099500427e+02	1.001844369e-02	5.106635132e+02	-5.186703056e-03
5.100660706e+02	1.355657913e-02	5.107799072e+02	-3.883910831e-03
5.101820679e+02	3.670501709e-02	5.108963013e+02	3.134652600e-02
5.102980652e+02	3.909514099e-02	5.110126953e+02	1.307073608e-02
5.104140930e+02	1.261558570e-02	5.111290894e+02	5.749411066e-04
5.105300903e+02	9.905524552e-03	5.112454834e+02	-6.764732767e-03
5.106461182e+02	3.292222321e-02	5.113618774e+02	1.525428891e-02
5.107621460e+02	4.596439376e-02	5.114783020e+02	1.018991414e-02
5.108781738e+02	1.065831911e-02	5.115946960e+02	-2.287531737e-03
5.109942017e+02	7.327202242e-03	5.117111206e+02	9.951374494e-03
5.111102295e+02	4.826041684e-02	5.118275452e+02	8.373344317e-03
5.112262878e+02	4.344252869e-02	5.119439392e+02	1.773143001e-02
5.113423157e+02	1.099707652e-02	5.120603638e+02	1.767638139e-02
5.114583740e+02	2.772794105e-03	5.121768188e+02	-4.104101099e-03
5.115744324e+02	3.367501870e-02	5.122932129e+02	8.116455749e-03
5.116904602e+02	3.188713267e-02	5.124096680e+02	1.086883433e-02
5.118065186e+02	1.270968467e-02	5.125261230e+02	6.354934536e-03
5.119225769e+02	6.386208814e-03	5.126425781e+02	1.162115077e-04
5.120386353e+02	3.235762939e-02	5.127590332e+02	1.217162609e-02
5.121547241e+02	2.998632379e-02	5.128754272e+02	7.198996842e-03
5.122708130e+02	1.558912452e-02	5.129918823e+02	5.125538912e-03
5.123868408e+02	1.361303870e-02	5.131083374e+02	-4.397687968e-03
5.125029297e+02	3.439017385e-02	5.132248535e+02	1.608000323e-02
5.126190186e+02	3.032508120e-02	5.133413086e+02	4.171381239e-03
5.127351074e+02	6.706146523e-03	5.134577637e+02	-2.489372855e-03
5.128511963e+02	1.833682507e-02	5.135742188e+02	3.731001052e-04
5.129672852e+02	3.655445948e-02	5.136907349e+02	1.688736677e-02
5.130833740e+02	4.285911471e-02	5.138071899e+02	9.382549673e-03
5.131995239e+02	2.695632540e-02	5.139236450e+02	-4.195847083e-03
5.133156128e+02	2.294769324e-02	5.140401611e+02	-3.883910831e-03
5.134317017e+02	4.041253030e-02	5.141566772e+02	8.887122385e-03
5.135478516e+02	4.987892509e-02	5.142731323e+02	8.923820220e-03
5.136639404e+02	1.483632997e-02	5.143896484e+02	-8.929936448e-04
5.137800903e+02	1.982359588e-02	5.145061646e+02	1.417168695e-02
5.138961792e+02	3.849290311e-02	5.146226807e+02	1.108902413e-02
5.140123291e+02	4.413886368e-02	5.147391357e+02	9.309153073e-03
5.141284180e+02	1.752757095e-02	5.148556519e+02	-3.792164847e-03
5.142445679e+02	2.744564228e-02	5.149721680e+02	1.547447988e-03
5.143607178e+02	5.940178037e-02	5.150886841e+02	7.033854257e-03
5.144768677e+02	4.536215588e-02	5.152052612e+02	7.198996842e-03
5.145930176e+02	1.421527378e-02	5.153217773e+02	-1.204929780e-03
5.147091675e+02	2.074576914e-02	5.154382935e+02	-3.168292576e-03
5.148253174e+02	4.675482586e-02	5.155548096e+02	1.611670107e-02
5.149414673e+02	4.272737354e-02	5.156713867e+02	8.281598799e-03
5.150576172e+02	2.403924614e-02	5.157879028e+02	-3.957307432e-03
5.151737671e+02	1.077123825e-02	5.159044189e+02	-5.058258772e-03
5.152899170e+02	3.745781258e-02	5.160209961e+02	3.492461517e-03
5.154061279e+02	5.200557038e-02	5.161375732e+02	6.685219705e-03
5.155222778e+02	1.617254131e-02	5.162540894e+02	1.253861003e-03
5.156384888e+02	1.451639179e-02	5.163706665e+02	-2.452674322e-03
5.157546387e+02	4.440234229e-02	5.164872437e+02	1.373130642e-02
5.158708496e+02	5.012358353e-02	5.166037598e+02	1.505244803e-02
5.159869995e+02	1.287906338e-02	5.167203369e+02	5.951252300e-03
5.161032104e+02	1.016900223e-02	5.168369141e+02	4.281476504e-05
5.162194214e+02	3.700613603e-02	5.169534912e+02	9.474296123e-03
5.163355713e+02	3.738253191e-02	5.170700684e+02	1.057524700e-02
5.164517822e+02	3.625334054e-02	5.171866455e+02	1.833695173e-02
5.165679932e+02	4.167346284e-02	5.173032837e+02	1.108902413e-02
5.166842041e+02	8.281369507e-02	5.174198608e+02	1.222667377e-02
5.168004150e+02	7.959549874e-02	5.175364380e+02	6.685219705e-03
5.169166260e+02	2.897005156e-02	5.176530762e+02	1.327257720e-03
5.170328369e+02	2.531899698e-02	5.177696533e+02	5.400776863e-03
5.171491089e+02	4.598321393e-02	5.178862305e+02	9.474296123e-03
5.172653198e+02	3.486067057e-02	5.180028687e+02	1.305238716e-02
5.173815308e+02	6.066271104e-03	5.181194458e+02	-1.902198885e-03
5.174978027e+02	1.568322419e-03	5.182360840e+02	5.584268831e-03
5.176140137e+02	3.732607141e-02	5.183527222e+02	9.602740407e-03
5.177302856e+02	3.015570343e-02	5.184693604e+02	1.384140179e-02
5.178464966e+02	3.582048463e-03	5.185859375e+02	-2.269182587e-03
5.179627686e+02	1.323664095e-03	5.187025757e+02	9.254105389e-03
5.180789795e+02	4.297203198e-02	5.188192139e+02	1.943790354e-02
5.181952515e+02	3.015570343e-02	5.189358521e+02	1.105232537e-02
5.183115234e+02	1.878850162e-02	5.190524902e+02	7.345790509e-03
5.184277954e+02	3.469129093e-03	5.191691284e+02	-1.333374064e-03
5.185440674e+02	3.280930594e-02	5.192858276e+02	1.314413268e-02
5.186603394e+02	2.671166696e-02	5.194024658e+02	1.085048448e-02
5.187766113e+02	1.291670371e-02	5.195191040e+02	-5.150004756e-03
5.188928833e+02	8.155276300e-04	5.196357422e+02	3.657604102e-03
5.190091553e+02	6.303401291e-02	5.197524414e+02	3.749350086e-03
5.191254272e+02	1.487396937e-02	5.198690796e+02	-2.434325172e-03
5.192416992e+02	5.313476082e-03	5.199857788e+02	5.932902917e-03
5.193580322e+02	3.885048255e-02	5.201024170e+02	1.055689808e-02
5.194743042e+02	3.474774957e-02	5.202191162e+02	2.334627882e-02
5.195906372e+02	9.002170525e-03	5.203358154e+02	-6.728034467e-03
5.197069092e+02	6.480308250e-03	5.204524536e+02	2.263066126e-04
5.198232422e+02	2.390750684e-02	5.205691528e+02	6.208140869e-03
5.199395142e+02	3.382557631e-02	5.206858521e+02	2.081409283e-02
5.200558472e+02	-9.347201558e-04	5.208025513e+02	-3.682069713e-03
5.201721802e+02	-2.026272472e-03	5.209192505e+02	-3.406831995e-03
5.202884521e+02	2.255247533e-02	5.210359497e+02	1.382305287e-03
5.204047852e+02	2.383222803e-02	5.211526489e+02	1.193308644e-02
5.205211182e+02	-4.322296474e-03	5.212693481e+02	-1.535215182e-03
5.206374512e+02	4.071365111e-03	5.213860474e+02	1.180464285e-03
5.207537842e+02	4.045017064e-02	5.215028076e+02	2.336462960e-03
5.208701172e+02	2.432154305e-02	5.216195068e+02	1.919936389e-02
5.209864502e+02	3.073911939e-04	5.217362061e+02	-1.166396495e-02
5.211027832e+02	1.624781988e-03	5.218529663e+02	-2.048992319e-03
5.212191772e+02	3.506768867e-02	5.219696655e+02	5.474173464e-03
5.213355103e+02	2.298533358e-02	5.220864258e+02	4.997094627e-03
5.214518433e+02	-5.865525920e-03	5.222031250e+02	-3.755466547e-03
5.215682373e+02	-6.524221040e-03	5.223198853e+02	-5.810575094e-04
5.216845703e+02	1.982359588e-02	5.224366455e+02	9.235756472e-03
5.218009644e+02	2.219489776e-02	5.225534058e+02	5.419125780e-03
5.219172974e+02	3.393849591e-03	5.226701050e+02	-6.893177051e-03
5.220336914e+02	4.410122521e-03	5.227868652e+02	5.198935978e-03
5.221500854e+02	2.400160581e-02	5.229036255e+02	9.584390558e-03
5.222664185e+02	4.018669203e-02	5.230203857e+02	3.804397769e-03
5.223828125e+02	9.359748103e-03	5.231371460e+02	1.877733273e-03
5.224992065e+02	9.058630094e-03	5.232539062e+02	-2.709562890e-03
5.226156006e+02	3.655445948e-02	5.233707275e+02	1.461206749e-02
5.227319946e+02	3.147309273e-02	5.234874878e+02	1.020826306e-02
5.228483887e+02	-1.009999588e-02	5.236042480e+02	-3.149943426e-03
5.229647827e+02	-3.193104407e-03	5.237210083e+02	1.943790354e-02
5.230811768e+02	2.119744569e-02	5.238378296e+02	7.180647925e-03
5.231976318e+02	3.085203841e-02	5.239545898e+02	1.534603536e-02
5.233140259e+02	6.461488083e-03	5.240714111e+02	-3.149943426e-03
5.234304199e+02	-7.201736327e-03	5.241881714e+02	-4.104101099e-03
5.235468750e+02	2.612825111e-02	5.243049927e+02	1.499740034e-02
5.236632690e+02	3.068265878e-02	5.244218140e+02	1.092388108e-02
5.237797241e+02	3.582048463e-03	5.245385742e+02	-1.113183913e-03
5.238961182e+02	7.967078127e-03	5.246553955e+02	-7.700541522e-03
5.240125732e+02	2.516843751e-02	5.247722168e+02	1.336432341e-02
5.241289673e+02	3.860582411e-02	5.248890381e+02	9.621089324e-03
5.242454224e+02	6.612047087e-03	5.250058594e+02	-1.223279014e-05
5.243618774e+02	1.645483822e-02	5.251226807e+02	3.290620400e-03
5.244783325e+02	4.777109995e-02	5.252395020e+02	7.015504874e-03
5.245947876e+02	4.003613442e-02	5.253563232e+02	1.782317460e-02
5.247112427e+02	6.555587519e-03	5.254731445e+02	8.685280918e-04
5.248276978e+02	-1.122918795e-03	5.255900269e+02	-4.526132252e-04
5.249441528e+02	1.924018003e-02	5.257068481e+02	2.371326275e-02
5.250606079e+02	3.192476928e-02	5.258236694e+02	1.587816142e-02
5.251770630e+02	1.267204527e-03	5.259405518e+02	-1.315024914e-03
5.252935181e+02	4.316023085e-03	5.260573730e+02	-4.342640284e-03
5.254100342e+02	5.496029183e-02	5.261742554e+02	1.354781538e-02
5.255264893e+02	4.615259171e-02	5.262910767e+02	3.235572949e-03
5.256429443e+02	5.576954223e-03	5.264079590e+02	1.767638139e-03
5.257594604e+02	7.383661810e-03	5.265248413e+02	3.602556651e-03
5.258759155e+02	2.981694601e-02	5.266417236e+02	6.758616306e-03
5.259924316e+02	4.406358674e-02	5.267585449e+02	1.351111662e-02
5.261089478e+02	1.126055513e-02	5.268754272e+02	-2.048992319e-03
5.262254028e+02	6.141550373e-03	5.269923096e+02	6.611823104e-03
5.263419189e+02	1.854384318e-02	5.271091919e+02	1.806171425e-02
5.264584351e+02	4.048781097e-02	5.272260742e+02	4.630111158e-03
5.265749512e+02	1.077123825e-02	5.273429565e+02	6.226490252e-03
5.266914673e+02	9.961984120e-03	5.274598389e+02	1.694241422e-03
5.268079834e+02	3.719433397e-02	5.275767822e+02	9.804581292e-03
5.269244995e+02	3.708141297e-02	5.276936646e+02	6.575124804e-03
5.270410156e+02	7.496580947e-03	5.278105469e+02	3.143826965e-03
5.271575317e+02	1.146757323e-02	5.279274902e+02	-6.728034350e-04
5.272740479e+02	2.927116863e-02	5.280443726e+02	5.767760333e-03
5.273905640e+02	2.799141780e-02	5.281613159e+02	1.041010395e-02
5.275071411e+02	7.741239388e-03	5.282781982e+02	2.026361600e-02
5.276236572e+02	5.859252531e-03	5.283951416e+02	-3.370133694e-03
5.277401733e+02	3.678029776e-02	5.285120239e+02	1.351111662e-02
5.278567505e+02	2.134800516e-02	5.286289673e+02	4.153032321e-03
5.279732666e+02	3.450309159e-03	5.287459106e+02	6.666870322e-04
5.280898438e+02	5.275836680e-03	5.288628540e+02	1.187803876e-02
5.282064209e+02	2.868775278e-02	5.289797974e+02	1.114407182e-02
5.283229370e+02	3.088967875e-02	5.290966797e+02	9.988073260e-03
5.284395142e+02	1.191925039e-04	5.292136230e+02	-2.782959724e-03
5.285560913e+02	8.418754674e-03	5.293306274e+02	1.114407182e-02
5.286726685e+02	3.382557631e-02	5.294475708e+02	1.285054628e-02
5.287892456e+02	2.251483686e-02	5.295645142e+02	1.290559303e-02
5.289058228e+02	5.464035086e-03	5.296814575e+02	-3.058197617e-04
5.290223999e+02	9.604406543e-03	5.297984009e+02	3.474112367e-03
5.291389771e+02	2.418980375e-02	5.299154053e+02	1.160280127e-02
5.292555542e+02	3.079557791e-02	5.300323486e+02	4.556714091e-03
5.293721313e+02	3.864346305e-03	5.301492920e+02	-2.507722005e-03
5.294887085e+02	4.165464081e-03	5.302662964e+02	1.529098809e-04
5.296053467e+02	3.629098088e-02	5.303832397e+02	2.112602815e-02
5.297219238e+02	2.575185336e-02	5.305002441e+02	9.033915587e-03
5.298385620e+02	2.810433740e-03	5.306172485e+02	-2.085690619e-03
5.299551392e+02	6.329749245e-03	5.307341919e+02	7.198996842e-03
5.300717773e+02	3.864346445e-02	5.308511963e+02	1.718095317e-02
5.301883545e+02	3.540644795e-02	5.309682007e+02	1.602495438e-03
5.303049927e+02	5.576954223e-03	5.310852051e+02	1.085048448e-02
5.304216309e+02	7.760059088e-03	5.312022095e+02	1.211657841e-02
5.305382080e+02	1.287906338e-02	5.313192139e+02	2.063059993e-02
5.306548462e+02	2.699396573e-02	5.314362183e+02	2.052050456e-02
5.307714844e+02	1.654893719e-02	5.315532227e+02	-1.069145836e-02
5.308881226e+02	1.389533654e-02	5.316702271e+02	7.951313746e-04
5.310047607e+02	2.829253674e-02	5.317872314e+02	1.369460858e-02
5.311213989e+02	3.096495755e-02	5.319042969e+02	7.932964712e-03
5.312380371e+02	2.014353313e-02	5.320213013e+02	-1.645310200e-03
5.313546753e+02	1.511862781e-02	5.321383057e+02	-5.663781893e-03
5.314713135e+02	2.530017681e-02	5.322553711e+02	1.138261147e-02
5.315880127e+02	2.115980536e-02	5.323723755e+02	1.336432341e-02
5.317046509e+02	1.176869124e-02	5.324894409e+02	4.464968573e-03
5.318212891e+02	1.018782239e-02	5.326064453e+02	-1.026942674e-02
5.319379883e+02	2.326763049e-02	5.327235107e+02	1.754793711e-02
5.320546265e+02	2.857483365e-02	5.328405762e+02	8.648582734e-03
5.321713257e+02	2.799141780e-02	5.329575806e+02	6.116395070e-06
5.322879639e+02	1.931545883e-02	5.330746460e+02	3.364017175e-04
5.324046631e+02	2.891359106e-02	5.331917114e+02	2.591516636e-02
5.325213623e+02	4.013023525e-02	5.333087769e+02	2.685097419e-02
5.326380005e+02	2.441564389e-02	5.334258423e+02	2.556652995e-03
5.327546997e+02	1.764049008e-02	5.335429077e+02	1.694241422e-03
5.328713989e+02	3.614041954e-02	5.336599731e+02	1.252026018e-02
5.329880981e+02	4.671718925e-02	5.337770386e+02	1.578641497e-02
5.331047974e+02	2.006825432e-02	5.338941040e+02	-5.590384826e-03
5.332214966e+02	2.428390458e-02	5.340112305e+02	8.593535051e-03
5.333381958e+02	3.589576483e-02	5.341282959e+02	-3.975656873e-04
5.334548950e+02	3.672383726e-02	5.342453613e+02	1.776812784e-02
5.335715942e+02	4.052545130e-02	5.343624878e+02	4.556714091e-03
5.336883545e+02	2.390750684e-02	5.344795532e+02	-7.572097238e-03
5.338050537e+02	3.843644634e-02	5.345966797e+02	4.263127223e-03
5.339217529e+02	3.813532740e-02	5.347137451e+02	2.510780096e-02
5.340385132e+02	4.673600569e-02	5.348308716e+02	1.107067452e-03
5.341552124e+02	2.418980375e-02	5.349479980e+02	-6.159209646e-03
5.342719727e+02	3.550054505e-02	5.350650635e+02	1.589651033e-02
5.343886719e+02	3.243290633e-02	5.351821899e+02	1.349276770e-02
5.345054321e+02	1.869440265e-02	5.352993164e+02	-4.140799399e-03
5.346221924e+02	3.188713267e-02	5.354164429e+02	-5.260099424e-04
5.347388916e+02	4.073246941e-02	5.355335693e+02	1.866723783e-02
5.348556519e+02	3.634744138e-02	5.356506958e+02	2.041040920e-02
5.349724121e+02	3.770247102e-02	5.357678223e+02	-8.416159078e-03
5.350891724e+02	3.058855981e-02	5.358849487e+02	-1.021437929e-03
5.352059326e+02	3.521824628e-02	5.360020752e+02	1.468546409e-02
5.353226929e+02	3.425843269e-02	5.361192017e+02	2.042875998e-02
5.354394531e+02	3.318570182e-02	5.362363892e+02	-6.893177051e-03
5.355562134e+02	3.885048255e-02	5.363535156e+02	-3.223340260e-03
5.356729736e+02	4.745116085e-02	5.364706421e+02	5.180586595e-03
5.357897339e+02	3.967855498e-02	5.365878296e+02	1.218997501e-02
5.359065552e+02	3.945271671e-02	5.367049561e+02	-4.471084569e-03
5.360233154e+02	3.391967714e-02	5.368221436e+02	-5.131655373e-03
5.361400757e+02	4.854271561e-02	5.369392700e+02	1.052019931e-02
5.362568970e+02	4.193694144e-02	5.370564575e+02	2.789687738e-02
5.363736572e+02	2.817961760e-02	5.371736450e+02	-6.195907947e-03
5.364904785e+02	3.158601373e-02	5.372908325e+02	-6.672986783e-03
5.366072388e+02	4.942724854e-02	5.374079590e+02	9.474296123e-03
5.367240601e+02	3.463483229e-02	5.375251465e+02	3.492461517e-03
5.368408813e+02	3.207533062e-02	5.376423340e+02	6.153093185e-03
5.369576416e+02	3.070147894e-02	5.377595215e+02	1.402489375e-02
5.370744629e+02	3.809768707e-02	5.378767090e+02	8.483439684e-03
5.371912842e+02	3.760837018e-02	5.379938965e+02	2.061225101e-02
5.373081055e+02	3.721315414e-02	5.381110840e+02	-5.370195024e-03
5.374249268e+02	2.891359106e-02	5.382283325e+02	-1.074650604e-02
5.375417480e+02	2.857483365e-02	5.383455200e+02	3.657604102e-03
5.376585693e+02	3.755190969e-02	5.384627075e+02	1.430013124e-02
5.377753906e+02	2.176204138e-02	5.385798950e+02	-9.975840338e-03
5.378922119e+02	3.653563932e-02	5.386971436e+02	-5.718829110e-03
5.380090942e+02	4.773345962e-02	5.388143311e+02	7.621027995e-03
5.381259155e+02	4.095830768e-02	5.389315796e+02	1.057524700e-02
5.382427368e+02	2.358756959e-02	5.390487671e+02	5.731062032e-03
5.383596191e+02	2.486732043e-02	5.391660156e+02	-1.902198885e-03
5.384764404e+02	3.794712946e-02	5.392832642e+02	1.318083145e-02
5.385933228e+02	3.294104338e-02	5.394004517e+02	1.090553217e-02
5.387101440e+02	2.554483525e-02	5.395177002e+02	-7.443652488e-03
5.388270264e+02	1.999297366e-02	5.396349487e+02	-1.010428462e-02
5.389439087e+02	2.646700852e-02	5.397521973e+02	7.565980777e-03
5.390607300e+02	3.107787669e-02	5.398694458e+02	7.180647925e-03
5.391776123e+02	1.436583325e-02	5.399866943e+02	3.712651785e-03
5.392944946e+02	1.969185658e-02	5.401039429e+02	-8.159270510e-03
5.394113770e+02	2.831135504e-02	5.402211914e+02	1.039175503e-02
5.395282593e+02	2.631644905e-02	5.403384399e+02	9.914676659e-03
5.396451416e+02	1.647365838e-02	5.404556885e+02	-1.406770898e-04
5.397620239e+02	2.046347037e-02	5.405729370e+02	-7.113367319e-03
5.398789062e+02	3.401377797e-02	5.406902466e+02	6.226490252e-03
5.399957886e+02	2.183732018e-02	5.408074951e+02	6.520077121e-03
5.401126709e+02	2.131036483e-02	5.409248047e+02	-1.012263354e-02
5.402295532e+02	1.636073925e-02	5.410420532e+02	-7.737239823e-03
5.403464966e+02	3.339271992e-02	5.411593628e+02	2.826386131e-02
5.404633789e+02	3.062620014e-02	5.412766113e+02	2.162145637e-02
5.405802612e+02	2.703160420e-02	5.413939209e+02	4.648460075e-03
5.406972046e+02	2.646700852e-02	5.415111694e+02	-4.177497700e-03
5.408140869e+02	3.008042276e-02	5.416284790e+02	2.129117027e-02
5.409310303e+02	3.427725285e-02	5.417457886e+02	2.886938397e-03
5.410479736e+02	1.474223100e-02	5.418630981e+02	-6.397749297e-03
5.411648560e+02	1.831800491e-02	5.419804077e+02	-1.700357767e-03
5.412817993e+02	3.768365085e-02	5.420976562e+02	2.239212207e-02
5.413987427e+02	3.615923971e-02	5.422149658e+02	1.798831858e-02
5.415156860e+02	2.029409260e-02	5.423323364e+02	-8.012477309e-03
5.416325684e+02	3.248936683e-02	5.424496460e+02	2.373161260e-03
5.417495117e+02	3.817296773e-02	5.425669556e+02	8.813724853e-03
5.418664551e+02	3.369383886e-02	5.426842651e+02	7.125600241e-03
5.419833984e+02	2.827371657e-02	5.428015747e+02	5.400776863e-03
5.421004028e+02	1.666185632e-02	5.429188843e+02	-5.425242241e-03
5.422173462e+02	3.911396116e-02	5.430362549e+02	1.255695894e-02
5.423342896e+02	3.772129118e-02	5.431535645e+02	3.993394226e-02
5.424512329e+02	3.920805827e-02	5.432709351e+02	1.474051154e-03
5.425681763e+02	2.979812585e-02	5.433882446e+02	9.235756472e-03
5.426851807e+02	3.435253352e-02	5.435056152e+02	1.053854823e-02
5.428021240e+02	4.001731426e-02	5.436229248e+02	1.916266605e-02
5.429191284e+02	2.247719653e-02	5.437402954e+02	-1.151717175e-02
5.430360718e+02	2.168676257e-02	5.438576660e+02	-6.544542848e-04
5.431530762e+02	3.638507798e-02	5.439750366e+02	1.297899056e-02
5.432700195e+02	3.837998584e-02	5.440923462e+02	1.835530065e-02
5.433870239e+02	3.593340144e-02	5.442097168e+02	7.951313746e-04
5.435040283e+02	2.823607624e-02	5.443270874e+02	3.731001052e-04
5.436209717e+02	4.001731426e-02	5.444444580e+02	6.373283453e-03
5.437379761e+02	3.790948913e-02	5.445618286e+02	7.345790509e-03
5.438549805e+02	3.038154170e-02	5.446791992e+02	6.520077121e-03
5.439719849e+02	2.127272449e-02	5.447965698e+02	-6.984923035e-03
5.440889893e+02	3.642271832e-02	5.449140015e+02	3.286950663e-02
5.442059937e+02	4.485401884e-02	5.450313721e+02	1.835530065e-02
5.443229980e+02	3.674265742e-02	5.451487427e+02	8.171503432e-03
5.444400024e+02	3.053210117e-02	5.452661133e+02	-2.507721947e-04
5.445570068e+02	4.564445466e-02	5.453835449e+02	6.905409973e-03
5.446740723e+02	3.632862121e-02	5.455009155e+02	1.417168695e-02
5.447910767e+02	3.047564067e-02	5.456183472e+02	-8.324413560e-03
5.449080811e+02	1.873204298e-02	5.457357178e+02	-2.342579188e-03
5.450251465e+02	3.901986033e-02	5.458531494e+02	1.358451322e-02
5.451421509e+02	4.575737566e-02	5.459705811e+02	6.373283453e-03
5.452592163e+02	3.589576483e-02	5.460879517e+02	3.235572949e-03
5.453762207e+02	4.071364924e-02	5.462053833e+02	-6.085813046e-03
5.454932861e+02	6.252587587e-02	5.463228149e+02	1.358451322e-02
5.456102905e+02	5.592010170e-02	5.464402466e+02	1.782317460e-02
5.457273560e+02	3.555700555e-02	5.465576782e+02	-5.975718144e-03
5.458444214e+02	2.887595259e-02	5.466750488e+02	6.318236236e-03
5.459614868e+02	4.285911471e-02	5.467924805e+02	2.147466317e-02
5.460785522e+02	3.544408455e-02	5.469099731e+02	1.231841929e-02
5.461956177e+02	2.964756638e-02	5.470274048e+02	-4.562830552e-03
5.463126221e+02	3.256464750e-02	5.471448364e+02	-5.957368761e-03
5.464296875e+02	4.159818217e-02	5.472622681e+02	1.376800518e-02
5.465468140e+02	3.407023475e-02	5.473796997e+02	1.233676914e-02
5.466638794e+02	2.321117185e-02	5.474971924e+02	-8.489556611e-03
5.467809448e+02	1.905198023e-02	5.476146240e+02	6.318236236e-03
5.468980103e+02	4.408240691e-02	5.477320557e+02	1.171289664e-02
5.470150757e+02	3.678029776e-02	5.478495483e+02	1.285054628e-02
5.471322021e+02	4.916376993e-02	5.479669800e+02	-6.177558680e-04
5.472492676e+02	2.912061103e-02	5.480844727e+02	1.419003587e-03
5.473663330e+02	4.711240530e-02	5.482019653e+02	1.760298572e-02
5.474834595e+02	4.538097605e-02	5.483193970e+02	2.481421456e-02
5.476005249e+02	2.221371792e-02	5.484368896e+02	-5.150004756e-03
5.477176514e+02	2.460384183e-02	5.485543823e+02	-2.801308874e-03
5.478347778e+02	3.958445787e-02	5.486718750e+02	1.571301930e-02
5.479518433e+02	2.814197727e-02	5.487893066e+02	1.857549138e-02
5.480689697e+02	2.006825432e-02	5.489067993e+02	-3.039848292e-03
5.481860962e+02	1.254030596e-02	5.490242920e+02	-7.847335190e-03
5.483032227e+02	3.435253352e-02	5.491417847e+02	6.226490252e-03
5.484203491e+02	3.139781579e-02	5.492592773e+02	2.019022033e-02
5.485374146e+02	1.462931093e-02	5.493768311e+02	-3.223340260e-03
5.486545410e+02	1.937191747e-02	5.494943237e+02	5.125538912e-03
5.487716675e+02	2.891359106e-02	5.496118164e+02	1.105232537e-02
5.488888550e+02	2.324881032e-02	5.497293091e+02	-5.223401356e-03
5.490059814e+02	1.131701469e-02	5.498468628e+02	4.281476504e-05
5.491231079e+02	2.535663731e-02	5.499643555e+02	1.292394288e-02
5.492402344e+02	2.577067353e-02	5.500818481e+02	1.974983886e-02
5.493573608e+02	1.730173267e-02	5.501994019e+02	-5.461940542e-03
5.494745483e+02	2.452856302e-02	5.503168945e+02	-1.168231480e-03
5.495916748e+02	4.159818217e-02	5.504344482e+02	8.079757914e-03
5.497088623e+02	6.561233848e-02	5.505520020e+02	2.024526708e-02
5.498259888e+02	6.327867508e-02	5.506694946e+02	3.308969783e-03
5.499431763e+02	4.460936040e-02	5.507870483e+02	-1.168231480e-03
5.500603027e+02	5.010476336e-02	5.509046021e+02	1.896082424e-02
5.501774902e+02	3.508650884e-02	5.510221558e+02	1.152940467e-02
5.502946167e+02	3.279048577e-02	5.511397095e+02	2.154805884e-02
5.504118042e+02	1.937191747e-02	5.512572021e+02	7.639377378e-03
5.505289917e+02	2.863129415e-02	5.513747559e+02	6.776965689e-03
5.506461792e+02	3.056973964e-02	5.514923096e+02	1.277714875e-02
5.507633667e+02	2.462266199e-02	5.516099243e+02	-2.966451459e-03
5.508805542e+02	2.639172971e-02	5.517274780e+02	4.263127223e-03
5.509977417e+02	2.857483365e-02	5.518450317e+02	8.850423619e-03
5.511149292e+02	4.001731426e-02	5.519625854e+02	1.444692537e-02
5.512321167e+02	2.300415374e-02	5.520801392e+02	1.547447988e-03
5.513493042e+02	2.027527243e-02	5.521977539e+02	-2.636166289e-03
5.514664917e+02	2.998632379e-02	5.523153076e+02	6.318236236e-03
5.515836792e+02	3.196240962e-02	5.524329224e+02	1.452032197e-02
5.517009277e+02	2.454738133e-02	5.525504761e+02	1.490565483e-02
5.518181152e+02	2.469794080e-02	5.526680908e+02	-4.691274837e-03
5.519353027e+02	3.329862282e-02	5.527856445e+02	2.384170704e-02
5.520525513e+02	2.770912088e-02	5.529032593e+02	1.231841929e-02
5.521697388e+02	1.700061560e-02	5.530208130e+02	1.877733273e-03
5.522869873e+02	2.138564363e-02	5.531384277e+02	1.283219643e-02
5.524041748e+02	3.630980104e-02	5.532560425e+02	1.622679643e-02
5.525214233e+02	3.188713267e-02	5.533736572e+02	7.125600241e-03
5.526386719e+02	2.196905948e-02	5.534912720e+02	3.070430364e-03
5.527559204e+02	2.627881058e-02	5.536088867e+02	1.070369151e-03
5.528731079e+02	2.994868532e-02	5.537265015e+02	2.571332455e-02
5.529903564e+02	2.582713403e-02	5.538441162e+02	1.591485925e-02
5.531076050e+02	2.723862417e-02	5.539617310e+02	1.736444607e-02
5.532248535e+02	1.833682507e-02	5.540793457e+02	5.235634279e-03
5.533421021e+02	2.876303345e-02	5.541969604e+02	4.905348644e-03
5.534593506e+02	3.422079608e-02	5.543145752e+02	5.639316048e-03
5.535765991e+02	2.518725768e-02	5.544322510e+02	1.670387387e-02
5.536938477e+02	1.743347198e-02	5.545498657e+02	5.143888295e-03
5.538110962e+02	4.342371225e-02	5.546674805e+02	1.257530786e-02
5.539284058e+02	3.548172489e-02	5.547851562e+02	9.235756472e-03
5.540456543e+02	2.360638790e-02	5.549027710e+02	-7.278510020e-04
5.541629028e+02	2.810433693e-02	5.550204468e+02	9.162359871e-03
5.542802124e+02	4.069482908e-02	5.551380615e+02	5.767760333e-03
5.543974609e+02	3.704377636e-02	5.552557373e+02	1.406159252e-02
5.545147705e+02	2.398278564e-02	5.553734131e+02	1.714425534e-02
5.546320190e+02	2.612825111e-02	5.554910278e+02	5.400776863e-03
5.547493286e+02	5.142215639e-02	5.556087036e+02	1.674057357e-02
5.548665771e+02	2.776557952e-02	5.557263794e+02	1.534603536e-02
5.549838867e+02	3.098377772e-02	5.558440552e+02	9.217407554e-03
5.551011963e+02	2.119744569e-02	5.559617310e+02	-5.315147340e-03
5.552185059e+02	3.640389815e-02	5.560794067e+02	2.341967635e-02
5.553357544e+02	2.684340626e-02	5.561970825e+02	7.492583711e-03
5.554530640e+02	2.505551837e-02	5.563147583e+02	2.896112949e-02
5.555703735e+02	2.475440130e-02	5.564324341e+02	-3.480228828e-03
5.556876831e+02	3.327980265e-02	5.565501099e+02	7.547631394e-03
5.558049927e+02	3.732607141e-02	5.566677856e+02	1.666717604e-02
5.559223022e+02	4.344252869e-02	5.567854614e+02	-1.773754484e-04
5.560396118e+02	7.231220603e-02	5.569031982e+02	-1.195755228e-02
5.561569824e+02	7.871096581e-02	5.570208740e+02	6.299886853e-03
5.562742920e+02	6.081327051e-02	5.571386108e+02	2.408024669e-02
5.563916016e+02	3.738253191e-02	5.572562866e+02	1.002477109e-02
5.565089111e+02	3.343036026e-02	5.573740234e+02	-9.975840338e-03
5.566262817e+02	3.901986033e-02	5.574916992e+02	6.685219705e-03
5.567435913e+02	3.279048577e-02	5.576094360e+02	7.345790509e-03
5.568609619e+02	2.112216689e-02	5.577271118e+02	1.345606870e-04
5.569782715e+02	1.886378229e-02	5.578448486e+02	-6.966574118e-03
5.570956421e+02	3.555700555e-02	5.579625854e+02	5.584268831e-03
5.572129517e+02	2.571421489e-02	5.580803223e+02	8.079757914e-03
5.573303223e+02	2.652346902e-02	5.581979980e+02	-5.241750740e-03
5.574476929e+02	4.039371014e-02	5.583157349e+02	-9.315269999e-03
5.575650024e+02	4.852389544e-02	5.584334717e+02	8.410043083e-03
5.576823730e+02	3.885048255e-02	5.585512085e+02	1.134591270e-02
5.577997437e+02	1.622899994e-02	5.586689453e+02	-8.232668042e-03
5.579171143e+02	2.070812881e-02	5.587866821e+02	1.235511736e-03
5.580344849e+02	3.006160446e-02	5.589044189e+02	7.694425061e-03
5.581518555e+02	2.503669821e-02	5.590222168e+02	1.608000323e-02
5.582692261e+02	1.449757256e-02	5.591399536e+02	2.530964278e-02
5.583865967e+02	2.211961895e-02	5.592576904e+02	-3.021499142e-03
5.585039673e+02	3.173657134e-02	5.593754883e+02	1.237346698e-02
5.586213379e+02	3.422079608e-02	5.594932251e+02	2.411694638e-02
5.587387695e+02	1.406471524e-02	5.596109619e+02	4.281476504e-05
5.588561401e+02	1.846856438e-02	5.597287598e+02	1.253861003e-03
5.589735107e+02	3.390085697e-02	5.598464966e+02	1.044680271e-02
5.590909424e+02	3.211297095e-02	5.599642944e+02	7.419187110e-03
5.592083130e+02	2.686222643e-02	5.600820923e+02	-2.654515440e-03
5.593257446e+02	1.720763370e-02	5.601998291e+02	3.731000936e-03
5.594431152e+02	2.582713403e-02	5.603176270e+02	3.002538346e-02
5.595605469e+02	2.498023957e-02	5.604354248e+02	1.189638861e-02
5.596779175e+02	1.863794401e-02	5.605531616e+02	-8.562953008e-05
5.597953491e+02	1.154285297e-02	5.606709595e+02	-3.223340260e-03
5.599127808e+02	2.036937140e-02	5.607887573e+02	1.138261147e-02
5.600301514e+02	2.119744569e-02	5.609065552e+02	1.532768551e-02
5.601475830e+02	1.050775964e-02	5.610243530e+02	1.613504998e-02
5.602650146e+02	8.926890790e-03	5.611421509e+02	-7.443652488e-03
5.603824463e+02	2.825489640e-02	5.612599487e+02	8.410043083e-03
5.604998779e+02	2.306061238e-02	5.613777466e+02	7.786171045e-03
5.606173096e+02	2.471676096e-02	5.614956055e+02	8.079757914e-03
5.607347412e+02	4.285911471e-02	5.616134033e+02	-2.415976021e-03
5.608521729e+02	7.191698998e-02	5.617312012e+02	2.110767923e-02
5.609696045e+02	6.437022239e-02	5.618490601e+02	2.874094062e-02
5.610870361e+02	4.122178629e-02	5.619668579e+02	4.978745710e-03
5.612045288e+02	2.718216367e-02	5.620846558e+02	-1.168231480e-03
5.613219604e+02	3.235762939e-02	5.622025146e+02	8.446741849e-03
5.614393921e+02	3.184949234e-02	5.623203125e+02	8.887122385e-03
5.615568848e+02	1.445993222e-02	5.624381714e+02	-2.636166289e-03
5.616743164e+02	2.481085993e-02	5.625560303e+02	7.419187110e-03
5.617918091e+02	2.821725607e-02	5.626738281e+02	3.235572949e-03
5.619092407e+02	2.349346876e-02	5.627916870e+02	7.621027995e-03
5.620267334e+02	2.219489776e-02	5.629095459e+02	9.988073260e-03
5.621441650e+02	1.703825407e-02	5.630273438e+02	1.290559303e-03
5.622616577e+02	2.234545723e-02	5.631452026e+02	1.270375215e-02
5.623791504e+02	2.535663731e-02	5.632630615e+02	1.635524072e-02
5.624966431e+02	2.040701173e-02	5.633809204e+02	-8.471206762e-03
5.626140747e+02	8.531673811e-03	5.634987793e+02	-6.728034350e-05
5.627315674e+02	2.332409099e-02	5.636166382e+02	2.033701353e-02
5.628490601e+02	3.230116889e-02	5.637344971e+02	1.461206749e-02
5.629665527e+02	1.622899994e-02	5.638523560e+02	-8.287714794e-03
5.630840454e+02	1.077123825e-02	5.639702759e+02	2.165815420e-02
5.632015381e+02	2.859365381e-02	5.640881348e+02	2.391510410e-03
5.633190308e+02	2.499905974e-02	5.642059937e+02	8.593535051e-03
5.634365234e+02	2.078340761e-02	5.643239136e+02	-8.893238381e-03
5.635540771e+02	1.908962056e-02	5.644417725e+02	-3.003149992e-03
5.636715698e+02	3.770247102e-02	5.645596313e+02	1.119911950e-02
5.637890625e+02	2.925234847e-02	5.646775513e+02	6.721918005e-03
5.639066162e+02	2.334291115e-02	5.647954102e+02	1.785987290e-03
5.640241089e+02	1.739583164e-02	5.649133301e+02	1.675892272e-03
5.641416016e+02	2.639172971e-02	5.650311890e+02	1.785987429e-02
5.642591553e+02	2.452856302e-02	5.651491089e+02	1.143765822e-02
5.643766479e+02	1.871322282e-02	5.652670288e+02	-5.131655373e-03
5.644942017e+02	1.449757256e-02	5.653849487e+02	-2.048992319e-03
5.646117554e+02	2.808551677e-02	5.655028076e+02	7.364139426e-03
5.647292480e+02	2.185614035e-02	5.656207275e+02	1.274045091e-02
5.648468018e+02	1.459167153e-02	5.657386475e+02	4.520015791e-03
5.649643555e+02	2.710688487e-02	5.658565674e+02	-3.994005732e-03
5.650818481e+02	3.393849730e-02	5.659744873e+02	7.235695142e-03
5.651994019e+02	4.914494976e-02	5.660924072e+02	8.960518986e-03
5.653169556e+02	5.270190537e-02	5.662103271e+02	-2.140738216e-04
5.654345093e+02	3.215060756e-02	5.663282471e+02	-7.150065619e-03
5.655520630e+02	4.731942341e-02	5.664461670e+02	1.663047820e-02
5.656696167e+02	3.151073307e-02	5.665641479e+02	9.804581292e-03
5.657871704e+02	2.274067514e-02	5.666820679e+02	-4.838068504e-03
5.659047241e+02	1.573968306e-02	5.667999878e+02	-1.535215182e-03
5.660223389e+02	2.970402688e-02	5.669179688e+02	8.226551116e-03
5.661398926e+02	2.720098384e-02	5.670358887e+02	8.685280918e-04
5.662574463e+02	1.886378229e-02	5.671538086e+02	6.116394798e-05
5.663750000e+02	1.829918660e-02	5.672717896e+02	-3.553625429e-03
5.664926147e+02	3.700613603e-02	5.673897095e+02	7.877917029e-03
5.666101685e+02	2.659874782e-02	5.675076904e+02	2.795192413e-03
5.667277832e+02	1.829918660e-02	5.676256714e+02	-2.122389153e-03
5.668453369e+02	1.639837958e-02	5.677435913e+02	3.235572949e-03
5.669629517e+02	4.236979783e-02	5.678615723e+02	8.354995400e-03
5.670805054e+02	2.947818860e-02	5.679795532e+02	7.309092209e-03
5.671981201e+02	1.969185658e-02	5.680975342e+02	-5.480289925e-03
5.673157349e+02	2.505551837e-02	5.682155151e+02	5.070491228e-03
5.674332886e+02	4.406358674e-02	5.683334351e+02	1.189638861e-02
5.675509033e+02	3.766483068e-02	5.684514160e+02	2.824551240e-02
5.676685181e+02	2.520607784e-02	5.685693970e+02	-9.847396053e-03
5.677861328e+02	3.216942772e-02	5.686873779e+02	1.796996780e-02
5.679037476e+02	3.873756155e-02	5.688054199e+02	2.325453423e-02
5.680213623e+02	3.822942823e-02	5.689234009e+02	2.297929674e-02
5.681389771e+02	3.169893101e-02	5.690413818e+02	1.310743485e-02
5.682565918e+02	3.183067217e-02	5.691593628e+02	-3.957307432e-03
5.683742065e+02	4.050663114e-02	5.692773438e+02	9.914676659e-03
5.684918213e+02	4.020551220e-02	5.693953857e+02	2.088748850e-02
5.686094360e+02	2.947818860e-02	5.695133667e+02	2.611700678e-03
5.687270508e+02	3.388203681e-02	5.696313477e+02	7.088901941e-03
5.688447266e+02	3.990439326e-02	5.697493896e+02	1.373130642e-02
5.689623413e+02	4.154172540e-02	5.698673706e+02	1.505244803e-02
5.690799561e+02	3.284694254e-02	5.699854126e+02	2.428208711e-03
5.691976318e+02	3.098377772e-02	5.701034546e+02	-8.324413560e-03
5.693152466e+02	3.967855498e-02	5.702214355e+02	7.345790509e-03
5.694329224e+02	4.154172540e-02	5.703394775e+02	6.465029437e-03
5.695505371e+02	2.870657295e-02	5.704575195e+02	1.070369151e-03
5.696682129e+02	2.759620175e-02	5.705755005e+02	-5.296797957e-03
5.697858887e+02	3.819178790e-02	5.706935425e+02	1.285054628e-02
5.699035034e+02	3.779656813e-02	5.708115845e+02	1.400654437e-03
5.700211792e+02	2.861247398e-02	5.709296265e+02	-6.379399914e-03
5.701388550e+02	1.935309917e-02	5.710476685e+02	-1.608611899e-03
5.702565308e+02	4.312259331e-02	5.711657104e+02	1.951129921e-02
5.703742065e+02	4.524923861e-02	5.712837524e+02	9.694485925e-03
5.704918213e+02	1.899552159e-02	5.714017944e+02	2.391510410e-03
5.706094971e+02	2.217607945e-02	5.715198364e+02	6.299886853e-03
5.707271729e+02	3.856818378e-02	5.716378784e+02	1.784152351e-02
5.708449097e+02	2.915824950e-02	5.717559814e+02	1.934615709e-02
5.709625854e+02	2.211961895e-02	5.718740234e+02	-8.654698730e-03
5.710802612e+02	1.950365677e-02	5.719920654e+02	1.363956137e-03
5.711979370e+02	3.546290472e-02	5.721101685e+02	6.079696584e-03
5.713156128e+02	2.949700691e-02	5.722282104e+02	7.859567180e-03
5.714332886e+02	2.196905948e-02	5.723463135e+02	1.341937017e-02
5.715510254e+02	1.875086315e-02	5.724643555e+02	1.160280127e-02
5.716687012e+02	3.410787508e-02	5.725824585e+02	7.125600241e-03
5.717864380e+02	2.936526947e-02	5.727005005e+02	9.107312188e-03
5.719041138e+02	1.662421785e-02	5.728186035e+02	1.345606870e-04
5.720218506e+02	1.366949826e-02	5.729367065e+02	-4.617878236e-03
5.721395264e+02	2.347465046e-02	5.730547485e+02	2.286920138e-02
5.722572632e+02	2.343701012e-02	5.731728516e+02	3.529159818e-03
5.723749390e+02	1.969185658e-02	5.732909546e+02	1.952964999e-02
5.724926758e+02	1.365067810e-02	5.734090576e+02	-6.049114745e-03
5.726104126e+02	2.898887172e-02	5.735271606e+02	9.070613421e-03
5.727281494e+02	2.573303320e-02	5.736452637e+02	2.848405205e-02
5.728458252e+02	1.536328625e-02	5.737633667e+02	9.235756588e-04
5.729635620e+02	1.788514853e-02	5.738814697e+02	-4.984861705e-03
5.730812988e+02	2.827371657e-02	5.739995728e+02	1.108902413e-02
5.731990356e+02	3.032508120e-02	5.741176758e+02	1.182299107e-02
5.733167725e+02	1.986123435e-02	5.742357788e+02	-7.039970718e-03
5.734345093e+02	1.195689011e-02	5.743538818e+02	1.345606870e-04
5.735522461e+02	2.275949530e-02	5.744719849e+02	9.621089324e-03
5.736699829e+02	2.481085993e-02	5.745901489e+02	6.611823104e-03
5.737877808e+02	1.447875239e-02	5.747082520e+02	-6.966574118e-03
5.739055176e+02	1.826154627e-02	5.748264160e+02	-2.746261423e-03
5.740232544e+02	2.897005156e-02	5.749445190e+02	5.731062032e-03
5.741409912e+02	3.203769028e-02	5.750626221e+02	1.784152351e-02
5.742587891e+02	2.962874621e-02	5.751807861e+02	-2.122389153e-03
5.743765259e+02	3.047564067e-02	5.752989502e+02	-5.718829110e-03
5.744943237e+02	3.988557681e-02	5.754170532e+02	1.241016574e-02
5.746120605e+02	2.767148055e-02	5.755352173e+02	7.565980777e-03
5.747298584e+02	2.450974286e-02	5.756533813e+02	1.363956137e-03
5.748475952e+02	2.799141780e-02	5.757714844e+02	-9.113428532e-04
5.749653931e+02	2.906415053e-02	5.758896484e+02	3.198874649e-03
5.750831909e+02	2.533781715e-02	5.760078125e+02	1.092388108e-02
5.752009277e+02	1.643601805e-02	5.761259766e+02	3.877794370e-03
5.753187256e+02	1.624782011e-02	5.762441406e+02	1.094223093e-02
5.754365234e+02	3.055091947e-02	5.763623047e+02	1.830025390e-02
5.755543213e+02	2.870657295e-02	5.764804688e+02	1.846539602e-02
5.756721191e+02	1.637955941e-02	5.765986328e+02	2.501605544e-03
5.757898560e+02	1.767813042e-02	5.767167969e+02	1.235511736e-03
5.759076538e+02	2.814197727e-02	5.768349609e+02	4.006238654e-03
5.760254517e+02	3.679911792e-02	5.769531250e+02	2.868589247e-03
5.761433105e+02	2.428390458e-02	5.770712891e+02	-3.718768246e-03
5.762611084e+02	1.461049169e-02	5.771895142e+02	2.263066126e-04
5.763789062e+02	2.872539312e-02	5.773076782e+02	6.868711673e-03
5.764967041e+02	3.646035865e-02	5.774258423e+02	1.187803876e-02
5.766145020e+02	1.801688783e-02	5.775440674e+02	1.767638139e-02
5.767323608e+02	3.060737997e-02	5.776622314e+02	-8.746444946e-04
5.768501587e+02	3.331743926e-02	5.777804565e+02	1.079543680e-02
5.769679565e+02	2.785967849e-02	5.778986206e+02	3.602556651e-03
5.770858154e+02	1.299198251e-02	5.780168457e+02	-3.370133694e-03
5.772036133e+02	1.685005613e-02	5.781350708e+02	-3.149943426e-03
5.773214722e+02	3.247054666e-02	5.782532349e+02	1.549282856e-02
5.774392700e+02	3.053210117e-02	5.783714600e+02	1.299733948e-02
5.775571289e+02	3.008042276e-02	5.784896851e+02	-5.223401356e-03
5.776749268e+02	2.484850027e-02	5.786079102e+02	-4.801370203e-03
5.777927856e+02	2.917706966e-02	5.787260742e+02	4.538365174e-03
5.779106445e+02	3.102141619e-02	5.788442993e+02	2.841065452e-02
5.780285034e+02	2.522489801e-02	5.789625244e+02	7.510933094e-03
5.781463013e+02	1.954129711e-02	5.790807495e+02	1.951129991e-03
5.782641602e+02	3.623452038e-02	5.791989746e+02	1.409829035e-02
5.783820190e+02	2.552601509e-02	5.793171997e+02	9.254105389e-03
5.784998779e+02	1.462931093e-02	5.794354248e+02	6.721918005e-03
5.786177368e+02	2.236427739e-02	5.795537109e+02	1.554787625e-02
5.787355957e+02	2.808551677e-02	5.796719360e+02	7.896265946e-03
5.788534546e+02	3.036272153e-02	5.797901611e+02	1.635524072e-02
5.789713135e+02	2.317353152e-02	5.799083862e+02	-2.342579188e-03
5.790891724e+02	2.360638790e-02	5.800266724e+02	1.248356234e-02
5.792070923e+02	2.842427604e-02	5.801448975e+02	2.363986708e-02
5.793249512e+02	1.700061560e-02	5.802631226e+02	-6.948224735e-03
5.794428101e+02	1.270968467e-02	5.803814087e+02	6.373283453e-03
5.795606689e+02	2.338054962e-02	5.804996338e+02	1.738279499e-02
5.796785889e+02	2.430272475e-02	5.806179199e+02	1.160280127e-02
5.797964478e+02	1.491160970e-02	5.807361450e+02	-4.250894301e-03
5.799143677e+02	1.301080268e-02	5.808544312e+02	8.446741849e-03
5.800322266e+02	1.621017978e-02	5.809727173e+02	6.501727737e-03
5.801501465e+02	3.143545240e-02	5.810909424e+02	5.492522847e-03
5.802680054e+02	1.824272610e-02	5.812092285e+02	-6.838129833e-03
5.803859253e+02	2.360638790e-02	5.813275146e+02	-6.966574118e-03
5.805038452e+02	3.288458288e-02	5.814458008e+02	1.004312094e-02
5.806217041e+02	2.887595259e-02	5.815640869e+02	1.505244803e-02
5.807396240e+02	2.221371792e-02	5.816823730e+02	-7.150065619e-03
5.808575439e+02	9.115089662e-03	5.818006592e+02	5.767760333e-03
5.809754639e+02	2.633526921e-02	5.819189453e+02	1.395149715e-02
5.810933838e+02	3.092731722e-02	5.820372314e+02	1.461206749e-02
5.812113037e+02	1.378241740e-02	5.821555176e+02	-3.957307432e-03
5.813292236e+02	9.228008799e-03	5.822738037e+02	-3.186641727e-03
5.814471436e+02	1.988005452e-02	5.823920898e+02	6.098045968e-03
5.815650635e+02	3.273402527e-02	5.825103760e+02	1.158445235e-02
5.816829834e+02	9.510306641e-03	5.826287231e+02	-2.838007174e-03
5.818009033e+02	1.972949505e-02	5.827470093e+02	-3.021499142e-03
5.819188232e+02	2.616589144e-02	5.828652954e+02	5.510871764e-03
5.820367432e+02	2.772793919e-02	5.829836426e+02	1.782317460e-02
5.821547241e+02	1.767813042e-02	5.831019287e+02	5.932903150e-04
5.822726440e+02	8.964531124e-03	5.832202759e+02	7.327441126e-03
5.823905640e+02	1.935309917e-02	5.833385620e+02	6.312730908e-02
5.825085449e+02	2.202551998e-02	5.834569092e+02	9.254105389e-03
5.826264648e+02	1.095943712e-02	5.835751953e+02	-4.911465105e-03
5.827444458e+02	5.915712100e-03	5.836935425e+02	1.584146288e-03
5.828623657e+02	1.969185658e-02	5.838118896e+02	2.982354164e-02
5.829803467e+02	1.875086315e-02	5.839301758e+02	9.988073260e-03
5.830982666e+02	4.221924115e-03	5.840485229e+02	-6.544542848e-04
5.832162476e+02	1.052657980e-02	5.841668701e+02	1.107067452e-03
5.833342285e+02	2.104688622e-02	5.842852173e+02	4.850301426e-03
5.834521484e+02	2.718216367e-02	5.844035645e+02	1.314413268e-02
5.835701294e+02	1.878850162e-02	5.845219116e+02	-8.397810161e-03
5.836881104e+02	2.144210413e-02	5.846402588e+02	1.767638139e-03
5.838060913e+02	2.588359267e-02	5.847586060e+02	8.813724853e-03
5.839240723e+02	2.770912088e-02	5.848769531e+02	1.218997501e-02
5.840420532e+02	4.974718671e-03	5.849953003e+02	3.675953485e-03
5.841600342e+02	1.564558409e-02	5.851136475e+02	-3.516927129e-03
5.842780151e+02	2.373812720e-02	5.852319946e+02	-1.315024914e-03
5.843959961e+02	2.213843912e-02	5.853503418e+02	1.470381394e-02
5.845139771e+02	1.607844047e-02	5.854687500e+02	-4.581179935e-03
5.846319580e+02	1.122291479e-02	5.855870972e+02	1.395149715e-02
5.847499390e+02	2.115980536e-02	5.857054443e+02	1.444692537e-02
5.848679199e+02	1.741465181e-02	5.858238525e+02	1.554787625e-02
5.849859619e+02	1.171223167e-02	5.859421997e+02	-7.920731790e-03
5.851039429e+02	1.624782011e-02	5.860606079e+02	4.281476431e-04
5.852219238e+02	2.112216689e-02	5.861789551e+02	7.180647925e-03
5.853399658e+02	2.193142101e-02	5.862973633e+02	1.218997501e-02
5.854579468e+02	1.031956170e-02	5.864157104e+02	4.868650343e-03
5.855759888e+02	1.715117320e-02	5.865341187e+02	-6.728034350e-05
5.856939697e+02	1.619135961e-02	5.866525269e+02	1.791492105e-02
5.858120117e+02	1.376359724e-02	5.867709351e+02	9.474296123e-03
5.859299927e+02	1.604080200e-02	5.868892822e+02	-4.911465105e-03
5.860480347e+02	1.444111299e-02	5.870076904e+02	-1.104009338e-02
5.861660767e+02	3.740135208e-02	5.871260986e+02	1.327257697e-02
5.862841187e+02	3.021216206e-02	5.872445068e+02	1.002477109e-02
5.864020996e+02	1.907080039e-02	5.873629150e+02	1.841034857e-03
5.865201416e+02	1.400825568e-02	5.874813232e+02	7.198996842e-03
5.866381836e+02	2.326763049e-02	5.875997314e+02	-1.590262691e-04
5.867562256e+02	2.089632675e-02	5.877181396e+02	6.098045968e-03
5.868742676e+02	2.550719492e-02	5.878365479e+02	9.309153073e-03
5.869923096e+02	1.807334647e-02	5.879549561e+02	-3.388482844e-03
5.871103516e+02	2.466030046e-02	5.880733643e+02	1.031835843e-02
5.872283936e+02	3.120961599e-02	5.881918335e+02	1.141930930e-02
5.873464355e+02	1.376359724e-02	5.883102417e+02	8.189853281e-03
5.874644775e+02	1.336838026e-02	5.884286499e+02	-6.471145898e-03
5.875825195e+02	2.908297069e-02	5.885471191e+02	1.798831858e-02
5.877006226e+02	2.861247398e-02	5.886655273e+02	2.281415276e-03
5.878186646e+02	1.506216824e-02	5.887839355e+02	-1.080155373e-02
5.879367065e+02	2.443446219e-02	5.889024048e+02	5.070491228e-03
5.880548096e+02	2.840545587e-02	5.890208130e+02	1.650203392e-02
5.881728516e+02	2.379458770e-02	5.891392822e+02	1.178629324e-02
5.882908936e+02	1.370713767e-02	5.892577515e+02	-3.737117397e-03
5.884089966e+02	3.196240962e-02	5.893761597e+02	-2.269182587e-03
5.885270386e+02	4.667954892e-02	5.894946289e+02	1.341937017e-02
5.886451416e+02	3.830470517e-02	5.896130981e+02	1.079543680e-02
5.887632446e+02	2.219489776e-02	5.897315063e+02	-2.287531737e-03
5.888812866e+02	2.682458609e-02	5.898499756e+02	5.767760333e-03
5.889993896e+02	6.888699532e-02	5.899684448e+02	3.714486584e-02
5.891174927e+02	6.740022451e-02	5.900869141e+02	2.464907244e-03
5.892355347e+02	4.929551110e-02	5.902053833e+02	-6.379399914e-03
5.893536377e+02	3.719433397e-02	5.903238525e+02	-1.406770898e-04
5.894717407e+02	4.052545130e-02	5.904423218e+02	4.740206059e-03
5.895898438e+02	4.491047934e-02	5.905607910e+02	6.832013372e-03
5.897079468e+02	2.812315710e-02	5.906792603e+02	-7.828985690e-04
5.898260498e+02	2.221371792e-02	5.907977295e+02	8.887122385e-03
5.899441528e+02	2.609061077e-02	5.909161987e+02	3.639254952e-03
5.900622559e+02	2.897005156e-02	5.910347290e+02	5.987950601e-03
5.901803589e+02	2.016235329e-02	5.911531982e+02	-2.544420306e-03
5.902984619e+02	1.246502623e-02	5.912716675e+02	8.079757914e-03
5.904165649e+02	2.385104634e-02	5.913901978e+02	3.382366383e-03
5.905347290e+02	2.044465020e-02	5.915086670e+02	6.244839169e-03
5.906528320e+02	8.795152418e-03	5.916271362e+02	-1.902198885e-03
5.907709351e+02	1.511862781e-02	5.917456665e+02	1.033670735e-03
5.908890381e+02	3.073911928e-02	5.918641357e+02	8.208202198e-03
5.910072021e+02	2.420862392e-02	5.919826660e+02	1.028165966e-02
5.911253052e+02	1.419645455e-02	5.921011353e+02	-1.003088779e-03
5.912434692e+02	2.738918178e-02	5.922196655e+02	3.749350086e-03
5.913615723e+02	6.427612156e-02	5.923381958e+02	1.808006316e-02
5.914797363e+02	5.975935608e-02	5.924566650e+02	8.740328252e-03
5.915978394e+02	4.097712785e-02	5.925751953e+02	5.198935978e-03
5.917160034e+02	2.398278564e-02	5.926937256e+02	6.465029437e-03
5.918341675e+02	3.947153687e-02	5.928122559e+02	7.052203640e-03
5.919522705e+02	3.026862256e-02	5.929307861e+02	9.437597357e-03
5.920704346e+02	1.647365838e-02	5.930492554e+02	-3.535276279e-03
5.921885986e+02	7.477761246e-03	5.931677856e+02	5.290681496e-03
5.923067627e+02	3.248936683e-02	5.932863159e+02	6.244839169e-03
5.924248657e+02	1.858148351e-02	5.934048462e+02	1.303403731e-02
5.925430298e+02	1.197571028e-02	5.935233765e+02	-6.526193582e-03
5.926611938e+02	8.079997264e-03	5.936419678e+02	-3.443530295e-03
5.927793579e+02	2.723862417e-02	5.937604980e+02	7.162298542e-03
5.928975220e+02	3.009924293e-02	5.938790283e+02	6.318236236e-03
5.930156860e+02	2.558247559e-02	5.939975586e+02	7.492583711e-03
5.931338501e+02	3.294104338e-02	5.941160889e+02	-4.067402799e-03
5.932520752e+02	4.003613442e-02	5.942346802e+02	1.376800518e-02
5.933702393e+02	3.198122978e-02	5.943532104e+02	1.776812784e-02
5.934884033e+02	1.703825407e-02	5.944717407e+02	1.433683001e-02
5.936065674e+02	1.007490326e-02	5.945903320e+02	-7.370255888e-03
5.937247314e+02	2.814197727e-02	5.947088623e+02	2.070399746e-02
5.938429565e+02	2.360638790e-02	5.948274536e+02	2.318113809e-03
5.939611206e+02	1.370713767e-02	5.949459839e+02	-3.260038560e-03
5.940793457e+02	9.397387505e-03	5.950645752e+02	-8.746444946e-04
5.941975098e+02	2.059520967e-02	5.951831665e+02	4.850301426e-03
5.943157349e+02	2.571421489e-02	5.953016968e+02	5.052142311e-03
5.944338989e+02	1.581496373e-02	5.954202881e+02	-3.058197617e-04
5.945521240e+02	1.944719814e-02	5.955388794e+02	-3.296736861e-03
5.946702881e+02	2.964756638e-02	5.956574097e+02	1.174959447e-02
5.947885132e+02	1.957893744e-02	5.957760010e+02	3.749350086e-03
5.949067383e+02	8.155276068e-03	5.958945923e+02	-2.874705708e-03
5.950249023e+02	9.378568269e-03	5.960131836e+02	-1.241628197e-03
5.951431274e+02	3.041918203e-02	5.961317749e+02	1.307073608e-02
5.952613525e+02	1.959775575e-02	5.962503662e+02	1.083213557e-02
5.953795776e+02	5.821612664e-03	5.963689575e+02	3.712651785e-03
5.954978027e+02	1.769695058e-02	5.964875488e+02	-3.957307432e-03
5.956160278e+02	1.771576889e-02	5.966061401e+02	1.097892877e-02
5.957341919e+02	1.952247694e-02	5.967247314e+02	1.615339890e-02
5.958524170e+02	8.832791820e-03	5.968433228e+02	-6.195907947e-03
5.959707031e+02	6.348568946e-03	5.969619141e+02	3.033731831e-03
5.960889282e+02	2.051993087e-02	5.970805664e+02	6.465029437e-03
5.962071533e+02	1.752757095e-02	5.971991577e+02	7.492583711e-03
5.963253784e+02	1.534446608e-02	5.973177490e+02	8.226551116e-03
5.964436035e+02	1.227682736e-02	5.974364014e+02	1.730939839e-03
5.965618286e+02	2.166794240e-02	5.975549927e+02	1.784152351e-02
5.966801147e+02	1.653011888e-02	5.976736450e+02	2.464907244e-03
5.967983398e+02	1.359421853e-02	5.977922363e+02	-7.278510020e-04
5.969165649e+02	1.831800491e-02	5.979108887e+02	-3.883910831e-03
5.970348511e+02	2.198787965e-02	5.980294800e+02	3.437414067e-03
5.971530762e+02	2.599651180e-02	5.981481323e+02	3.419064917e-03
5.972713623e+02	9.284468368e-03	5.982667236e+02	6.887060590e-03
5.973895874e+02	1.594670303e-02	5.983853760e+02	6.832013372e-03
5.975078735e+02	2.149856277e-02	5.985040283e+02	1.096057985e-02
5.976260986e+02	2.488614060e-02	5.986226196e+02	7.033854257e-03
5.977443848e+02	1.453521196e-02	5.987412720e+02	2.474081703e-02
5.978626099e+02	1.940955780e-02	5.988599243e+02	-5.865622777e-03
5.979808960e+02	2.129154466e-02	5.989785767e+02	8.575186133e-03
5.980991821e+02	2.650464885e-02	5.990972290e+02	-6.911526434e-04
5.982174683e+02	1.319900155e-02	5.992158813e+02	2.244716976e-03
5.983357544e+02	2.400160581e-02	5.993345337e+02	-2.287531737e-03
5.984539795e+02	3.105905652e-02	5.994531860e+02	6.630172022e-03
5.985722656e+02	3.055091947e-02	5.995718384e+02	1.266705431e-02
5.986905518e+02	2.338054962e-02	5.996904907e+02	1.272210199e-02
5.988088379e+02	2.644818835e-02	5.998091431e+02	3.657604102e-03
5.989271240e+02	4.541861638e-02	5.999277954e+02	1.244686358e-02
5.990454102e+02	3.774011135e-02	6.000464478e+02	1.336432341e-02
5.991636963e+02	3.062620014e-02	6.001651611e+02	2.501605544e-03
5.992819824e+02	2.003061399e-02	6.002838135e+02	4.318174906e-03
5.994003296e+02	3.312924132e-02	6.004024658e+02	5.143888295e-03
5.995186157e+02	2.753974125e-02	6.005211792e+02	7.052203640e-03
5.996369019e+02	1.959775575e-02	6.006398315e+02	8.575186133e-03
5.997551880e+02	2.686222643e-02	6.007585449e+02	-2.122389153e-03
5.998735352e+02	3.676147759e-02	6.008771973e+02	1.738279499e-02
5.999918213e+02	4.538097605e-02	6.009959106e+02	5.932902917e-03
6.001101074e+02	3.935861960e-02	6.011145630e+02	8.703630418e-03
6.002284546e+02	3.245172650e-02	6.012332764e+02	2.446558028e-05
6.003467407e+02	4.221924022e-02	6.013519287e+02	1.057524700e-02
6.004650879e+02	4.656662792e-02	6.014706421e+02	8.556836285e-03
6.005833740e+02	3.474774957e-02	6.015893555e+02	-2.159087453e-03
6.007017212e+02	3.610278293e-02	6.017080078e+02	1.505244803e-02
6.008200073e+02	4.524923861e-02	6.018267212e+02	9.162359871e-03
6.009383545e+02	4.009259492e-02	6.019454346e+02	9.657788090e-03
6.010567017e+02	3.258346766e-02	6.020641479e+02	-3.260038560e-03
6.011750488e+02	3.495477140e-02	6.021828613e+02	-3.975656873e-04
6.012933350e+02	5.209967121e-02	6.023015747e+02	9.602740407e-03
6.014116821e+02	4.743234441e-02	6.024202881e+02	7.859567180e-03
6.015300293e+02	4.137234390e-02	6.025390015e+02	-3.241689410e-04
6.016483765e+02	3.088967875e-02	6.026577148e+02	-7.076669019e-03
6.017667236e+02	5.121513456e-02	6.027764282e+02	1.182299107e-02
6.018850708e+02	4.643489048e-02	6.028951416e+02	1.398819499e-02
6.020034180e+02	3.853054345e-02	6.030138550e+02	4.409920890e-03
6.021217651e+02	4.139116406e-02	6.031325684e+02	-1.425120048e-03
6.022401123e+02	4.807221889e-02	6.032513428e+02	5.107189994e-03
6.023584595e+02	4.837333784e-02	6.033700562e+02	1.430013124e-02
6.024768066e+02	3.766483068e-02	6.034887695e+02	4.850301426e-03
6.025951538e+02	3.343036026e-02	6.036075439e+02	2.978684381e-03
6.027135620e+02	5.445215479e-02	6.037262573e+02	9.841279127e-03
6.028319092e+02	5.599538237e-02	6.038449707e+02	1.497905143e-02
6.029502563e+02	3.905750066e-02	6.039637451e+02	-1.021437929e-03
6.030686035e+02	4.028079286e-02	6.040824585e+02	-2.507722005e-03
6.031870117e+02	5.034942180e-02	6.042012329e+02	6.758616306e-03
6.033053589e+02	1.182891503e-01	6.043199463e+02	2.024526708e-02
6.034237671e+02	1.679736078e-01	6.044387207e+02	2.055720426e-02
6.035421143e+02	1.622335464e-01	6.045574951e+02	2.611700678e-03
6.036605225e+02	1.410988271e-01	6.046762085e+02	1.239181589e-02
6.037788696e+02	9.770020843e-02	6.047949829e+02	2.936481312e-02
6.038972778e+02	7.046785951e-02	6.049137573e+02	8.006361313e-03
6.040156250e+02	6.728730351e-02	6.050325317e+02	2.134621842e-03
6.041340332e+02	7.330965996e-02	6.051512451e+02	8.960518986e-03
6.042524414e+02	6.839767843e-02	6.052700195e+02	9.749533609e-03
6.043708496e+02	5.181737244e-02	6.053887939e+02	6.061347667e-03
6.044891968e+02	9.299524128e-02	6.055075684e+02	9.033915587e-03
6.046076050e+02	1.080887765e-01	6.056263428e+02	1.534603536e-02
6.047260132e+02	9.113207459e-02	6.057451172e+02	1.162115019e-03
6.048444214e+02	7.265096903e-02	6.058638916e+02	7.767821662e-03
6.049628296e+02	6.006047502e-02	6.059826660e+02	-1.682008617e-03
6.050812378e+02	6.190482154e-02	6.061014404e+02	1.650203392e-02
6.051996460e+02	5.879954249e-02	6.062202759e+02	9.364200756e-03
6.053180542e+02	4.494811967e-02	6.063390503e+02	5.345729180e-03
6.054364624e+02	5.098929629e-02	6.064578247e+02	7.400838076e-04
6.055548706e+02	6.484071910e-02	6.065765991e+02	7.859567180e-03
6.056732788e+02	6.203655899e-02	6.066954346e+02	1.732774638e-02
6.057916870e+02	3.764601052e-02	6.068142090e+02	1.253861003e-03
6.059101562e+02	3.702495620e-02	6.069329834e+02	2.409859560e-03
6.060285645e+02	6.668506563e-02	6.070518188e+02	6.978806574e-03
6.061469727e+02	6.421966851e-02	6.071705933e+02	2.464907244e-03
6.062653809e+02	5.048116297e-02	6.072894287e+02	8.923820220e-03
6.063838501e+02	4.620905221e-02	6.074082031e+02	2.187834494e-02
6.065022583e+02	5.296538398e-02	6.075270386e+02	9.474296123e-03
6.066207275e+02	5.042470247e-02	6.076458130e+02	-7.278510020e-04
6.067391357e+02	3.732607141e-02	6.077646484e+02	1.642863639e-02
6.068576050e+02	3.152955323e-02	6.078834839e+02	1.178629324e-02
6.069760132e+02	4.302849248e-02	6.080023193e+02	3.529159818e-03
6.070944824e+02	3.399495780e-02	6.081210938e+02	6.299886736e-04
6.072128906e+02	3.045682050e-02	6.082399292e+02	1.158445235e-02
6.073313599e+02	2.309825271e-02	6.083587646e+02	7.621027995e-03
6.074498291e+02	3.591458127e-02	6.084776001e+02	-3.792164789e-04
6.075682373e+02	3.348682076e-02	6.085964355e+02	9.290804155e-03
6.076867065e+02	2.371930704e-02	6.087152710e+02	-2.140738216e-04
6.078051758e+02	2.251483686e-02	6.088341064e+02	2.795192413e-03
6.079236450e+02	4.180520028e-02	6.089529419e+02	1.209822949e-02
6.080421143e+02	2.469794080e-02	6.090717773e+02	1.114407182e-02
6.081605835e+02	1.976713538e-02	6.091906128e+02	4.905348644e-03
6.082790527e+02	1.908962056e-02	6.093094482e+02	-8.452857845e-03
6.083975220e+02	3.725079447e-02	6.094282837e+02	1.620844752e-02
6.085159912e+02	3.166129440e-02	6.095471191e+02	2.354812110e-03
6.086344604e+02	1.758403145e-02	6.096659546e+02	1.167619787e-02
6.087529297e+02	8.042356931e-03	6.097848511e+02	5.198935978e-04
6.088713989e+02	3.188713267e-02	6.099036865e+02	3.382366383e-03
6.089898682e+02	3.516178951e-02	6.100225220e+02	5.547570065e-03
6.091083374e+02	1.647365838e-02	6.101414185e+02	8.116455749e-03
6.092268066e+02	3.200004995e-02	6.102602539e+02	1.707085781e-02
6.093453369e+02	4.270855710e-02	6.103790894e+02	-9.113428532e-04
6.094638062e+02	1.180633064e-02	6.104979858e+02	7.932964712e-03
6.095822754e+02	1.410235465e-02	6.106168213e+02	-8.104223758e-03
6.097008057e+02	2.641054988e-02	6.107357178e+02	1.130921394e-02
6.098192749e+02	2.452856302e-02	6.108546143e+02	1.097892877e-02
6.099378052e+02	2.219489776e-02	6.109734497e+02	-3.425181203e-04
6.100562744e+02	3.060737997e-02	6.110923462e+02	4.263127223e-03
6.101748047e+02	3.969737515e-02	6.112112427e+02	5.437475163e-03
6.102932739e+02	3.369383886e-02	6.113300781e+02	6.538426038e-03
6.104118042e+02	2.464148216e-02	6.114489746e+02	5.419125780e-03
6.105302734e+02	2.055756934e-02	6.115678711e+02	5.932902917e-03
6.106488037e+02	4.184284061e-02	6.116867676e+02	8.813724853e-03
6.107673340e+02	4.801575840e-02	6.118056030e+02	8.740328252e-03
6.108858032e+02	2.774675936e-02	6.119244995e+02	3.143826965e-03
6.110043335e+02	1.807334647e-02	6.120433960e+02	7.786171045e-03
6.111228638e+02	2.927116863e-02	6.121622925e+02	1.314413268e-02
6.112413940e+02	3.053210117e-02	6.122811890e+02	1.398819499e-02
6.113599243e+02	1.632309891e-02	6.124000854e+02	8.373344317e-03
6.114784546e+02	1.498688851e-02	6.125189819e+02	1.914431690e-03
6.115969849e+02	2.686222643e-02	6.126379395e+02	1.015321538e-02
6.117155151e+02	2.819843590e-02	6.127568359e+02	9.529343806e-03
6.118340454e+02	2.108452655e-02	6.128757324e+02	1.233676914e-02
6.119525757e+02	1.278496441e-02	6.129946289e+02	-2.360928571e-03
6.120711060e+02	3.094613738e-02	6.131135254e+02	1.031835843e-02
6.121896362e+02	2.430272475e-02	6.132324829e+02	1.642863639e-02
6.123081665e+02	1.067713927e-02	6.133513794e+02	1.437352854e-03
6.124266968e+02	1.839328557e-02	6.134702759e+02	1.162115019e-03
6.125452271e+02	3.211297095e-02	6.135892334e+02	3.088779515e-03
6.126638184e+02	2.994868532e-02	6.137081299e+02	1.270375215e-02
6.127823486e+02	1.722645387e-02	6.138270874e+02	-2.379277721e-03
6.129008789e+02	1.491160970e-02	6.139459839e+02	1.180464285e-03
6.130194702e+02	2.744564228e-02	6.140649414e+02	1.178629324e-02
6.131380005e+02	3.094613738e-02	6.141838379e+02	1.442857552e-02
6.132565918e+02	7.063724101e-03	6.143027954e+02	-1.847151318e-03
6.133751221e+02	9.228008799e-03	6.144216919e+02	-1.094834763e-03
6.134937134e+02	2.230781689e-02	6.145406494e+02	5.143888295e-03
6.136122437e+02	2.710688487e-02	6.146596069e+02	1.141930930e-02
6.137308350e+02	5.388755817e-03	6.147785645e+02	3.088779515e-03
6.138493652e+02	2.227017889e-03	6.148974609e+02	6.274197996e-02
6.139679565e+02	3.094613738e-02	6.150164185e+02	1.009816770e-02
6.140865479e+02	3.331743926e-02	6.151353760e+02	2.409859560e-03
6.142050781e+02	6.329749245e-03	6.152543335e+02	-3.975656815e-03
6.143236694e+02	8.795152418e-03	6.153732910e+02	-2.929753158e-03
6.144422607e+02	2.821725607e-02	6.154922485e+02	-2.324230154e-04
6.145608521e+02	2.923353016e-02	6.156112061e+02	1.107067522e-02
6.146793823e+02	2.857483365e-02	6.157301636e+02	1.285054628e-02
6.147979736e+02	2.206316032e-02	6.158491211e+02	7.180647925e-03
6.149165649e+02	3.081439808e-02	6.159680786e+02	1.439187769e-02
6.150351562e+02	3.418315575e-02	6.160870361e+02	-1.406770898e-04
6.151537476e+02	1.397061627e-02	6.162059937e+02	1.696076244e-02
6.152723389e+02	1.223918796e-02	6.163249512e+02	-3.296736861e-03
6.153909302e+02	2.168676257e-02	6.164439697e+02	1.226337161e-02
6.155095215e+02	2.407688461e-02	6.165629272e+02	1.152940467e-02
6.156281738e+02	1.269086450e-02	6.166818848e+02	-2.562769456e-03
6.157467651e+02	1.835564524e-02	6.168009033e+02	1.749288989e-03
6.158653564e+02	3.732607141e-02	6.169198608e+02	8.446741849e-03
6.159839478e+02	2.520607784e-02	6.170388184e+02	1.767638139e-03
6.161025391e+02	1.291670371e-02	6.171578369e+02	-5.994067178e-04
6.162211914e+02	1.310490165e-02	6.172767944e+02	-4.507783335e-03
6.163397827e+02	2.827371657e-02	6.173958130e+02	2.281415276e-03
6.164583740e+02	2.036937140e-02	6.175147705e+02	1.173124555e-02
6.165770264e+02	1.126055513e-02	6.176337891e+02	7.951313455e-05
6.166956177e+02	1.630427875e-02	6.177527466e+02	-1.828802051e-03
6.168142700e+02	2.657992765e-02	6.178717651e+02	5.217284895e-03
6.169328613e+02	1.899552159e-02	6.179907837e+02	6.024648901e-03
6.170515137e+02	1.558912452e-02	6.181097412e+02	-6.342701614e-03
6.171701050e+02	2.087750845e-02	6.182287598e+02	4.795253742e-03
6.172887573e+02	3.578284383e-02	6.183477783e+02	9.290804155e-03
6.174073486e+02	3.843644634e-02	6.184667969e+02	4.685158376e-03
6.175260010e+02	2.949700691e-02	6.185858154e+02	1.358451322e-02
6.176446533e+02	2.001179382e-02	6.187047729e+02	1.015321584e-03
6.177633057e+02	3.017452359e-02	6.188237915e+02	5.767760333e-03
6.178818970e+02	2.243955620e-02	6.189428101e+02	3.382366383e-03
6.180005493e+02	7.157823537e-03	6.190618286e+02	4.208079539e-03
6.181192017e+02	7.195462938e-03	6.191808472e+02	6.024648901e-03
6.182378540e+02	2.535663731e-02	6.192998657e+02	1.250191126e-02
6.183565063e+02	1.963539608e-02	6.194188843e+02	1.736444607e-02
6.184751587e+02	4.730060231e-03	6.195379639e+02	1.571301930e-02
6.185938110e+02	-1.424036687e-03	6.196569824e+02	8.887122385e-03
6.187124634e+02	1.589024253e-02	6.197760010e+02	1.244686358e-02
6.188311157e+02	1.353775896e-02	6.198950195e+02	5.657665431e-03
6.189497681e+02	-1.800434082e-03	6.200140381e+02	1.400654484e-02
6.190684204e+02	8.230555803e-03	6.201331177e+02	2.263066126e-04
6.191870728e+02	3.311042115e-02	6.202521362e+02	8.850423619e-03
6.193057251e+02	2.036937140e-02	6.203711548e+02	1.721765101e-02
6.194243774e+02	3.826706670e-03	6.204902344e+02	9.107312188e-03
6.195430908e+02	5.614594091e-03	6.206092529e+02	-2.893054858e-03
6.196617432e+02	1.346247923e-02	6.207282715e+02	9.749533609e-03
6.197803955e+02	1.366949826e-02	6.208473511e+02	1.327257720e-03
6.198991089e+02	-3.324843419e-04	6.209663696e+02	4.850301426e-03
6.200177612e+02	1.099707652e-02	6.210854492e+02	-1.645310200e-03
6.201364136e+02	1.135465410e-02	6.212045288e+02	8.721979335e-03
6.202551270e+02	1.094061695e-02	6.213235474e+02	2.648398979e-03
6.203737793e+02	9.792605415e-03	6.214426270e+02	-1.975595485e-03
6.204924927e+02	-5.018631782e-05	6.215617065e+02	-1.131533063e-03
6.206111450e+02	3.418315575e-02	6.216807251e+02	1.903422177e-02
6.207298584e+02	1.844974421e-02	6.217998047e+02	2.997033484e-02
6.208485718e+02	9.190369397e-03	6.219188843e+02	5.749411066e-04
6.209672241e+02	6.310929544e-03	6.220379639e+02	1.987828407e-03
6.210859375e+02	1.555148512e-02	6.221569824e+02	7.877917029e-03
6.212046509e+02	1.549502555e-02	6.222760620e+02	8.942169137e-03
6.213233032e+02	1.410235465e-02	6.223951416e+02	2.189669525e-03
6.214420166e+02	2.787849866e-02	6.225142212e+02	8.006361313e-03
6.215607300e+02	3.444663435e-02	6.226333008e+02	8.520138450e-03
6.216794434e+02	3.166129440e-02	6.227523804e+02	3.987889737e-03
6.217981567e+02	1.395179611e-02	6.228714600e+02	-1.682008617e-03
6.219168091e+02	1.765931025e-02	6.229905396e+02	1.694241422e-03
6.220355225e+02	2.400160581e-02	6.231096191e+02	-1.535215182e-03
6.221542358e+02	2.112216689e-02	6.232286987e+02	8.153154515e-03
6.222729492e+02	1.637955941e-02	6.233478394e+02	-3.039848292e-03
6.223916626e+02	1.099707652e-02	6.234669189e+02	5.987950601e-03
6.225103760e+02	1.645483822e-02	6.235859985e+02	7.565980777e-03
6.226291504e+02	1.935309917e-02	6.237050781e+02	8.666931652e-03
6.227478638e+02	1.022546203e-03	6.238242188e+02	-5.883972161e-03
6.228665771e+02	4.635960795e-03	6.239432983e+02	-3.553625429e-03
6.229852905e+02	2.454738133e-02	6.240623779e+02	1.793326996e-02
6.231040039e+02	1.993651502e-02	6.241815186e+02	1.108902413e-02
6.232227173e+02	1.150521357e-02	6.243005981e+02	1.538273320e-02
6.233414917e+02	5.332296249e-03	6.244197388e+02	-4.838068504e-03
6.234602051e+02	1.607844047e-02	6.245388184e+02	5.804458633e-03
6.235789185e+02	1.434701309e-02	6.246579590e+02	4.758555442e-03
6.236976929e+02	3.657327732e-03	6.247770386e+02	6.153093185e-03
6.238164062e+02	6.593227386e-03	6.248961792e+02	-3.094895976e-03
6.239351807e+02	1.148639340e-02	6.250152588e+02	2.239212207e-02
6.240538940e+02	1.284142397e-02	6.251343994e+02	9.180708788e-03
6.241726685e+02	7.458941545e-03	6.252535400e+02	2.230037563e-02
6.242913818e+02	5.802792963e-03	6.253726807e+02	-9.388666600e-03
6.244101562e+02	2.063285001e-02	6.254917603e+02	2.941986080e-03
6.245288696e+02	1.865676232e-02	6.256109009e+02	7.419187110e-03
6.246476440e+02	4.334843252e-03	6.257300415e+02	8.061408997e-03
6.247664185e+02	3.186831018e-03	6.258491821e+02	1.365790982e-02
6.248851318e+02	1.543856598e-02	6.259683228e+02	1.642863639e-02
6.250039062e+02	2.537545562e-02	6.260874634e+02	2.371326275e-02
6.251226807e+02	1.037602127e-02	6.262066040e+02	-1.718707033e-03
6.252414551e+02	5.313476082e-03	6.263257446e+02	1.589651033e-02
6.253602295e+02	2.364402823e-02	6.264448853e+02	6.208140869e-03
6.254789429e+02	2.277831361e-02	6.265640259e+02	9.088963270e-03
6.255977173e+02	2.646700852e-02	6.266831665e+02	1.097892877e-02
6.257164917e+02	5.558134522e-03	6.268023071e+02	2.703446662e-03
6.258352661e+02	2.697514556e-02	6.269214478e+02	5.492522847e-03
6.259540405e+02	2.309825271e-02	6.270405884e+02	7.712773979e-03
6.260728149e+02	1.607844047e-02	6.271597290e+02	-3.737117397e-03
6.261915894e+02	5.501674954e-03	6.272788696e+02	-4.342640459e-04
6.263103638e+02	2.964756638e-02	6.273980713e+02	5.712713115e-03
6.264291992e+02	1.406471524e-02	6.275172119e+02	8.299947716e-03
6.265479736e+02	1.820508577e-02	6.276363525e+02	6.244839169e-03
6.266667480e+02	1.615372114e-02	6.277555542e+02	1.468546409e-02
6.267855225e+02	2.706924453e-02	6.278746948e+02	7.932964712e-03
6.269042969e+02	2.531899698e-02	6.279938965e+02	5.272332579e-03
6.270231323e+02	2.471676096e-03	6.281130371e+02	4.409920890e-03
6.271419067e+02	-2.948446199e-04	6.282322388e+02	-1.461818349e-03
6.272606812e+02	4.686774686e-02	6.283513794e+02	5.143888295e-03
6.273795166e+02	2.516843751e-02	6.284705811e+02	1.409829035e-02
6.274982910e+02	5.426395684e-03	6.285897217e+02	1.248356234e-02
6.276171265e+02	8.908071555e-03	6.287089233e+02	-5.205051973e-03
6.277359009e+02	1.560794469e-02	6.288280640e+02	7.033854257e-03
6.278546753e+02	2.757738158e-02	6.289472656e+02	1.435517892e-02
6.279735107e+02	8.889251389e-03	6.290664673e+02	2.795192413e-03
6.280923462e+02	1.203216985e-02	6.291856689e+02	9.088963270e-03
6.282111206e+02	3.341154009e-02	6.293048096e+02	1.167619787e-02
6.283299561e+02	2.641054988e-02	6.294240112e+02	2.389675565e-02
6.284487305e+02	6.386208814e-03	6.295432129e+02	-2.342579188e-03
6.285675659e+02	5.878072232e-03	6.296624146e+02	3.235572949e-03
6.286864014e+02	3.395731747e-02	6.297816162e+02	2.703446662e-03
6.288052368e+02	2.673048712e-02	6.299008179e+02	1.848374493e-02
6.289240112e+02	1.818626560e-02	6.300200195e+02	1.492400421e-03
6.290428467e+02	1.035720110e-02	6.301392212e+02	2.595186420e-02
6.291616821e+02	2.185614035e-02	6.302584229e+02	5.400776863e-03
6.292805176e+02	2.287241444e-02	6.303776245e+02	1.901587285e-02
6.293993530e+02	9.152729064e-03	6.304968262e+02	-2.966451459e-03
6.295181885e+02	2.078340761e-02	6.306160278e+02	-4.250894301e-03
6.296370239e+02	3.072029911e-02	6.307352295e+02	4.409920890e-03
6.297558594e+02	3.122843616e-02	6.308544312e+02	3.675953485e-03
6.298746948e+02	2.040701173e-02	6.309736328e+02	2.116272692e-03
6.299935303e+02	2.560129389e-02	6.310928955e+02	-4.324291367e-03
6.301123657e+02	3.632862121e-02	6.312120972e+02	1.290559303e-02
6.302312012e+02	2.737036161e-02	6.313312988e+02	1.204318181e-02
6.303500366e+02	1.726409234e-02	6.314505615e+02	2.061225008e-03
6.304688721e+02	6.047450937e-03	6.315697632e+02	9.474296123e-03
6.305877075e+02	2.003061399e-02	6.316889648e+02	2.776843263e-03
6.307066040e+02	2.494259924e-02	6.318082275e+02	1.105232537e-02
6.308254395e+02	2.042583004e-02	6.319274292e+02	8.318297565e-03
6.309442749e+02	1.952247694e-02	6.320466919e+02	1.193308644e-02
6.310631714e+02	4.031843320e-02	6.321658936e+02	-2.415976021e-03
6.311820068e+02	2.964756638e-02	6.322851562e+02	1.108902413e-02
6.313008423e+02	1.538210642e-02	6.324043579e+02	2.336462960e-03
6.314197388e+02	1.558912452e-02	6.325236206e+02	-6.544542848e-04
6.315385742e+02	2.464148216e-02	6.326428833e+02	8.648582734e-03
6.316574707e+02	1.873204298e-02	6.327620850e+02	1.395149715e-02
6.317763062e+02	1.146757323e-02	6.328813477e+02	-3.810513997e-03
6.318952026e+02	8.136456832e-03	6.330006104e+02	4.153032321e-03
6.320140381e+02	2.080222778e-02	6.331198120e+02	1.419003587e-03
6.321329346e+02	2.511197887e-02	6.332390747e+02	7.749472279e-03
6.322518311e+02	5.238196813e-03	6.333583374e+02	2.134621842e-03
6.323706665e+02	1.568322332e-04	6.334776001e+02	7.951313455e-05
6.324895630e+02	1.828036644e-02	6.335968628e+02	9.327501990e-03
6.326084595e+02	2.620352991e-02	6.337161255e+02	3.896143520e-03
6.327272949e+02	-3.287203843e-03	6.338353882e+02	4.024588037e-03
6.328461914e+02	-5.319749471e-03	6.339545898e+02	1.070369151e-03
6.329650879e+02	1.575850323e-02	6.340738525e+02	8.887122385e-03
6.330839844e+02	1.248384640e-02	6.341931763e+02	6.740267389e-03
6.332028809e+02	3.487949027e-03	6.343124390e+02	6.171442568e-03
6.333217773e+02	7.628320251e-03	6.344317017e+02	-1.571913483e-03
6.334406738e+02	2.083986811e-02	6.345509644e+02	1.252026018e-02
6.335595703e+02	2.349346876e-02	6.346702271e+02	1.604330353e-02
6.336784668e+02	2.176204138e-02	6.347894897e+02	2.978684381e-03
6.337973633e+02	1.316136122e-02	6.349087524e+02	2.703446662e-03
6.339162598e+02	2.123508602e-02	6.350280762e+02	8.850423619e-03
6.340351562e+02	2.014353313e-02	6.351473389e+02	8.777027018e-03
6.341540527e+02	4.824159667e-03	6.352666016e+02	-9.296920151e-03
6.342729492e+02	8.456394076e-03	6.353858643e+02	4.976910725e-02
6.343918457e+02	2.087750845e-02	6.355051880e+02	6.373283453e-03
6.345107422e+02	1.534446608e-02	6.356244507e+02	3.308969736e-02
6.346296997e+02	1.060185954e-03	6.357437744e+02	-5.718829110e-03
6.347485962e+02	5.689873826e-03	6.358630371e+02	-1.333374064e-03
6.348674927e+02	2.417098545e-02	6.359823608e+02	1.064864360e-02
6.349863892e+02	1.545738522e-02	6.361016235e+02	6.666870322e-04
6.351053467e+02	-1.424036687e-03	6.362209473e+02	1.474051154e-03
6.352242432e+02	3.713787533e-03	6.363402100e+02	1.402489375e-02
6.353432007e+02	3.015570343e-02	6.364595337e+02	6.685219705e-03
6.354620972e+02	2.752092108e-02	6.365787964e+02	9.474296123e-03
6.355809937e+02	1.050775964e-02	6.366981201e+02	7.364139426e-03
6.356999512e+02	7.007264532e-03	6.368174438e+02	-1.975595485e-03
6.358189087e+02	2.029409260e-02	6.369367065e+02	5.309030879e-03
6.359378052e+02	1.528800651e-02	6.370560303e+02	5.364078563e-03
6.360567627e+02	3.877520189e-02	6.371753540e+02	1.162115019e-03
6.361756592e+02	5.915712100e-03	6.372946777e+02	-2.874705533e-04
6.362946167e+02	2.518725768e-02	6.374140015e+02	6.244839169e-03
6.364135742e+02	1.509980764e-02	6.375332642e+02	6.024648901e-03
6.365324707e+02	1.359421853e-02	6.376525879e+02	1.529098809e-04
6.366514282e+02	9.359748103e-03	6.377719116e+02	7.143949158e-03
6.367703857e+02	1.690651476e-02	6.378912354e+02	6.740267389e-03
6.368893433e+02	2.992986515e-02	6.380105591e+02	1.828190498e-02
6.370082397e+02	5.257016513e-03	6.381298828e+02	-4.360989667e-03
6.371271973e+02	1.918371953e-02	6.382492065e+02	1.969479257e-03
6.372461548e+02	2.550719492e-02	6.383685303e+02	1.556622516e-02
6.373651123e+02	2.915824950e-02	6.384878540e+02	1.593320817e-02
6.374840698e+02	1.116645522e-02	6.386071777e+02	8.685280918e-04
6.376030273e+02	1.457285136e-02	6.387265625e+02	3.675953485e-03
6.377219849e+02	4.080775008e-02	6.388458862e+02	1.011651754e-02
6.378409424e+02	2.808551677e-02	6.389652100e+02	5.547570065e-03
6.379598999e+02	8.117636666e-03	6.390845337e+02	5.364078563e-03
6.380788574e+02	1.009372249e-02	6.392039185e+02	-5.516988225e-03
6.381978149e+02	2.496141940e-02	6.393232422e+02	5.510871764e-03
6.383167725e+02	1.841210574e-02	6.394425659e+02	1.540108304e-02
6.384357300e+02	1.383887697e-02	6.395618896e+02	-3.627022263e-03
6.385547485e+02	1.720763370e-02	6.396812744e+02	-3.058197617e-04
6.386737061e+02	4.124060646e-02	6.398005981e+02	9.621089324e-03
6.387926636e+02	4.826041684e-02	6.399199829e+02	3.382366383e-03
6.389116211e+02	2.592123300e-02	6.400393066e+02	2.026361600e-02
6.390306396e+02	1.841210574e-02	6.401586914e+02	7.969662547e-03
6.391495972e+02	3.640389815e-02	6.402780151e+02	1.725435071e-02
6.392685547e+02	2.868775278e-02	6.403973999e+02	4.997094627e-03
6.393875732e+02	1.553266495e-02	6.405167236e+02	-1.773754484e-04
6.395065308e+02	9.472667240e-03	6.406361084e+02	4.336523823e-03
6.396255493e+02	2.904533036e-02	6.407554932e+02	1.246521343e-02
6.397445068e+02	8.136456832e-03	6.408748169e+02	-2.232484287e-03
6.398635254e+02	1.540092565e-02	6.409942017e+02	3.046576306e-02
6.399824829e+02	3.493595123e-02	6.411135864e+02	8.960518986e-03
6.401015015e+02	3.781538829e-02	6.412329102e+02	2.641059272e-02
6.402204590e+02	2.597769164e-02	6.413522949e+02	-5.810575094e-04
6.403394775e+02	2.347465046e-02	6.414716797e+02	8.960518986e-03
6.404584961e+02	4.368718714e-02	6.415910645e+02	7.822869346e-03
6.405774536e+02	3.619688004e-02	6.417104492e+02	1.802501641e-02
6.406964722e+02	2.861247398e-02	6.418298340e+02	-6.379399914e-03
6.408154907e+02	2.671166696e-02	6.419492188e+02	5.731062032e-03
6.409344482e+02	3.553818539e-02	6.420686035e+02	1.039175503e-02
6.410534668e+02	3.512414917e-02	6.421879272e+02	2.097923495e-02
6.411724854e+02	2.291005291e-02	6.423073730e+02	1.290559303e-03
6.412915039e+02	2.127272449e-02	6.424267578e+02	7.327441126e-03
6.414105225e+02	3.900104016e-02	6.425461426e+02	1.020826306e-02
6.415295410e+02	5.221258849e-02	6.426655273e+02	2.209853567e-02
6.416485596e+02	7.496581227e-02	6.427849121e+02	3.015382681e-03
6.417675781e+02	1.245749816e-01	6.429042969e+02	-1.406770898e-03
6.418865356e+02	1.357916296e-01	6.430236816e+02	6.685219705e-03
6.420055542e+02	1.103471667e-01	6.431430664e+02	1.455702004e-03
6.421246338e+02	6.011693552e-02	6.432625122e+02	-6.526193582e-03
6.422436523e+02	6.706146896e-02	6.433818970e+02	-4.067402799e-03
6.423626709e+02	4.726296291e-02	6.435012817e+02	1.527263876e-02
6.424816895e+02	4.989774525e-02	6.436206665e+02	1.250191126e-02
6.426007080e+02	3.006160446e-02	6.437401123e+02	4.189730622e-03
6.427197266e+02	2.449092269e-02	6.438594971e+02	1.013486646e-02
6.428387451e+02	4.154172540e-02	6.439789429e+02	1.384140179e-02
6.429578247e+02	4.267091677e-02	6.440983276e+02	1.407994144e-02
6.430768433e+02	2.780321985e-02	6.442177124e+02	1.018991414e-02
6.431958618e+02	3.184949234e-02	6.443371582e+02	9.822930209e-03
6.433148804e+02	4.920141026e-02	6.444565430e+02	6.189791951e-03
6.434339600e+02	4.408240691e-02	6.445759888e+02	6.648521405e-03
6.435529785e+02	3.384439647e-02	6.446954346e+02	-3.810513997e-03
6.436720581e+02	2.720098384e-02	6.448148193e+02	4.226428922e-03
6.437910767e+02	4.513631761e-02	6.449342651e+02	1.965809427e-02
6.439100952e+02	4.240743816e-02	6.450536499e+02	1.097892877e-02
6.440291748e+02	2.699396573e-02	6.451730957e+02	8.520138450e-03
6.441481934e+02	2.499905974e-02	6.452925415e+02	-4.544481635e-03
6.442672729e+02	5.019886419e-02	6.454119263e+02	9.969724342e-04
6.443862915e+02	4.204985872e-02	6.455313721e+02	3.914492670e-03
6.445053711e+02	2.708806470e-02	6.456508179e+02	-1.406770898e-03
6.446244507e+02	2.358756959e-02	6.457702637e+02	-4.984861705e-03
6.447434692e+02	4.735706374e-02	6.458897095e+02	1.855714247e-02
6.448625488e+02	3.781538829e-02	6.460091553e+02	1.897917315e-02
6.449816284e+02	2.383222803e-02	6.461285400e+02	2.997033531e-03
6.451006470e+02	3.949035704e-02	6.462479858e+02	3.969540354e-03
6.452197266e+02	4.031843320e-02	6.463674316e+02	9.144010954e-03
6.453388062e+02	3.979147598e-02	6.464868774e+02	6.593473721e-03
6.454578857e+02	2.917706966e-02	6.466063232e+02	-5.737178493e-03
6.455769653e+02	3.550054505e-02	6.467257690e+02	5.767760333e-03
6.456959839e+02	5.208085105e-02	6.468452148e+02	7.914614864e-03
6.458150635e+02	4.086420685e-02	6.469646606e+02	5.180586595e-03
6.459341431e+02	2.582713403e-02	6.470841675e+02	-2.214134904e-03
6.460532227e+02	3.184949234e-02	6.472036133e+02	7.676075678e-03
6.461723022e+02	4.398830608e-02	6.473230591e+02	2.831890946e-03
6.462913818e+02	4.895675182e-02	6.474425049e+02	1.207988057e-02
6.464104614e+02	3.028744273e-02	6.475619507e+02	3.712651785e-03
6.465295410e+02	3.728843480e-02	6.476814575e+02	2.850240096e-03
6.466486206e+02	5.866780505e-02	6.478009033e+02	2.305269241e-02
6.467677002e+02	5.665407702e-02	6.479203491e+02	1.108902413e-02
6.468867798e+02	3.877520189e-02	6.480397949e+02	8.263249882e-03
6.470059204e+02	3.356209770e-02	6.481593018e+02	-1.315024914e-03
6.471250000e+02	6.335394830e-02	6.482787476e+02	1.343772002e-02
6.472440796e+02	4.856153578e-02	6.483982544e+02	5.786109716e-03
6.473631592e+02	3.950917721e-02	6.485177002e+02	1.026331075e-02
6.474822388e+02	3.137899563e-02	6.486371460e+02	5.419125780e-03
6.476013794e+02	5.966525897e-02	6.487566528e+02	1.809841208e-02
6.477204590e+02	5.313476175e-02	6.488760986e+02	5.932903150e-04
6.478395386e+02	3.401377797e-02	6.489956055e+02	5.694363732e-03
6.479586792e+02	3.431489319e-02	6.491151123e+02	4.391571507e-03
6.480777588e+02	5.605184287e-02	6.492345581e+02	9.015566669e-03
6.481968994e+02	5.300302431e-02	6.493540649e+02	1.127251610e-02
6.483159790e+02	3.280930594e-02	6.494735107e+02	9.455946274e-03
6.484350586e+02	3.115315549e-02	6.495930176e+02	-7.296859287e-03
6.485541992e+02	5.723749474e-02	6.497125244e+02	9.217407554e-03
6.486732788e+02	4.329197109e-02	6.498319702e+02	6.868711673e-03
6.487924194e+02	2.473558113e-02	6.499514771e+02	6.978806574e-03
6.489115601e+02	2.674930729e-02	6.500709839e+02	-6.966574118e-03
6.490306396e+02	5.266426504e-02	6.501904907e+02	6.153093185e-03
6.491497803e+02	4.543743655e-02	6.503099976e+02	1.894247532e-02
6.492688599e+02	2.251483686e-02	6.504294434e+02	-5.700480193e-03
6.493880005e+02	2.304179221e-02	6.505489502e+02	-5.498639308e-03
6.495071411e+02	4.287793487e-02	6.506684570e+02	6.116395234e-04
6.496262817e+02	3.732607141e-02	6.507879639e+02	9.162359871e-03
6.497453613e+02	2.292887308e-02	6.509074707e+02	2.518119849e-02
6.498645020e+02	2.330527082e-02	6.510269775e+02	-1.682008617e-03
6.499836426e+02	4.453408346e-02	6.511464844e+02	1.105232537e-02
6.501027832e+02	4.491047934e-02	6.512659912e+02	1.518089231e-02
6.502219238e+02	2.787849866e-02	6.513854980e+02	6.868711673e-03
6.503410034e+02	1.412117481e-02	6.515050049e+02	1.090553217e-02
6.504601440e+02	3.713787347e-02	6.516245117e+02	3.932842053e-03
6.505792847e+02	4.440234229e-02	6.517440796e+02	1.218997501e-02
6.506984253e+02	2.181850187e-02	6.518635864e+02	1.055689808e-02
6.508175659e+02	3.367501870e-02	6.519830933e+02	-8.929936448e-04
6.509367065e+02	3.967855498e-02	6.521026001e+02	1.740114391e-02
6.510558472e+02	3.523706645e-02	6.522221069e+02	5.547570065e-03
6.511749878e+02	2.552601509e-02	6.523416748e+02	-3.682069713e-03
6.512941284e+02	1.668067649e-02	6.524611816e+02	5.932903150e-04
6.514133301e+02	4.039371014e-02	6.525806885e+02	2.642894350e-02
6.515324707e+02	4.133470356e-02	6.527002563e+02	1.430013124e-02
6.516516113e+02	2.778439969e-02	6.528197632e+02	1.637358963e-02
6.517707520e+02	2.782204002e-02	6.529392700e+02	1.307073608e-02
6.518898926e+02	3.363737836e-02	6.530588379e+02	4.042936955e-03
6.520090332e+02	3.696849570e-02	6.531783447e+02	5.804458633e-03
6.521282349e+02	2.710688487e-02	6.532979126e+02	-9.663904202e-04
6.522473755e+02	2.716334350e-02	6.534174194e+02	6.960457657e-03
6.523665161e+02	4.041253030e-02	6.535369873e+02	9.969723411e-03
6.524857178e+02	3.926451877e-02	6.536564941e+02	6.006299984e-03
6.526048584e+02	1.811098680e-02	6.537760620e+02	-3.058197617e-04
6.527239990e+02	1.818626560e-02	6.538956299e+02	1.767638139e-03
6.528432007e+02	3.636626154e-02	6.540151367e+02	4.997094627e-03
6.529623413e+02	3.534998745e-02	6.541347046e+02	7.143949158e-03
6.530815430e+02	2.253365703e-02	6.542542114e+02	5.969601683e-03
6.532006836e+02	1.212626882e-02	6.543737793e+02	8.960518986e-03
6.533198853e+02	3.049446084e-02	6.544933472e+02	2.855744772e-02
6.534390259e+02	3.790948913e-02	6.546129150e+02	5.731062032e-03
6.535582275e+02	2.865011431e-02	6.547324219e+02	1.712590602e-04
6.536773682e+02	1.685005613e-02	6.548519897e+02	3.712651785e-03
6.537965698e+02	4.165464267e-02	6.549715576e+02	1.057524700e-02
6.539157715e+02	4.890029132e-02	6.550911255e+02	9.731184691e-03
6.540349121e+02	2.697514556e-02	6.552106934e+02	8.153154515e-03
6.541541138e+02	2.622235008e-02	6.553302612e+02	6.391632836e-03
6.542733154e+02	4.545625672e-02	6.554498291e+02	9.015566669e-03
6.543925171e+02	3.877520189e-02	6.555693970e+02	1.545612980e-02
6.545116577e+02	2.029409260e-02	6.556889648e+02	-4.049053416e-03
6.546308594e+02	1.513744798e-02	6.558085327e+02	9.988073260e-03
6.547500610e+02	3.732607141e-02	6.559281006e+02	1.457536966e-02
6.548692627e+02	4.423296452e-02	6.560476685e+02	1.145600807e-02
6.549884644e+02	1.739583164e-02	6.561672363e+02	-6.342701614e-03
6.551076050e+02	2.057638951e-02	6.562868042e+02	-2.948102308e-03
6.552268066e+02	3.964091837e-02	6.564063721e+02	7.749472279e-03
6.553460083e+02	3.824824840e-02	6.565259399e+02	1.914431714e-02
6.554652100e+02	2.866893262e-02	6.566455078e+02	1.615339890e-02
6.555844116e+02	1.841210574e-02	6.567650757e+02	1.037340611e-02
6.557036133e+02	5.480973050e-02	6.568847046e+02	1.890577748e-02
6.558228149e+02	3.487949073e-02	6.570042725e+02	1.072204020e-02
6.559420166e+02	1.197571028e-02	6.571238403e+02	2.015352063e-02
6.560612183e+02	1.540092565e-02	6.572434692e+02	6.299886853e-03
6.561804810e+02	4.001731426e-02	6.573630371e+02	1.195143629e-02
6.562996826e+02	1.080135033e-01	6.574826050e+02	3.070430364e-03
6.564188843e+02	2.237556875e-01	6.576022339e+02	3.657604102e-03
6.565380859e+02	2.532652617e-01	6.577218018e+02	-2.819658024e-03
6.566572876e+02	2.209138870e-01	6.578413696e+02	1.151105575e-02
6.567764893e+02	1.611231714e-01	6.579609985e+02	8.795375936e-03
6.568957520e+02	9.433145821e-02	6.580805664e+02	3.364017233e-03
6.570149536e+02	6.143432483e-02	6.582001953e+02	3.859445220e-03
6.571341553e+02	7.319674641e-02	6.583197632e+02	6.887060590e-03
6.572534180e+02	5.921357870e-02	6.584393921e+02	7.565980777e-03
6.573726196e+02	3.755190969e-02	6.585589600e+02	-8.929936448e-04
6.574918213e+02	2.435918339e-02	6.586785889e+02	4.905348644e-03
6.576110840e+02	3.606514260e-02	6.587982178e+02	5.987950601e-03
6.577302856e+02	3.854936361e-02	6.589177856e+02	2.703446662e-03
6.578495483e+02	1.043248083e-02	6.590374146e+02	5.584268831e-03
6.579687500e+02	1.647365838e-02	6.591570435e+02	9.474296123e-03
6.580880127e+02	3.160483390e-02	6.592766113e+02	1.496070251e-02
6.582072144e+02	3.094613738e-02	6.593962402e+02	9.767882526e-03
6.583264771e+02	1.444111299e-02	6.595158691e+02	-3.058197442e-03
6.584456787e+02	2.402042598e-02	6.596354980e+02	-6.636288483e-03
6.585649414e+02	3.687439486e-02	6.597550659e+02	1.899752207e-02
6.586841431e+02	3.004278429e-02	6.598746948e+02	1.400654484e-02
6.588034058e+02	7.571860682e-03	6.599943237e+02	3.896143520e-03
6.589226685e+02	1.131701469e-02	6.601139526e+02	7.400838076e-04
6.590418701e+02	3.952799737e-02	6.602335815e+02	5.841157399e-03
6.591611328e+02	3.111551702e-02	6.603532104e+02	6.721918005e-03
6.592803955e+02	1.436583325e-02	6.604728394e+02	9.033915587e-03
6.593996582e+02	1.632309891e-02	6.605924683e+02	1.063029468e-02
6.595188599e+02	3.017452359e-02	6.607120972e+02	1.593320817e-02
6.596381226e+02	2.507433854e-02	6.608317261e+02	1.248356234e-02
6.597573853e+02	1.314254198e-02	6.609513550e+02	3.951190971e-03
6.598766479e+02	7.872978225e-03	6.610709839e+02	5.565919564e-04
6.599959106e+02	2.223253809e-02	6.611906128e+02	6.942108274e-03
6.601151733e+02	2.051993087e-02	6.613102417e+02	1.417168695e-02
6.602344360e+02	1.835564524e-02	6.614298706e+02	6.226490252e-03
6.603536377e+02	9.830244817e-03	6.615494995e+02	-2.489372855e-03
6.604729004e+02	3.218824789e-02	6.616691895e+02	1.013486646e-02
6.605921631e+02	4.009259492e-02	6.617888184e+02	1.914431690e-03
6.607114258e+02	2.663638815e-02	6.619084473e+02	1.694241422e-03
6.608306885e+02	1.935309917e-02	6.620280762e+02	3.749350086e-03
6.609500122e+02	3.024980240e-02	6.621477661e+02	6.318236236e-03
6.610692749e+02	2.716334350e-02	6.622673950e+02	6.721918005e-03
6.611885376e+02	6.724966224e-03	6.623870239e+02	-6.911526434e-04
6.613078003e+02	1.398943597e-03	6.625067139e+02	-4.104101099e-03
6.614270630e+02	2.099042758e-02	6.626263428e+02	4.483317491e-03
6.615463257e+02	2.134800516e-02	6.627459717e+02	8.978867903e-03
6.616655884e+02	4.127824679e-03	6.628656616e+02	3.619071096e-02
6.617849121e+02	2.038819017e-03	6.629852905e+02	-1.608611899e-03
6.619041748e+02	3.034390137e-02	6.631049805e+02	7.767821662e-04
6.620234375e+02	2.134800516e-02	6.632246094e+02	5.052142311e-03
6.621427002e+02	1.210744842e-03	6.633442993e+02	7.400838076e-04
6.622620239e+02	4.899438936e-03	6.634639282e+02	-5.260099424e-04
6.623812866e+02	2.838663571e-02	6.635836182e+02	-3.241689410e-04
6.625005493e+02	2.364402823e-02	6.637032471e+02	2.094253711e-02
6.626198730e+02	-2.289750613e-03	6.638229370e+02	6.850362406e-04
6.627391357e+02	-1.273477799e-03	6.639426270e+02	-1.461818349e-03
6.628584595e+02	3.316688165e-02	6.640622559e+02	1.641028747e-02
6.629777222e+02	2.251483686e-02	6.641819458e+02	1.116242073e-02
6.630969849e+02	1.487396937e-02	6.643016357e+02	1.143765869e-03
6.632163086e+02	1.248384593e-03	6.644212646e+02	-2.654515440e-03
6.633355713e+02	2.511197887e-02	6.645409546e+02	9.896326810e-03
6.634548950e+02	2.518725768e-02	6.646606445e+02	6.208140869e-03
6.635742188e+02	4.504221957e-03	6.647803345e+02	-1.094834763e-03
6.636934814e+02	1.139229350e-02	6.648999634e+02	-2.342579188e-03
6.638128052e+02	2.121626586e-02	6.650196533e+02	9.455946274e-03
6.639320679e+02	2.616589144e-02	6.651393433e+02	9.364200756e-03
6.640513916e+02	5.708693527e-03	6.652590332e+02	1.162115077e-04
6.641707153e+02	4.372482654e-03	6.653787231e+02	-8.195969276e-04
6.642899780e+02	1.816744730e-02	6.654984131e+02	9.345851839e-03
6.644093018e+02	2.324881032e-02	6.656181030e+02	9.547692724e-03
6.645286255e+02	1.380123664e-03	6.657377930e+02	-5.241750740e-03
6.646479492e+02	1.291670371e-02	6.658574829e+02	1.327257720e-03
6.647672119e+02	2.262775600e-02	6.659771729e+02	1.396984607e-02
6.648865356e+02	1.496806927e-02	6.660968628e+02	9.621089324e-03
6.650058594e+02	-7.653413340e-04	6.662165527e+02	6.079696584e-03
6.651251831e+02	-8.594406536e-04	6.663362427e+02	-1.902198885e-03
6.652445068e+02	2.413334511e-02	6.664559326e+02	4.074130580e-02
6.653638306e+02	2.322999202e-02	6.665756226e+02	1.787822321e-02
6.654831543e+02	1.737701241e-03	6.666953125e+02	7.235695142e-03
6.656024170e+02	4.598321393e-03	6.668150635e+02	4.189730622e-03
6.657217407e+02	2.191260085e-02	6.669347534e+02	1.430013124e-02
6.658410645e+02	1.837446541e-02	6.670544434e+02	2.149301209e-02
6.659603882e+02	6.461488083e-04	6.671741333e+02	3.437414067e-03
6.660797119e+02	3.582048463e-03	6.672938232e+02	7.400838076e-04
6.661990356e+02	2.897005156e-02	6.674135742e+02	8.813724853e-03
6.663184204e+02	2.575185336e-02	6.675332642e+02	1.444692537e-02
6.664377441e+02	6.122730672e-03	6.676529541e+02	9.235756472e-03
6.665570679e+02	1.080887765e-02	6.677727051e+02	6.887060590e-03
6.666763916e+02	2.558247559e-02	6.678923950e+02	1.105232537e-02
6.667957153e+02	4.125942662e-02	6.680120850e+02	1.666717604e-02
6.669150391e+02	3.582048463e-03	6.681318359e+02	-1.975595485e-03
6.670343628e+02	-1.461676438e-03	6.682515259e+02	-1.792103751e-03
6.671537476e+02	2.272185497e-02	6.683712769e+02	1.422673464e-02
6.672730713e+02	2.706924453e-02	6.684909668e+02	2.349307388e-02
6.673923950e+02	-1.950993086e-03	6.686107178e+02	-2.305880887e-03
6.675117188e+02	7.590680616e-04	6.687304077e+02	3.731001052e-04
6.676311035e+02	1.933427900e-02	6.688501587e+02	8.079757914e-03
6.677504272e+02	1.523154695e-02	6.689698486e+02	4.538365174e-03
6.678697510e+02	1.540092565e-02	6.690895996e+02	-8.195969276e-04
6.679891357e+02	3.962209821e-02	6.692093506e+02	2.318113809e-03
6.681084595e+02	4.086420685e-02	6.693290405e+02	9.786232375e-03
6.682278442e+02	3.239526600e-02	6.694487915e+02	2.119942568e-02
6.683471680e+02	2.255247533e-02	6.695685425e+02	6.483378820e-04
6.684665527e+02	9.077450261e-03	6.696882324e+02	2.538303845e-03
6.685858765e+02	2.477322146e-02	6.698079834e+02	5.584268831e-03
6.687052002e+02	2.546955645e-02	6.699277344e+02	5.731062032e-03
6.688245850e+02	9.736145847e-03	6.700474243e+02	-6.342701614e-03
6.689439697e+02	-2.835526830e-03	6.701671753e+02	3.143826965e-03
6.690632935e+02	2.789731883e-02	6.702869263e+02	1.119911950e-02
6.691826782e+02	2.597769164e-02	6.704066772e+02	3.290620400e-03
6.693020020e+02	-4.096458200e-03	6.705264282e+02	3.492461517e-03
6.694213867e+02	-2.327390481e-03	6.706461792e+02	-3.700418863e-03
6.695407715e+02	2.317353152e-02	6.707658691e+02	4.923698027e-03
6.696600952e+02	2.296651341e-02	6.708856201e+02	5.107189994e-03
6.697794800e+02	4.786519799e-03	6.710053711e+02	-6.416098215e-03
6.698988647e+02	1.549502485e-03	6.711251221e+02	6.244839169e-03
6.700181885e+02	2.910179086e-02	6.712448730e+02	1.901587285e-02
6.701375732e+02	5.783972796e-03	6.713646240e+02	-2.287531737e-03
6.702569580e+02	8.418754674e-03	6.714843750e+02	-4.764671903e-03
6.703763428e+02	1.690651476e-02	6.716041260e+02	7.033854257e-03
6.704957275e+02	1.701943390e-02	6.717238770e+02	8.923820220e-03
6.706150513e+02	2.452856163e-03	6.718436279e+02	-3.847212531e-03
6.707344360e+02	5.031178240e-03	6.719634399e+02	3.786048619e-03
6.708538208e+02	2.627881058e-02	6.720831909e+02	9.877977893e-03
6.709732056e+02	1.925899833e-02	6.722029419e+02	1.505244803e-02
6.710925903e+02	8.155276300e-04	6.723226929e+02	1.529098809e-04
6.712119751e+02	1.267204527e-03	6.724424438e+02	-1.682008617e-03
6.713313599e+02	3.021216206e-02	6.725621948e+02	1.341937017e-02
6.714507446e+02	2.179968171e-02	6.726820068e+02	6.171442568e-03
6.715701294e+02	5.878072232e-03	6.728017578e+02	9.822930209e-03
6.716895142e+02	2.396396594e-03	6.729215088e+02	4.042936955e-03
6.718088989e+02	2.114098519e-02	6.730412598e+02	4.097984638e-03
6.719282837e+02	2.533781715e-02	6.731610718e+02	5.565919448e-03
6.720476685e+02	8.362295106e-03	6.732808228e+02	9.602740174e-04
6.721670532e+02	6.724966224e-03	6.734005737e+02	1.584146288e-03
6.722864380e+02	2.827371657e-02	6.735203857e+02	8.134805597e-03
6.724058228e+02	1.971067674e-02	6.736401367e+02	1.666717604e-02
6.725252686e+02	7.383661810e-03	6.737599487e+02	-1.755405334e-03
6.726446533e+02	6.235649809e-03	6.738796997e+02	7.033854257e-03
6.727640381e+02	2.053875104e-02	6.739994507e+02	1.901587285e-02
6.728834229e+02	2.706924453e-02	6.741192627e+02	8.153154515e-03
6.730028076e+02	7.590680383e-03	6.742390137e+02	4.831952101e-04
6.731222534e+02	1.205098908e-02	6.743588257e+02	3.419064917e-03
6.732416382e+02	2.420862392e-02	6.744785767e+02	8.263249882e-03
6.733610229e+02	3.184949234e-02	6.745983887e+02	1.086883433e-02
6.734804688e+02	4.334843252e-03	6.747182007e+02	-2.140738303e-03
6.735998535e+02	4.805339966e-03	6.748379517e+02	8.043059148e-03
6.737192383e+02	3.486067057e-02	6.749577637e+02	5.437475163e-03
6.738386841e+02	2.966638654e-02	6.750775146e+02	9.125661105e-03
6.739580688e+02	2.170558088e-03	6.751973267e+02	-3.149943426e-03
6.740775146e+02	-4.077638150e-04	6.753171387e+02	8.520138450e-03
6.741968994e+02	2.482968010e-02	6.754368896e+02	1.518089231e-02
6.743162842e+02	3.519942611e-02	6.755567017e+02	3.419064917e-03
6.744357300e+02	2.076458884e-03	6.756765137e+02	9.382549673e-03
6.745551147e+02	6.009811535e-03	6.757963257e+02	9.180708788e-03
6.746745605e+02	2.716334350e-02	6.759160767e+02	1.740114391e-02
6.747939453e+02	2.050111070e-02	6.760358887e+02	6.098045968e-03
6.749133911e+02	6.781426258e-03	6.761557007e+02	5.327380262e-03
6.750328369e+02	9.811424650e-03	6.762755127e+02	3.015382681e-03
6.751522217e+02	2.883831225e-02	6.763953247e+02	1.011651754e-02
6.752716675e+02	7.347904146e-02	6.765151367e+02	2.141961455e-02
6.753910522e+02	1.359798312e-01	6.766349487e+02	5.143888295e-03
6.755104980e+02	1.385957897e-01	6.767546997e+02	-2.562769456e-03
6.756299438e+02	1.324605048e-01	6.768745117e+02	5.180586595e-03
6.757493896e+02	1.084275395e-01	6.769943237e+02	5.547570065e-03
6.758687744e+02	6.166016310e-02	6.771141357e+02	9.969724342e-04
6.759882202e+02	4.319787025e-02	6.772339478e+02	-3.700418863e-03
6.761076660e+02	5.411339551e-02	6.773537598e+02	1.398819499e-02
6.762271118e+02	4.556917399e-02	6.774735718e+02	1.107067522e-02
6.763464966e+02	1.890142076e-02	6.775933838e+02	2.189669525e-03
6.764659424e+02	1.653011888e-02	6.777132568e+02	-4.599528853e-03
6.765853882e+02	2.915824950e-02	6.778330688e+02	1.431848109e-02
6.767048340e+02	2.797259763e-02	6.779528809e+02	1.455702004e-03
6.768242798e+02	1.509980764e-02	6.780726929e+02	2.721795812e-03
6.769437256e+02	1.383887697e-02	6.781925049e+02	-6.728034350e-05
6.770631714e+02	3.051328100e-02	6.783123169e+02	2.543808706e-02
6.771825562e+02	2.353110909e-02	6.784321289e+02	7.272393443e-03
6.773020020e+02	1.152403280e-02	6.785520020e+02	1.075873896e-02
6.774214478e+02	3.845526604e-03	6.786718140e+02	2.349307388e-02
6.775408936e+02	2.891359106e-02	6.787916260e+02	1.637358963e-02
6.776603394e+02	1.873204298e-02	6.789114380e+02	5.584268831e-03
6.777797852e+02	1.907080063e-03	6.790313110e+02	-3.094895976e-03
6.778992920e+02	9.830244817e-03	6.791511230e+02	-1.480167615e-03
6.780187378e+02	2.450974286e-02	6.792709351e+02	6.171442568e-03
6.781381836e+02	2.065167017e-02	6.793908081e+02	5.951252300e-03
6.782576294e+02	4.899438936e-03	6.795106201e+02	1.207988057e-02
6.783770752e+02	-9.535400313e-04	6.796304321e+02	2.501605544e-03
6.784965210e+02	3.047564067e-02	6.797503052e+02	2.525459416e-02
6.786159668e+02	2.014353313e-02	6.798701172e+02	5.143888295e-03
6.787354126e+02	1.664303802e-02	6.799899902e+02	-5.792226177e-03
6.788549194e+02	2.396396594e-03	6.801098022e+02	9.419248090e-04
6.789743652e+02	1.308608241e-02	6.802296753e+02	1.116242073e-02
6.790938110e+02	2.377576753e-02	6.803494873e+02	3.655769303e-02
6.792132568e+02	-3.908259328e-03	6.804693604e+02	1.033670735e-02
6.793327637e+02	7.346021943e-03	6.805891724e+02	1.033670735e-03
6.794522095e+02	1.961657591e-02	6.807090454e+02	2.941986080e-03
6.795716553e+02	1.685005613e-02	6.808288574e+02	1.358451322e-02
6.796911621e+02	1.112881582e-02	6.809487305e+02	1.400654437e-03
6.798106079e+02	3.262110695e-04	6.810686035e+02	6.391632836e-03
6.799300537e+02	1.944719814e-02	6.811884155e+02	2.446558094e-03
6.800495605e+02	1.573968306e-02	6.813082886e+02	4.171381239e-03
6.801690063e+02	-2.327390481e-03	6.814281006e+02	7.639377378e-03
6.802884521e+02	-4.548134748e-03	6.815479736e+02	-1.241628197e-03
6.804079590e+02	2.392632701e-02	6.816678467e+02	7.694425061e-03
6.805274048e+02	2.097160742e-02	6.817877197e+02	7.639377378e-03
6.806469116e+02	-1.311117550e-03	6.819075317e+02	2.986023948e-02
6.807663574e+02	3.845526604e-03	6.820274048e+02	4.886999726e-03
6.808858643e+02	2.044465020e-02	6.821472778e+02	1.035505719e-02
6.810053101e+02	1.971067674e-02	6.822671509e+02	1.659378037e-02
6.811248169e+02	3.883166239e-03	6.823869629e+02	-1.223279014e-05
6.812442627e+02	7.778879255e-03	6.825068359e+02	1.167619787e-02
6.813637695e+02	2.787849866e-02	6.826267090e+02	8.006361313e-03
6.814832764e+02	1.656775735e-02	6.827465820e+02	1.002477109e-02
6.816027222e+02	-6.016084924e-03	6.828664551e+02	4.648460075e-03
6.817222290e+02	1.455403166e-03	6.829863281e+02	5.217284895e-03
6.818417358e+02	2.326763049e-02	6.831062012e+02	1.218997501e-02
6.819611816e+02	1.308608241e-02	6.832260742e+02	1.571301930e-02
6.820806885e+02	2.829253674e-03	6.833459473e+02	6.832013372e-03
6.822001953e+02	2.791613806e-03	6.834658203e+02	-1.003088779e-03
6.823196411e+02	2.678694576e-02	6.835856934e+02	8.226551116e-03
6.824391479e+02	2.430272475e-02	6.837055664e+02	7.822869346e-03
6.825586548e+02	8.757512085e-03	6.838254395e+02	-3.058197617e-04
6.826781616e+02	-1.612235443e-03	6.839453125e+02	2.279580384e-02
6.827976685e+02	2.356874943e-02	6.840651855e+02	1.292394288e-02
6.829171143e+02	1.812980697e-02	6.841850586e+02	1.312578376e-02
6.830366211e+02	5.332296132e-04	6.843049316e+02	3.602556651e-03
6.831561279e+02	1.223918796e-02	6.844248047e+02	-5.994067178e-04
6.832756348e+02	2.147974446e-02	6.845446777e+02	4.575063474e-03
6.833951416e+02	1.811098680e-02	6.846646118e+02	7.988011464e-03
6.835146484e+02	4.014905426e-04	6.847844849e+02	5.932903150e-04
6.836341553e+02	-2.176831476e-03	6.849043579e+02	1.253861003e-03
6.837536621e+02	2.326763049e-02	6.850242310e+02	7.217345992e-04
6.838731689e+02	1.715117320e-02	6.851441040e+02	4.079635255e-03
6.839926758e+02	9.002170525e-03	6.852640381e+02	1.694241422e-03
6.841121826e+02	1.323664095e-03	6.853839111e+02	-2.012294019e-03
6.842316895e+02	1.933427900e-02	6.855037842e+02	8.299947716e-03
6.843511963e+02	1.760284975e-02	6.856237183e+02	1.165784895e-02
6.844707031e+02	-2.760247327e-03	6.857435913e+02	2.171320142e-03
6.845902100e+02	-4.322296474e-03	6.858634644e+02	-5.498639308e-03
6.847097168e+02	1.487396937e-02	6.859833984e+02	2.356646955e-02
6.848292236e+02	1.462931093e-02	6.861032715e+02	9.033915587e-03
6.849487305e+02	3.901986172e-03	6.862231445e+02	-4.617878236e-03
6.850682373e+02	1.662421739e-03	6.863430786e+02	9.969723411e-03
6.851877441e+02	3.098377772e-02	6.864629517e+02	1.356616430e-02
6.853073120e+02	2.044465020e-02	6.865828857e+02	5.327380262e-03
6.854268188e+02	-1.762794331e-03	6.867027588e+02	2.721795812e-03
6.855463257e+02	1.474223100e-03	6.868226929e+02	-8.195969276e-04
6.856658325e+02	1.995533332e-02	6.869425659e+02	-1.718707033e-03
6.857853394e+02	1.807334647e-02	6.870625000e+02	8.997216821e-03
6.859049072e+02	-3.682421055e-03	6.871823730e+02	5.657665431e-03
6.860244141e+02	1.398943597e-03	6.873023071e+02	1.253861003e-03
6.861439209e+02	1.701943390e-02	6.874221802e+02	2.795192413e-03
6.862634277e+02	2.383222803e-02	6.875421143e+02	1.031835843e-02
6.863829956e+02	3.487949027e-03	6.876619873e+02	1.345606870e-03
6.865025024e+02	9.754965082e-03	6.877819214e+02	1.877733273e-03
6.866220703e+02	1.700061560e-02	6.879018555e+02	6.024648901e-03
6.867415771e+02	1.940955780e-02	6.880217285e+02	1.969479257e-03
6.868610840e+02	3.751427168e-03	6.881416626e+02	7.198996842e-03
6.869806519e+02	1.624781988e-03	6.882615967e+02	8.740328252e-03
6.871001587e+02	3.179303184e-02	6.883814697e+02	2.721795812e-03
6.872197266e+02	8.834673464e-02	6.885014038e+02	1.422673464e-02
6.873392334e+02	1.188725680e-01	6.886213379e+02	-4.122450016e-03
6.874588013e+02	1.027251184e-01	6.887412720e+02	7.932964712e-03
6.875783081e+02	9.798251092e-02	6.888611450e+02	1.211657841e-02
6.876978760e+02	7.338494062e-02	6.889810791e+02	9.988073260e-03
6.878173828e+02	3.367501870e-02	6.891010132e+02	-2.874705533e-04
6.879369507e+02	2.106570639e-02	6.892209473e+02	4.097984638e-03
6.880564575e+02	4.897557199e-02	6.893408813e+02	5.639316048e-03
6.881760254e+02	3.516178951e-02	6.894608154e+02	1.424508356e-02
6.882955322e+02	8.268196136e-03	6.895806885e+02	1.419003587e-03
6.884151001e+02	3.657327732e-03	6.897006226e+02	3.969540354e-03
6.885346680e+02	2.127272449e-02	6.898205566e+02	1.296064071e-02
6.886541748e+02	2.782204002e-02	6.899404907e+02	1.178629324e-02
6.887737427e+02	1.011254266e-02	6.900604248e+02	1.035505719e-02
6.888933105e+02	1.660539769e-02	6.901803589e+02	9.033915587e-03
6.890128174e+02	4.432706535e-02	6.903002930e+02	3.143826965e-03
6.891323853e+02	4.265209660e-02	6.904202271e+02	6.226490252e-03
6.892519531e+02	1.457285136e-02	6.905401611e+02	2.630049712e-04
6.893714600e+02	1.112881582e-02	6.906600952e+02	3.050246276e-02
6.894910278e+02	2.949700691e-02	6.907800293e+02	1.831860282e-02
6.896105957e+02	2.795377932e-02	6.908999634e+02	5.364078563e-03
6.897301636e+02	7.967078127e-03	6.910198975e+02	-1.351723331e-03
6.898497314e+02	1.577732340e-02	6.911398315e+02	5.565919564e-04
6.899692383e+02	2.782204002e-02	6.912598267e+02	1.585981250e-02
6.900888062e+02	3.286576271e-02	6.913797607e+02	1.108902413e-02
6.902083740e+02	1.248384640e-02	6.914996948e+02	-2.048992319e-03
6.903279419e+02	1.536328625e-02	6.916196289e+02	3.125477815e-03
6.904475098e+02	3.162365407e-02	6.917395630e+02	1.358451322e-02
6.905670776e+02	3.239526600e-02	6.918594971e+02	4.318174906e-03
6.906866455e+02	2.998632379e-03	6.919794922e+02	-8.746444946e-04
6.908062134e+02	-2.572048688e-03	6.920994263e+02	3.822746919e-03
6.909257202e+02	2.018117346e-02	6.922193604e+02	1.299733948e-02
6.910452881e+02	2.714452334e-02	6.923392944e+02	1.930945925e-02
6.911648560e+02	1.265322510e-02	6.924592896e+02	1.160280127e-02
6.912844238e+02	1.033838093e-02	6.925792236e+02	4.483317491e-03
6.914039917e+02	3.156719357e-02	6.926991577e+02	1.890577748e-02
6.915235596e+02	3.038154170e-02	6.928190918e+02	8.997216821e-03
6.916431274e+02	1.765931025e-02	6.929390869e+02	2.483256394e-03
6.917627563e+02	1.376359724e-02	6.930590210e+02	3.070430364e-03
6.918823242e+02	4.592675343e-02	6.931790161e+02	1.740114391e-02
6.920018921e+02	2.797259763e-02	6.932989502e+02	7.492583711e-03
6.921214600e+02	1.353775896e-02	6.934188843e+02	-4.342640459e-04
6.922410278e+02	1.101589669e-02	6.935388794e+02	-1.241628197e-03
6.923605957e+02	3.090849705e-02	6.936588135e+02	1.004312094e-02
6.924801636e+02	3.647917882e-02	6.937788086e+02	1.092388108e-02
6.925997314e+02	1.850620471e-02	6.938987427e+02	1.987828407e-03
6.927193604e+02	1.622899994e-02	6.940187378e+02	9.786232375e-03
6.928389282e+02	3.263992444e-02	6.941386719e+02	1.213492732e-02
6.929584961e+02	2.804787830e-02	6.942586670e+02	2.479586564e-02
6.930780640e+02	1.560794469e-02	6.943786011e+02	-7.462002104e-04
6.931976318e+02	1.893906109e-02	6.944985962e+02	-1.094834763e-03
6.933172607e+02	2.987340465e-02	6.946185303e+02	1.257530786e-02
6.934368286e+02	2.785967849e-02	6.947385254e+02	1.736444607e-02
6.935563965e+02	9.773785248e-03	6.948584595e+02	-4.838068504e-03
6.936760254e+02	1.033838093e-02	6.949784546e+02	4.685158376e-03
6.937955933e+02	4.925787076e-02	6.950984497e+02	4.116334021e-03
6.939151611e+02	6.593227386e-02	6.952183838e+02	4.997094627e-03
6.940347900e+02	5.671053752e-02	6.953383789e+02	8.795375936e-03
6.941543579e+02	4.658544809e-02	6.954583740e+02	8.153154515e-03
6.942739258e+02	7.383661717e-02	6.955783081e+02	3.859445220e-03
6.943935547e+02	5.166681483e-02	6.956983032e+02	1.483225822e-02
6.945131226e+02	2.294769324e-02	6.958182983e+02	5.529221147e-03
6.946327515e+02	2.268421464e-02	6.959382324e+02	-5.572035909e-03
6.947523193e+02	3.407023475e-02	6.960582275e+02	9.364200756e-03
6.948718872e+02	4.327315092e-02	6.961782227e+02	2.134621842e-03
6.949915161e+02	7.364842109e-03	6.962982178e+02	5.987950601e-03
6.951110840e+02	1.385769714e-02	6.964181519e+02	-4.617878236e-03
6.952307129e+02	3.764601052e-02	6.965381470e+02	1.215327717e-02
6.953502808e+02	4.349898919e-02	6.966581421e+02	8.006361313e-03
6.954699097e+02	2.307943255e-02	6.967781372e+02	1.666717604e-02
6.955894775e+02	2.891359106e-02	6.968981323e+02	3.176855668e-02
6.957091064e+02	3.824824840e-02	6.970181274e+02	4.800758511e-02
6.958287354e+02	4.374364763e-02	6.971380615e+02	5.782439932e-02
6.959483032e+02	1.382005680e-02	6.972580566e+02	2.202513814e-02
6.960679321e+02	2.204434015e-02	6.973780518e+02	2.356646955e-02
6.961875000e+02	4.739470407e-02	6.974980469e+02	4.483317584e-02
6.963071289e+02	4.876855388e-02	6.976180420e+02	1.505244803e-02
6.964267578e+02	4.532451555e-02	6.977380371e+02	3.162176115e-03
6.965463257e+02	2.381152511e-01	6.978580322e+02	1.202483289e-02
6.966659546e+02	1.000000000e+00	6.979780273e+02	1.035505719e-02
6.967855835e+02	1.000000000e+00	6.980980225e+02	1.496070251e-02
6.969051514e+02	1.000000000e+00	6.982180176e+02	6.318236236e-03
6.970247803e+02	1.000000000e+00	6.983380127e+02	3.969540354e-03
6.971444092e+02	1.000000000e+00	6.984580078e+02	6.648521405e-03
6.972640381e+02	8.841637373e-01	6.985780029e+02	1.121746842e-02
6.973836060e+02	3.809768856e-01	6.986979980e+02	-2.672864590e-03
6.975032349e+02	2.384916544e-01	6.988179932e+02	6.024648901e-03
6.976228638e+02	1.558912396e-01	6.989379883e+02	2.382335812e-02
6.977424927e+02	1.150709540e-01	6.990580444e+02	7.088901941e-03
6.978621216e+02	6.726848334e-02	6.991780396e+02	1.341937017e-02
6.979816895e+02	6.120848656e-02	6.992980347e+02	-4.324291367e-03
6.981013184e+02	6.361743063e-02	6.994180298e+02	1.826355606e-02
6.982209473e+02	5.733159184e-02	6.995380249e+02	1.541943196e-02
6.983405762e+02	3.664855659e-02	6.996580200e+02	2.354812110e-03
6.984602051e+02	3.154837340e-02	6.997780762e+02	-2.856356557e-03
6.985798340e+02	4.891911149e-02	6.998980713e+02	1.877733320e-02
6.986994629e+02	5.033060163e-02	7.000180664e+02	6.740267389e-03
6.988190918e+02	3.269638494e-02	7.001380615e+02	-1.461818349e-03
6.989387207e+02	2.296651341e-02	7.002580566e+02	5.749411066e-04
6.990583496e+02	4.938960820e-02	7.003781128e+02	9.492645040e-03
6.991779785e+02	5.362407863e-02	7.004981079e+02	2.239212207e-02
6.992975464e+02	2.823607624e-02	7.006181030e+02	4.391571507e-03
6.994171753e+02	2.656110749e-02	7.007381592e+02	7.639377378e-03
6.995368042e+02	4.709358513e-02	7.008581543e+02	1.343772002e-02
6.996564941e+02	3.356209770e-02	7.009781494e+02	1.228172146e-02
6.997761230e+02	2.394514717e-02	7.010982056e+02	-1.847151318e-03
6.998957520e+02	1.732055284e-02	7.012182007e+02	2.446558028e-05
7.000153809e+02	3.965973854e-02	7.013381958e+02	5.584268831e-03
7.001350098e+02	4.295321554e-02	7.014582520e+02	1.033670735e-03
7.002546387e+02	1.995533332e-02	7.015782471e+02	-2.030643169e-03
7.003742676e+02	1.837446541e-02	7.016983032e+02	1.584146288e-03
7.004938965e+02	4.278383404e-02	7.018182983e+02	8.134805248e-04
7.006135254e+02	3.239526600e-02	7.019383545e+02	6.061347667e-03
7.007331543e+02	2.155502327e-02	7.020583496e+02	1.018991414e-02
7.008528442e+02	3.102141619e-02	7.021784058e+02	6.795315072e-03
7.009724731e+02	2.904533036e-02	7.022984009e+02	6.244839169e-03
7.010921021e+02	1.135465410e-02	7.024184570e+02	1.182299107e-02
7.012117310e+02	1.833682507e-02	7.025384521e+02	-2.471023472e-03
7.013313599e+02	3.638507798e-02	7.026585083e+02	6.098045968e-03
7.014510498e+02	3.997967392e-02	7.027785034e+02	6.685219705e-03
7.015706787e+02	8.324655704e-03	7.028985596e+02	-7.773938123e-03
7.016903076e+02	1.190043055e-02	7.030185547e+02	9.254105389e-03
7.018099365e+02	2.281595394e-02	7.031386108e+02	6.098045968e-03
7.019296265e+02	3.011806309e-02	7.032586060e+02	8.098106831e-03
7.020492554e+02	1.304844208e-02	7.033786621e+02	1.136426162e-02
7.021688843e+02	1.553266495e-02	7.034987183e+02	6.942108274e-03
7.022885742e+02	1.743347198e-02	7.036187134e+02	5.859506316e-03
7.024082031e+02	2.646700852e-02	7.037387695e+02	1.268540323e-02
7.025278320e+02	1.494924910e-02	7.038588257e+02	-1.058136346e-03
7.026475220e+02	1.246502623e-02	7.039788208e+02	1.033670735e-03
7.027671509e+02	3.764601052e-02	7.040988770e+02	1.536438428e-02
7.028867798e+02	4.765818268e-02	7.042189331e+02	6.024648901e-03
7.030064697e+02	5.832904577e-02	7.043389893e+02	1.028165966e-02
7.031260986e+02	1.359986514e-01	7.044589844e+02	1.455702004e-03
7.032457886e+02	1.499629915e-01	7.045790405e+02	1.270375215e-02
7.033654175e+02	1.227306351e-01	7.046990967e+02	2.831890807e-02
7.034850464e+02	9.399269521e-02	7.048191528e+02	4.373222589e-03
7.036047363e+02	6.480307877e-02	7.049391479e+02	7.474234793e-03
7.037243652e+02	6.617692858e-02	7.050592041e+02	8.153154515e-03
7.038440552e+02	4.161700234e-02	7.051792603e+02	9.455946274e-03
7.039636841e+02	1.858148351e-02	7.052993164e+02	8.299947716e-03
7.040833740e+02	1.250266656e-02	7.054193726e+02	5.107189994e-03
7.042030029e+02	2.242073789e-02	7.055394287e+02	1.589651033e-02
7.043226929e+02	3.049446084e-02	7.056594238e+02	1.165784895e-02
7.044423218e+02	7.176643237e-03	7.057794800e+02	2.354812110e-03
7.045620117e+02	1.389533654e-02	7.058995361e+02	-1.388421631e-03
7.046817017e+02	2.942172810e-02	7.060195923e+02	6.538426038e-03
7.048013306e+02	2.149856277e-02	7.061396484e+02	2.597021312e-02
7.049210205e+02	5.953351967e-03	7.062597046e+02	3.327318933e-03
7.050406494e+02	1.765931025e-02	7.063797607e+02	-5.076607922e-04
7.051603394e+02	3.886930272e-02	7.064998169e+02	1.407994144e-02
7.052800293e+02	3.000514396e-02	7.066198730e+02	1.791492105e-02
7.053996582e+02	9.905524552e-03	7.067399292e+02	4.905348644e-03
7.055193481e+02	1.060185954e-02	7.068599854e+02	1.340102125e-02
7.056390381e+02	3.104023635e-02	7.069800415e+02	3.389706090e-02
7.057586670e+02	2.782204002e-02	7.071000977e+02	5.901709571e-02
7.058783569e+02	9.660866112e-03	7.072201538e+02	4.241108149e-02
7.059980469e+02	6.819065660e-03	7.073402100e+02	3.281445801e-02
7.061177368e+02	2.567657456e-02	7.074602661e+02	2.472246811e-02
7.062373657e+02	3.038154170e-02	7.075803223e+02	2.411694638e-02
7.063570557e+02	1.037602127e-02	7.077003784e+02	2.200678922e-02
7.064767456e+02	9.867884219e-03	7.078204346e+02	6.263188552e-03
7.065964355e+02	9.660866112e-02	7.079404907e+02	1.211657841e-02
7.067160645e+02	5.917406082e-01	7.080605469e+02	1.141930930e-02
7.068357544e+02	1.000000000e+00	7.081806641e+02	7.033854257e-03
7.069554443e+02	1.000000000e+00	7.083007202e+02	5.639316048e-03
7.070751343e+02	1.000000000e+00	7.084207764e+02	1.217162609e-02
7.071948242e+02	1.000000000e+00	7.085408325e+02	1.174959447e-02
7.073144531e+02	6.277806163e-01	7.086608887e+02	9.455946274e-03
7.074341431e+02	3.284318149e-01	7.087809448e+02	8.189853281e-03
7.075538330e+02	2.137058824e-01	7.089010620e+02	1.694241422e-03
7.076735229e+02	1.259488314e-01	7.090211182e+02	7.932964712e-03
7.077932129e+02	6.484071910e-02	7.091411743e+02	3.015382681e-03
7.079129028e+02	4.605849087e-02	7.092612305e+02	-2.085690619e-03
7.080325928e+02	5.893128365e-02	7.093813477e+02	1.230007038e-02
7.081522827e+02	4.197458178e-02	7.095014038e+02	8.593535051e-03
7.082719727e+02	2.637290955e-02	7.096214600e+02	-6.728034350e-05
7.083916626e+02	1.903316006e-02	7.097415161e+02	4.318174906e-03
7.085113525e+02	3.563228622e-02	7.098616333e+02	1.088718325e-02
7.086309814e+02	3.582048416e-02	7.099816895e+02	8.061408997e-03
7.087506714e+02	1.146757323e-02	7.101017456e+02	4.409920890e-03
7.088703613e+02	1.600316167e-02	7.102218628e+02	3.731000936e-03
7.089900513e+02	2.861247398e-02	7.103419189e+02	6.079696584e-03
7.091097412e+02	1.933427900e-02	7.104619751e+02	5.565919448e-03
7.092294922e+02	1.118527539e-02	7.105820923e+02	-2.856356557e-03
7.093491821e+02	6.743786391e-03	7.107021484e+02	1.446527429e-02
7.094688721e+02	3.915160149e-02	7.108222656e+02	1.028165966e-02
7.095885620e+02	2.840545587e-02	7.109423218e+02	1.417168695e-02
7.097082520e+02	1.543856598e-02	7.110623779e+02	-5.810575094e-04
7.098279419e+02	2.038819017e-03	7.111824951e+02	1.217162586e-03
7.099476318e+02	2.842427604e-02	7.113025513e+02	1.987828407e-03
7.100673218e+02	1.931545883e-02	7.114226685e+02	1.327257720e-03
7.101870117e+02	-7.653413340e-04	7.115427246e+02	7.400837727e-03
7.103067017e+02	-2.760247444e-04	7.116628418e+02	-1.388421631e-03
7.104263916e+02	2.259011567e-02	7.117828979e+02	5.382427480e-04
7.105461426e+02	1.852502488e-02	7.119030151e+02	9.070613421e-03
7.106658325e+02	4.221924115e-03	7.120230713e+02	2.189669525e-03
7.107855225e+02	7.251922973e-03	7.121431885e+02	8.868772537e-03
7.109052124e+02	4.058191180e-02	7.122632446e+02	7.162298542e-03
7.110249023e+02	3.525588661e-02	7.123833618e+02	2.017187141e-02
7.111446533e+02	1.619135961e-02	7.125034180e+02	-8.948286064e-03
7.112643433e+02	1.263440493e-02	7.126235352e+02	-1.535215182e-03
7.113840332e+02	1.931545883e-02	7.127436523e+02	2.558488026e-02
7.115037231e+02	2.097160742e-02	7.128637085e+02	1.018991414e-02
7.116234131e+02	8.908071322e-04	7.129838257e+02	7.015504874e-03
7.117431641e+02	-2.082732040e-03	7.131038818e+02	6.721918005e-03
7.118628540e+02	1.728291251e-02	7.132239990e+02	7.676075678e-03
7.119825439e+02	2.411452495e-02	7.133441162e+02	3.364017233e-03
7.121022949e+02	-1.292297617e-03	7.134641724e+02	5.877855700e-03
7.122219849e+02	-1.499316189e-03	7.135842896e+02	1.334597357e-02
7.123416748e+02	2.242073789e-02	7.137044067e+02	5.565919448e-03
7.124614258e+02	3.516178951e-02	7.138244629e+02	1.378635410e-02
7.125811157e+02	7.553040516e-03	7.139445801e+02	2.134621842e-03
7.127008057e+02	9.849064518e-04	7.140646973e+02	7.088901941e-03
7.128205566e+02	3.141663596e-02	7.141847534e+02	9.657788090e-03
7.129402466e+02	4.033725336e-02	7.143048706e+02	4.391571507e-03
7.130599365e+02	-1.894533401e-03	7.144249878e+02	2.758494113e-03
7.131796875e+02	1.368831750e-02	7.145451050e+02	1.576806605e-02
7.132993774e+02	3.072029911e-02	7.146651611e+02	1.270375215e-02
7.134191284e+02	3.053210117e-02	7.147852783e+02	9.400899522e-03
7.135388184e+02	6.273289728e-06	7.149053955e+02	1.584146358e-02
7.136585083e+02	1.596552134e-02	7.150255127e+02	9.400899522e-03
7.137782593e+02	1.316136122e-02	7.151456299e+02	2.048380673e-02
7.138979492e+02	1.412117481e-02	7.152656860e+02	9.969723411e-03
7.140177002e+02	4.918259103e-03	7.153858032e+02	1.474051154e-03
7.141373901e+02	-2.421489684e-03	7.155059204e+02	5.620967131e-03
7.142571411e+02	3.311042115e-02	7.156260376e+02	6.024648901e-03
7.143768311e+02	1.267204527e-02	7.157461548e+02	5.841157399e-03
7.144965820e+02	-5.319749471e-03	7.158662720e+02	4.630111158e-03
7.146162720e+02	8.362295106e-03	7.159863281e+02	9.327501990e-03
7.147360229e+02	7.511636615e-02	7.161064453e+02	9.290804155e-03
7.148557129e+02	1.281319410e-01	7.162265625e+02	1.244686358e-02
7.149754639e+02	1.139793992e-01	7.163466797e+02	6.171442568e-03
7.150951538e+02	9.730499238e-02	7.164667969e+02	9.767882526e-03
7.152149048e+02	9.775666893e-02	7.165869141e+02	1.763968356e-02
7.153345947e+02	6.395618618e-02	7.167070312e+02	7.345790509e-03
7.154543457e+02	1.402707584e-02	7.168271484e+02	4.373222589e-03
7.155740967e+02	1.246502623e-02	7.169472656e+02	6.465029437e-03
7.156937866e+02	3.209415078e-02	7.170673828e+02	9.914676659e-03
7.158135376e+02	2.388868667e-02	7.171875000e+02	8.520138450e-03
7.159332275e+02	2.810433740e-03	7.173076172e+02	-1.113183913e-03
7.160529785e+02	9.322108701e-03	7.174277344e+02	7.400838076e-04
7.161727295e+02	3.585812449e-02	7.175478516e+02	1.176794432e-02
7.162924194e+02	2.947818860e-02	7.176679688e+02	1.699746214e-02
7.164121704e+02	-5.206830101e-04	7.177880859e+02	-2.893054858e-03
7.165319214e+02	-4.642234417e-04	7.179082031e+02	-2.654515440e-03
7.166516113e+02	2.849955484e-02	7.180283203e+02	3.602556651e-03
7.167713623e+02	1.713235304e-02	7.181484375e+02	1.387810055e-02
7.168911133e+02	-3.362483112e-03	7.182685547e+02	-3.773815697e-03
7.170108032e+02	-5.940805189e-03	7.183886719e+02	6.116394798e-05
7.171305542e+02	2.776557952e-02	7.185087891e+02	3.193369880e-02
7.172503052e+02	2.319235168e-02	7.186289062e+02	-1.039787167e-04
7.173700562e+02	1.067713927e-02	7.187490234e+02	8.997216821e-03
7.174897461e+02	5.238196813e-03	7.188692017e+02	-6.195907947e-03
7.176094971e+02	2.001179382e-02	7.189893188e+02	7.327441126e-03
7.177292480e+02	8.851611987e-03	7.191094360e+02	4.483317491e-03
7.178489990e+02	-6.693600211e-03	7.192295532e+02	2.208018675e-03
7.179686890e+02	-4.341116175e-03	7.193496704e+02	2.850240096e-03
7.180884399e+02	1.509980764e-02	7.194697876e+02	1.015321538e-02
7.182081909e+02	1.173105184e-02	7.195899048e+02	3.712651785e-03
7.183279419e+02	2.377576660e-03	7.197100830e+02	4.556714091e-03
7.184476929e+02	-6.241923198e-03	7.198302002e+02	1.529098809e-04
7.185674438e+02	2.035055123e-02	7.199503174e+02	1.407994144e-02
7.186871338e+02	1.487396937e-02	7.200704346e+02	5.932902917e-03
7.188068848e+02	2.076458884e-03	7.201906128e+02	-2.269182587e-03
7.189266357e+02	-7.916891016e-03	7.203107300e+02	-3.792164789e-04
7.190463867e+02	1.590906270e-02	7.204308472e+02	8.116455749e-03
7.191661377e+02	2.520607784e-02	7.205509644e+02	9.474296123e-03
7.192858887e+02	-7.559313904e-03	7.206711426e+02	-3.315086011e-03
7.194056396e+02	-1.574595692e-03	7.207912598e+02	3.657604102e-03
7.195253296e+02	1.807334647e-02	7.209113770e+02	2.501605544e-03
7.196450806e+02	1.844974421e-02	7.210314941e+02	1.661212929e-02
7.197648315e+02	-1.442856621e-03	7.211516724e+02	3.290620400e-03
7.198845825e+02	-9.761238471e-03	7.212717896e+02	-3.241689410e-04
7.200043335e+02	2.097160742e-02	7.213919067e+02	1.890577748e-02
7.201240845e+02	1.673713699e-02	7.215120850e+02	1.431848109e-02
7.202438354e+02	-2.252110979e-03	7.216322021e+02	4.446619190e-03
7.203635864e+02	2.227017889e-03	7.217523193e+02	4.703507759e-03
7.204833374e+02	2.573303320e-02	7.218724976e+02	4.079635255e-03
7.206030884e+02	7.270742673e-03	7.219926147e+02	1.218997501e-02
7.207228394e+02	-5.225650035e-03	7.221127319e+02	2.905287547e-03
7.208425903e+02	1.476105023e-02	7.222329102e+02	3.162176115e-03
7.209623413e+02	3.307278454e-02	7.223530273e+02	1.626349427e-02
7.210820923e+02	3.290340304e-02	7.224732056e+02	9.804581292e-03
7.212018433e+02	1.148639340e-02	7.225933228e+02	-4.709624045e-04
7.213215942e+02	5.144097377e-04	7.227134399e+02	-1.388421631e-03
7.214413452e+02	1.602198184e-02	7.228336182e+02	4.042936955e-03
7.215610962e+02	2.221371792e-02	7.229537354e+02	1.312578376e-02
7.216808472e+02	-5.903165322e-03	7.230739136e+02	-2.782959724e-03
7.218005981e+02	-5.244470201e-03	7.231940308e+02	-1.755405334e-03
7.219203491e+02	8.719872683e-03	7.233142090e+02	1.606165245e-02
7.220401001e+02	1.888260245e-02	7.234343262e+02	1.086883433e-02
7.221598511e+02	-8.387387730e-03	7.235545044e+02	1.020826306e-02
7.222796631e+02	-4.134098068e-03	7.236746216e+02	-2.140738303e-03
7.223994141e+02	3.527470678e-02	7.237947998e+02	2.734640241e-02
7.225191650e+02	1.907080039e-02	7.239149170e+02	7.969662547e-03
7.226389160e+02	3.205650952e-03	7.240350952e+02	4.703507759e-03
7.227586670e+02	1.944719843e-04	7.241552124e+02	5.731062032e-03
7.228784180e+02	1.988005452e-02	7.242753906e+02	2.756659314e-02
7.229981689e+02	2.531899698e-02	7.243955078e+02	6.299886853e-03
7.231179199e+02	-6.430121604e-03	7.245156860e+02	6.116394798e-05
7.232377319e+02	2.810433740e-03	7.246358032e+02	9.969724342e-04
7.233574829e+02	1.084651798e-02	7.247559814e+02	5.951252300e-03
7.234772339e+02	2.601533197e-02	7.248760986e+02	1.277714875e-02
7.235969849e+02	6.009811535e-03	7.249962769e+02	2.997033589e-04
7.237167358e+02	9.849064518e-04	7.251164551e+02	-9.663904202e-04
7.238365479e+02	1.873204298e-02	7.252365723e+02	8.795375936e-03
7.239562988e+02	2.198787965e-02	7.253567505e+02	2.527294494e-02
7.240760498e+02	-4.021178465e-03	7.254768677e+02	2.501605544e-03
7.241958008e+02	3.694967600e-03	7.255970459e+02	1.749288989e-03
7.243155518e+02	2.172440104e-02	7.257172241e+02	1.145600807e-02
7.244353638e+02	2.023763210e-02	7.258373413e+02	5.877855700e-03
7.245551147e+02	-2.195651410e-03	7.259575195e+02	4.648460308e-04
7.246748657e+02	-2.647328191e-03	7.260776978e+02	2.263066126e-04
7.247946167e+02	1.400825568e-02	7.261978149e+02	1.314413268e-02
7.249144287e+02	2.019999176e-02	7.263179932e+02	1.182299107e-02
7.250341797e+02	-3.418942913e-03	7.264381714e+02	6.685219705e-03
7.251539307e+02	-5.244470201e-03	7.265582886e+02	4.097984638e-03
7.252737427e+02	2.151738293e-02	7.266784668e+02	6.336585153e-03
7.253934937e+02	3.149191290e-02	7.267986450e+02	1.853879355e-02
7.255132446e+02	-5.771426484e-03	7.269187622e+02	2.666748129e-03
7.256330566e+02	-6.034904625e-03	7.270389404e+02	7.125600241e-03
7.257528076e+02	2.157384343e-02	7.271591187e+02	1.031835843e-02
7.258725586e+02	1.784750819e-02	7.272792969e+02	9.841279127e-03
7.259923706e+02	-4.265836906e-04	7.273994141e+02	-2.874705708e-03
7.261121216e+02	-6.072544493e-03	7.275195923e+02	-2.562769456e-03
7.262318726e+02	2.627881058e-02	7.276397705e+02	1.336432341e-02
7.263516846e+02	1.673713699e-02	7.277599487e+02	1.351111662e-02
7.264714355e+02	3.525588661e-03	7.278800659e+02	6.171442568e-03
7.265911865e+02	1.116645522e-03	7.280002441e+02	1.697911322e-02
7.267109985e+02	2.842427604e-02	7.281204224e+02	9.694485925e-03
7.268307495e+02	2.176204138e-02	7.282406006e+02	1.310743485e-02
7.269505005e+02	1.398943597e-03	7.283607178e+02	1.657543005e-03
7.270703125e+02	4.146644380e-03	7.284808960e+02	9.290804155e-03
7.271900635e+02	3.245172650e-02	7.286010742e+02	6.024648901e-03
7.273098755e+02	5.170445144e-02	7.287212524e+02	3.382366383e-03
7.274296265e+02	1.501135528e-01	7.288414307e+02	4.556714091e-03
7.275494385e+02	2.383410931e-01	7.289616089e+02	4.079635255e-03
7.276691895e+02	2.055757046e-01	7.290817261e+02	7.896265946e-03
7.277889404e+02	1.683876365e-01	7.292019043e+02	3.382366383e-03
7.279087524e+02	9.060512483e-02	7.293220825e+02	1.694241422e-03
7.280285034e+02	5.149743333e-02	7.294422607e+02	5.731062032e-03
7.281483154e+02	4.816631600e-02	7.295624390e+02	8.410043083e-03
7.282680664e+02	3.390085697e-02	7.296826172e+02	1.319918036e-02
7.283878784e+02	3.939625807e-03	7.298027954e+02	3.070430364e-03
7.285076294e+02	1.707589440e-02	7.299229736e+02	2.923636697e-03
7.286274414e+02	3.301632404e-02	7.300430908e+02	7.125600241e-03
7.287471924e+02	2.548837475e-02	7.301632690e+02	1.299733948e-02
7.288670044e+02	3.205650952e-03	7.302834473e+02	4.905348644e-03
7.289867554e+02	5.200556945e-03	7.304036255e+02	1.694241422e-03
7.291065674e+02	2.291005291e-02	7.305238037e+02	9.841279127e-03
7.292263184e+02	2.409570478e-02	7.306439819e+02	1.297899056e-02
7.293461304e+02	4.842979368e-03	7.307641602e+02	1.437352854e-03
7.294658813e+02	-2.534409054e-03	7.308843384e+02	1.022661198e-02
7.295856934e+02	2.275949530e-02	7.310045166e+02	6.244839169e-03
7.297054443e+02	2.390750684e-02	7.311246948e+02	1.310743485e-02
7.298252563e+02	-1.273477799e-03	7.312448730e+02	1.061194576e-02
7.299450684e+02	-5.432668608e-03	7.313650513e+02	3.015382681e-03
7.300648193e+02	2.147974446e-02	7.314852295e+02	5.052142311e-03
7.301846313e+02	1.421527378e-02	7.316054077e+02	5.070491228e-03
7.303043823e+02	1.060185954e-03	7.317255859e+02	5.877855700e-03
7.304241943e+02	-5.131551065e-03	7.318457642e+02	-7.462002104e-04
7.305439453e+02	2.093396708e-02	7.319659424e+02	2.890608273e-02
7.306637573e+02	1.372595783e-02	7.320861206e+02	1.039175503e-02
7.307835693e+02	-7.747512776e-03	7.322062988e+02	1.444692537e-02
7.309033203e+02	-2.572048688e-03	7.323264771e+02	2.208018675e-03
7.310231323e+02	3.141663596e-02	7.324466553e+02	8.208202198e-03
7.311429443e+02	3.060737997e-02	7.325668335e+02	1.224502269e-02
7.312626953e+02	4.748880398e-03	7.326870117e+02	-1.902198885e-03
7.313825073e+02	2.099042758e-02	7.328071899e+02	2.463072352e-02
7.315022583e+02	3.263992444e-02	7.329273682e+02	9.969723411e-03
7.316220703e+02	1.065831911e-02	7.330475464e+02	1.253861003e-03
7.317418823e+02	1.135465410e-02	7.331677246e+02	4.776904359e-03
7.318616333e+02	2.189378068e-02	7.332879028e+02	1.611670107e-02
7.319814453e+02	2.921471000e-02	7.334081421e+02	1.650203392e-02
7.321012573e+02	5.125277676e-03	7.335283203e+02	4.630111158e-03
7.322210083e+02	5.200556945e-03	7.336484985e+02	7.400838076e-04
7.323408203e+02	1.587142237e-02	7.337686768e+02	2.134621842e-03
7.324606323e+02	1.956011727e-02	7.338888550e+02	3.272271156e-02
7.325803833e+02	-2.835526830e-03	7.340090332e+02	1.261200663e-02
7.327001953e+02	-4.830433056e-03	7.341292114e+02	1.162115077e-04
7.328200073e+02	2.076458931e-02	7.342493896e+02	2.151136100e-02
7.329398193e+02	2.187496051e-02	7.343696289e+02	7.951313455e-05
7.330595703e+02	-5.037451629e-03	7.344898071e+02	3.235572949e-03
7.331793823e+02	2.321117092e-03	7.346099854e+02	1.116242073e-02
7.332991943e+02	2.260893583e-02	7.347301636e+02	1.314413268e-02
7.334189453e+02	2.019999176e-02	7.348503418e+02	1.274045091e-02
7.335387573e+02	-1.329937368e-03	7.349705200e+02	-7.370255888e-03
7.336585693e+02	-1.117272861e-02	7.350906982e+02	1.143765822e-02
7.337783813e+02	2.424626425e-02	7.352109375e+02	1.048350148e-02
7.338981323e+02	2.240191773e-02	7.353311157e+02	1.294229180e-02
7.340179443e+02	-5.470308475e-03	7.354512939e+02	-2.415976021e-03
7.341377563e+02	-7.164096925e-03	7.355714722e+02	-8.012477192e-04
7.342575684e+02	1.668067649e-02	7.356916504e+02	1.982323639e-02
7.343773804e+02	2.274067514e-02	7.358118896e+02	1.782317460e-02
7.344971313e+02	-9.723599069e-04	7.359320679e+02	9.822930209e-03
7.346169434e+02	-3.983539063e-03	7.360522461e+02	-3.039848292e-03
7.347367554e+02	2.202551998e-02	7.361724243e+02	8.630232885e-03
7.348565674e+02	2.300415374e-02	7.362926636e+02	9.896326810e-03
7.349763794e+02	1.794160809e-03	7.364128418e+02	8.593535051e-03
7.350961304e+02	5.520494888e-04	7.365330200e+02	3.015382681e-03
7.352159424e+02	2.178086154e-02	7.366531982e+02	1.692406461e-02
7.353357544e+02	3.433371335e-02	7.367734375e+02	1.608000323e-02
7.354555664e+02	2.238309756e-02	7.368936157e+02	1.474051154e-03
7.355753784e+02	2.095278725e-02	7.370137939e+02	8.942169137e-03
7.356951294e+02	3.295986354e-02	7.371339722e+02	1.934615709e-02
7.358149414e+02	3.753309324e-02	7.372542114e+02	1.321752928e-02
7.359347534e+02	5.106457509e-03	7.373743896e+02	-4.929814488e-03
7.360545654e+02	4.259563517e-03	7.374945679e+02	-6.342701614e-03
7.361743774e+02	2.117862552e-02	7.376148071e+02	6.318236236e-03
7.362941895e+02	1.984241419e-02	7.377349854e+02	1.694241352e-02
7.364140015e+02	-4.190557636e-03	7.378551636e+02	6.721918005e-03
7.365337524e+02	-7.371115498e-03	7.379753418e+02	2.776843263e-03
7.366535645e+02	1.430937368e-02	7.380955811e+02	8.795375936e-03
7.367733765e+02	1.525036711e-02	7.382157593e+02	1.013486646e-02
7.368931885e+02	-8.067450486e-03	7.383359375e+02	2.501605544e-03
7.370130005e+02	-8.782605437e-05	7.384561768e+02	1.461206749e-02
7.371328125e+02	3.021216206e-02	7.385763550e+02	2.237377316e-02
7.372526245e+02	6.875525415e-02	7.386965332e+02	6.031988561e-02
7.373724365e+02	6.335394830e-02	7.388167725e+02	5.101685226e-02
7.374921875e+02	6.041805074e-02	7.389369507e+02	3.119973093e-02
7.376119995e+02	5.272072554e-02	7.390571289e+02	3.828251734e-02
7.377318115e+02	4.664190859e-02	7.391773682e+02	2.408024669e-02
7.378516235e+02	1.760284975e-02	7.392975464e+02	1.431848109e-02
7.379714355e+02	1.039484050e-02	7.394177856e+02	3.272271249e-03
7.380912476e+02	3.610278293e-02	7.395379639e+02	8.281598799e-03
7.382110596e+02	3.877520189e-02	7.396581421e+02	1.974983886e-02
7.383308716e+02	1.609349698e-01	7.397783813e+02	-6.544542848e-04
7.384506836e+02	7.540619373e-01	7.398985596e+02	8.134805248e-04
7.385704956e+02	1.000000000e+00	7.400187378e+02	1.241016574e-02
7.386903076e+02	9.332835674e-01	7.401389771e+02	1.740114391e-02
7.388101196e+02	6.868373752e-01	7.402591553e+02	1.352946553e-02
7.389299316e+02	4.606037438e-01	7.403793945e+02	9.180708788e-03
7.390497437e+02	3.042482734e-01	7.404995728e+02	1.749289036e-02
7.391695557e+02	1.599563360e-01	7.406198120e+02	5.272332579e-03
7.392893677e+02	9.022872150e-02	7.407399902e+02	9.327501990e-03
7.394091797e+02	6.979034841e-02	7.408601685e+02	-4.526132252e-03
7.395289917e+02	8.260668069e-02	7.409804077e+02	8.446741849e-03
7.396488037e+02	6.070034951e-02	7.411005859e+02	1.064864360e-02
7.397685547e+02	3.971619532e-02	7.412208252e+02	2.501605544e-03
7.398883667e+02	2.420862392e-02	7.413410034e+02	1.949295029e-02
7.400081787e+02	3.913278133e-02	7.414612427e+02	1.905257069e-02
7.401279907e+02	3.689321503e-02	7.415814209e+02	1.079543680e-02
7.402478027e+02	1.950365677e-02	7.417016602e+02	2.943820879e-02
7.403676147e+02	1.103471592e-02	7.418218384e+02	1.107067452e-03
7.404874268e+02	2.887595259e-02	7.419420166e+02	2.193339169e-02
7.406072388e+02	2.846191451e-02	7.420622559e+02	7.565980777e-03
7.407270508e+02	8.908071322e-04	7.421824341e+02	-4.893116187e-03
7.408469238e+02	3.864346305e-03	7.423026733e+02	4.685158376e-03
7.409667358e+02	2.992986515e-02	7.424228516e+02	1.255695894e-02
7.410865479e+02	2.778439969e-02	7.425430908e+02	8.354995400e-03
7.412063599e+02	9.322108701e-03	7.426632690e+02	-1.773754600e-03
7.413261719e+02	9.472667007e-04	7.427835083e+02	-6.728034350e-04
7.414459839e+02	2.838663571e-02	7.429036865e+02	1.174959447e-02
7.415657959e+02	2.520607784e-02	7.430239258e+02	1.819015853e-02
7.416856079e+02	9.660865762e-04	7.431441040e+02	3.859445220e-03
7.418054199e+02	-1.932173152e-03	7.432643433e+02	-7.150065619e-03
7.419252319e+02	2.560129389e-02	7.433845215e+02	4.171381239e-03
7.420450439e+02	2.648582868e-02	7.435047607e+02	1.674057357e-02
7.421648560e+02	-3.966600820e-02	7.436249390e+02	-4.403192922e-02
7.422846680e+02	-3.972246870e-02	7.437451782e+02	-4.395852983e-02
7.424044800e+02	-4.098340124e-02	7.438653564e+02	-4.689440131e-02
7.425242920e+02	-4.149153829e-02	7.439855957e+02	-4.483929276e-02
7.426441040e+02	-4.209377244e-02	7.441058350e+02	-4.716963693e-02
7.427639160e+02	-4.279010743e-02	7.442260132e+02	-4.625217989e-02
