Wellenlänge 1	Intensität 1	Wellenlänge 2	Intensität 2
3.214651794e+02	-5.494886544e-03	3.214895935e+02	2.896919847e-03
3.215724487e+02	-3.369026119e-03	3.215973206e+02	4.836180247e-03
3.216797485e+02	-5.180628970e-03	3.217050476e+02	5.464644637e-03
3.217870483e+02	8.739134297e-03	3.218128052e+02	9.684331715e-03
3.218943481e+02	6.391444709e-03	3.219205627e+02	6.272669416e-03
3.220016785e+02	1.214050967e-02	3.220283203e+02	-1.412547776e-03
3.221089783e+02	1.307866187e-03	3.221360779e+02	7.062738761e-03
3.222163086e+02	7.907275110e-03	3.222438354e+02	1.783640869e-02
3.223236389e+02	5.633529276e-03	3.223516235e+02	3.507427871e-03
3.224309692e+02	1.049065730e-03	3.224594116e+02	9.397033602e-03
3.225383301e+02	5.652015097e-03	3.225671997e+02	6.470186636e-03
3.226456909e+02	-6.825859658e-03	3.226750183e+02	7.350036409e-03
3.227530518e+02	-4.108455963e-03	3.227828064e+02	5.123478360e-03
3.228604126e+02	7.019959856e-03	3.228906250e+02	-1.089337631e-03
3.229677734e+02	1.159980195e-03	3.229984436e+02	7.816895843e-03
3.230751648e+02	8.572761901e-03	3.231062622e+02	9.935717098e-04
3.231825256e+02	2.195181791e-03	3.232141113e+02	4.746399820e-03
3.232899170e+02	-4.884856753e-03	3.233219299e+02	7.242299616e-03
3.233973389e+02	2.911504125e-04	3.234297791e+02	3.579252400e-03
3.235047302e+02	3.858898301e-03	3.235376282e+02	1.675904146e-03
3.236121521e+02	2.213667380e-03	3.236455078e+02	1.018710248e-02
3.237195740e+02	7.167845964e-03	3.237533569e+02	3.399691079e-03
3.238269958e+02	1.075407956e-02	3.238612366e+02	8.930174634e-03
3.239344177e+02	5.615043920e-03	3.239691162e+02	2.178675262e-03
3.240418701e+02	1.010707859e-02	3.240769958e+02	7.242299616e-03
3.241492920e+02	2.417010488e-03	3.241848755e+02	3.435603343e-03
3.242567444e+02	1.862438396e-03	3.242927856e+02	6.254713517e-03
3.243641968e+02	5.171386059e-03	3.244006958e+02	3.830638016e-04
3.244716797e+02	6.132644601e-03	3.245086060e+02	5.644205492e-03
3.245791321e+02	5.684365169e-04	3.246165161e+02	1.198271383e-02
3.246866150e+02	-2.093510004e-03	3.247244263e+02	4.405233543e-03
3.247940979e+02	-8.364797686e-04	3.248323669e+02	4.477058072e-03
3.249016113e+02	6.978366873e-04	3.249403076e+02	-1.987143420e-03
3.250090942e+02	-4.663028289e-03	3.250482483e+02	1.316781854e-04
3.251166077e+02	4.635299556e-03	3.251561890e+02	6.703616586e-03
3.252241211e+02	7.482103538e-03	3.252641602e+02	7.565509994e-03
3.253316345e+02	-1.575909439e-03	3.253721313e+02	-7.840836770e-04
3.254391479e+02	9.381513228e-04	3.254801025e+02	5.428732373e-03
3.255466919e+02	1.086499356e-02	3.255880737e+02	-1.197074307e-03
3.256542358e+02	4.191641696e-03	3.256960449e+02	9.414989501e-03
3.257617798e+02	2.195181791e-03	3.258040466e+02	3.256042255e-03
3.258693237e+02	4.228613339e-03	3.259120483e+02	-4.375306889e-03
3.259768677e+02	6.446902175e-03	3.260200500e+02	1.262913458e-03
3.260844421e+02	1.677580993e-03	3.261280518e+02	3.381734947e-03
3.261920166e+02	6.299016066e-03	3.262360535e+02	2.448017010e-03
3.262995911e+02	-5.236085970e-03	3.263440857e+02	2.250499791e-03
3.264071655e+02	3.563126549e-03	3.264521179e+02	2.088894835e-03
3.265147705e+02	9.312191978e-03	3.265601501e+02	3.669032827e-03
3.266223450e+02	5.522614811e-03	3.266681824e+02	4.728443455e-03
3.267299500e+02	6.423795130e-04	3.267762451e+02	5.644205492e-03
3.268375549e+02	2.897639759e-03	3.268843079e+02	5.051653832e-03
3.269451904e+02	6.077187136e-03	3.269923706e+02	9.935717098e-03
3.270527954e+02	3.729498247e-03	3.271004333e+02	6.542011164e-03
3.271604309e+02	1.147502381e-02	3.272084961e+02	5.769898184e-03
3.272680664e+02	3.581612138e-03	3.273165894e+02	6.775440648e-03
3.273757324e+02	-3.373647633e-04	3.274246826e+02	-1.179118291e-03
3.274833679e+02	5.892329849e-03	3.275327759e+02	2.035026439e-03
3.275910339e+02	3.692526603e-03	3.276408691e+02	4.387277644e-03
3.276987000e+02	6.793509820e-04	3.277489624e+02	1.675904146e-03
3.278063660e+02	-1.155358768e-04	3.278570862e+02	2.896919847e-03
3.279140320e+02	-1.464994974e-03	3.279652100e+02	1.410153601e-02
3.280217285e+02	1.049527898e-02	3.280733337e+02	5.267126951e-03
3.281293945e+02	1.215437427e-03	3.281814575e+02	9.756155778e-04
3.282370911e+02	-4.441199359e-03	3.282896118e+02	5.985371768e-03
3.283447876e+02	-1.021337113e-03	3.283977661e+02	4.764355719e-03
3.284525146e+02	-5.776793696e-04	3.285059204e+02	2.106850967e-03
3.285602112e+02	5.966272671e-03	3.286140747e+02	6.865221541e-03
3.286679382e+02	3.027040046e-03	3.287222290e+02	4.477058072e-03
3.287756653e+02	1.441425644e-02	3.288304138e+02	1.219818741e-02
3.288834229e+02	7.149360143e-03	3.289385986e+02	7.493685465e-03
3.289911499e+02	3.544640727e-03	3.290467834e+02	5.554425064e-03
3.290989075e+02	-8.919370011e-04	3.291549683e+02	4.728443455e-03
3.292066650e+02	6.835102569e-03	3.292631531e+02	1.801596954e-03
3.293144226e+02	3.650933795e-04	3.293713684e+02	5.338951480e-03
3.294221802e+02	1.215437427e-03	3.294795837e+02	7.906676270e-03
3.295299683e+02	2.657325240e-03	3.295877991e+02	-1.268898835e-03
3.296377258e+02	1.825466868e-03	3.296960144e+02	4.477058072e-03
3.297455139e+02	5.060471594e-03	3.298042603e+02	4.243628588e-03
3.298533325e+02	1.548180822e-03	3.299124756e+02	1.963201910e-03
3.299611206e+02	1.241779607e-02	3.300207214e+02	7.547553629e-03
3.300689392e+02	4.727728199e-03	3.301289673e+02	1.352694002e-03
3.301767273e+02	6.520844996e-03	3.302372437e+02	4.836180247e-03
3.302845459e+02	1.219596714e-02	3.303454895e+02	7.601422258e-04
3.303923950e+02	6.793509820e-04	3.304537659e+02	2.573709935e-03
3.305002136e+02	-7.255653036e-04	3.305620422e+02	2.106850967e-03
3.306080627e+02	1.219596714e-02	3.306703186e+02	3.471515607e-03
3.307159119e+02	3.988298588e-03	3.307786255e+02	5.967415404e-03
3.308237610e+02	7.944246754e-03	3.308869019e+02	5.087566096e-04
3.309316101e+02	5.263814703e-03	3.309952087e+02	4.387277644e-03
3.310394897e+02	7.574532181e-03	3.311035156e+02	2.681446495e-03
3.311473694e+02	8.826940903e-04	3.312118530e+02	-3.351808118e-04
3.312552185e+02	1.034739334e-02	3.313201599e+02	5.015741568e-03
3.313631287e+02	1.511209295e-03	3.314284973e+02	9.827980772e-03
3.314710083e+02	2.823696937e-03	3.315368347e+02	6.488143001e-03
3.315789185e+02	7.112388499e-03	3.316451721e+02	2.825095551e-03
3.316868286e+02	3.415240673e-03	3.317535095e+02	1.359876432e-02
3.317947388e+02	7.611503825e-03	3.318618774e+02	3.148305463e-03
3.319026489e+02	6.946017034e-03	3.319702148e+02	1.496342884e-04
3.320105591e+02	1.381809125e-03	3.320785828e+02	1.015119068e-02
3.321184998e+02	9.071877226e-03	3.321869507e+02	9.558638558e-03
3.322264404e+02	3.470697906e-03	3.322953491e+02	5.428732373e-03
3.323343811e+02	6.317501888e-03	3.324037170e+02	9.540682659e-03
3.324423218e+02	1.548180822e-03	3.325121155e+02	1.113877725e-02
3.325502930e+02	1.130865142e-02	3.326205139e+02	7.134563290e-03
3.326582642e+02	5.596558098e-03	3.327289124e+02	1.589714736e-02
3.327662048e+02	8.369418792e-03	3.328373413e+02	5.123478360e-03
3.328742065e+02	1.289380365e-03	3.329457703e+02	3.830638016e-03
3.329821777e+02	5.448671989e-03	3.330541687e+02	2.896919847e-03
3.330901794e+02	1.238082442e-02	3.331625977e+02	5.554425064e-03
3.331981506e+02	5.869222805e-04	3.332710571e+02	8.211930282e-03
3.333061523e+02	8.184561506e-03	3.333794861e+02	2.699402627e-03
3.334141846e+02	5.744443741e-03	3.334879456e+02	1.162359212e-02
3.335221863e+02	6.909045391e-03	3.335964050e+02	3.076481167e-03
3.336302185e+02	-2.634217963e-04	3.337048645e+02	1.729772426e-03
3.337382507e+02	6.853588391e-03	3.338133240e+02	6.380406208e-03
3.338462830e+02	7.038445678e-03	3.339218140e+02	8.337622508e-03
3.339543152e+02	6.206587423e-03	3.340303040e+02	1.639991812e-02
3.340623779e+02	3.650933795e-04	3.341387939e+02	5.159390625e-03
3.341704102e+02	8.868534118e-03	3.342472839e+02	8.283754811e-03
3.342784729e+02	2.084267326e-03	3.343557739e+02	5.805810448e-03
3.343865356e+02	5.129792844e-04	3.344642944e+02	7.852807641e-03
3.344946289e+02	-2.869911259e-03	3.345728149e+02	7.529597729e-03
3.346026917e+02	4.173155874e-03	3.346813354e+02	8.140105754e-03
3.347107849e+02	-5.222221953e-04	3.347898560e+02	-8.379520295e-05
3.348188782e+02	7.038445678e-03	3.348983765e+02	5.338951480e-03
3.349269714e+02	-3.036282957e-03	3.350069275e+02	9.576595039e-04
3.350350952e+02	8.184561506e-03	3.351154785e+02	7.996456698e-03
3.351431885e+02	5.097442772e-03	3.352240295e+02	5.033697467e-03
3.352513123e+02	3.466076450e-04	3.353325806e+02	1.223410014e-02
3.353594360e+02	1.049065730e-03	3.354411621e+02	-3.172246972e-03
3.354675598e+02	7.463617716e-03	3.355497131e+02	1.101308386e-03
3.355757141e+02	4.358013161e-03	3.356582947e+02	1.388606266e-03
3.356838379e+02	1.751523931e-03	3.357668762e+02	-1.699845539e-03
3.357919922e+02	1.432644931e-04	3.358754883e+02	1.999114174e-03
3.359001465e+02	5.041985773e-03	3.359840698e+02	7.242299616e-03
3.360083313e+02	-1.095280168e-03	3.360926819e+02	5.769898184e-03
3.361164856e+02	1.843952574e-03	3.362012939e+02	4.764355719e-03
3.362246704e+02	5.245328881e-03	3.363099060e+02	3.327866783e-03
3.363328552e+02	2.712782472e-03	3.364185181e+02	6.775440648e-03
3.364410400e+02	-2.592625096e-03	3.365271606e+02	2.106850967e-03
3.365492249e+02	3.137954511e-03	3.366358032e+02	4.117935896e-03
3.366574402e+02	3.359783441e-03	3.367444458e+02	6.129020825e-03
3.367656555e+02	3.914355766e-03	3.368530884e+02	5.769898184e-03
3.368738708e+02	9.936084971e-04	3.369617310e+02	3.884506179e-03
3.369820862e+02	-5.776793696e-04	3.370704041e+02	2.807139419e-03
3.370903015e+02	5.762929562e-03	3.371790771e+02	-3.531369439e-04
3.371985474e+02	4.598327912e-03	3.372877502e+02	9.792068042e-03
3.373067932e+02	4.284070339e-03	3.373964233e+02	2.178675262e-03
3.374150391e+02	3.064011456e-03	3.375050964e+02	5.123478360e-03
3.375232849e+02	6.354473531e-03	3.376138000e+02	-4.231657833e-03
3.376315613e+02	7.038445678e-03	3.377225037e+02	7.673246786e-03
3.377398071e+02	-1.280137571e-03	3.378312073e+02	7.403905038e-03
3.378480835e+02	5.189871881e-03	3.379399109e+02	-2.813124738e-04
3.379563599e+02	8.642083849e-04	3.380486450e+02	7.206387818e-03
3.380646667e+02	6.465387531e-03	3.381573486e+02	8.140105638e-04
3.381729431e+02	-2.629596507e-03	3.382660828e+02	1.237774920e-02
3.382812500e+02	5.078957416e-03	3.383748169e+02	3.184217727e-03
3.383895569e+02	4.575220810e-04	3.384835815e+02	3.112393199e-03
3.384978638e+02	5.744443741e-03	3.385923157e+02	7.565509994e-03
3.386061707e+02	5.744443741e-03	3.387010803e+02	3.812681884e-03
3.387145081e+02	7.740903646e-03	3.388098450e+02	9.576595039e-05
3.388228455e+02	1.252408954e-03	3.389186096e+02	-2.723344136e-03
3.389311829e+02	5.393214989e-03	3.390274048e+02	6.272669416e-03
3.390395203e+02	1.034739334e-02	3.391361694e+02	4.602750763e-03
3.391478577e+02	-1.649852376e-03	3.392449646e+02	5.841722712e-03
3.392562256e+02	5.966272671e-03	3.393537598e+02	1.316781738e-03
3.393645935e+02	5.596558098e-03	3.394625549e+02	1.729772426e-03
3.394729614e+02	3.692526603e-03	3.395713501e+02	3.076481167e-03
3.395813293e+02	5.115928594e-03	3.396801758e+02	2.106850967e-03
3.396896973e+02	5.319271702e-03	3.397890015e+02	2.986700507e-03
3.397980957e+02	-2.518682042e-03	3.398978271e+02	3.098028339e-02
3.399064941e+02	3.951326944e-03	3.400066528e+02	4.764355719e-03
3.400148926e+02	5.966272671e-03	3.401155090e+02	4.189760424e-03
3.401232910e+02	7.519075181e-03	3.402243347e+02	6.811352912e-03
3.402317200e+02	1.424788497e-02	3.403331909e+02	3.902462311e-03
3.403401489e+02	-4.667649628e-04	3.404420471e+02	1.094125956e-02
3.404485474e+02	-6.516223657e-04	3.405509033e+02	4.746399820e-03
3.405570068e+02	-1.058308640e-03	3.406597900e+02	6.452230737e-03
3.406654358e+02	4.376498982e-03	3.407686768e+02	6.039239932e-03
3.407738647e+02	4.912585486e-03	3.408775330e+02	1.099512819e-02
3.408823242e+02	3.858898301e-03	3.409864502e+02	4.908004776e-03
3.409907837e+02	4.857128486e-03	3.410953369e+02	5.374863744e-03
3.410992432e+02	-9.104227065e-04	3.412042236e+02	3.399691079e-03
3.412077332e+02	6.816616748e-03	3.413131409e+02	-2.148748375e-03
3.413161926e+02	-2.851425437e-03	3.414220581e+02	4.046111368e-03
3.414246826e+02	-3.188790288e-04	3.415309753e+02	2.376192482e-03
3.415331726e+02	9.293706156e-03	3.416398926e+02	7.062738761e-03
3.416416626e+02	3.914355766e-03	3.417488403e+02	5.105521996e-03
3.417501831e+02	9.127334692e-03	3.418577881e+02	6.344493944e-03
3.418586731e+02	-1.155358768e-04	3.419667358e+02	4.225672688e-03
3.419671936e+02	3.304326208e-03	3.420756836e+02	4.369321279e-03
3.420757141e+02	4.394984804e-03	3.421846313e+02	2.035026439e-03
3.421842346e+02	1.400294830e-03	3.422936096e+02	1.029483974e-03
3.422927856e+02	5.083578799e-05	3.424025574e+02	9.397033718e-04
3.424013367e+02	7.629989646e-03	3.425115356e+02	4.369321279e-03
3.425098572e+02	-5.591936642e-04	3.426205444e+02	6.164933089e-03
3.426184082e+02	2.158210147e-03	3.427295227e+02	2.753271023e-03
3.427269897e+02	9.330677800e-03	3.428385315e+02	-7.661276031e-04
3.428355408e+02	8.036675863e-03	3.429475098e+02	1.076169871e-02
3.429441223e+02	1.437266357e-03	3.430565186e+02	1.532255206e-03
3.430527039e+02	-6.659488194e-03	3.431655579e+02	-1.035469351e-03
3.431612854e+02	4.986528307e-03	3.432745667e+02	3.417647211e-03
3.432698669e+02	7.833332755e-03	3.433836060e+02	2.789183287e-03
3.433784790e+02	1.373028383e-02	3.434926453e+02	1.029483974e-02
3.434870911e+02	2.453982132e-03	3.436016846e+02	1.049235649e-02
3.435956726e+02	6.539330818e-03	3.437107239e+02	5.285083316e-03
3.437043152e+02	5.892329849e-03	3.438197632e+02	5.159390625e-03
3.438129272e+02	2.324581845e-03	3.439288330e+02	6.631792057e-03
3.439215698e+02	2.139724558e-03	3.440379028e+02	2.950788243e-03
3.440301819e+02	9.367649443e-03	3.441469727e+02	4.602750763e-03
3.441388245e+02	6.576301996e-03	3.442560425e+02	1.327555440e-02
3.442474670e+02	8.332447149e-03	3.443651428e+02	-1.933275023e-03
3.443561401e+02	1.862438396e-03	3.444742126e+02	5.841722712e-03
3.444647827e+02	-1.525073603e-04	3.445833130e+02	7.780983287e-05
3.445734558e+02	-1.169223106e-03	3.446924133e+02	2.430060878e-03
3.446821289e+02	7.348082145e-04	3.448015137e+02	8.642876521e-03
3.447908020e+02	8.702162653e-03	3.449106445e+02	-1.628021128e-03
3.448995056e+02	-5.776793696e-04	3.450197754e+02	8.355579339e-03
3.450081787e+02	4.690756556e-03	3.451289062e+02	6.488143001e-03
3.451168823e+02	5.688986741e-03	3.452380371e+02	-4.465087317e-03
3.452255859e+02	-1.224680338e-03	3.453471680e+02	8.122149855e-03
3.453343201e+02	-1.890167012e-03	3.454562988e+02	4.925961141e-03
3.454430237e+02	4.968042951e-03	3.455654602e+02	2.124806866e-03
3.455517578e+02	-1.760766841e-03	3.456746216e+02	-2.292397432e-03
3.456604919e+02	1.713166013e-02	3.457837830e+02	4.082023632e-03
3.457692261e+02	-2.079645783e-04	3.458929749e+02	4.207716323e-03
3.458779602e+02	8.406390436e-03	3.460021362e+02	1.314986218e-02
3.459866943e+02	-1.668338082e-03	3.461113281e+02	1.444270182e-02
3.460954590e+02	4.302556161e-03	3.462205200e+02	-4.285525996e-03
3.462042236e+02	8.295476437e-03	3.463297119e+02	7.206387818e-03
3.463129883e+02	7.149360143e-03	3.464389038e+02	8.499227464e-03
3.464217529e+02	5.725957919e-03	3.465481262e+02	4.405233543e-03
3.465305481e+02	2.731268061e-03	3.466573486e+02	1.496342942e-03
3.466393433e+02	8.184561506e-03	3.467665710e+02	1.029483974e-03
3.467481079e+02	1.252408954e-03	3.468757935e+02	-2.705388004e-03
3.468569336e+02	9.381513228e-04	3.469850159e+02	2.932832285e-04
3.469657288e+02	9.737364016e-03	3.470942688e+02	5.751942284e-03
3.470745239e+02	-1.612880849e-03	3.472034912e+02	7.888720371e-03
3.471833496e+02	3.027040046e-03	3.473127441e+02	1.711816294e-03
3.472921753e+02	2.953096991e-03	3.474220276e+02	2.789183287e-03
3.474010010e+02	8.702162653e-03	3.475312805e+02	1.604079618e-03
3.475098572e+02	1.016253605e-02	3.476405334e+02	2.825095551e-03
3.476186829e+02	7.348082145e-04	3.477498169e+02	5.051653832e-03
3.477275391e+02	6.446902175e-03	3.478591003e+02	-4.788297520e-04
3.478363953e+02	-4.297934647e-04	3.479683838e+02	6.847265176e-03
3.479452515e+02	-2.019567182e-03	3.480776978e+02	5.518512800e-03
3.480541077e+02	8.406390436e-03	3.481869812e+02	-7.122592651e-04
3.481629944e+02	-5.365486257e-03	3.482962952e+02	1.460430678e-02
3.482718811e+02	2.620353829e-03	3.484056091e+02	1.801596954e-03
3.483807678e+02	5.670500919e-03	3.485149231e+02	8.930174634e-03
3.484896545e+02	1.917895628e-03	3.486242676e+02	3.363778815e-03
3.485985413e+02	3.281218815e-04	3.487336121e+02	8.068281226e-03
3.487074585e+02	6.705702282e-03	3.488429260e+02	9.073823690e-03
3.488163757e+02	-1.797738252e-03	3.489522705e+02	2.088894835e-03
3.489252930e+02	2.675811062e-03	3.490616455e+02	-1.232986571e-03
3.490342102e+02	1.880924101e-03	3.491709900e+02	1.345511526e-02
3.491431274e+02	1.936381334e-03	3.492803650e+02	-1.663933392e-03
3.492520752e+02	-2.352310577e-03	3.493897095e+02	6.057196297e-03
3.493610229e+02	8.554276079e-03	3.494990845e+02	7.062738761e-03
3.494699707e+02	1.040285081e-02	3.496084900e+02	8.624920622e-03
3.495789185e+02	8.443362080e-03	3.497178650e+02	3.884506179e-03
3.496878967e+02	6.687216461e-03	3.498272705e+02	1.227001194e-03
3.497968445e+02	5.078957416e-03	3.499366760e+02	9.397033602e-03
3.499058228e+02	1.532005705e-02	3.500460815e+02	8.535140194e-03
3.500148010e+02	1.677580993e-03	3.501554871e+02	1.747728558e-03
3.501237793e+02	1.247787441e-04	3.502648926e+02	1.007936615e-02
3.502327881e+02	1.086037257e-03	3.503743286e+02	7.134563290e-03
3.503417664e+02	4.450442269e-03	3.504837646e+02	1.101308409e-02
3.504507751e+02	7.740903646e-03	3.505932007e+02	1.065396122e-03
3.505597839e+02	-1.908652717e-03	3.507026367e+02	-1.197074380e-04
3.506688232e+02	7.278760429e-03	3.508121033e+02	5.823766813e-03
3.507778320e+02	-3.928219958e-04	3.509215393e+02	-3.082466545e-03
3.508868713e+02	1.622123760e-03	3.510310059e+02	6.111064460e-03
3.509959106e+02	4.394984804e-03	3.511404724e+02	-3.028598148e-03
3.511049500e+02	5.818387028e-03	3.512499390e+02	1.354489662e-02
3.512139893e+02	-3.147197422e-03	3.513594360e+02	1.765684690e-03
3.513230286e+02	-4.237856250e-03	3.514689026e+02	4.530926235e-03
3.514320984e+02	5.707472563e-03	3.515783997e+02	6.200845353e-03
3.515411682e+02	-1.709930948e-04	3.516878967e+02	8.409447037e-03
3.516502380e+02	-9.473941755e-04	3.517974243e+02	4.441145808e-03
3.517593079e+02	2.694296651e-03	3.519069214e+02	8.696745150e-03
3.518684082e+02	2.583382186e-03	3.520164490e+02	3.830638016e-03
3.519775085e+02	-3.849655390e-03	3.521259766e+02	8.032368496e-03
3.520866089e+02	2.065781504e-03	3.522355042e+02	1.406562328e-02
3.521957092e+02	-2.832939848e-03	3.523450317e+02	6.703616236e-04
3.523048096e+02	-2.449360618e-04	3.524545593e+02	4.477058072e-03
3.524139099e+02	2.195181791e-03	3.525641174e+02	8.319666609e-03
3.525230408e+02	-1.206194516e-03	3.526736755e+02	-7.697188295e-03
3.526321716e+02	5.115928594e-03	3.527832336e+02	3.866550047e-03
3.527413025e+02	6.557816640e-03	3.528927917e+02	2.663490362e-03
3.528504333e+02	7.703932468e-03	3.530023804e+02	5.320995580e-03
3.529595947e+02	-4.163912963e-03	3.531119385e+02	1.191088930e-03
3.530687561e+02	1.511209295e-03	3.532215271e+02	1.388606266e-03
3.531779175e+02	6.872074213e-03	3.533311157e+02	7.763027214e-03
3.532870789e+02	4.468927626e-03	3.534407349e+02	5.249171052e-03
3.533962402e+02	7.445131894e-03	3.535503235e+02	8.499227464e-03
3.535054321e+02	1.326351892e-03	3.536599426e+02	7.996456698e-03
3.536145935e+02	1.068013627e-02	3.537695618e+02	7.421860937e-04
3.537237854e+02	1.478397101e-02	3.538791809e+02	8.553096093e-03
3.538329773e+02	9.312191978e-03	3.539888000e+02	2.088894835e-03
3.539421997e+02	5.263814703e-03	3.540984192e+02	4.082023632e-03
3.540513916e+02	7.167845964e-03	3.542080688e+02	8.768569678e-03
3.541606140e+02	-4.667649628e-04	3.543177185e+02	1.137220673e-02
3.542698364e+02	5.393214989e-03	3.544273682e+02	2.825095551e-03
3.543790588e+02	6.520844996e-03	3.545370178e+02	3.597208532e-03
3.544882812e+02	3.618583782e-03	3.546466980e+02	1.496342884e-04
3.545975342e+02	7.463617716e-03	3.547563477e+02	6.613835692e-03
3.547067871e+02	-3.091740189e-03	3.548660278e+02	-2.920861356e-03
3.548160400e+02	7.334217429e-03	3.549757080e+02	1.284460817e-02
3.549252930e+02	3.156440100e-03	3.550854187e+02	-1.268898835e-03
3.550345459e+02	2.509439364e-03	3.551950989e+02	4.315453116e-03
3.551438293e+02	4.857128486e-03	3.553048096e+02	1.298825722e-03
3.552530823e+02	1.104522962e-03	3.554145203e+02	6.129020825e-03
3.553623657e+02	5.652015097e-03	3.555242310e+02	2.717358759e-03
3.554716797e+02	7.352703251e-03	3.556339417e+02	4.764355719e-03
3.555809631e+02	-2.001081361e-03	3.557436523e+02	3.794725752e-03
3.556902466e+02	7.482103538e-03	3.558533936e+02	3.579252400e-03
3.557995605e+02	6.058701314e-03	3.559631348e+02	5.338951480e-03
3.559088745e+02	-3.701769514e-03	3.560728760e+02	5.895591341e-03
3.560181885e+02	3.235004624e-05	3.561826172e+02	2.968744375e-03
3.561275330e+02	2.490953542e-03	3.562923889e+02	2.681446495e-03
3.562368469e+02	-2.777482616e-03	3.564021301e+02	3.094437299e-03
3.563461914e+02	1.014405023e-02	3.565119019e+02	1.639991882e-03
3.564555359e+02	-4.482791992e-04	3.566216736e+02	3.543340135e-03
3.565648804e+02	3.137954511e-03	3.567314453e+02	9.001999162e-03
3.566742249e+02	4.838642664e-03	3.568412476e+02	1.081556641e-02
3.567835999e+02	4.944935790e-04	3.569510498e+02	7.745070849e-03
3.568929749e+02	4.505899269e-03	3.570608215e+02	9.217472747e-03
3.570023499e+02	-7.440510672e-04	3.571706238e+02	1.280869590e-03
3.571117249e+02	-2.449360618e-04	3.572804565e+02	-2.705388004e-03
3.572210999e+02	2.176695969e-03	3.573902588e+02	4.656619392e-03
3.573305054e+02	9.903735481e-03	3.575000916e+02	1.675904059e-04
3.574398804e+02	1.548180822e-03	3.576099243e+02	1.155176782e-03
3.575492859e+02	8.092133328e-03	3.577197571e+02	9.612507187e-03
3.576586914e+02	3.655555192e-03	3.578295898e+02	9.522726759e-03
3.577681274e+02	-6.331366021e-04	3.579394226e+02	-8.379520732e-04
3.578775330e+02	-1.409537741e-03	3.580492859e+02	2.394148614e-03
3.579869690e+02	-1.058308640e-03	3.581591492e+02	4.997785203e-03
3.580964050e+02	2.860668348e-03	3.582690125e+02	8.517184295e-03
3.582058411e+02	7.001474034e-03	3.583788757e+02	1.067191828e-02
3.583153076e+02	2.675811062e-03	3.584887390e+02	1.413744781e-02
3.584247437e+02	5.282300524e-03	3.585986328e+02	8.840394206e-03
3.585342102e+02	-1.058308640e-03	3.587085266e+02	7.619378157e-03
3.586436768e+02	-3.276597476e-03	3.588184204e+02	-1.358679379e-03
3.587531433e+02	-1.039822935e-03	3.589283142e+02	1.149789896e-02
3.588626099e+02	7.093903143e-03	3.590382080e+02	5.338951480e-03
3.589721069e+02	1.049065730e-03	3.591481323e+02	4.405233543e-03
3.590816040e+02	5.263814703e-03	3.592580566e+02	2.394148760e-05
3.591910706e+02	-1.335594803e-03	3.593679810e+02	5.751942284e-03
3.593005981e+02	-2.962339902e-03	3.594779053e+02	1.424518530e-03
3.594100952e+02	1.659095171e-03	3.595878296e+02	-1.556196657e-04
3.595195923e+02	5.374729168e-03	3.596977844e+02	-2.094880183e-04
3.596291199e+02	-3.609340871e-03	3.598077393e+02	-8.379520295e-05
3.597386475e+02	1.529695000e-03	3.599176941e+02	3.148305463e-03
3.598481750e+02	-4.219370428e-03	3.600276489e+02	6.524055498e-04
3.599577332e+02	4.616813734e-03	3.601376038e+02	3.130349331e-03
3.600672607e+02	8.923991583e-03	3.602475891e+02	9.073823690e-03
3.601768188e+02	1.374876965e-02	3.603575439e+02	2.465973143e-03
3.602863770e+02	1.289380365e-03	3.604675293e+02	3.112393199e-03
3.603959351e+02	3.466076450e-04	3.605775146e+02	1.068987418e-02
3.605054932e+02	8.350932971e-03	3.606875305e+02	1.216227561e-02
3.606150818e+02	1.012094319e-03	3.607975159e+02	5.590337329e-03
3.607246399e+02	5.947786849e-03	3.609075317e+02	-1.358679379e-03
3.608342285e+02	6.816616748e-03	3.610175476e+02	-2.382177860e-03
3.609438171e+02	-6.197344512e-03	3.611275635e+02	4.548882425e-04
3.610534363e+02	6.927531213e-03	3.612375793e+02	6.631792057e-03
3.611630249e+02	-2.130481647e-03	3.613476257e+02	8.930174634e-03
3.612726440e+02	1.733038225e-03	3.614576721e+02	8.624920622e-03
3.613822632e+02	-7.380431984e-03	3.615677185e+02	3.992242739e-03
3.614918823e+02	6.151129957e-03	3.616777649e+02	1.058213692e-02
3.616015015e+02	-3.221140243e-03	3.617878113e+02	7.691202685e-03
3.617111511e+02	1.247787441e-04	3.618978882e+02	4.979829304e-03
3.618207703e+02	1.012094319e-03	3.620079346e+02	3.902462311e-03
3.619304199e+02	-2.075024415e-03	3.621180115e+02	3.471515607e-03
3.620400696e+02	2.047295682e-03	3.622280884e+02	1.801596954e-03
3.621497498e+02	6.372958887e-03	3.623381653e+02	3.722901223e-03
3.622593994e+02	3.096361470e-04	3.624482727e+02	1.173132844e-02
3.623690796e+02	-2.185938880e-03	3.625583801e+02	9.702287614e-03
3.624787598e+02	4.358013161e-03	3.626684875e+02	4.477058072e-03
3.625884399e+02	6.687216461e-03	3.627785950e+02	6.559967529e-03
3.626981201e+02	-6.548573729e-03	3.628887024e+02	3.238086123e-03
3.628078003e+02	1.023647841e-02	3.629988098e+02	5.805810797e-04
3.629175110e+02	-3.073254367e-03	3.631089478e+02	1.063600555e-02
3.630272217e+02	1.622123760e-03	3.632190857e+02	9.863892570e-03
3.631369324e+02	6.853588391e-03	3.633292236e+02	1.043848880e-02
3.632466431e+02	1.529695000e-03	3.634393616e+02	1.000754163e-02
3.633563843e+02	3.396754852e-03	3.635494995e+02	3.399691079e-03
3.634660950e+02	7.851818576e-03	3.636596680e+02	8.571051992e-03
3.635758362e+02	-2.703539561e-03	3.637698364e+02	3.220129991e-03
3.636855774e+02	-4.200884607e-03	3.638800049e+02	5.716030020e-03
3.637953186e+02	-4.482791992e-04	3.639901733e+02	1.065396145e-02
3.639050903e+02	2.195181791e-03	3.641003723e+02	8.499227464e-03
3.640148315e+02	1.917895628e-03	3.642105408e+02	1.000754163e-02
3.641246033e+02	7.241788786e-03	3.643207397e+02	1.000754163e-02
3.642343750e+02	8.313962258e-03	3.644309387e+02	6.757484749e-03
3.643441467e+02	4.575220810e-04	3.645411377e+02	7.224343717e-03
3.644539490e+02	-1.391051919e-03	3.646513367e+02	4.046111368e-03
3.645637207e+02	2.805211116e-03	3.647615662e+02	8.355579339e-03
3.646735229e+02	7.149360143e-03	3.648717957e+02	9.863892570e-03
3.647833252e+02	9.423105977e-03	3.649820251e+02	6.703616586e-03
3.648931274e+02	6.335987709e-03	3.650922546e+02	4.046111368e-03
3.650029602e+02	-6.123401690e-03	3.652024841e+02	8.319666609e-03
3.651127625e+02	3.064011456e-03	3.653127441e+02	9.720243514e-03
3.652225952e+02	1.899409806e-03	3.654229736e+02	4.225672688e-03
3.653324280e+02	-3.942084033e-03	3.655332336e+02	-2.202616772e-03
3.654422607e+02	3.027040046e-03	3.656435242e+02	7.709158584e-03
3.655520935e+02	1.307866187e-03	3.657537842e+02	3.669032827e-03
3.656619568e+02	-1.169223106e-03	3.658640442e+02	4.369321396e-04
3.657718201e+02	1.585152233e-03	3.659743347e+02	1.165950391e-02
3.658816833e+02	-4.108455963e-03	3.660846252e+02	5.662161857e-03
3.659915466e+02	-1.557423617e-03	3.661949158e+02	7.978500798e-03
3.661014099e+02	1.770009636e-03	3.663052063e+02	9.145648219e-03
3.662113037e+02	-3.558504977e-04	3.664155273e+02	2.286412055e-03
3.663211670e+02	8.424876258e-03	3.665258179e+02	1.119264518e-03
3.664310608e+02	-1.927138423e-03	3.666361389e+02	7.601422258e-03
3.665409546e+02	2.694296651e-03	3.667464600e+02	2.340280451e-03
3.666508789e+02	7.163224509e-04	3.668568115e+02	-5.865664571e-04
3.667607727e+02	3.027040046e-03	3.669671326e+02	6.559967529e-03
3.668706970e+02	3.803441068e-03	3.670774841e+02	6.757484749e-03
3.669806213e+02	-1.742281020e-03	3.671878052e+02	5.518512800e-03
3.670905457e+02	7.260274608e-03	3.672981567e+02	7.421860937e-03
3.672004700e+02	4.265584517e-03	3.674085388e+02	4.764355719e-03
3.673104248e+02	7.241788786e-03	3.675188904e+02	4.512970336e-03
3.674203491e+02	2.176695969e-03	3.676292725e+02	1.837509102e-03
3.675303040e+02	1.344837598e-03	3.677396240e+02	-2.274441213e-04
3.676402588e+02	6.040215958e-03	3.678500061e+02	3.543340135e-03
3.677502136e+02	-5.961651332e-04	3.679604187e+02	7.314124145e-03
3.678601990e+02	-2.740510972e-03	3.680708008e+02	4.908004776e-03
3.679701538e+02	3.452212084e-03	3.681812134e+02	9.361121804e-03
3.680801392e+02	-6.049458403e-03	3.682915955e+02	1.122855768e-02
3.681901245e+02	-2.407767810e-03	3.684020081e+02	5.195302889e-03
3.683001404e+02	5.688986741e-03	3.685124207e+02	1.288051996e-02
3.684101257e+02	5.115928594e-03	3.686228638e+02	6.129020825e-03
3.685201416e+02	6.280530244e-03	3.687332764e+02	2.196631394e-03
3.686301270e+02	9.108848870e-03	3.688437195e+02	5.913547240e-03
3.687401428e+02	3.692526603e-03	3.689541626e+02	2.950788243e-03
3.688501892e+02	1.104985178e-02	3.690646057e+02	4.836180247e-03
3.689602051e+02	1.770009636e-03	3.691750488e+02	7.350036409e-03
3.690702209e+02	-4.293313250e-03	3.692855225e+02	2.430060878e-03
3.691802673e+02	-2.093510004e-03	3.693959656e+02	4.010199104e-03
3.692903137e+02	-6.788888015e-03	3.695064392e+02	8.409447037e-03
3.694003601e+02	4.376498982e-03	3.696169128e+02	-5.291068461e-03
3.695104370e+02	3.821926890e-03	3.697274170e+02	4.099979531e-03
3.696204834e+02	5.097442772e-03	3.698378906e+02	7.996456698e-03
3.697305603e+02	1.101288013e-02	3.699483948e+02	2.986700507e-03
3.698406372e+02	7.315731607e-03	3.700588684e+02	8.247842081e-03
3.699507141e+02	5.707472563e-03	3.701693726e+02	9.343164973e-03
3.700607910e+02	3.729498247e-03	3.702799072e+02	2.017070306e-03
3.701708984e+02	-2.075024415e-03	3.703904114e+02	7.547553629e-03
3.702810059e+02	-1.039822935e-03	3.705009460e+02	7.745070849e-03
3.703910828e+02	7.833332755e-03	3.706114502e+02	7.493685465e-03
3.705011902e+02	-8.364797686e-04	3.707219849e+02	-2.328309696e-03
3.706113281e+02	7.167845964e-03	3.708325195e+02	1.435292140e-02
3.707214355e+02	6.446902175e-03	3.709430847e+02	3.040568903e-03
3.708315735e+02	3.304326208e-03	3.710536194e+02	8.481271565e-03
3.709417114e+02	-9.705013508e-05	3.711641846e+02	1.227001194e-03
3.710518494e+02	1.188171003e-02	3.712747498e+02	1.661539264e-02
3.711619873e+02	-1.039822935e-03	3.713853149e+02	3.058525035e-03
3.712721252e+02	1.566666528e-03	3.714958801e+02	6.775440648e-03
3.713822937e+02	6.557816640e-03	3.716064758e+02	4.064067267e-03
3.714924622e+02	6.890559569e-03	3.717170715e+02	2.932832285e-04
3.716026306e+02	9.681906551e-03	3.718276367e+02	-1.915319008e-04
3.717127991e+02	8.646705188e-03	3.719382629e+02	1.422722824e-02
3.718229675e+02	-1.797738252e-03	3.720488586e+02	1.358080842e-02
3.719331665e+02	1.175230928e-02	3.721594543e+02	3.830638016e-04
3.720433655e+02	-3.036282957e-03	3.722700806e+02	2.178675262e-03
3.721535645e+02	1.770009636e-03	3.723807068e+02	2.519841539e-03
3.722637634e+02	8.868534118e-03	3.724913330e+02	6.164932856e-04
3.723739624e+02	-4.515142180e-03	3.726019592e+02	9.630463086e-03
3.724841919e+02	2.546410775e-03	3.727125854e+02	5.626249593e-03
3.725944214e+02	1.223293878e-02	3.728232422e+02	8.858350106e-03
3.727046204e+02	1.018102188e-02	3.729338989e+02	3.686988959e-03
3.728148804e+02	-4.404227715e-03	3.730445557e+02	-3.351808293e-03
3.729251099e+02	4.450442269e-03	3.731552124e+02	-1.915319008e-04
3.730353394e+02	1.991838450e-03	3.732658691e+02	5.787854549e-03
3.731455994e+02	-1.649852376e-03	3.733765564e+02	2.896919847e-03
3.732558594e+02	-1.834709779e-03	3.734872131e+02	3.256042255e-03
3.733661194e+02	-5.716715474e-03	3.735979004e+02	2.663490362e-03
3.734763794e+02	-1.520452206e-03	3.737085876e+02	2.465973143e-03
3.735866699e+02	1.215437427e-03	3.738193054e+02	-1.448459923e-03
3.736969299e+02	2.287610434e-03	3.739299927e+02	6.182888988e-03
3.738072205e+02	3.235004624e-05	3.740407104e+02	5.949459504e-03
3.739175110e+02	7.038445678e-03	3.741514282e+02	5.913547240e-03
3.740278015e+02	2.805211116e-03	3.742621460e+02	6.775440648e-03
3.741381226e+02	8.313962258e-03	3.743728638e+02	1.094125956e-02
3.742484131e+02	-2.555653686e-03	3.744835815e+02	6.452230737e-03
3.743587341e+02	8.591247723e-03	3.745943298e+02	7.601422258e-03
3.744690552e+02	-5.776793696e-04	3.747050781e+02	-8.379520295e-05
3.745793762e+02	6.040215958e-03	3.748158264e+02	-9.995570872e-04
3.746897278e+02	5.430186167e-03	3.749265747e+02	6.326538045e-03
3.748000488e+02	3.304326208e-03	3.750373230e+02	4.082023632e-03
3.749104004e+02	5.559586454e-03	3.751481018e+02	4.512970336e-03
3.750207520e+02	-1.002851408e-03	3.752588806e+02	1.252139732e-02
3.751311035e+02	6.853588391e-03	3.753696594e+02	1.298825722e-03
3.752414551e+02	1.418780535e-03	3.754804382e+02	5.195302889e-03
3.753518372e+02	1.437266357e-03	3.755912170e+02	9.720243514e-03
3.754621887e+02	4.575220810e-04	3.757020264e+02	-1.197074380e-05
3.755725708e+02	9.441591799e-03	3.758128052e+02	6.524055498e-04
3.756829529e+02	6.299016066e-03	3.759236145e+02	3.112393199e-03
3.757933655e+02	1.289380365e-03	3.760344238e+02	4.512970336e-03
3.759037476e+02	1.178466016e-03	3.761452332e+02	-9.816009551e-04
3.760141602e+02	4.117698874e-03	3.762560730e+02	6.775440648e-03
3.761245728e+02	-2.537167864e-03	3.763669128e+02	1.246752962e-02
3.762349854e+02	-2.407767810e-03	3.764777222e+02	1.999114081e-02
3.763453979e+02	3.304326208e-03	3.765885620e+02	3.256042255e-03
3.764558105e+02	-2.611110918e-03	3.766994324e+02	4.117935896e-03
3.765662537e+02	-3.905112622e-03	3.768102722e+02	4.728443455e-03
3.766766968e+02	1.289380365e-03	3.769211121e+02	6.613835692e-03
3.767871399e+02	-1.760766841e-03	3.770319824e+02	3.309910651e-03
3.768975830e+02	3.193411743e-03	3.771428528e+02	1.747728558e-03
3.770080261e+02	-7.440510672e-04	3.772537231e+02	5.087566096e-03
3.771184998e+02	-6.007865522e-05	3.773646240e+02	1.230592467e-02
3.772289429e+02	5.374729168e-03	3.774754944e+02	2.304368187e-03
3.773394165e+02	3.784955479e-03	3.775863953e+02	4.728443455e-03
3.774498901e+02	-9.843657026e-04	3.776972961e+02	7.565509994e-03
3.775603943e+02	2.010324271e-03	3.778081970e+02	5.733985920e-03
3.776708679e+02	1.603637938e-03	3.779190979e+02	-4.429175169e-04
3.777813721e+02	-6.437659264e-03	3.780300293e+02	-2.346265828e-03
3.778918762e+02	1.064316556e-02	3.781409302e+02	3.148305463e-03
3.780023804e+02	1.991838450e-03	3.782518616e+02	-2.292397432e-03
3.781128845e+02	4.228613339e-03	3.783627930e+02	7.206387818e-03
3.782233887e+02	5.097442772e-03	3.784737244e+02	2.609622199e-03
3.783339233e+02	1.058770809e-02	3.785846863e+02	6.775440648e-03
3.784444580e+02	9.751227917e-04	3.786956177e+02	5.913547240e-03
3.785549927e+02	-5.975515582e-03	3.788065796e+02	6.703616236e-04
3.786655273e+02	-9.843657026e-04	3.789175415e+02	5.177346524e-03
3.787760620e+02	-1.501966384e-03	3.790285034e+02	3.812681884e-03
3.788866272e+02	1.153048035e-02	3.791394653e+02	-3.423632588e-03
3.789971619e+02	-3.017797135e-03	3.792504578e+02	8.283754811e-03
3.791077271e+02	-1.391051919e-03	3.793614197e+02	1.927289646e-03
3.792182922e+02	6.077187136e-03	3.794724121e+02	-3.782754997e-03
3.793288879e+02	-4.626056645e-03	3.795834045e+02	1.088739093e-02
3.794394531e+02	2.638839418e-03	3.796944275e+02	1.288051996e-02
3.795500488e+02	1.159980195e-03	3.798054199e+02	-8.559081471e-04
3.796606445e+02	5.910815671e-03	3.799164429e+02	6.488143001e-03
3.797712402e+02	4.783185199e-03	3.800274658e+02	1.074374188e-02
3.798818359e+02	9.182791226e-03	3.801384888e+02	3.256042255e-03
3.799924622e+02	2.823696937e-03	3.802495117e+02	6.093108561e-03
3.801030579e+02	3.267354565e-03	3.803605347e+02	1.316781738e-03
3.802136841e+02	1.954867039e-03	3.804715881e+02	3.740857355e-03
3.803243103e+02	-4.293313250e-03	3.805826111e+02	6.613835692e-03
3.804349365e+02	-1.834709779e-03	3.806936646e+02	3.381734947e-03
3.805455627e+02	1.659095171e-03	3.808047180e+02	2.465973143e-03
3.806562195e+02	5.615043920e-03	3.809158020e+02	5.967415404e-03
3.807668762e+02	2.084267326e-03	3.810268555e+02	1.022301521e-02
3.808775330e+02	8.517305367e-03	3.811379395e+02	4.872092512e-03
3.809881897e+02	5.430186167e-03	3.812490234e+02	2.394148614e-03
3.810988464e+02	4.431956448e-03	3.813601074e+02	-3.944360185e-03
3.812095337e+02	1.270894660e-03	3.814711914e+02	3.166261595e-03
3.813201904e+02	9.737364016e-03	3.815822754e+02	4.477058072e-03
3.814308777e+02	9.936084971e-04	3.816933899e+02	3.902462311e-03
3.815415649e+02	-2.093510004e-03	3.818045044e+02	-1.556196657e-04
3.816522522e+02	1.123008784e-03	3.819156189e+02	6.847265176e-03
3.817629700e+02	7.130874321e-03	3.820267334e+02	2.609622199e-03
3.818736572e+02	6.280530244e-03	3.821378479e+02	3.471515607e-03
3.819843750e+02	1.640609466e-03	3.822489929e+02	1.523277070e-02
3.820950928e+02	-1.169223106e-03	3.823601074e+02	4.225672688e-03
3.822058105e+02	-2.777482616e-03	3.824712524e+02	9.468858130e-03
3.823165588e+02	4.376498982e-03	3.825823975e+02	6.200845353e-03
3.824272766e+02	-4.736971110e-03	3.826935730e+02	-9.816009551e-04
3.825380249e+02	1.019950770e-02	3.828047180e+02	7.116606925e-03
3.826487732e+02	1.511209295e-03	3.829158936e+02	7.619378157e-03
3.827595215e+02	4.783185199e-03	3.830270386e+02	1.873421366e-03
3.828702698e+02	5.263814703e-03	3.831382141e+02	4.207716323e-03
3.829810486e+02	-3.003932943e-04	3.832494202e+02	-5.686103250e-04
3.830917969e+02	-1.224680338e-03	3.833605957e+02	9.271340445e-03
3.832025757e+02	5.448671989e-03	3.834718018e+02	2.825095551e-03
3.833133545e+02	6.188101601e-03	3.835829773e+02	8.571051992e-03
3.834241333e+02	1.030580024e-03	3.836941833e+02	5.662161857e-03
3.835349426e+02	1.104522962e-03	3.838053894e+02	-6.224786630e-04
3.836457214e+02	2.250639023e-03	3.839166260e+02	8.930174634e-03
3.837565308e+02	-1.243166043e-03	3.840278320e+02	3.615164431e-03
3.838673401e+02	4.598327912e-03	3.841390686e+02	1.110286452e-02
3.839781494e+02	2.121238736e-03	3.842503052e+02	4.746399820e-03
3.840889893e+02	4.173155874e-03	3.843615417e+02	1.514299074e-03
3.841997986e+02	1.165988110e-02	3.844727783e+02	-2.705388004e-03
3.843106384e+02	1.191868167e-02	3.845840149e+02	1.029483974e-02
3.844214783e+02	5.189871881e-03	3.846952820e+02	6.146976724e-03
3.845323181e+02	6.798130926e-03	3.848065491e+02	4.979829304e-03
3.846431580e+02	-5.772172473e-03	3.849178162e+02	5.967415404e-03
3.847540283e+02	1.193716656e-02	3.850290833e+02	-5.506541929e-04
3.848648682e+02	-1.575909439e-03	3.851403503e+02	4.836180247e-03
3.849757385e+02	8.055161685e-03	3.852516174e+02	5.698074121e-03
3.850866089e+02	1.086037257e-03	3.853629150e+02	2.914875979e-03
3.851974792e+02	3.304326208e-03	3.854742126e+02	8.068281226e-03
3.853083801e+02	5.430186167e-03	3.855855103e+02	-1.179118291e-03
3.854192505e+02	4.136184230e-03	3.856968079e+02	8.678789251e-03
3.855301514e+02	9.644934908e-03	3.858081360e+02	1.130038220e-02
3.856410522e+02	4.020648485e-04	3.859194336e+02	1.101308386e-03
3.857519531e+02	1.566666528e-03	3.860307617e+02	1.015119068e-02
3.858628540e+02	4.006784409e-03	3.861420898e+02	2.142762998e-03
3.859737854e+02	6.539330818e-03	3.862534180e+02	4.602750763e-03
3.860846863e+02	7.223302964e-03	3.863647461e+02	7.960543968e-03
3.861956177e+02	-4.482791992e-04	3.864761047e+02	7.978500798e-03
3.863065491e+02	4.875613842e-03	3.865874634e+02	2.304368187e-03
3.864174805e+02	4.265584517e-03	3.866988220e+02	8.086237125e-03
3.865284424e+02	8.240018971e-03	3.868101807e+02	8.445359766e-03
3.866393738e+02	7.593018003e-03	3.869215393e+02	1.855465234e-03
3.867503357e+02	9.145820513e-03	3.870328979e+02	2.394148614e-03
3.868612976e+02	3.174925921e-03	3.871442871e+02	4.010199045e-04
3.869722595e+02	4.376498982e-03	3.872556763e+02	3.094437299e-03
3.870832214e+02	-2.056538593e-03	3.873670654e+02	6.739528384e-03
3.871942139e+02	1.319419779e-02	3.874784546e+02	3.830638016e-03
3.873052063e+02	5.781415384e-03	3.875898438e+02	-1.466416055e-03
3.874161682e+02	-2.093510004e-03	3.877012634e+02	5.985371536e-04
3.875271912e+02	1.843952574e-03	3.878126526e+02	3.579252400e-03
3.876381836e+02	2.971582813e-03	3.879240723e+02	3.974286839e-03
3.877491760e+02	4.284070339e-03	3.880354919e+02	4.387277644e-03
3.878601990e+02	4.542870913e-03	3.881469421e+02	4.584794864e-03
3.879712219e+02	-2.310717537e-05	3.882583618e+02	-1.268898835e-03
3.880822449e+02	-9.843657026e-04	3.883698120e+02	-9.097764851e-04
3.881932678e+02	5.910815671e-03	3.884812317e+02	5.105521996e-03
3.883042908e+02	5.115928594e-03	3.885926819e+02	6.883177441e-03
3.884153442e+02	-5.310028791e-03	3.887041626e+02	-3.351808118e-04
3.885263672e+02	7.962732576e-03	3.888156128e+02	8.499227697e-04
3.886374207e+02	1.402605604e-02	3.889270630e+02	7.350036409e-03
3.887484741e+02	-7.602260914e-03	3.890385437e+02	1.065396122e-03
3.888595276e+02	3.466076450e-04	3.891500244e+02	5.662161857e-03
3.889706116e+02	3.526154906e-03	3.892615051e+02	5.338951480e-03
3.890816650e+02	-4.126941785e-03	3.893729858e+02	6.631792057e-03
3.891927490e+02	2.176695969e-03	3.894844971e+02	-2.723344136e-03
3.893038330e+02	1.043982152e-02	3.895959778e+02	5.195302889e-03
3.894149170e+02	2.121238736e-03	3.897074890e+02	5.087566096e-04
3.895260315e+02	-1.187708811e-03	3.898190002e+02	-4.788297520e-04
3.896371155e+02	-1.631366555e-03	3.899305115e+02	4.189760424e-03
3.897482300e+02	4.579842091e-03	3.900420532e+02	6.182888988e-03
3.898593445e+02	3.045525867e-03	3.901535645e+02	2.609622199e-03
3.899704590e+02	-9.104227065e-04	3.902651062e+02	-2.597651444e-03
3.900815735e+02	1.987217111e-04	3.903766479e+02	-1.268898835e-03
3.901927185e+02	7.944246754e-03	3.904881897e+02	1.297030039e-02
3.903038330e+02	2.356931946e-04	3.905997314e+02	8.104193024e-03
3.904149780e+02	1.659095171e-03	3.907112732e+02	6.559967529e-03
3.905261230e+02	7.278760429e-03	3.908228455e+02	8.858350106e-03
3.906372681e+02	8.942477405e-03	3.909344177e+02	2.286412055e-03
3.907484436e+02	4.210127518e-03	3.910459900e+02	2.896919847e-03
3.908595886e+02	1.090196520e-02	3.911575623e+02	-9.995570872e-04
3.909707642e+02	2.139724558e-03	3.912691345e+02	8.768569678e-03
3.910819397e+02	9.936084971e-04	3.913807373e+02	7.116606925e-03
3.911931152e+02	5.869222805e-04	3.914923096e+02	6.236757152e-03
3.913042908e+02	-8.179940050e-04	3.916039124e+02	7.260255981e-03
3.914154663e+02	1.082802285e-02	3.917155151e+02	1.072578598e-02
3.915266724e+02	-1.002851408e-03	3.918271179e+02	8.678789018e-04
3.916378784e+02	4.672270734e-03	3.919387512e+02	8.481271565e-03
3.917490845e+02	2.509439364e-03	3.920503540e+02	-3.675018204e-03
3.918602905e+02	6.299016066e-03	3.921619873e+02	3.830638016e-03
3.919714966e+02	5.078957416e-03	3.922736206e+02	5.913547240e-03
3.920827332e+02	4.117698874e-03	3.923852539e+02	1.013323478e-02
3.921939697e+02	-2.204424469e-03	3.924969177e+02	2.035026409e-04
3.923052063e+02	2.139724558e-03	3.926085510e+02	2.160719130e-03
3.924164429e+02	7.001474034e-03	3.927202148e+02	1.068987418e-02
3.925276794e+02	2.823696937e-03	3.928318787e+02	1.227001194e-03
3.926389160e+02	5.744443741e-03	3.929435425e+02	9.163604118e-03
3.927501831e+02	-2.264503273e-04	3.930552063e+02	7.637334522e-03
3.928614502e+02	6.317501888e-03	3.931668701e+02	2.878963714e-03
3.929727173e+02	5.670500919e-03	3.932785645e+02	9.504769929e-03
3.930839844e+02	5.762929562e-03	3.933902283e+02	-2.364221727e-03
3.931952515e+02	9.903735481e-03	3.935019226e+02	9.073823690e-03
3.933065491e+02	7.204817608e-03	3.936136169e+02	1.144403033e-02
3.934178162e+02	4.598327912e-03	3.937253418e+02	8.768569678e-03
3.935291138e+02	1.386430540e-05	3.938370361e+02	8.912218735e-03
3.936404114e+02	-3.928219958e-04	3.939487610e+02	1.004345343e-02
3.937517395e+02	-2.925368492e-03	3.940604858e+02	-1.951231156e-03
3.938630371e+02	5.319271702e-03	3.941722107e+02	6.398362573e-03
3.939743652e+02	3.415240673e-03	3.942839355e+02	7.350036409e-03
3.940856628e+02	6.724188104e-03	3.943956604e+02	1.413744781e-02
3.941969910e+02	3.341297619e-03	3.945074158e+02	6.164933089e-03
3.943083191e+02	5.226843059e-03	3.946191406e+02	-1.197074307e-03
3.944196777e+02	-2.888396848e-03	3.947308960e+02	3.471515607e-03
3.945310059e+02	-6.437659264e-03	3.948426514e+02	4.189760424e-03
3.946423645e+02	5.430186167e-03	3.949544373e+02	1.142607443e-02
3.947537231e+02	-1.464994974e-03	3.950661926e+02	3.435603343e-03
3.948650818e+02	1.304631121e-02	3.951779785e+02	2.178675262e-03
3.949764404e+02	4.709242377e-03	3.952897339e+02	3.471515607e-03
3.950877991e+02	6.114158779e-03	3.954015198e+02	8.571051992e-03
3.951991882e+02	1.138259470e-02	3.955133057e+02	6.326538045e-03
3.953105774e+02	1.188171003e-02	3.956251221e+02	-1.035469351e-03
3.954219666e+02	3.507669317e-03	3.957369080e+02	6.703616586e-03
3.955333557e+02	-1.538937911e-03	3.958487244e+02	4.423189908e-03
3.956447449e+02	5.374729168e-03	3.959605408e+02	7.852807641e-03
3.957561646e+02	9.811306372e-03	3.960723572e+02	3.633120563e-03
3.958675537e+02	1.585152233e-03	3.961841736e+02	1.383219380e-02
3.959789734e+02	5.314650480e-04	3.962959900e+02	4.225672688e-03
3.960903931e+02	4.598327912e-03	3.964078369e+02	-3.208159236e-03
3.962018127e+02	3.082497278e-03	3.965196838e+02	2.843051683e-03
3.963132629e+02	-1.575909439e-03	3.966315308e+02	3.202173859e-03
3.964246826e+02	3.581612138e-03	3.967433777e+02	6.075152196e-03
3.965361328e+02	5.060471594e-03	3.968552246e+02	3.471515607e-03
3.966475830e+02	6.798130926e-03	3.969670715e+02	3.148305463e-03
3.967590332e+02	2.453982132e-03	3.970789490e+02	8.553096093e-03
3.968704834e+02	9.293706156e-03	3.971908264e+02	5.123478360e-03
3.969819641e+02	6.040215958e-03	3.973027039e+02	2.412104746e-03
3.970934143e+02	-4.496656358e-03	3.974145813e+02	6.182888988e-03
3.972048950e+02	1.127168071e-02	3.975264587e+02	3.471515665e-04
3.973163757e+02	7.537560537e-03	3.976383667e+02	4.369321279e-03
3.974278564e+02	-1.908652717e-03	3.977502441e+02	-9.456887492e-04
3.975393677e+02	-1.649852376e-03	3.978621521e+02	8.714701049e-03
3.976508484e+02	1.341602579e-02	3.979740601e+02	1.252139732e-02
3.977623596e+02	1.605948620e-02	3.980859680e+02	1.244957326e-03
3.978738708e+02	-3.165683011e-03	3.981979065e+02	1.460430678e-03
3.979853821e+02	4.154670052e-03	3.983098145e+02	4.099979531e-03
3.980968933e+02	5.504129454e-03	3.984217529e+02	5.985371768e-03
3.982084045e+02	-2.241396112e-03	3.985336914e+02	6.039239932e-03
3.983199463e+02	2.398524899e-03	3.986456299e+02	4.943917040e-03
3.984314880e+02	9.145820513e-03	3.987575989e+02	4.369321396e-04
3.985430298e+02	6.539330818e-03	3.988695374e+02	4.620707128e-03
3.986545715e+02	-1.649852376e-03	3.989815063e+02	5.877634976e-03
3.987661133e+02	6.483873352e-03	3.990934448e+02	1.891377498e-03
3.988776855e+02	-2.555653686e-03	3.992054138e+02	5.751942284e-03
3.989892273e+02	-3.479940584e-03	3.993174133e+02	3.112393199e-03
3.991007996e+02	2.583382186e-03	3.994293823e+02	1.981158042e-03
3.992123718e+02	3.988298588e-03	3.995413513e+02	4.082023632e-03
3.993239441e+02	4.986528307e-03	3.996533508e+02	7.780982996e-04
3.994355469e+02	3.193411743e-03	3.997653503e+02	2.250499791e-03
3.995471191e+02	1.917895628e-03	3.998773499e+02	1.065396122e-03
3.996587219e+02	2.010324271e-03	3.999893494e+02	4.656619392e-03
3.997703247e+02	1.217748132e-02	4.001013794e+02	5.267127417e-04
3.998819275e+02	-3.558504977e-04	4.002133789e+02	2.932832111e-03
3.999935303e+02	5.152900238e-03	4.003254089e+02	4.405233543e-03
4.001051636e+02	6.040215958e-03	4.004374390e+02	6.811352912e-03
4.002167664e+02	-3.701769514e-03	4.005494690e+02	4.189760424e-03
4.003283997e+02	8.826940903e-04	4.006614990e+02	7.332080510e-03
4.004400330e+02	3.711012425e-03	4.007735596e+02	5.500556435e-03
4.005516663e+02	1.191868167e-02	4.008855896e+02	8.571051992e-03
4.006632996e+02	-2.574139275e-03	4.009976501e+02	8.481271565e-03
4.007749634e+02	-5.494886544e-03	4.011097107e+02	1.164154802e-02
4.008865967e+02	-3.184168832e-03	4.012217712e+02	8.158061653e-03
4.009982605e+02	6.932152610e-05	4.013338318e+02	2.448017010e-03
4.011099243e+02	-5.846115295e-03	4.014459229e+02	1.209045062e-03
4.012216187e+02	7.408160716e-03	4.015580139e+02	1.446065772e-02
4.013332825e+02	4.265584517e-03	4.016700745e+02	8.391491137e-03
4.014449463e+02	-2.278367523e-03	4.017821960e+02	7.960544317e-04
4.015566406e+02	1.640609466e-03	4.018942871e+02	-1.376635511e-03
4.016683350e+02	-1.298623276e-03	4.020063782e+02	3.076481167e-03
4.017800293e+02	1.973352861e-03	4.021184998e+02	2.017070306e-03
4.018917236e+02	4.783185199e-03	4.022305908e+02	3.112393199e-03
4.020034485e+02	7.334217429e-03	4.023427124e+02	7.421860937e-03
4.021151428e+02	1.001465041e-02	4.024548340e+02	9.827980772e-03
4.022268677e+02	6.238937494e-04	4.025669861e+02	8.122149855e-03
4.023385925e+02	8.332447149e-03	4.026791077e+02	1.963201910e-03
4.024503174e+02	1.001465041e-02	4.027912598e+02	1.604079618e-03
4.025620728e+02	5.836872384e-03	4.029033813e+02	6.990914233e-03
4.026737976e+02	4.062241409e-03	4.030155334e+02	1.514299074e-03
4.027855530e+02	3.711012425e-03	4.031276855e+02	5.410776008e-03
4.028973083e+02	4.760078155e-04	4.032398682e+02	6.146976724e-03
4.030090637e+02	2.990068635e-03	4.033520203e+02	5.698074121e-03
4.031208191e+02	8.850048296e-03	4.034642029e+02	1.388606266e-03
4.032325745e+02	1.049065730e-03	4.035763855e+02	6.946023554e-02
4.033443604e+02	-2.241396112e-03	4.036885681e+02	7.278211880e-03
4.034561157e+02	1.400294830e-03	4.038007507e+02	9.971628897e-03
4.035679016e+02	8.628219366e-03	4.039129333e+02	1.496342942e-03
4.036796875e+02	8.887019940e-03	4.040251465e+02	2.286412055e-03
4.037915039e+02	4.709242377e-03	4.041373291e+02	6.326538045e-03
4.039032898e+02	5.725957919e-03	4.042495422e+02	6.990914233e-03
4.040151062e+02	1.258416753e-02	4.043617554e+02	4.153848160e-03
4.041268921e+02	2.726646781e-04	4.044739685e+02	3.291954345e-04
4.042387085e+02	1.917895628e-03	4.045862122e+02	-4.070052819e-04
4.043505249e+02	1.159980195e-03	4.046984253e+02	6.129020825e-03
4.044623718e+02	-1.742281020e-03	4.048106689e+02	1.029483974e-03
4.045741882e+02	-3.960569855e-03	4.049229126e+02	3.022612771e-03
4.046860352e+02	2.768239705e-03	4.050351562e+02	6.146976724e-03
4.047978821e+02	1.391514111e-02	4.051473999e+02	1.020505838e-02
4.049097290e+02	1.426636986e-02	4.052596741e+02	1.438883413e-02
4.050215759e+02	5.226843059e-03	4.053719177e+02	1.049235649e-02
4.051334229e+02	3.932841122e-03	4.054841919e+02	2.591666067e-03
4.052453003e+02	2.601868007e-03	4.055964661e+02	6.272669416e-03
4.053571472e+02	-9.289084701e-04	4.057087402e+02	1.460430678e-03
4.054690247e+02	4.228613339e-03	4.058210144e+02	4.189760424e-03
4.055809021e+02	4.136184230e-03	4.059333191e+02	3.866550047e-03
4.056927795e+02	1.086037257e-03	4.060455933e+02	1.352694002e-03
4.058046875e+02	-4.163912963e-03	4.061578979e+02	1.374241337e-02
4.059165649e+02	4.857128486e-03	4.062702026e+02	1.279073954e-02
4.060284729e+02	-1.709930948e-04	4.063825073e+02	3.417647211e-03
4.061403809e+02	6.423795130e-04	4.064948425e+02	6.111064460e-03
4.062522888e+02	7.204817608e-03	4.066071472e+02	7.996456698e-03
4.063641968e+02	2.675811062e-03	4.067194824e+02	1.022301521e-02
4.064761353e+02	-4.016027320e-03	4.068318176e+02	1.079761051e-02
4.065880432e+02	4.746214021e-03	4.069441528e+02	-2.274441213e-04
4.066999817e+02	3.729498247e-03	4.070564880e+02	3.830638016e-03
4.068119202e+02	-1.631366555e-03	4.071688232e+02	3.830638016e-03
4.069238586e+02	2.749753883e-03	4.072811890e+02	1.604079618e-03
4.070357971e+02	8.868534118e-03	4.073935242e+02	5.464644637e-03
4.071477661e+02	-4.884856753e-03	4.075058899e+02	2.968744375e-03
4.072597046e+02	2.881464735e-02	4.076182556e+02	9.253384545e-03
4.073716736e+02	2.065781504e-03	4.077306519e+02	7.242299616e-04
4.074836426e+02	3.951326944e-03	4.078430176e+02	-4.070052819e-04
4.075956116e+02	5.947786849e-03	4.079554138e+02	-4.572824109e-03
4.077076111e+02	5.633529276e-03	4.080677795e+02	5.123478360e-03
4.078195801e+02	7.532939198e-04	4.081801758e+02	7.134563290e-03
4.079315796e+02	7.260274608e-03	4.082925720e+02	1.209045108e-02
4.080435791e+02	3.359783441e-03	4.084049988e+02	6.542011164e-03
4.081555786e+02	7.593018003e-03	4.085173950e+02	7.529597729e-03
4.082675781e+02	1.400294830e-03	4.086298218e+02	-1.071381499e-03
4.083795776e+02	-2.079645783e-04	4.087422180e+02	1.173132844e-02
4.084916077e+02	-4.482791992e-04	4.088546448e+02	7.637334522e-03
4.086036377e+02	9.460077621e-03	4.089670715e+02	6.990914233e-03
4.087156677e+02	-3.572369460e-03	4.090795288e+02	7.026826497e-03
4.088276978e+02	1.317571197e-02	4.091919556e+02	-1.232986571e-03
4.089397278e+02	9.903735481e-03	4.093044128e+02	7.116606925e-03
4.090517578e+02	1.307866187e-03	4.094168396e+02	2.035026439e-03
4.091638184e+02	3.729498247e-03	4.095292969e+02	7.421860937e-04
4.092758789e+02	8.240018971e-03	4.096417847e+02	1.112082042e-02
4.093879089e+02	4.191641696e-03	4.097542419e+02	5.985371768e-03
4.095000000e+02	2.953096991e-03	4.098666992e+02	8.050325327e-03
4.096120605e+02	-2.222910291e-03	4.099791870e+02	1.331146713e-02
4.097241211e+02	3.674041014e-03	4.100916748e+02	4.908004776e-03
4.098362122e+02	3.932841122e-03	4.102041626e+02	2.878963714e-03
4.099483032e+02	8.184561506e-03	4.103166504e+02	1.288051996e-02
4.100603943e+02	-8.364797686e-04	4.104291382e+02	-5.147419870e-03
4.101724854e+02	-3.997541498e-03	4.105416565e+02	-4.070052819e-04
4.102845764e+02	8.147589862e-03	4.106541443e+02	1.352694002e-03
4.103966675e+02	-8.364797686e-04	4.107666626e+02	2.878963714e-03
4.105087891e+02	-4.237856250e-03	4.108791809e+02	5.320995580e-03
4.106209106e+02	8.905505762e-03	4.109916992e+02	3.830638016e-03
4.107330322e+02	-1.224680338e-03	4.111042480e+02	2.196631394e-03
4.108451538e+02	8.923991583e-03	4.112167664e+02	3.112393199e-03
4.109572754e+02	9.866763838e-03	4.113293152e+02	-2.166704508e-03
4.110694275e+02	1.668800227e-02	4.114418640e+02	3.830638016e-04
4.111815796e+02	-3.775712568e-03	4.115544128e+02	7.924632169e-03
4.112937012e+02	7.163224509e-04	4.116669617e+02	6.847265176e-03
4.114058533e+02	9.607963264e-03	4.117795105e+02	1.244957326e-03
4.115180359e+02	3.027040046e-03	4.118920898e+02	-7.302153390e-04
4.116301880e+02	1.034739334e-02	4.120046692e+02	3.471515607e-03
4.117423401e+02	6.372958887e-03	4.121172485e+02	1.122855768e-02
4.118545227e+02	6.132644601e-03	4.122298279e+02	-5.362892989e-03
4.119667053e+02	8.203047328e-03	4.123424072e+02	9.774112143e-03
4.120788879e+02	1.067551551e-03	4.124549866e+02	9.863892570e-03
4.121910706e+02	3.951326944e-03	4.125675964e+02	4.728443455e-03
4.123032837e+02	4.228613339e-03	4.126802063e+02	2.663490362e-03
4.124154663e+02	1.095742267e-02	4.127927856e+02	6.164933089e-03
4.125276794e+02	-2.777482616e-03	4.129053955e+02	1.040257607e-02
4.126398926e+02	1.529695000e-03	4.130180359e+02	1.747728558e-03
4.127521057e+02	4.524385091e-03	4.131306458e+02	1.051031239e-02
4.128643188e+02	-2.832939848e-03	4.132432861e+02	4.441145808e-03
4.129765625e+02	6.238937494e-04	4.133558960e+02	1.158767939e-02
4.130887756e+02	7.223302964e-03	4.134685364e+02	1.086943503e-02
4.132010193e+02	3.618583782e-03	4.135811768e+02	1.243161689e-02
4.133132629e+02	4.321041983e-03	4.136938477e+02	6.631792057e-03
4.134255066e+02	7.408160716e-03	4.138064880e+02	4.908004776e-03
4.135377502e+02	-3.442969173e-03	4.139191589e+02	1.604079618e-03
4.136499939e+02	5.189871881e-03	4.140317993e+02	9.648418985e-03
4.137622681e+02	-1.501966384e-03	4.141444702e+02	2.825095551e-03
4.138745422e+02	3.322811797e-03	4.142571411e+02	2.448017010e-03
4.139868164e+02	6.793509820e-04	4.143698425e+02	1.798005588e-02
4.140990906e+02	-2.407767810e-03	4.144825134e+02	4.369321279e-03
4.142113647e+02	5.263814703e-03	4.145952148e+02	5.087566096e-03
4.143236694e+02	1.455752063e-03	4.147078857e+02	4.908004776e-04
4.144359436e+02	5.596558098e-03	4.148205872e+02	-9.097764851e-04
4.145482483e+02	4.875613842e-03	4.149333191e+02	-1.538240584e-03
4.146605530e+02	4.875613842e-03	4.150460205e+02	4.117935896e-03
4.147728577e+02	1.386430540e-05	4.151587219e+02	1.133629400e-02
4.148851624e+02	7.981218398e-03	4.152714539e+02	7.457773201e-03
4.149974976e+02	3.045525867e-03	4.153841858e+02	6.577923428e-03
4.151098022e+02	-1.871681190e-03	4.154969177e+02	3.256042255e-03
4.152221375e+02	-6.146508968e-04	4.156096497e+02	-3.351808118e-04
4.153344727e+02	3.378269030e-03	4.157223816e+02	9.504769929e-03
4.154468079e+02	5.393214989e-03	4.158351135e+02	1.013323478e-02
4.155591736e+02	6.372958887e-03	4.159478760e+02	1.873421296e-02
4.156715088e+02	4.653785378e-03	4.160606384e+02	8.104193024e-03
4.157838745e+02	6.040215958e-03	4.161734009e+02	7.062738878e-04
4.158962402e+02	2.583382186e-03	4.162861633e+02	1.415540464e-02
4.160086060e+02	3.877384122e-03	4.163989258e+02	3.076481167e-03
4.161209717e+02	2.153126709e-02	4.165117188e+02	1.029483974e-03
4.162333374e+02	5.561897159e-02	4.166244812e+02	8.176017553e-03
4.163457031e+02	4.800284654e-02	4.167372742e+02	5.015741568e-03
4.164580994e+02	1.574523002e-02	4.168500671e+02	3.722901223e-03
4.165704956e+02	1.751523931e-03	4.169628601e+02	6.200845353e-03
4.166828918e+02	7.334217429e-03	4.170756531e+02	3.579252400e-03
4.167952881e+02	1.378574129e-02	4.171884766e+02	4.243628588e-03
4.169076843e+02	1.330511179e-02	4.173012695e+02	1.049235649e-02
4.170201111e+02	1.806981163e-03	4.174140930e+02	-1.556196657e-04
4.171325378e+02	4.727728199e-03	4.175269165e+02	8.122149855e-03
4.172449341e+02	9.201277047e-03	4.176397400e+02	6.739528384e-03
4.173573608e+02	6.613273639e-03	4.177525940e+02	2.753270965e-04
4.174698181e+02	6.650245283e-03	4.178654175e+02	5.249171052e-03
4.175822449e+02	-4.274827428e-03	4.179782715e+02	-2.741300268e-03
4.176946716e+02	8.313962258e-03	4.180910950e+02	6.308581680e-03
4.178071289e+02	2.842182526e-03	4.182039490e+02	1.999114174e-03
4.179195862e+02	3.193411743e-03	4.183168335e+02	5.590337329e-03
4.180320435e+02	5.078957416e-03	4.184296875e+02	8.517184295e-03
4.181445007e+02	-3.369026119e-03	4.185425415e+02	4.674575292e-03
4.182569580e+02	1.746440306e-02	4.186554260e+02	1.381423790e-02
4.183694458e+02	6.238937494e-04	4.187683105e+02	1.155176759e-02
4.184819336e+02	1.171533763e-02	4.188811951e+02	-1.340723247e-03
4.185944214e+02	1.001465041e-02	4.189940796e+02	8.032368496e-03
4.187069092e+02	7.666960824e-03	4.191069641e+02	9.935717098e-04
4.188193970e+02	2.601868007e-03	4.192198792e+02	1.036666427e-02
4.189318848e+02	9.219762869e-03	4.193327637e+02	1.065396122e-03
4.190444031e+02	1.806981163e-03	4.194456787e+02	7.278211880e-03
4.191568909e+02	-2.449360618e-04	4.195585938e+02	-5.075595342e-03
4.192694092e+02	6.798130926e-03	4.196715088e+02	8.642876521e-03
4.193819275e+02	1.650314406e-02	4.197844238e+02	9.343164973e-03
4.194944458e+02	3.495191410e-02	4.198973694e+02	1.442474546e-03
4.196069946e+02	1.557885762e-02	4.200102844e+02	1.047440059e-02
4.197195129e+02	9.700392373e-03	4.201232300e+02	9.145648219e-03
4.198320618e+02	7.019959856e-03	4.202361755e+02	1.106695272e-02
4.199446106e+02	-4.621434982e-06	4.203491211e+02	1.173132914e-03
4.200571594e+02	9.034905583e-03	4.204620972e+02	3.004656639e-03
4.201697083e+02	2.190098166e-02	4.205750427e+02	6.200845353e-03
4.202822571e+02	3.687443212e-02	4.206880188e+02	5.267126951e-03
4.203948364e+02	5.247639492e-02	4.208009644e+02	1.819552970e-03
4.205073853e+02	8.094443381e-02	4.209139404e+02	6.182888988e-03
4.206199646e+02	3.674503043e-02	4.210269165e+02	8.229886182e-03
4.207325439e+02	1.642920263e-02	4.211399231e+02	7.906676270e-03
4.208451538e+02	3.281218815e-04	4.212528992e+02	7.350036409e-03
4.209577332e+02	3.650933795e-04	4.213659058e+02	8.786525577e-03
4.210703125e+02	2.916125581e-03	4.214788818e+02	3.669032827e-03
4.211829224e+02	-3.036282957e-03	4.215918884e+02	6.847265176e-03
4.212955322e+02	5.319271702e-03	4.217048950e+02	-6.583909271e-05
4.214081421e+02	-1.908652717e-03	4.218179321e+02	3.758813487e-03
4.215207520e+02	-6.701080711e-04	4.219309387e+02	-1.394591643e-03
4.216333618e+02	4.944935790e-04	4.220439758e+02	8.014412597e-03
4.217460022e+02	8.184561506e-03	4.221570129e+02	1.675904146e-03
4.218586426e+02	2.065781504e-03	4.222700195e+02	7.350036409e-03
4.219712524e+02	-2.426253399e-03	4.223830872e+02	5.267126951e-03
4.220838928e+02	6.372958887e-03	4.224961243e+02	5.464644637e-03
4.221965637e+02	-9.473941755e-04	4.226091614e+02	4.656619392e-03
4.223092041e+02	-1.058308640e-03	4.227222290e+02	7.134563290e-03
4.224218750e+02	3.045525867e-03	4.228352661e+02	1.275482681e-02
4.225345154e+02	1.374876965e-02	4.229483337e+02	5.195302889e-03
4.226471863e+02	3.008554224e-03	4.230614014e+02	3.345822915e-03
4.227598572e+02	4.579842091e-03	4.231744995e+02	5.267127417e-04
4.228725281e+02	2.786725294e-03	4.232875671e+02	8.337622508e-03
4.229852295e+02	5.559586454e-03	4.234006653e+02	1.981158042e-03
4.230979004e+02	1.617502276e-04	4.235137329e+02	-8.020398091e-04
4.232106018e+02	9.108848870e-03	4.236268311e+02	1.151585486e-02
4.233232727e+02	-1.575909439e-03	4.237399292e+02	2.771227155e-03
4.234359741e+02	5.984758493e-03	4.238530579e+02	4.800267983e-03
4.235487061e+02	1.051376481e-02	4.239661560e+02	1.241366100e-02
4.236614075e+02	8.813076653e-03	4.240792542e+02	1.101308386e-03
4.237741089e+02	3.470697906e-03	4.241923828e+02	4.387277644e-03
4.238868408e+02	5.263814703e-03	4.243055115e+02	2.035026439e-03
4.239995728e+02	2.232153201e-03	4.244186401e+02	1.113877725e-02
4.241123047e+02	6.687216461e-03	4.245317688e+02	5.015741568e-03
4.242250366e+02	1.239931025e-02	4.246449280e+02	6.003327668e-03
4.243377686e+02	5.818387028e-03	4.247580566e+02	5.841722712e-03
4.244505310e+02	7.740903646e-03	4.248712158e+02	3.794725752e-03
4.245632629e+02	3.193411743e-03	4.249843750e+02	3.866550047e-03
4.246760254e+02	8.923991583e-03	4.250975342e+02	7.816895843e-03
4.247887878e+02	5.836872384e-03	4.252106934e+02	8.499227464e-03
4.249015503e+02	5.208357237e-03	4.253238525e+02	9.576595039e-05
4.250143433e+02	-8.179940050e-04	4.254370422e+02	-5.865664221e-03
4.251271057e+02	8.461847901e-03	4.255502014e+02	7.852807641e-03
4.252398987e+02	-2.574139275e-03	4.256633911e+02	3.776769619e-03
4.253526917e+02	7.426646072e-03	4.257765808e+02	8.517184295e-03
4.254654541e+02	2.472467721e-03	4.258897705e+02	2.394148614e-03
4.255782776e+02	1.014405023e-02	4.260029907e+02	1.029483974e-02
4.256910706e+02	9.751227917e-04	4.261161804e+02	1.025892701e-02
4.258038635e+02	3.119468689e-03	4.262294006e+02	1.747728558e-03
4.259166870e+02	3.489183495e-03	4.263426208e+02	1.300621312e-02
4.260295105e+02	8.498819545e-03	4.264558411e+02	7.188431453e-03
4.261423340e+02	6.687216461e-03	4.265690613e+02	3.238086123e-03
4.262551575e+02	1.334208343e-02	4.266822815e+02	-5.165375769e-03
4.263679810e+02	3.217905387e-02	4.267955017e+02	-1.897362876e-03
4.264808044e+02	2.007089369e-02	4.269087524e+02	5.320995580e-03
4.265936584e+02	1.369331218e-02	4.270220032e+02	6.344493944e-03
4.267065125e+02	3.341297619e-03	4.271352539e+02	-3.926403821e-03
4.268193665e+02	1.326351892e-03	4.272485046e+02	1.255731005e-02
4.269322205e+02	1.694680192e-02	4.273617554e+02	7.870763540e-03
4.270450745e+02	2.188249491e-02	4.274750366e+02	1.372445747e-02
4.271579285e+02	1.262113918e-02	4.275882874e+02	8.319666958e-04
4.272708130e+02	1.434031315e-02	4.277015686e+02	9.001999162e-03
4.273836975e+02	6.613273639e-03	4.278148499e+02	3.166261595e-03
4.274965820e+02	1.605948620e-02	4.279281311e+02	3.184217727e-03
4.276094666e+02	2.779793181e-02	4.280414124e+02	5.967415404e-03
4.277223511e+02	2.600481547e-02	4.281547241e+02	7.763027214e-03
4.278352356e+02	1.191868167e-02	4.282680054e+02	9.037910961e-03
4.279481506e+02	1.472851355e-02	4.283813171e+02	4.602750763e-03
4.280610352e+02	1.025496423e-02	4.284946289e+02	5.267126951e-03
4.281739502e+02	2.842182526e-03	4.286079407e+02	3.830638016e-04
4.282868652e+02	5.097442772e-03	4.287212524e+02	3.758813487e-03
4.283998108e+02	2.398524899e-03	4.288345642e+02	1.169541664e-02
4.285127258e+02	1.596705802e-02	4.289479065e+02	-6.943031331e-04
4.286256409e+02	8.591247723e-03	4.290612488e+02	8.660833351e-03
4.287385864e+02	6.423795130e-04	4.291745605e+02	5.446688272e-03
4.288515320e+02	4.025270231e-03	4.292879028e+02	1.302416902e-02
4.289644775e+02	7.019959856e-03	4.294012756e+02	3.686988959e-03
4.290774231e+02	1.232536789e-02	4.295146179e+02	4.117935896e-03
4.291903687e+02	8.221533149e-03	4.296279602e+02	9.001999162e-03
4.293033447e+02	5.374729168e-03	4.297413330e+02	8.553096093e-03
4.294163208e+02	1.036587916e-02	4.298547058e+02	1.437087730e-02
4.295292664e+02	1.661405899e-02	4.299680786e+02	8.104193024e-03
4.296422424e+02	1.672497392e-02	4.300814514e+02	3.992242739e-03
4.297552185e+02	8.147589862e-03	4.301948242e+02	5.751942284e-03
4.298682251e+02	1.356391236e-02	4.303082275e+02	3.543340135e-03
4.299812012e+02	5.522614811e-03	4.304216003e+02	8.678789018e-04
4.300942078e+02	1.657708734e-02	4.305350037e+02	5.087566096e-04
4.302072144e+02	1.450668462e-02	4.306484070e+02	5.141434260e-03
4.303202209e+02	2.423018403e-02	4.307618103e+02	4.548882425e-04
4.304332275e+02	2.569055744e-02	4.308752136e+02	2.394148760e-05
4.305462341e+02	3.565437347e-02	4.309886475e+02	2.178675262e-03
4.306592407e+02	1.594857313e-02	4.311020508e+02	3.363778815e-03
4.307722778e+02	1.151199453e-02	4.312154846e+02	4.728443455e-03
4.308853149e+02	5.448671989e-03	4.313289185e+02	8.068281226e-03
4.309983521e+02	1.683588885e-02	4.314423523e+02	7.637334522e-03
4.311113892e+02	1.097590849e-02	4.315557861e+02	1.034870744e-02
4.312244263e+02	2.313952520e-02	4.316692505e+02	-1.394591643e-03
4.313374634e+02	2.707698941e-02	4.317826843e+02	4.243628588e-03
4.314505310e+02	3.532163054e-02	4.318961487e+02	8.678789018e-04
4.315635986e+02	3.953637928e-02	4.320096130e+02	6.919089705e-03
4.316766357e+02	3.558043018e-02	4.321230774e+02	-2.274441213e-04
4.317897339e+02	1.624434441e-02	4.322365417e+02	2.340280451e-03
4.319028015e+02	6.483873352e-03	4.323500061e+02	7.475729100e-03
4.320158691e+02	4.117698874e-03	4.324635010e+02	1.501729805e-02
4.321289673e+02	2.356931946e-04	4.325769653e+02	8.768569678e-03
4.322420349e+02	2.435496310e-03	4.326904602e+02	4.351365380e-03
4.323551331e+02	6.853588391e-03	4.328039551e+02	3.112393199e-03
4.324682312e+02	2.195181791e-03	4.329174500e+02	6.021284033e-03
4.325813293e+02	-4.297934647e-04	4.330309753e+02	4.082023632e-03
4.326944580e+02	7.001474034e-03	4.331444702e+02	3.453559475e-03
4.328075562e+02	7.962732576e-03	4.332579956e+02	-6.027269177e-03
4.329206848e+02	1.178466016e-03	4.333714905e+02	-7.840836770e-04
4.330338135e+02	2.953096991e-03	4.334850159e+02	9.001999162e-03
4.331469116e+02	3.137954511e-03	4.335985413e+02	4.961873405e-03
4.332600708e+02	1.140108053e-02	4.337120972e+02	4.764355719e-03
4.333731995e+02	1.195565239e-02	4.338256226e+02	1.164154802e-02
4.334863281e+02	1.047679316e-02	4.339391785e+02	3.471515607e-03
4.335994873e+02	2.186401002e-02	4.340527039e+02	1.298825629e-02
4.337126465e+02	2.306558192e-02	4.341662598e+02	3.112393315e-04
4.338258057e+02	1.655860245e-02	4.342798157e+02	4.405233543e-03
4.339389648e+02	1.818534732e-02	4.343934021e+02	5.985371768e-03
4.340521240e+02	1.095742267e-02	4.345069580e+02	1.675904146e-03
4.341652832e+02	7.241788786e-03	4.346205139e+02	-3.710930469e-03
4.342784729e+02	7.648475002e-03	4.347341003e+02	9.612507187e-03
4.343916626e+02	9.885249659e-03	4.348476868e+02	1.173132914e-03
4.345048218e+02	7.685446646e-03	4.349612732e+02	-2.669475740e-03
4.346180420e+02	1.069862209e-02	4.350748596e+02	3.974286839e-03
4.347312317e+02	1.184473839e-02	4.351884460e+02	1.115673315e-02
4.348444214e+02	1.079105120e-02	4.353020630e+02	1.011527795e-02
4.349576416e+02	7.888790220e-03	4.354156494e+02	7.493685465e-03
4.350708313e+02	6.520844996e-03	4.355292664e+02	6.057196297e-03
4.351840515e+02	1.171533763e-02	4.356428833e+02	2.825095551e-03
4.352972717e+02	7.371189073e-03	4.357565002e+02	4.189760424e-03
4.354104919e+02	1.363323419e-03	4.358701172e+02	1.783640822e-03
4.355237427e+02	2.916125581e-03	4.359837646e+02	6.344493944e-03
4.356369629e+02	7.902653888e-04	4.360973816e+02	6.811352912e-03
4.357502136e+02	1.802359766e-04	4.362110291e+02	4.818224348e-03
4.358634338e+02	9.182791226e-03	4.363246765e+02	2.699402627e-03
4.359766846e+02	6.188101601e-03	4.364383240e+02	2.519841539e-03
4.360899353e+02	8.868534118e-03	4.365519714e+02	1.981158042e-03
4.362032166e+02	8.461847901e-03	4.366656494e+02	5.123478360e-03
4.363164673e+02	7.814846933e-03	4.367792969e+02	1.173132914e-03
4.364297485e+02	3.711012425e-03	4.368929749e+02	1.945245778e-03
4.365429993e+02	7.315731607e-03	4.370066528e+02	4.908004776e-04
4.366562805e+02	3.235004624e-05	4.371203308e+02	3.112393315e-04
4.367695618e+02	7.851818576e-03	4.372340088e+02	-7.122592651e-04
4.368828735e+02	3.951326944e-03	4.373476868e+02	1.112082042e-02
4.369961548e+02	2.084267326e-03	4.374613647e+02	7.888720371e-03
4.371094360e+02	-7.856440061e-05	4.375750732e+02	3.453559475e-03
4.372227478e+02	2.121238736e-03	4.376887817e+02	1.158767939e-02
4.373360596e+02	8.147589862e-03	4.378024902e+02	6.129020825e-03
4.374493713e+02	6.003244314e-03	4.379161987e+02	-1.089337631e-03
4.375626831e+02	7.001474034e-03	4.380299072e+02	1.144403033e-02
4.376759949e+02	6.040215958e-03	4.381436157e+02	9.935717098e-03
4.377893372e+02	4.968042951e-03	4.382573547e+02	4.099979531e-03
4.379026489e+02	8.757619187e-03	4.383710938e+02	-5.255156197e-03
4.380159912e+02	7.833332755e-03	4.384848328e+02	5.985371768e-03
4.381293335e+02	9.145820513e-03	4.385985718e+02	8.283754811e-03
4.382426758e+02	5.855358206e-03	4.387123108e+02	-1.161162159e-03
4.383560486e+02	-4.145427141e-03	4.388260498e+02	8.140105638e-04
4.384693909e+02	9.848278016e-03	4.389398193e+02	7.637334522e-03
4.385827637e+02	8.457226213e-04	4.390535583e+02	8.499227697e-04
4.386961060e+02	4.413470626e-03	4.391673279e+02	-4.967858549e-04
4.388094788e+02	-2.740510972e-03	4.392810974e+02	5.051653832e-03
4.389228516e+02	3.581612138e-03	4.393948669e+02	3.938374575e-03
4.390362244e+02	1.123008784e-03	4.395086365e+02	8.032368496e-03
4.391496277e+02	1.511209295e-03	4.396224365e+02	-2.094880183e-04
4.392630005e+02	1.363323419e-03	4.397362061e+02	4.189760148e-05
4.393764038e+02	-8.360176347e-03	4.398500061e+02	3.686988959e-03
4.394898071e+02	-2.389281988e-03	4.399638062e+02	7.637334522e-03
4.396032104e+02	6.299016066e-03	4.400776062e+02	7.529597729e-03
4.397166138e+02	1.936381334e-03	4.401914062e+02	2.322324319e-03
4.398300171e+02	4.575220810e-04	4.403052368e+02	2.070938610e-02
4.399434509e+02	-3.110225778e-03	4.404190369e+02	2.807139419e-03
4.400568542e+02	5.060471594e-03	4.405328674e+02	3.525384003e-03
4.401702881e+02	4.931071308e-03	4.406466980e+02	2.394148760e-05
4.402837219e+02	8.184561506e-03	4.407604980e+02	1.097717136e-02
4.403971558e+02	4.173155874e-03	4.408743591e+02	-1.628021128e-03
4.405105896e+02	4.561356269e-03	4.409881897e+02	7.421860937e-03
4.406240540e+02	9.090363048e-03	4.411020203e+02	9.235428646e-03
4.407374878e+02	-4.297934647e-04	4.412158813e+02	7.924632169e-03
4.408509521e+02	6.335987709e-03	4.413297424e+02	3.830638016e-03
4.409644165e+02	3.285840387e-03	4.414436035e+02	5.320995580e-03
4.410778809e+02	2.343067667e-03	4.415574646e+02	5.374863744e-03
4.411913452e+02	-2.500196453e-03	4.416713257e+02	-2.202616772e-03
4.413048096e+02	4.709242377e-03	4.417851868e+02	8.068281226e-03
4.414183044e+02	-2.222910291e-03	4.418990784e+02	1.424518530e-03
4.415317688e+02	-7.856440061e-05	4.420129395e+02	2.394148760e-04
4.416452637e+02	1.321268268e-02	4.421268311e+02	9.899805300e-03
4.417587585e+02	2.726646781e-04	4.422407227e+02	1.221614331e-02
4.418722534e+02	9.016419761e-03	4.423546143e+02	4.908004776e-03
4.419857483e+02	4.727728199e-03	4.424685364e+02	9.235428646e-03
4.420992737e+02	8.517305367e-03	4.425824280e+02	7.367992774e-03
4.422127686e+02	3.174925921e-03	4.426963501e+02	6.129020825e-03
4.423262939e+02	1.991838450e-03	4.428102722e+02	1.316781738e-03
4.424398193e+02	1.806981163e-03	4.429241638e+02	6.129020825e-03
4.425533447e+02	7.426646072e-03	4.430380859e+02	7.134563290e-03
4.426668701e+02	2.805211116e-03	4.431520386e+02	4.728443455e-03
4.427804260e+02	7.999704219e-03	4.432659607e+02	-1.161162159e-03
4.428939514e+02	-2.814454027e-03	4.433799133e+02	7.942588069e-03
4.430075073e+02	8.457226213e-04	4.434938354e+02	1.377832610e-02
4.431210632e+02	1.954867039e-03	4.436077881e+02	3.615164431e-03
4.432345886e+02	4.968042951e-03	4.437217407e+02	8.858350338e-04
4.433481750e+02	5.448671989e-03	4.438356934e+02	2.753271023e-03
4.434617310e+02	6.608652184e-04	4.439496765e+02	6.667704321e-03
4.435752869e+02	-4.852506972e-04	4.440636292e+02	9.145648219e-03
4.436888733e+02	5.910815671e-03	4.441776123e+02	6.344493944e-03
4.438024597e+02	-2.426253399e-03	4.442915649e+02	1.370650134e-03
4.439160461e+02	-2.500196453e-03	4.444055481e+02	-6.943031331e-04
4.440296326e+02	-4.940314218e-03	4.445195312e+02	2.412104746e-03
4.441432190e+02	2.084267326e-03	4.446335449e+02	2.950788243e-03
4.442568054e+02	3.174925921e-03	4.447475281e+02	7.637334522e-03
4.443704224e+02	3.193411743e-03	4.448615112e+02	7.278211880e-03
4.444840088e+02	7.463617716e-03	4.449755249e+02	-2.076924080e-03
4.445976257e+02	6.779645570e-03	4.450895386e+02	6.452230737e-03
4.447112427e+02	-3.479940584e-03	4.452035522e+02	3.758813487e-03
4.448248596e+02	5.670500919e-03	4.453175659e+02	6.685660221e-03
4.449384766e+02	3.618583782e-03	4.454315796e+02	1.657948014e-03
4.450521240e+02	1.307866187e-03	4.455456238e+02	6.631792057e-03
4.451657410e+02	2.842182526e-03	4.456596375e+02	1.108490862e-02
4.452793884e+02	3.100982867e-03	4.457736816e+02	1.564576104e-02
4.453930359e+02	1.511209295e-03	4.458877258e+02	-1.574152731e-03
4.455066833e+02	5.873844028e-03	4.460017700e+02	1.329351030e-02
4.456203308e+02	4.598327912e-03	4.461158142e+02	6.344493944e-03
4.457340088e+02	1.055073645e-02	4.462298889e+02	4.548882600e-03
4.458476562e+02	-1.340216259e-04	4.463439331e+02	6.775440648e-03
4.459613342e+02	1.987217111e-04	4.464580078e+02	5.159390625e-03
4.460750122e+02	1.249173936e-02	4.465720825e+02	1.178519707e-02
4.461886902e+02	7.611503825e-03	4.466861572e+02	6.703616236e-04
4.463023682e+02	3.877384122e-03	4.468002319e+02	1.460430678e-03
4.464160461e+02	-3.627826693e-03	4.469143066e+02	4.459102172e-03
4.465297241e+02	5.869222805e-04	4.470283813e+02	-2.884949092e-03
4.466434326e+02	7.149360143e-03	4.471424866e+02	4.459102172e-03
4.467571411e+02	9.381513228e-04	4.472565918e+02	7.224343717e-03
4.468708496e+02	-6.885938346e-04	4.473706970e+02	7.529597729e-03
4.469845581e+02	-2.962339902e-03	4.474848022e+02	-3.208159236e-03
4.470982666e+02	1.862438396e-03	4.475989075e+02	8.032368496e-03
4.472119751e+02	-5.222221953e-04	4.477130127e+02	2.376192482e-03
4.473257141e+02	3.729498247e-03	4.478271484e+02	4.836180247e-03
4.474394226e+02	1.899409806e-03	4.479412537e+02	-2.723344136e-03
4.475531616e+02	9.903735481e-03	4.480553894e+02	1.801596954e-03
4.476669006e+02	3.359783441e-03	4.481695251e+02	1.639991882e-03
4.477806396e+02	1.270894660e-03	4.482836609e+02	8.068281226e-03
4.478943787e+02	8.780726785e-05	4.483977966e+02	4.171804059e-03
4.480081482e+02	2.121238736e-03	4.485119629e+02	3.112393199e-03
4.481218872e+02	1.086037257e-03	4.486260986e+02	5.410776008e-03
4.482356567e+02	7.532939198e-04	4.487402649e+02	8.714701049e-03
4.483494263e+02	9.936084971e-04	4.488544312e+02	1.106695272e-02
4.484631958e+02	1.088347938e-02	4.489685974e+02	5.464644637e-03
4.485769653e+02	-1.797738252e-03	4.490827637e+02	1.183906570e-02
4.486907654e+02	4.117698874e-03	4.491969299e+02	5.751942284e-03
4.488045349e+02	3.156440100e-03	4.493111267e+02	5.410776008e-03
4.489183350e+02	8.868534118e-03	4.494252930e+02	8.571051992e-03
4.490321045e+02	4.020648485e-04	4.495394897e+02	7.152519189e-03
4.491459045e+02	7.001474034e-03	4.496536865e+02	5.051653832e-03
4.492597046e+02	2.842182526e-03	4.497678833e+02	9.289297275e-03
4.493735352e+02	4.450442269e-03	4.498820801e+02	3.184217727e-03
4.494873352e+02	-1.298623276e-03	4.499963074e+02	1.693860162e-03
4.496011658e+02	1.084650867e-02	4.501105042e+02	1.015119068e-02
4.497149658e+02	1.474237768e-03	4.502247314e+02	5.608293228e-03
4.498287964e+02	6.280530244e-03	4.503389587e+02	1.192884613e-02
4.499426270e+02	-4.159291711e-05	4.504531555e+02	1.819552970e-03
4.500564575e+02	1.991838450e-03	4.505674133e+02	-2.705388004e-03
4.501703186e+02	2.897639759e-03	4.506816406e+02	6.811352912e-03
4.502841492e+02	5.078957416e-03	4.507958679e+02	1.223410014e-02
4.503980103e+02	3.655555192e-03	4.509101257e+02	1.015119068e-02
4.505118408e+02	-1.150737400e-03	4.510243835e+02	2.035026439e-03
4.506257019e+02	5.781415384e-03	4.511386108e+02	5.913547240e-03
4.507395630e+02	7.717796834e-04	4.512528687e+02	3.507427871e-03
4.508534241e+02	-1.538937911e-03	4.513671570e+02	8.283754811e-03
4.509673157e+02	6.151129957e-03	4.514814148e+02	1.446065772e-02
4.510811768e+02	-2.241396112e-03	4.515956726e+02	-4.429175169e-04
4.511950684e+02	5.393214989e-03	4.517099609e+02	6.057196297e-03
4.513089600e+02	-5.591936642e-04	4.518242493e+02	3.184217727e-03
4.514228516e+02	1.426636986e-02	4.519385376e+02	3.615164431e-03
4.515367432e+02	9.700392373e-03	4.520528259e+02	8.283754811e-03
4.516506348e+02	1.640609466e-03	4.521671143e+02	1.047440059e-02
4.517645264e+02	8.313962258e-03	4.522814026e+02	6.452230737e-03
4.518784485e+02	5.097442772e-03	4.523957214e+02	6.470186636e-03
4.519923706e+02	3.285840387e-03	4.525100098e+02	4.369321396e-04
4.521062927e+02	-5.642772187e-03	4.526243286e+02	-1.376635482e-04
4.522202148e+02	-1.501966384e-03	4.527386475e+02	3.040568903e-03
4.523341370e+02	9.534020908e-03	4.528529663e+02	5.680117756e-03
4.524480591e+02	2.842182526e-03	4.529672852e+02	4.908004776e-04
4.525620117e+02	4.043755587e-03	4.530816345e+02	-1.197074380e-04
4.526759338e+02	1.116076577e-02	4.531959534e+02	5.967415404e-03
4.527898865e+02	7.334217429e-03	4.533103027e+02	4.818224348e-03
4.529038391e+02	5.300785881e-03	4.534246521e+02	7.008870132e-03
4.530177917e+02	-3.461454995e-03	4.535390015e+02	7.996456698e-03
4.531317444e+02	-6.516223657e-04	4.536533508e+02	9.576595039e-04
4.532456970e+02	5.171386059e-03	4.537677002e+02	8.481271565e-03
4.533596802e+02	-7.995082997e-04	4.538820801e+02	1.244957326e-03
4.534736633e+02	3.008554224e-03	4.539964294e+02	3.812681884e-03
4.535876160e+02	2.361553255e-03	4.541108093e+02	2.035026409e-04
4.537015991e+02	5.966272671e-03	4.542251892e+02	1.061804965e-02
4.538155823e+02	-1.705309609e-03	4.543395691e+02	5.913547240e-03
4.539295959e+02	9.238248691e-03	4.544539490e+02	-4.788297520e-05
4.540435791e+02	7.408160716e-03	4.545683594e+02	5.051653832e-03
4.541575928e+02	4.986528307e-03	4.546827393e+02	1.124651358e-02
4.542715759e+02	8.110618219e-03	4.547971497e+02	8.140105754e-03
4.543855896e+02	-3.609340871e-03	4.549115295e+02	9.037911077e-04
4.544996033e+02	1.936381334e-03	4.550259399e+02	9.827980772e-03
4.546136169e+02	1.973352861e-03	4.551403503e+02	1.855465234e-03
4.547276611e+02	-1.039822935e-03	4.552547913e+02	8.930174634e-03
4.548416748e+02	3.470697906e-03	4.553692017e+02	8.678789251e-03
4.549557190e+02	6.932152610e-05	4.554836426e+02	9.217472398e-04
4.550697327e+02	5.762929562e-03	4.555980530e+02	1.097717136e-02
4.551837769e+02	8.887019940e-03	4.557124939e+02	8.283754811e-03
4.552978210e+02	9.275220335e-03	4.558269348e+02	7.098651025e-03
4.554118652e+02	6.539330818e-03	4.559413757e+02	-9.277326171e-04
4.555259399e+02	-1.021337113e-03	4.560558167e+02	7.978500798e-03
4.556399841e+02	3.193411743e-03	4.561702881e+02	1.209045062e-03
4.557540588e+02	8.826940903e-04	4.562847290e+02	4.764355719e-03
4.558681335e+02	3.137954511e-03	4.563992004e+02	6.488143001e-03
4.559822083e+02	1.640609466e-03	4.565136719e+02	2.178675262e-03
4.560962830e+02	1.369331218e-02	4.566281433e+02	1.176724117e-02
4.562103577e+02	1.492723590e-03	4.567426147e+02	1.214431971e-02
4.563244324e+02	3.969812766e-03	4.568570862e+02	5.267126951e-03
4.564385376e+02	3.600097960e-03	4.569715881e+02	3.058525035e-03
4.565526123e+02	6.354473531e-03	4.570860596e+02	-1.699845539e-03
4.566667175e+02	-1.797738252e-03	4.572005615e+02	-2.507870784e-03
4.567808228e+02	4.339527804e-03	4.573150635e+02	2.106850967e-03
4.568949280e+02	-3.572369460e-03	4.574295654e+02	9.684331715e-03
4.570090637e+02	-2.819075307e-04	4.575440674e+02	2.017070306e-03
4.571231689e+02	7.833332755e-03	4.576585693e+02	7.116606925e-03
4.572373047e+02	5.836872384e-03	4.577731018e+02	5.051653832e-03
4.573514099e+02	9.903735481e-03	4.578876038e+02	5.769898184e-03
4.574655457e+02	6.225073244e-03	4.580021362e+02	7.780983113e-03
4.575796814e+02	7.241788786e-03	4.581166687e+02	1.370650134e-03
4.576938171e+02	3.821926890e-03	4.582312012e+02	1.279073954e-02
4.578079834e+02	1.073559374e-02	4.583457336e+02	2.717358759e-03
4.579221191e+02	1.843952574e-03	4.584602966e+02	7.960543968e-03
4.580362854e+02	2.453982132e-03	4.585748291e+02	-8.738642791e-04
4.581504211e+02	2.213667380e-03	4.586893921e+02	3.058525035e-03
4.582645874e+02	-2.819075307e-04	4.588039246e+02	5.338951480e-03
4.583787537e+02	4.598327912e-03	4.589184875e+02	9.720243514e-03
4.584929199e+02	1.435879897e-02	4.590330505e+02	5.051653832e-03
4.586071167e+02	-2.500196453e-03	4.591476440e+02	1.151585486e-02
4.587212830e+02	1.437266357e-03	4.592622070e+02	1.602284051e-02
4.588354797e+02	7.163224509e-04	4.593768005e+02	3.399691079e-03
4.589496765e+02	6.114158779e-03	4.594913635e+02	7.960543968e-03
4.590638733e+02	7.556046359e-03	4.596059570e+02	7.601422258e-03
4.591780701e+02	3.877384122e-03	4.597205505e+02	4.692531656e-03
4.592922668e+02	-2.056538593e-03	4.598351440e+02	7.601422258e-03
4.594064636e+02	6.576301996e-03	4.599497375e+02	4.656619392e-03
4.595206909e+02	6.613273639e-03	4.600643616e+02	8.463315666e-03
4.596348877e+02	5.670500919e-03	4.601789551e+02	3.812681884e-03
4.597491150e+02	2.675811062e-03	4.602935791e+02	9.450902231e-03
4.598633423e+02	3.711012425e-03	4.604082031e+02	3.399691079e-03
4.599775696e+02	3.711012425e-03	4.605228271e+02	3.327866783e-03
4.600917969e+02	3.932841122e-03	4.606374512e+02	8.140105754e-03
4.602060547e+02	4.783185199e-03	4.607520752e+02	9.217472747e-03
4.603202820e+02	4.376498982e-03	4.608666992e+02	6.470186636e-03
4.604345398e+02	4.358013161e-03	4.609813538e+02	1.747728558e-03
4.605487976e+02	5.467157811e-03	4.610960083e+02	3.220129991e-03
4.606630554e+02	1.936381334e-03	4.612106323e+02	-1.268898835e-03
4.607773132e+02	-2.574139275e-03	4.613252869e+02	4.082023632e-03
4.608915710e+02	2.657325240e-03	4.614399414e+02	4.405233543e-03
4.610058289e+02	1.215437427e-03	4.615546265e+02	-3.172247089e-04
4.611201172e+02	7.167845964e-03	4.616692810e+02	5.231214687e-03
4.612344055e+02	6.040215958e-03	4.617839661e+02	-7.840836770e-04
4.613486633e+02	1.733038225e-03	4.618986206e+02	3.166261595e-03
4.614629517e+02	1.361936890e-02	4.620133057e+02	8.499227464e-03
4.615772400e+02	-2.592625096e-03	4.621279907e+02	1.237774920e-02
4.616915588e+02	-2.518682042e-03	4.622426758e+02	5.464644637e-03
4.618058472e+02	-7.995082997e-04	4.623573914e+02	1.819552970e-03
4.619201660e+02	4.894099664e-03	4.624720764e+02	6.200845353e-03
4.620344543e+02	1.788495341e-03	4.625867920e+02	4.961873405e-03
4.621487732e+02	4.820156842e-03	4.627014771e+02	1.099512819e-02
4.622630920e+02	8.272369159e-04	4.628161926e+02	1.115673315e-02
4.623774109e+02	-2.185938880e-03	4.629309082e+02	-5.686103250e-04
4.624917603e+02	-5.961651332e-04	4.630456238e+02	3.040568903e-03
4.626060791e+02	3.027040046e-03	4.631603699e+02	3.399691079e-03
4.627204285e+02	1.437266357e-03	4.632750854e+02	1.083352254e-03
4.628347473e+02	5.966272671e-03	4.633898315e+02	1.528663933e-02
4.629490967e+02	6.299016066e-03	4.635045471e+02	6.200845353e-03
4.630634460e+02	-5.254571792e-03	4.636192932e+02	-9.097764851e-04
4.631777954e+02	5.633529276e-03	4.637340393e+02	8.140105754e-03
4.632921753e+02	8.129104041e-03	4.638487854e+02	2.537797671e-03
4.634065247e+02	2.065781504e-03	4.639635620e+02	4.961873405e-03
4.635209045e+02	2.250639023e-03	4.640783081e+02	4.836180247e-03
4.636352539e+02	4.561356269e-03	4.641930847e+02	1.252139732e-02
4.637496338e+02	-6.012487225e-03	4.643078308e+02	9.145648219e-03
4.638640137e+02	7.902653888e-04	4.644226074e+02	1.270095911e-02
4.639783936e+02	1.030580024e-03	4.645373840e+02	6.326538045e-03
4.640928040e+02	1.252408954e-03	4.646521606e+02	-3.028598148e-03
4.642071838e+02	6.872074213e-03	4.647669678e+02	5.141434260e-03
4.643215942e+02	1.696066698e-03	4.648817444e+02	7.906676270e-03
4.644360046e+02	-1.945624244e-03	4.649965515e+02	6.416318472e-03
4.645503845e+02	-1.723795314e-03	4.651113281e+02	1.564576104e-02
4.646647949e+02	-2.038053004e-03	4.652261353e+02	6.111064460e-03
4.647792358e+02	-8.179940050e-04	4.653409424e+02	1.264709048e-02
4.648936462e+02	2.010324271e-03	4.654557495e+02	8.571051992e-03
4.650080566e+02	6.483873352e-03	4.655705872e+02	-3.423632588e-03
4.651224976e+02	8.184561506e-03	4.656853943e+02	-6.224786630e-04
4.652369385e+02	4.080727231e-03	4.658002319e+02	8.858350106e-03
4.653513794e+02	-1.464994974e-03	4.659150391e+02	2.376192482e-03
4.654658203e+02	1.386430540e-05	4.660298767e+02	9.971628897e-03
4.655802612e+02	5.245328881e-03	4.661447144e+02	8.535140194e-03
4.656947021e+02	4.561356269e-03	4.662595520e+02	-3.926403821e-03
4.658091736e+02	8.780726785e-05	4.663744202e+02	2.896919847e-03
4.659236145e+02	4.672270734e-03	4.664892578e+02	9.935717098e-03
4.660380859e+02	-1.317108981e-03	4.666041260e+02	5.303039216e-03
4.661525574e+02	1.090196520e-02	4.667189941e+02	4.908004776e-03
4.662670288e+02	-2.370796166e-03	4.668338318e+02	2.232543658e-03
4.663815002e+02	6.423795130e-04	4.669487000e+02	-2.615607344e-03
4.664959717e+02	1.548180822e-03	4.670635986e+02	7.350036409e-03
4.666104736e+02	5.504129454e-03	4.671784668e+02	4.297496751e-03
4.667249451e+02	1.622123760e-03	4.672933350e+02	3.812681884e-03
4.668394470e+02	4.690756556e-03	4.674082336e+02	2.609622199e-03
4.669539490e+02	1.400294830e-03	4.675231323e+02	3.884506179e-03
4.670684509e+02	8.406390436e-03	4.676380005e+02	1.083352254e-03
4.671829529e+02	4.431956448e-03	4.677528992e+02	2.896919847e-03
4.672974854e+02	2.675811062e-03	4.678678284e+02	7.601422258e-03
4.674119873e+02	1.529695000e-03	4.679827271e+02	4.746399820e-03
4.675265198e+02	3.835791140e-04	4.680976257e+02	-2.220572904e-03
4.676410217e+02	1.474237768e-03	4.682125549e+02	3.686988959e-03
4.677555542e+02	4.136184230e-03	4.683274536e+02	-4.285525996e-03
4.678700867e+02	5.966272671e-03	4.684423828e+02	1.029483974e-03
4.679846191e+02	3.729498247e-03	4.685573120e+02	1.981158042e-03
4.680991821e+02	2.990068635e-03	4.686722412e+02	5.913547240e-03
4.682137146e+02	3.281218815e-04	4.687872009e+02	5.590337329e-03
4.683282776e+02	3.433726262e-03	4.689021301e+02	-2.274441300e-03
4.684428406e+02	7.611503825e-03	4.690170898e+02	9.792068042e-03
4.685573730e+02	2.564896597e-03	4.691320190e+02	4.620707128e-03
4.686719360e+02	2.472467721e-03	4.692469788e+02	-8.918204112e-04
4.687865295e+02	1.234385371e-02	4.693619385e+02	-2.166704508e-03
4.689010925e+02	8.073647507e-03	4.694768982e+02	-3.441588720e-03
4.690156555e+02	1.153048035e-02	4.695918884e+02	1.358080842e-02
4.691302490e+02	3.914355766e-03	4.697068481e+02	1.372445747e-02
4.692448425e+02	1.247787441e-04	4.698218079e+02	6.488143001e-03
4.693594360e+02	3.027040046e-03	4.699367981e+02	1.604079618e-03
4.694740295e+02	2.269124612e-03	4.700517883e+02	3.417647211e-03
4.695886230e+02	2.546410775e-03	4.701667786e+02	1.004345343e-02
4.697032166e+02	-2.315338934e-03	4.702817688e+02	2.717358759e-03
4.698178101e+02	5.504129454e-03	4.703967590e+02	9.684331715e-03
4.699324341e+02	-5.961651332e-04	4.705117798e+02	-1.645977260e-03
4.700470581e+02	3.655555192e-03	4.706267700e+02	1.106695272e-02
4.701616821e+02	7.075417321e-03	4.707417908e+02	2.070938703e-03
4.702763062e+02	4.413470626e-03	4.708568115e+02	1.424518530e-03
4.703909302e+02	1.021799352e-02	4.709718323e+02	-2.705388004e-03
4.705055542e+02	9.330677800e-03	4.710868530e+02	5.428732373e-03
4.706201782e+02	4.487413447e-03	4.712018738e+02	-6.943031331e-04
4.707348328e+02	4.949557129e-03	4.713168945e+02	3.094437299e-03
4.708494873e+02	3.858898301e-03	4.714319458e+02	8.876306005e-03
4.709641418e+02	-6.007865522e-05	4.715469666e+02	1.393993106e-02
4.710787964e+02	-1.709930948e-04	4.716620178e+02	1.478386810e-03
4.711934509e+02	3.156440100e-03	4.717770691e+02	9.774112143e-03
4.713081055e+02	3.840412712e-03	4.718921204e+02	5.554425064e-03
4.714227600e+02	-2.819075307e-04	4.720071716e+02	8.858350338e-04
4.715374451e+02	6.262044422e-03	4.721222534e+02	9.127692319e-03
4.716521301e+02	7.445131894e-03	4.722373047e+02	3.238086123e-03
4.717667847e+02	5.596558098e-03	4.723523865e+02	5.626249593e-03
4.718814697e+02	3.969812766e-03	4.724674377e+02	1.819552970e-03
4.719961548e+02	8.642083849e-04	4.725825195e+02	8.158061653e-03
4.721108704e+02	3.452212084e-03	4.726976013e+02	5.985371536e-04
4.722255554e+02	-7.255653036e-04	4.728127136e+02	1.000754163e-02
4.723402710e+02	1.130865142e-02	4.729277954e+02	2.178675262e-03
4.724549561e+02	5.041985773e-03	4.730428772e+02	3.453559475e-03
4.725696716e+02	4.561356269e-03	4.731579895e+02	4.441145808e-03
4.726843872e+02	-2.819075307e-04	4.732731018e+02	5.895591341e-03
4.727991028e+02	2.213667380e-03	4.733881836e+02	8.858350338e-04
4.729138184e+02	2.620353829e-03	4.735032959e+02	5.769898184e-03
4.730285645e+02	-1.760766841e-03	4.736184387e+02	6.236757152e-03
4.731432800e+02	-2.264503273e-04	4.737335510e+02	9.648418985e-03
4.732580261e+02	-5.776793696e-04	4.738486633e+02	3.256042255e-03
4.733727722e+02	3.747983836e-03	4.739638062e+02	3.615164431e-03
4.734875183e+02	9.737364016e-03	4.740789490e+02	8.714701049e-03
4.736022644e+02	4.390363465e-04	4.741940613e+02	9.558638558e-03
4.737170105e+02	7.297246251e-03	4.743092041e+02	6.919089705e-03
4.738317566e+02	9.423105977e-03	4.744243469e+02	-3.710930469e-04
4.739465332e+02	4.210127518e-03	4.745395203e+02	1.128242537e-02
4.740612793e+02	3.600097960e-03	4.746546631e+02	8.283754811e-03
4.741760559e+02	6.040215958e-03	4.747698364e+02	6.703616586e-03
4.742908325e+02	5.892329849e-03	4.748849792e+02	6.990914233e-03
4.744056091e+02	5.984758493e-03	4.750001526e+02	1.963201910e-03
4.745203857e+02	-7.070795982e-04	4.751153259e+02	-8.738642791e-04
4.746351624e+02	1.696066698e-03	4.752304993e+02	1.675904146e-03
4.747499695e+02	3.137954511e-03	4.753456726e+02	-4.177789669e-03
4.748647461e+02	4.505899269e-03	4.754608765e+02	4.908004776e-03
4.749795532e+02	5.947786849e-03	4.755760498e+02	8.786525577e-03
4.750943604e+02	2.509439364e-03	4.756912537e+02	8.535140194e-03
4.752091675e+02	1.991838450e-03	4.758064575e+02	-1.340723247e-03
4.753239746e+02	-4.163912963e-03	4.759216614e+02	-2.094880212e-03
4.754388123e+02	6.465387531e-03	4.760368652e+02	2.448017010e-03
4.755536194e+02	2.102752915e-03	4.761520691e+02	9.217472398e-04
4.756684570e+02	-1.372566214e-03	4.762672729e+02	1.586123486e-03
4.757832642e+02	2.269124612e-03	4.763824768e+02	1.051031239e-02
4.758981018e+02	3.396754852e-03	4.764977112e+02	-1.843494480e-03
4.760129395e+02	2.897639759e-03	4.766129456e+02	5.069609731e-03
4.761277771e+02	6.982988678e-03	4.767281799e+02	3.884506179e-03
4.762426147e+02	4.376498982e-03	4.768434143e+02	7.673246786e-03
4.763574829e+02	2.990068635e-03	4.769586487e+02	3.758813487e-03
4.764723206e+02	2.860668348e-03	4.770738831e+02	-3.064510413e-03
4.765871887e+02	-2.634217963e-04	4.771891479e+02	4.943917040e-03
4.767020569e+02	7.204817608e-03	4.773043823e+02	1.657948014e-03
4.768169250e+02	5.855358206e-03	4.774196472e+02	1.137220650e-03
4.769317932e+02	2.564896597e-03	4.775349121e+02	1.244957279e-02
4.770466614e+02	2.911504125e-04	4.776501770e+02	-3.244071500e-03
4.771615295e+02	2.028810093e-03	4.777654419e+02	7.637334522e-03
4.772764282e+02	4.390363465e-04	4.778807068e+02	2.070938703e-03
4.773912964e+02	3.174925921e-03	4.779959717e+02	1.657948014e-03
4.775061951e+02	3.835791140e-04	4.781112671e+02	3.669032827e-03
4.776210938e+02	7.500589360e-03	4.782265320e+02	-7.302153390e-04
4.777359924e+02	7.888790220e-03	4.783418274e+02	7.960543968e-03
4.778508911e+02	4.043755587e-03	4.784571228e+02	4.566838499e-03
4.779658203e+02	5.282300524e-03	4.785724182e+02	2.214587585e-04
4.780807190e+02	3.433726262e-03	4.786877136e+02	3.471515607e-03
4.781956482e+02	5.541100632e-03	4.788030396e+02	2.106850967e-03
4.783105469e+02	-2.980825724e-03	4.789183350e+02	1.693860162e-03
4.784254761e+02	5.615043920e-03	4.790336609e+02	-3.010642016e-03
4.785404053e+02	1.337905508e-02	4.791489563e+02	3.776769619e-03
4.786553345e+02	3.914355766e-03	4.792642822e+02	7.529597729e-03
4.787702942e+02	5.152900238e-03	4.793796082e+02	9.917761199e-03
4.788852234e+02	5.559586454e-03	4.794949341e+02	4.746399820e-03
4.790001831e+02	1.954867039e-03	4.796102905e+02	1.819552970e-03
4.791151123e+02	1.788495341e-03	4.797256165e+02	6.847265176e-03
4.792300720e+02	9.011798538e-04	4.798409729e+02	1.083352324e-02
4.793450317e+02	8.461847901e-03	4.799562988e+02	1.388606266e-03
4.794599915e+02	2.638839418e-03	4.800716553e+02	2.394148614e-03
4.795749512e+02	7.944246754e-03	4.801870117e+02	3.112393199e-03
4.796899414e+02	4.727728199e-03	4.803023682e+02	6.093108561e-03
4.798049011e+02	1.455752063e-03	4.804177246e+02	3.974286839e-03
4.799198914e+02	3.415240673e-03	4.805331116e+02	-8.056310005e-03
4.800348816e+02	7.593018003e-03	4.806484680e+02	4.854136612e-03
4.801498413e+02	5.115928594e-03	4.807638550e+02	-2.220572904e-03
4.802648621e+02	8.443362080e-03	4.808792419e+02	-5.686103250e-04
4.803798523e+02	1.463608537e-02	4.809946289e+02	1.022301521e-02
4.804948425e+02	4.487413447e-03	4.811100159e+02	2.825095551e-03
4.806098328e+02	6.594787817e-03	4.812254028e+02	3.866550047e-03
4.807248535e+02	6.335987709e-03	4.813407898e+02	-4.249613849e-04
4.808398743e+02	5.078957416e-03	4.814562073e+02	5.985371768e-03
4.809548950e+02	3.064011456e-03	4.815715942e+02	9.612507187e-03
4.810699158e+02	5.707472563e-03	4.816870117e+02	1.033075154e-02
4.811849365e+02	4.265584517e-03	4.818024292e+02	8.427403867e-03
4.812999573e+02	1.049065730e-03	4.819178467e+02	3.256042255e-03
4.814149780e+02	-2.481710631e-03	4.820332642e+02	-4.590780009e-03
4.815300293e+02	4.487413447e-03	4.821486816e+02	9.001999162e-03
4.816450806e+02	3.858898301e-03	4.822640991e+02	1.675904059e-04
4.817601013e+02	5.684365169e-04	4.823795471e+02	6.919089705e-03
4.818751526e+02	-4.297934647e-04	4.824949951e+02	6.129020825e-03
4.819902039e+02	1.862438396e-03	4.826104126e+02	8.140105638e-04
4.821052856e+02	1.104522962e-03	4.827258606e+02	1.801596954e-03
4.822203369e+02	-6.007865522e-05	4.828413086e+02	3.327866783e-03
4.823353882e+02	3.235004624e-05	4.829567871e+02	3.004656639e-03
4.824504700e+02	8.997933939e-03	4.830722351e+02	8.355579339e-03
4.825655518e+02	7.093903143e-03	4.831876831e+02	8.283754811e-03
4.826806335e+02	1.400757022e-02	4.833031616e+02	1.819552970e-03
4.827957153e+02	9.196656174e-04	4.834186401e+02	8.391491137e-03
4.829107971e+02	7.204817608e-03	4.835341187e+02	2.448017010e-03
4.830258789e+02	8.942477405e-03	4.836495972e+02	8.750613779e-03
4.831409912e+02	1.180776674e-02	4.837650757e+02	2.896919847e-03
4.832560730e+02	6.668731105e-03	4.838805542e+02	8.768569678e-03
4.833711853e+02	4.025270231e-03	4.839960327e+02	3.076481167e-03
4.834862976e+02	1.252408954e-03	4.841115417e+02	7.673246786e-03
4.836014099e+02	2.010324271e-03	4.842270203e+02	1.065396122e-03
4.837165222e+02	3.452212084e-03	4.843425293e+02	3.363778815e-03
4.838316345e+02	3.637069371e-03	4.844580383e+02	2.124806866e-03
4.839467468e+02	3.359783441e-03	4.845735474e+02	2.035026409e-04
4.840618896e+02	7.445131894e-03	4.846890564e+02	-1.628021128e-03
4.841770020e+02	-1.428023446e-03	4.848045959e+02	5.123478360e-03
4.842921448e+02	3.378269030e-03	4.849201050e+02	5.823766813e-03
4.844072876e+02	1.023647841e-02	4.850356445e+02	5.069609731e-03
4.845224304e+02	4.746214021e-03	4.851511841e+02	9.989585727e-03
4.846375732e+02	6.335987709e-03	4.852666931e+02	-3.136334708e-03
4.847527161e+02	4.690756556e-03	4.853822327e+02	5.536468700e-03
4.848678894e+02	3.433726262e-03	4.854978027e+02	-9.995570872e-04
4.849830322e+02	2.343067667e-03	4.856133423e+02	3.256042255e-03
4.850982056e+02	-8.919370011e-04	4.857288818e+02	7.260255981e-03
4.852133789e+02	4.857128486e-03	4.858444519e+02	7.098651025e-03
4.853285522e+02	7.902653888e-04	4.859599915e+02	4.674575292e-03
4.854437256e+02	4.043755587e-03	4.860755615e+02	2.609622199e-03
4.855588989e+02	5.115928594e-03	4.861911316e+02	5.751942284e-03
4.856741028e+02	-4.367256071e-03	4.863067017e+02	9.001999162e-03
4.857892761e+02	-2.111995826e-03	4.864222717e+02	1.083352254e-03
4.859044800e+02	1.393362693e-02	4.865378723e+02	1.022301521e-02
4.860196838e+02	1.086037257e-03	4.866534424e+02	2.286412055e-03
4.861348572e+02	-1.594395144e-03	4.867690430e+02	1.316781738e-03
4.862500610e+02	2.897639759e-03	4.868846130e+02	4.548882600e-03
4.863652954e+02	1.491337083e-02	4.870002136e+02	1.316781854e-04
4.864804993e+02	2.069940791e-02	4.871158142e+02	1.410153601e-02
4.865957031e+02	1.428485569e-02	4.872314148e+02	4.153848160e-03
4.867109375e+02	1.156745199e-02	4.873470154e+02	-5.165375769e-03
4.868261719e+02	1.467305701e-02	4.874626465e+02	-4.088008776e-03
4.869413757e+02	7.038445678e-03	4.875782471e+02	3.471515665e-04
4.870566101e+02	8.424876258e-03	4.876938782e+02	6.272669416e-03
4.871718445e+02	7.740903646e-03	4.878095093e+02	1.297030039e-02
4.872871094e+02	1.188171003e-02	4.879251404e+02	1.532255206e-03
4.874023438e+02	-1.335594803e-03	4.880407715e+02	7.116606925e-03
4.875175781e+02	4.968042951e-03	4.881564026e+02	5.015741568e-03
4.876328430e+02	5.263814703e-03	4.882720337e+02	3.112393199e-03
4.877481079e+02	6.446902175e-03	4.883876953e+02	6.218801253e-03
4.878633728e+02	4.579842091e-03	4.885033264e+02	5.662161857e-03
4.879786377e+02	4.099213053e-03	4.886189880e+02	6.703616586e-03
4.880939026e+02	1.689134538e-02	4.887346497e+02	8.229886182e-03
4.882091675e+02	9.552506730e-03	4.888503113e+02	-1.987143420e-03
4.883244629e+02	6.409930531e-03	4.889659729e+02	7.745070849e-03
4.884397278e+02	9.737364016e-03	4.890816345e+02	5.033697467e-03
4.885550232e+02	1.040285081e-02	4.891972961e+02	2.322324319e-03
4.886703186e+02	3.650933795e-04	4.893129883e+02	-3.315896029e-03
4.887856140e+02	8.942477405e-03	4.894286499e+02	-1.358679379e-03
4.889009094e+02	1.511209295e-03	4.895443420e+02	8.624920622e-03
4.890162048e+02	9.829792194e-03	4.896600342e+02	1.219818741e-02
4.891315002e+02	8.240018971e-03	4.897757263e+02	1.446065772e-02
4.892468262e+02	9.196656174e-04	4.898914185e+02	-3.405676456e-03
4.893621216e+02	3.563126549e-03	4.900071106e+02	-4.518955480e-03
4.894774475e+02	-6.701080711e-04	4.901228333e+02	-2.633563709e-04
4.895927734e+02	5.596558098e-03	4.902385254e+02	4.189760148e-05
4.897080994e+02	6.946017034e-03	4.903542480e+02	1.121060085e-02
4.898234253e+02	8.776105009e-03	4.904699707e+02	-4.626692273e-03
4.899387512e+02	1.280599646e-02	4.905856934e+02	9.253384545e-03
4.900540771e+02	3.230383154e-03	4.907014160e+02	9.397033718e-04
4.901694336e+02	1.751523931e-03	4.908171387e+02	5.338951480e-03
4.902847900e+02	1.095742267e-02	4.909328613e+02	5.446688272e-03
4.904001160e+02	5.966272671e-03	4.910485840e+02	9.217472398e-04
4.905154724e+02	4.727728199e-03	4.911643372e+02	-2.274441300e-03
4.906308289e+02	8.997933939e-03	4.912800903e+02	7.745070849e-03
4.907461853e+02	5.226843059e-03	4.913958435e+02	9.738199413e-03
4.908615723e+02	3.563126549e-03	4.915115662e+02	1.060009375e-02
4.909769287e+02	7.532939198e-04	4.916273499e+02	2.035026439e-03
4.910923157e+02	1.585152233e-03	4.917431030e+02	2.286412055e-03
4.912076721e+02	8.387904614e-03	4.918588562e+02	6.524055498e-04
4.913230591e+02	5.245328881e-03	4.919746399e+02	-1.125249895e-03
4.914384460e+02	5.337757524e-03	4.920903931e+02	1.891377498e-03
4.915538330e+02	2.601868007e-03	4.922061768e+02	4.315453116e-03
4.916692200e+02	1.195565239e-02	4.923219604e+02	2.035026409e-04
4.917846375e+02	5.684365169e-04	4.924377441e+02	-1.376635482e-04
4.919000244e+02	7.944246754e-03	4.925535278e+02	8.247842081e-03
4.920154419e+02	-8.179940050e-04	4.926693115e+02	-7.661276031e-04
4.921308594e+02	2.934611402e-03	4.927850952e+02	2.286412055e-03
4.922462463e+02	3.766469657e-03	4.929009094e+02	8.876306005e-03
4.923616638e+02	2.380039077e-03	4.930167236e+02	3.597208532e-03
4.924771118e+02	5.430186167e-03	4.931325073e+02	6.757484749e-03
4.925925293e+02	4.468927626e-03	4.932483215e+02	8.499227697e-04
4.927079468e+02	1.617502276e-04	4.933641357e+02	5.051653832e-03
4.928233948e+02	-3.003932943e-04	4.934799500e+02	2.861007582e-03
4.929388123e+02	-1.169223106e-03	4.935957947e+02	2.035026409e-04
4.930542603e+02	1.358239818e-02	4.937116089e+02	-4.716473166e-03
4.931697083e+02	5.485643633e-03	4.938274536e+02	5.051653832e-03
4.932851562e+02	7.519075181e-03	4.939432678e+02	4.153848160e-03
4.934006042e+02	4.709242377e-03	4.940591125e+02	3.651076695e-03
4.935160522e+02	5.041985773e-03	4.941749573e+02	4.369321396e-04
4.936315308e+02	8.087511524e-04	4.942908020e+02	3.525384003e-03
4.937469788e+02	1.326351892e-03	4.944066467e+02	3.776769619e-03
4.938624573e+02	2.490953542e-03	4.945225220e+02	3.615164431e-03
4.939779358e+02	1.917895628e-03	4.946383667e+02	8.786525577e-03
4.940934143e+02	1.119773742e-02	4.947542419e+02	3.166261595e-03
4.942088928e+02	3.119468689e-03	4.948700867e+02	6.452230737e-03
4.943243713e+02	5.189871881e-03	4.949859619e+02	2.017070306e-03
4.944398499e+02	5.282300524e-03	4.951018372e+02	5.949459504e-03
4.945553589e+02	5.467157811e-03	4.952177124e+02	-4.088008776e-03
4.946708374e+02	-3.350540530e-03	4.953335876e+02	-2.813124796e-03
4.947863464e+02	6.169615779e-03	4.954494934e+02	2.573709935e-03
4.949018555e+02	-1.150737400e-03	4.955653687e+02	3.112393199e-03
4.950173645e+02	4.579842091e-03	4.956812744e+02	6.631792057e-03
4.951328735e+02	4.025270231e-03	4.957971497e+02	3.848594148e-03
4.952483826e+02	-4.016027320e-03	4.959130554e+02	6.631792057e-03
4.953638916e+02	-2.264503273e-04	4.960289612e+02	4.279540852e-03
4.954794312e+02	5.596558098e-03	4.961448669e+02	3.220129991e-03
4.955949402e+02	7.703932468e-03	4.962607727e+02	5.985371768e-03
4.957104797e+02	4.760078155e-04	4.963767090e+02	3.615164431e-03
4.958260193e+02	9.866763838e-03	4.964926147e+02	8.140105754e-03
4.959415588e+02	4.173155874e-03	4.966085510e+02	6.919089705e-03
4.960570984e+02	-7.995082997e-04	4.967244873e+02	7.924632169e-03
4.961726379e+02	2.768239705e-03	4.968403931e+02	5.051653832e-03
4.962882080e+02	3.544640727e-03	4.969563293e+02	1.639991882e-03
4.964037476e+02	2.786725294e-03	4.970722961e+02	5.105521996e-03
4.965193176e+02	3.230383154e-03	4.971882324e+02	-9.816009551e-04
4.966348877e+02	3.045525867e-03	4.973041687e+02	-1.179118291e-03
4.967504272e+02	5.005014129e-03	4.974201355e+02	6.218801253e-03
4.968659973e+02	2.638839418e-03	4.975360718e+02	-7.661276031e-04
4.969815979e+02	-1.501966384e-03	4.976520386e+02	3.148305463e-03
4.970971680e+02	6.946017034e-03	4.977680054e+02	6.542011164e-03
4.972127380e+02	7.241788786e-03	4.978839722e+02	9.845936671e-03
4.973283386e+02	1.289380365e-03	4.979999390e+02	-5.686103250e-04
4.974439087e+02	2.287610434e-03	4.981159058e+02	2.609622199e-03
4.975595093e+02	6.539330818e-03	4.982319031e+02	6.003327668e-03
4.976751099e+02	9.182791226e-03	4.983478699e+02	-6.583908689e-04
4.977907104e+02	4.672270734e-03	4.984638672e+02	5.985371768e-03
4.979063110e+02	-1.982595772e-03	4.985798645e+02	2.519841539e-03
4.980219116e+02	-2.075024415e-03	4.986958313e+02	5.733985920e-03
4.981375427e+02	-2.264503273e-04	4.988118286e+02	2.789183287e-03
4.982531433e+02	5.596558098e-03	4.989278564e+02	2.483929275e-03
4.983687744e+02	3.137954511e-03	4.990438538e+02	2.142762998e-03
4.984844055e+02	1.954867039e-03	4.991598511e+02	4.674575292e-03
4.986000366e+02	3.285840387e-03	4.992758789e+02	2.250499791e-03
4.987156677e+02	1.413697004e-02	4.993918762e+02	1.532255206e-03
4.988312988e+02	-1.723795314e-03	4.995079041e+02	-2.561739180e-03
4.989469299e+02	3.027040046e-03	4.996239319e+02	-3.136334708e-03
4.990625916e+02	1.188171003e-02	4.997399597e+02	1.481978036e-02
4.991782227e+02	3.821926890e-03	4.998559875e+02	2.609622199e-03
4.992938843e+02	2.195181791e-03	4.999720459e+02	3.722901223e-03
4.994095459e+02	3.452212084e-03	5.000880737e+02	5.769898184e-03
4.995252075e+02	7.204817608e-03	5.002041016e+02	5.249171052e-03
4.996408691e+02	-4.533628002e-03	5.003201599e+02	-1.807582215e-03
4.997565308e+02	4.302556161e-03	5.004362183e+02	-3.657062072e-03
4.998721924e+02	4.746214021e-03	5.005522766e+02	8.786525577e-03
4.999878540e+02	4.709242377e-03	5.006683350e+02	8.678789018e-04
5.001035461e+02	-9.843657026e-04	5.007843933e+02	-9.277326171e-04
5.002192383e+02	-2.481710631e-03	5.009004517e+02	8.858350338e-04
5.003348999e+02	6.372958887e-03	5.010165405e+02	1.316781738e-03
5.004505920e+02	1.380422711e-02	5.011325989e+02	1.212636288e-02
5.005662842e+02	1.233923133e-03	5.012486877e+02	1.837509102e-03
5.006820068e+02	5.467157811e-03	5.013647766e+02	-9.277326171e-04
5.007976990e+02	3.821926890e-03	5.014808350e+02	2.591666067e-03
5.009133911e+02	2.879154170e-03	5.015969238e+02	3.669032827e-03
5.010291138e+02	7.278760429e-03	5.017130432e+02	-1.179118291e-03
5.011448364e+02	6.317501888e-03	5.018291321e+02	5.087566096e-03
5.012605286e+02	1.233923133e-03	5.019452209e+02	2.932832285e-04
5.013762512e+02	6.280530244e-03	5.020613403e+02	1.604079641e-02
5.014919739e+02	3.951326944e-03	5.021774292e+02	1.352694002e-03
5.016077271e+02	-4.311799072e-03	5.022935486e+02	-3.657062072e-03
5.017234497e+02	-5.222221953e-04	5.024096680e+02	2.160719130e-03
5.018391724e+02	1.147502381e-02	5.025257874e+02	1.544824429e-02
5.019549255e+02	8.923991583e-03	5.026419067e+02	3.040568903e-03
5.020706787e+02	-7.625367725e-04	5.027580566e+02	2.304368187e-03
5.021864014e+02	9.404620156e-03	5.028741760e+02	1.144403033e-02
5.023021545e+02	2.911504125e-04	5.029902954e+02	1.492751669e-02
5.024179077e+02	3.674041014e-03	5.031064453e+02	7.906676270e-03
5.025336609e+02	5.467157811e-03	5.032225952e+02	-4.070052819e-04
5.026494446e+02	3.396754852e-03	5.033387451e+02	4.315453116e-03
5.027651978e+02	2.158210147e-03	5.034548950e+02	-2.400133992e-03
5.028809814e+02	7.925760932e-03	5.035710449e+02	3.740857355e-03
5.029967346e+02	4.413470626e-03	5.036871948e+02	-1.053425483e-03
5.031125183e+02	5.799901206e-03	5.038033752e+02	1.011527842e-03
5.032283020e+02	9.922221303e-03	5.039195251e+02	5.303039216e-03
5.033440857e+02	4.006784409e-03	5.040357056e+02	9.397033602e-03
5.034598694e+02	4.450442269e-03	5.041518555e+02	-6.404347951e-04
5.035756836e+02	9.566370863e-04	5.042680359e+02	1.316781854e-04
5.036914673e+02	1.117925160e-02	5.043842163e+02	5.554425064e-03
5.038072815e+02	6.391444709e-03	5.045003967e+02	3.597208532e-03
5.039230652e+02	7.445131894e-03	5.046166077e+02	6.164933089e-03
5.040388794e+02	-5.790658295e-03	5.047327881e+02	3.256042255e-03
5.041546936e+02	1.132713724e-02	5.048489990e+02	4.333409015e-03
5.042705078e+02	2.417010488e-03	5.049651794e+02	1.288051996e-02
5.043863220e+02	4.616813734e-03	5.050813904e+02	5.895591341e-03
5.045021667e+02	3.045525867e-03	5.051976013e+02	-2.094880183e-04
5.046179810e+02	3.466076450e-04	5.053138123e+02	1.747728558e-03
5.047337952e+02	7.519075181e-03	5.054300232e+02	8.535140194e-03
5.048496399e+02	3.322811797e-03	5.055462341e+02	5.303039216e-03
5.049654846e+02	7.149360143e-03	5.056624451e+02	3.471515665e-04
5.050813293e+02	6.742673926e-03	5.057786865e+02	4.243628588e-03
5.051971741e+02	1.474237768e-03	5.058949280e+02	1.244957326e-03
5.053130188e+02	6.557816640e-03	5.060111389e+02	7.403905038e-03
5.054288635e+02	4.542870913e-03	5.061273804e+02	5.087566096e-03
5.055447388e+02	1.358239818e-02	5.062436218e+02	4.369321396e-04
5.056605835e+02	5.670500919e-03	5.063598633e+02	-1.987143420e-03
5.057764587e+02	5.670500919e-03	5.064761047e+02	1.176724117e-02
5.058923340e+02	5.929301493e-03	5.065923767e+02	7.673246786e-03
5.060081787e+02	3.711012425e-03	5.067086182e+02	4.189760424e-03
5.061240540e+02	1.143805217e-02	5.068248901e+02	1.596897095e-02
5.062399597e+02	4.801671021e-03	5.069411316e+02	-3.064510413e-03
5.063558350e+02	9.737364016e-03	5.070574036e+02	6.775440648e-03
5.064717102e+02	1.086499356e-02	5.071736755e+02	1.981158042e-03
5.065876160e+02	1.954867039e-03	5.072899475e+02	5.895591341e-03
5.067034912e+02	6.816616748e-03	5.074062195e+02	6.524055265e-03
5.068193970e+02	1.084650867e-02	5.075225220e+02	1.173132914e-03
5.069353027e+02	4.857128486e-03	5.076387939e+02	3.830638016e-03
5.070512085e+02	1.167836692e-02	5.077550964e+02	1.783640822e-03
5.071671143e+02	9.570992552e-03	5.078713684e+02	5.446688272e-03
5.072830200e+02	6.724188104e-03	5.079876709e+02	8.768569678e-03
5.073989563e+02	2.139724558e-03	5.081039734e+02	5.769898184e-03
5.075148621e+02	1.140108053e-02	5.082202759e+02	3.669032827e-03
5.076307983e+02	4.857128486e-03	5.083365784e+02	-1.376635511e-03
5.077467346e+02	6.557816640e-03	5.084529114e+02	4.153848160e-03
5.078626404e+02	9.607963264e-03	5.085692139e+02	5.662161857e-03
5.079785767e+02	8.166075684e-03	5.086855469e+02	1.428109687e-02
5.080945129e+02	8.868534118e-03	5.088018494e+02	1.801596954e-03
5.082104797e+02	5.041985773e-03	5.089181824e+02	1.945245778e-03
5.083264160e+02	5.596558098e-03	5.090345154e+02	5.572380964e-03
5.084423523e+02	8.258504793e-03	5.091508484e+02	3.435603343e-03
5.085583191e+02	7.223302964e-03	5.092671814e+02	-7.302153390e-04
5.086742859e+02	9.034905583e-03	5.093835144e+02	4.423189908e-03
5.087902527e+02	1.861051843e-02	5.094998779e+02	1.819552970e-03
5.089062195e+02	8.387904614e-03	5.096162109e+02	9.217472747e-03
5.090221863e+02	7.999704219e-03	5.097325745e+02	4.836180247e-03
5.091381531e+02	8.369418792e-03	5.098489380e+02	-9.097764851e-04
5.092541199e+02	2.139724558e-03	5.099652710e+02	7.924632169e-03
5.093700867e+02	1.021799352e-02	5.100816345e+02	4.297496751e-03
5.094860840e+02	1.659095171e-03	5.101979980e+02	-4.536911845e-03
5.096020813e+02	5.984758493e-03	5.103143921e+02	1.891377498e-03
5.097180786e+02	7.666960824e-03	5.104307556e+02	9.558638558e-03
5.098340454e+02	5.615043920e-03	5.105471497e+02	9.989585727e-03
5.099500427e+02	6.779645570e-03	5.106635132e+02	4.261584487e-03
5.100660706e+02	3.951326944e-03	5.107799072e+02	-3.351808118e-04
5.101820679e+02	2.638839418e-03	5.108963013e+02	4.405233543e-03
5.102980652e+02	9.903735481e-03	5.110126953e+02	-5.686103250e-04
5.104140930e+02	8.702162653e-03	5.111290894e+02	8.840394206e-03
5.105300903e+02	3.711012425e-03	5.112454834e+02	2.322324319e-03
5.106461182e+02	3.489183495e-03	5.113618774e+02	3.651076695e-03
5.107621460e+02	9.681906551e-03	5.114783020e+02	1.068987418e-02
5.108781738e+02	3.988298588e-03	5.115946960e+02	4.261584487e-03
5.109942017e+02	6.576301996e-03	5.117111206e+02	8.391491137e-03
5.111102295e+02	1.339754090e-02	5.118275452e+02	4.943917040e-03
5.112262878e+02	8.184561506e-03	5.119439392e+02	9.935717098e-03
5.113423157e+02	-2.449360618e-04	5.120603638e+02	7.763027214e-03
5.114583740e+02	3.119468689e-03	5.121768188e+02	7.188431453e-03
5.115744324e+02	3.100982867e-03	5.122932129e+02	3.238086123e-03
5.116904602e+02	5.596558098e-03	5.124096680e+02	3.669032827e-03
5.118065186e+02	1.455752063e-03	5.125261230e+02	3.974286839e-03
5.119225769e+02	1.714552403e-03	5.126425781e+02	6.883177441e-03
5.120386353e+02	9.201277047e-03	5.127590332e+02	1.586123486e-03
5.121547241e+02	3.489183495e-03	5.128754272e+02	3.004656639e-03
5.122708130e+02	3.729498247e-03	5.129918823e+02	6.218801253e-03
5.123868408e+02	3.637069371e-03	5.131083374e+02	-2.346265828e-03
5.125029297e+02	7.093903143e-03	5.132248535e+02	2.753271023e-03
5.126190186e+02	1.880924101e-03	5.133413086e+02	-3.423632588e-03
5.127351074e+02	1.104522962e-03	5.134577637e+02	2.322324319e-03
5.128511963e+02	6.927531213e-03	5.135742188e+02	7.655290421e-03
5.129672852e+02	9.381513228e-04	5.136907349e+02	8.714701049e-03
5.130833740e+02	3.433726262e-03	5.138071899e+02	5.662161857e-03
5.131995239e+02	1.147502381e-02	5.139236450e+02	2.106850967e-03
5.133156128e+02	9.903735481e-03	5.140401611e+02	1.280869590e-03
5.134317017e+02	3.932841122e-03	5.141566772e+02	2.896919847e-03
5.135478516e+02	9.718878195e-03	5.142731323e+02	4.459102172e-03
5.136639404e+02	6.613273639e-03	5.143896484e+02	2.591666067e-03
5.137800903e+02	3.211897332e-03	5.145061646e+02	1.284460817e-02
5.138961792e+02	4.228613339e-03	5.146226807e+02	3.615164431e-03
5.140123291e+02	8.387904614e-03	5.147391357e+02	4.189760424e-03
5.141284180e+02	4.450442269e-03	5.148556519e+02	3.938374575e-03
5.142445679e+02	1.182625256e-02	5.149721680e+02	5.913547240e-03
5.143607178e+02	1.546794362e-02	5.150886841e+02	-2.094880212e-03
5.144768677e+02	6.650245283e-03	5.152052612e+02	6.272669416e-03
5.145930176e+02	4.062241409e-03	5.153217773e+02	6.488143001e-03
5.147091675e+02	1.021799352e-02	5.154382935e+02	7.709158584e-03
5.148253174e+02	6.909045391e-03	5.155548096e+02	1.855465234e-03
5.149414673e+02	1.073559374e-02	5.156713867e+02	1.155176759e-02
5.150576172e+02	7.907275110e-03	5.157879028e+02	1.550211338e-03
5.151737671e+02	1.640609466e-03	5.159044189e+02	8.086237125e-03
5.152899170e+02	5.171386059e-03	5.160209961e+02	-1.753713936e-03
5.154061279e+02	1.350845490e-02	5.161375732e+02	7.439817302e-03
5.155222778e+02	3.045525867e-03	5.162540894e+02	7.098651025e-03
5.156384888e+02	6.798130926e-03	5.163706665e+02	6.703616586e-03
5.157546387e+02	3.914355766e-03	5.164872437e+02	6.667704321e-03
5.158708496e+02	9.275220335e-03	5.166037598e+02	1.873421366e-03
5.159869995e+02	4.228613339e-03	5.167203369e+02	3.722901223e-03
5.161032104e+02	-1.760766841e-03	5.168369141e+02	7.350036409e-03
5.162194214e+02	1.674345881e-02	5.169534912e+02	3.435603343e-03
5.163355713e+02	4.931071308e-03	5.170700684e+02	-9.097764851e-04
5.164517822e+02	1.143805217e-02	5.171866455e+02	1.130038220e-02
5.165679932e+02	1.389665529e-02	5.173032837e+02	1.496342884e-04
5.166842041e+02	1.848111860e-02	5.174198608e+02	1.018710248e-02
5.168004150e+02	2.082880773e-02	5.175364380e+02	1.783640822e-03
5.169166260e+02	5.966272671e-03	5.176530762e+02	6.667704321e-03
5.170328369e+02	5.467157811e-03	5.177696533e+02	1.280869590e-03
5.171491089e+02	8.739134297e-03	5.178862305e+02	1.034870744e-02
5.172653198e+02	-1.428023446e-03	5.180028687e+02	5.195302889e-03
5.173815308e+02	-1.594395144e-03	5.181194458e+02	6.488143001e-03
5.174978027e+02	-1.039822935e-03	5.182360840e+02	-1.197074307e-03
5.176140137e+02	5.314650480e-04	5.183527222e+02	2.681446495e-03
5.177302856e+02	6.816616748e-03	5.184693604e+02	1.221614331e-02
5.178464966e+02	4.302556161e-03	5.185859375e+02	1.909333630e-03
5.179627686e+02	1.511209295e-03	5.187025757e+02	1.047440059e-02
5.180789795e+02	1.156745199e-02	5.188192139e+02	5.338951480e-03
5.181952515e+02	5.171386059e-03	5.189358521e+02	-1.592108863e-03
5.183115234e+02	6.262044422e-03	5.190524902e+02	5.626249593e-03
5.184277954e+02	5.467157811e-03	5.191691284e+02	1.675904146e-03
5.185440674e+02	1.141494489e-03	5.192858276e+02	1.514299074e-03
5.186603394e+02	1.003313530e-02	5.194024658e+02	4.315453116e-03
5.187766113e+02	5.263814703e-03	5.195191040e+02	3.794725752e-03
5.188928833e+02	2.084267326e-03	5.196357422e+02	8.930174634e-03
5.190091553e+02	1.485791430e-02	5.197524414e+02	-1.861450612e-03
5.191254272e+02	4.265584517e-03	5.198690796e+02	4.602750763e-03
5.192416992e+02	4.690756556e-03	5.199857788e+02	3.902462311e-03
5.193580322e+02	8.332447149e-03	5.201024170e+02	5.303039216e-03
5.194743042e+02	4.468927626e-03	5.202191162e+02	8.732656948e-03
5.195906372e+02	1.696066698e-03	5.203358154e+02	-3.585237777e-03
5.197069092e+02	2.620353829e-03	5.204524536e+02	1.388606266e-03
5.198232422e+02	-1.155358768e-04	5.205691528e+02	9.181560017e-03
5.199395142e+02	7.260274608e-03	5.206858521e+02	8.786525577e-03
5.200558472e+02	-4.113077302e-04	5.208025513e+02	2.394148760e-05
5.201721802e+02	2.879154170e-03	5.209192505e+02	5.751942284e-03
5.202884521e+02	4.284070339e-03	5.210359497e+02	-1.520284452e-03
5.204047852e+02	-7.070795982e-04	5.211526489e+02	8.337622508e-03
5.205211182e+02	4.390363465e-04	5.212693481e+02	1.370650134e-03
5.206374512e+02	2.084267326e-03	5.213860474e+02	1.020505838e-02
5.207537842e+02	2.445201389e-02	5.215028076e+02	-2.130792243e-03
5.208701172e+02	6.557816640e-03	5.216195068e+02	1.388606266e-03
5.209864502e+02	8.780726785e-05	5.217362061e+02	2.214587585e-04
5.211027832e+02	5.083578799e-05	5.218529663e+02	-2.076924080e-03
5.212191772e+02	1.090196520e-02	5.219696655e+02	1.496342884e-04
5.213355103e+02	1.432644931e-04	5.220864258e+02	-3.369764192e-03
5.214518433e+02	-4.159291711e-05	5.222031250e+02	4.548882600e-03
5.215682373e+02	-1.834709779e-03	5.223198853e+02	8.355579339e-03
5.216845703e+02	-2.574139275e-03	5.224366455e+02	9.935717098e-03
5.218009644e+02	2.509439364e-03	5.225534058e+02	7.780983113e-03
5.219172974e+02	3.304326208e-03	5.226701050e+02	3.597208532e-03
5.220336914e+02	3.082497278e-03	5.227868652e+02	9.343164973e-03
5.221500854e+02	1.178466016e-03	5.229036255e+02	1.316781854e-04
5.222664185e+02	9.497049265e-03	5.230203857e+02	-7.266241126e-03
5.223828125e+02	2.726646781e-04	5.231371460e+02	2.035026439e-03
5.224992065e+02	1.529695000e-03	5.232539062e+02	3.184217727e-03
5.226156006e+02	9.829792194e-03	5.233707275e+02	4.908004776e-03
5.227319946e+02	5.522614811e-03	5.234874878e+02	5.895591341e-03
5.228483887e+02	-3.868141212e-03	5.236042480e+02	-1.717801671e-03
5.229647827e+02	5.869222805e-04	5.237210083e+02	8.858350106e-03
5.230811768e+02	5.282300524e-03	5.238378296e+02	-7.481714711e-04
5.231976318e+02	9.441591799e-03	5.239545898e+02	9.576595039e-05
5.233140259e+02	1.215437427e-03	5.240714111e+02	5.123478360e-03
5.234304199e+02	-8.734512376e-04	5.241881714e+02	2.070938703e-03
5.235468750e+02	5.393214989e-03	5.243049927e+02	5.249171052e-03
5.236632690e+02	4.358013161e-03	5.244218140e+02	8.355579339e-03
5.237797241e+02	1.622123760e-03	5.245385742e+02	6.775440648e-03
5.238961182e+02	7.426646072e-03	5.246553955e+02	-1.628021128e-03
5.240125732e+02	-1.155358768e-04	5.247722168e+02	-2.813124738e-04
5.241289673e+02	1.487640012e-02	5.248890381e+02	3.256042255e-03
5.242454224e+02	8.087511524e-04	5.250058594e+02	8.894262835e-03
5.243618774e+02	8.628219366e-03	5.251226807e+02	8.804481477e-03
5.244783325e+02	1.334208343e-02	5.252395020e+02	6.990914233e-03
5.245947876e+02	8.850048296e-03	5.253563232e+02	3.381734947e-03
5.247112427e+02	4.487413447e-03	5.254731445e+02	5.392820109e-03
5.248276978e+02	-2.819075307e-04	5.255900269e+02	1.065396122e-03
5.249441528e+02	-4.108455963e-03	5.257068481e+02	6.416318472e-03
5.250606079e+02	7.334217429e-03	5.258236694e+02	9.863892570e-03
5.251770630e+02	1.247787441e-04	5.259405518e+02	1.086943503e-02
5.252935181e+02	8.642083849e-04	5.260573730e+02	4.800267983e-03
5.254100342e+02	1.886931993e-02	5.261742554e+02	4.459102172e-03
5.255264893e+02	8.147589862e-03	5.262910767e+02	-3.172246972e-03
5.256429443e+02	4.284070339e-03	5.264079590e+02	7.242299616e-04
5.257594604e+02	4.857128486e-03	5.265248413e+02	8.624920622e-03
5.258759155e+02	6.238937494e-04	5.266417236e+02	8.337622508e-03
5.259924316e+02	1.286145393e-02	5.267585449e+02	1.209045062e-03
5.261089478e+02	4.912585486e-03	5.268754272e+02	1.191088930e-03
5.262254028e+02	1.677580993e-03	5.269923096e+02	8.068281226e-03
5.263419189e+02	-6.437659264e-03	5.271091919e+02	1.298825722e-03
5.264584351e+02	6.095672958e-03	5.272260742e+02	7.852807641e-03
5.265749512e+02	5.467157811e-03	5.273429565e+02	3.291954345e-04
5.266914673e+02	4.783185199e-03	5.274598389e+02	-3.531369381e-03
5.268079834e+02	3.156440100e-03	5.275767822e+02	2.735314891e-03
5.269244995e+02	1.210353896e-02	5.276936646e+02	3.507427871e-03
5.270410156e+02	-1.709930948e-04	5.278105469e+02	5.087566096e-04
5.271575317e+02	7.907275110e-03	5.279274902e+02	-2.849037061e-03
5.272740479e+02	2.139724558e-03	5.280443726e+02	6.847265176e-03
5.273905640e+02	3.858898301e-03	5.281613159e+02	1.535846386e-02
5.275071411e+02	-5.776793696e-04	5.282781982e+02	3.004656639e-03
5.276236572e+02	4.265584517e-03	5.283951416e+02	7.278211880e-03
5.277401733e+02	1.391514111e-02	5.285120239e+02	9.989585727e-03
5.278567505e+02	-1.525073603e-04	5.286289673e+02	1.604079618e-03
5.279732666e+02	-1.039822935e-03	5.287459106e+02	2.681446495e-03
5.280898438e+02	1.862438396e-03	5.288628540e+02	1.007936615e-02
5.282064209e+02	4.949557129e-03	5.289797974e+02	1.532255206e-03
5.283229370e+02	9.751227917e-04	5.290966797e+02	6.326538045e-03
5.284395142e+02	-7.070795982e-04	5.292136230e+02	4.764355719e-03
5.285560913e+02	6.932152610e-05	5.293306274e+02	6.218801253e-03
5.286726685e+02	7.112388499e-03	5.294475708e+02	1.002549753e-02
5.287892456e+02	-7.856440061e-05	5.295645142e+02	1.298825722e-03
5.289058228e+02	3.378269030e-03	5.296814575e+02	3.058525035e-03
5.290223999e+02	4.358013161e-03	5.297984009e+02	8.894262835e-03
5.291389771e+02	-1.169223106e-03	5.299154053e+02	1.388606266e-03
5.292555542e+02	1.334208343e-02	5.300323486e+02	1.300621312e-02
5.293721313e+02	3.285840387e-03	5.301492920e+02	3.256042255e-03
5.294887085e+02	6.594787817e-03	5.302662964e+02	2.537797671e-03
5.296053467e+02	6.095672958e-03	5.303832397e+02	2.394148614e-03
5.297219238e+02	2.879154170e-03	5.305002441e+02	1.927289646e-03
5.298385620e+02	1.049065730e-03	5.306172485e+02	1.388606266e-03
5.299551392e+02	2.601868007e-03	5.307341919e+02	1.065396145e-02
5.300717773e+02	8.184561506e-03	5.308511963e+02	2.465973143e-03
5.301883545e+02	4.006784409e-03	5.309682007e+02	5.931503605e-03
5.303049927e+02	4.390363465e-04	5.310852051e+02	1.101308409e-02
5.304216309e+02	8.272369159e-04	5.312022095e+02	1.223410014e-02
5.305382080e+02	-3.387511941e-03	5.313192139e+02	6.901133806e-03
5.306548462e+02	3.100982867e-03	5.314362183e+02	6.919089705e-03
5.307714844e+02	4.376498982e-03	5.315532227e+02	-4.285525996e-03
5.308881226e+02	7.056931499e-03	5.316702271e+02	2.465973143e-03
5.310047607e+02	2.287610434e-03	5.317872314e+02	4.692531656e-03
5.311213989e+02	1.406302676e-02	5.319042969e+02	7.242299616e-04
5.312380371e+02	2.102752915e-03	5.320213013e+02	7.134563290e-03
5.313546753e+02	3.193411743e-03	5.321383057e+02	-6.296610925e-03
5.314713135e+02	-2.449360618e-04	5.322553711e+02	5.841722712e-03
5.315880127e+02	4.783185199e-03	5.323723755e+02	3.884506179e-03
5.317046509e+02	5.337757524e-03	5.324894409e+02	5.374863744e-03
5.318212891e+02	8.332447149e-03	5.326064453e+02	-9.097764851e-04
5.319379883e+02	2.620353829e-03	5.327235107e+02	4.477058072e-03
5.320546265e+02	4.006784409e-03	5.328405762e+02	5.680117756e-03
5.321713257e+02	1.408151258e-02	5.329575806e+02	5.985371768e-03
5.322879639e+02	7.629989646e-03	5.330746460e+02	4.602750763e-03
5.324046631e+02	9.011798538e-04	5.331917114e+02	5.949459504e-03
5.325213623e+02	1.648465917e-02	5.333087769e+02	6.236757152e-03
5.326380005e+02	1.038436498e-02	5.334258423e+02	6.955001969e-03
5.327546997e+02	1.003313530e-02	5.335429077e+02	7.619378157e-03
5.328713989e+02	1.443274226e-02	5.336599731e+02	2.394148614e-03
5.329880981e+02	2.132792398e-02	5.337770386e+02	9.217472747e-03
5.331047974e+02	3.396754852e-03	5.338941040e+02	-1.197074380e-05
5.332214966e+02	9.090363048e-03	5.340112305e+02	9.935717098e-03
5.333381958e+02	7.962732576e-03	5.341282959e+02	-7.104636170e-03
5.334548950e+02	5.966272671e-03	5.342453613e+02	2.807139419e-03
5.335715942e+02	1.565279998e-02	5.343624878e+02	3.974286839e-03
5.336883545e+02	7.130874321e-03	5.344795532e+02	3.902462311e-03
5.338050537e+02	5.097442772e-03	5.345966797e+02	1.388606266e-03
5.339217529e+02	9.182791226e-03	5.347137451e+02	1.338329166e-02
5.340385132e+02	1.890629157e-02	5.348308716e+02	6.452230737e-03
5.341552124e+02	5.226843059e-03	5.349479980e+02	-3.818667261e-03
5.342719727e+02	7.722418290e-03	5.350650635e+02	7.116606925e-03
5.343886719e+02	7.519075181e-03	5.351821899e+02	-1.412547776e-03
5.345054321e+02	5.282300524e-03	5.352993164e+02	9.397033718e-04
5.346221924e+02	8.923991583e-03	5.354164429e+02	3.525384003e-03
5.347388916e+02	1.214050967e-02	5.355335693e+02	5.698074121e-03
5.348556519e+02	1.341602579e-02	5.356506958e+02	8.984043263e-03
5.349724121e+02	1.755683124e-02	5.357678223e+02	2.932832111e-03
5.350891724e+02	1.404454093e-02	5.358849487e+02	6.416318472e-03
5.352059326e+02	1.147502381e-02	5.360020752e+02	7.691202685e-03
5.353226929e+02	1.215437427e-03	5.361192017e+02	1.801596954e-03
5.354394531e+02	1.016253605e-02	5.362363892e+02	6.470186636e-03
5.355562134e+02	1.750137471e-02	5.363535156e+02	5.267126951e-03
5.356729736e+02	6.872074213e-03	5.364706421e+02	9.576595039e-04
5.357897339e+02	1.378574129e-02	5.365878296e+02	6.667704321e-03
5.359065552e+02	1.265811082e-02	5.367049561e+02	4.890048876e-03
5.360233154e+02	1.171533763e-02	5.368221436e+02	6.739528384e-03
5.361400757e+02	1.862900518e-02	5.369392700e+02	2.160719130e-03
5.362568970e+02	1.232536789e-02	5.370564575e+02	2.932832285e-04
5.363736572e+02	4.339527804e-03	5.371736450e+02	2.035026439e-03
5.364904785e+02	1.313874032e-02	5.372908325e+02	2.394148614e-03
5.366072388e+02	1.265811082e-02	5.374079590e+02	5.267127417e-04
5.367240601e+02	8.110618219e-03	5.375251465e+02	-1.915319008e-03
5.368408813e+02	9.386134334e-03	5.376423340e+02	5.123478360e-03
5.369576416e+02	1.019950770e-02	5.377595215e+02	2.340280451e-03
5.370744629e+02	9.737364016e-03	5.378767090e+02	-3.208159236e-03
5.371912842e+02	7.519075181e-03	5.379938965e+02	2.663490362e-03
5.373081055e+02	1.528308634e-02	5.381110840e+02	4.082023632e-03
5.374249268e+02	9.460077621e-03	5.382283325e+02	-1.340723247e-03
5.375417480e+02	-1.538937911e-03	5.383455200e+02	2.322324319e-03
5.376585693e+02	6.520844996e-03	5.384627075e+02	8.193974383e-03
5.377753906e+02	4.783185199e-03	5.385798950e+02	8.499227697e-04
5.378922119e+02	1.275053993e-02	5.386971436e+02	-1.556196599e-03
5.380090942e+02	1.361936890e-02	5.388143311e+02	7.367992774e-03
5.381259155e+02	2.118003741e-02	5.389315796e+02	6.272669416e-03
5.382427368e+02	8.129104041e-03	5.390487671e+02	1.963201910e-03
5.383596191e+02	8.923991583e-03	5.391660156e+02	4.261584487e-03
5.384764404e+02	4.468927626e-03	5.392832642e+02	9.037910961e-03
5.385933228e+02	4.191641696e-03	5.394004517e+02	4.530926235e-03
5.387101440e+02	1.284296811e-02	5.395177002e+02	-1.843494480e-03
5.388270264e+02	9.071877226e-03	5.396349487e+02	-7.589451503e-03
5.389439087e+02	1.233923133e-03	5.397521973e+02	5.805810448e-03
5.390607300e+02	2.990068635e-03	5.398694458e+02	5.751942284e-03
5.391776123e+02	4.376498982e-03	5.399866943e+02	7.745070849e-03
5.392944946e+02	9.478563443e-03	5.401039429e+02	4.387277644e-03
5.394113770e+02	2.786725294e-03	5.402211914e+02	8.966086432e-03
5.395282593e+02	7.574532181e-03	5.403384399e+02	4.028155003e-03
5.396451416e+02	5.060471594e-03	5.404556885e+02	3.094437299e-03
5.397620239e+02	8.850048296e-03	5.405729370e+02	-5.865664571e-04
5.398789062e+02	5.910815671e-03	5.406902466e+02	2.717358759e-03
5.399957886e+02	1.169685274e-02	5.408074951e+02	-1.717801671e-03
5.401126709e+02	9.792821482e-03	5.409248047e+02	2.861007582e-03
5.402295532e+02	9.349163622e-03	5.410420532e+02	1.963201910e-03
5.403464966e+02	9.256734513e-03	5.411593628e+02	5.823766813e-03
5.404633789e+02	1.432182733e-02	5.412766113e+02	6.200845353e-03
5.405802612e+02	1.345299743e-02	5.413939209e+02	4.854136612e-03
5.406972046e+02	1.339754090e-02	5.415111694e+02	3.740857355e-03
5.408140869e+02	3.988298588e-03	5.416284790e+02	6.164933089e-03
5.409310303e+02	6.761159748e-03	5.417457886e+02	-2.274441300e-03
5.410479736e+02	-1.169223106e-03	5.418630981e+02	1.209045062e-03
5.411648560e+02	8.406390436e-03	5.419804077e+02	7.206387818e-03
5.412817993e+02	1.190019585e-02	5.420976562e+02	5.698074121e-03
5.413987427e+02	1.411848422e-02	5.422149658e+02	4.961873405e-03
5.415156860e+02	9.034905583e-03	5.423323364e+02	-1.987143420e-03
5.416325684e+02	1.397059858e-02	5.424496460e+02	5.338951480e-03
5.417495117e+02	6.465387531e-03	5.425669556e+02	4.046111368e-03
5.418664551e+02	7.611503825e-03	5.426842651e+02	-2.058967948e-03
5.419833984e+02	1.064316556e-02	5.428015747e+02	1.963201910e-03
5.421004028e+02	2.435496310e-03	5.429188843e+02	3.256042255e-03
5.422173462e+02	1.881386153e-02	5.430362549e+02	3.507427871e-03
5.423342896e+02	8.387904614e-03	5.431535645e+02	4.387277644e-03
5.424512329e+02	1.685437374e-02	5.432709351e+02	4.692531656e-03
5.425681763e+02	7.149360143e-03	5.433882446e+02	1.121060085e-02
5.426851807e+02	1.106833760e-02	5.435056152e+02	6.416318472e-03
5.428021240e+02	1.585614309e-02	5.436229248e+02	8.768569678e-03
5.429191284e+02	3.027040046e-03	5.437402954e+02	1.819552970e-03
5.430360718e+02	7.851818576e-03	5.438576660e+02	4.692531656e-03
5.431530762e+02	1.443274226e-02	5.439750366e+02	1.532255206e-03
5.432700195e+02	1.519065723e-02	5.440923462e+02	2.268455923e-03
5.433870239e+02	1.012556441e-02	5.442097168e+02	1.639991882e-03
5.435040283e+02	1.149350964e-02	5.443270874e+02	6.344493944e-03
5.436209717e+02	2.121700905e-02	5.444444580e+02	-6.673689466e-03
5.437379761e+02	1.809291914e-02	5.445618286e+02	6.488143001e-03
5.438549805e+02	6.687216461e-03	5.446791992e+02	5.141434260e-03
5.439719849e+02	-1.155358768e-04	5.447965698e+02	3.471515665e-04
5.440889893e+02	5.448671989e-03	5.449140015e+02	4.566838499e-03
5.442059937e+02	1.515368558e-02	5.450313721e+02	8.050325327e-03
5.443229980e+02	9.848278016e-03	5.451487427e+02	5.859679077e-03
5.444400024e+02	1.371179800e-02	5.452661133e+02	4.979829304e-03
5.445570068e+02	1.323116850e-02	5.453835449e+02	4.530926235e-03
5.446740723e+02	6.225073244e-03	5.455009155e+02	2.070938703e-03
5.447910767e+02	7.629989646e-03	5.456183472e+02	3.022612771e-03
5.449080811e+02	4.321041983e-03	5.457357178e+02	9.037911077e-04
5.450251465e+02	1.398908440e-02	5.458531494e+02	-8.379520732e-04
5.451421509e+02	1.424788497e-02	5.459705811e+02	-1.017513219e-03
5.452592163e+02	1.476548519e-02	5.460879517e+02	4.908004776e-03
5.453762207e+02	2.254798263e-02	5.462053833e+02	1.675904146e-03
5.454932861e+02	2.286223881e-02	5.463228149e+02	7.780983113e-03
5.456102905e+02	1.572674327e-02	5.464402466e+02	1.280869590e-03
5.457273560e+02	1.461759955e-02	5.465576782e+02	1.693860162e-03
5.458444214e+02	8.350932971e-03	5.466750488e+02	6.972957868e-03
5.459614868e+02	1.143805217e-02	5.467924805e+02	1.963201910e-03
5.460785522e+02	4.968042951e-03	5.469099731e+02	1.460430678e-03
5.461956177e+02	1.352694072e-02	5.470274048e+02	1.514299074e-03
5.463126221e+02	1.169685274e-02	5.471448364e+02	9.935717098e-04
5.464296875e+02	1.145653799e-02	5.472622681e+02	5.716030020e-03
5.465468140e+02	1.352694072e-02	5.473796997e+02	1.072578598e-02
5.466638794e+02	1.141956635e-02	5.474971924e+02	2.878963714e-03
5.467809448e+02	4.968042951e-03	5.476146240e+02	1.011527795e-02
5.468980103e+02	1.236233860e-02	5.477320557e+02	-9.277326171e-04
5.470150757e+02	5.910815671e-03	5.478495483e+02	1.675904059e-04
5.471322021e+02	1.003313530e-02	5.479669800e+02	-6.583909271e-05
5.472492676e+02	7.167845964e-03	5.480844727e+02	6.595879793e-03
5.473663330e+02	1.391514111e-02	5.482019653e+02	5.733985920e-03
5.474834595e+02	2.260343917e-02	5.483193970e+02	9.073823690e-03
5.476005249e+02	9.145820513e-03	5.484368896e+02	-1.681889407e-03
5.477176514e+02	1.567128673e-02	5.485543823e+02	4.477058072e-03
5.478347778e+02	8.646705188e-03	5.486718750e+02	3.238086123e-03
5.479518433e+02	2.546410775e-03	5.487893066e+02	3.471515665e-04
5.480689697e+02	2.971582813e-03	5.489067993e+02	4.818224348e-03
5.481860962e+02	5.707472563e-03	5.490242920e+02	1.227001194e-03
5.483032227e+02	4.672270734e-03	5.491417847e+02	-4.572824109e-03
5.484203491e+02	6.021730136e-03	5.492592773e+02	8.696745150e-03
5.485374146e+02	4.487413447e-03	5.493768311e+02	1.280869590e-03
5.486545410e+02	5.984758493e-03	5.494943237e+02	3.543340135e-03
5.487716675e+02	8.258504793e-03	5.496118164e+02	1.227001194e-02
5.488888550e+02	8.665191010e-03	5.497293091e+02	4.979829304e-03
5.490059814e+02	1.437266357e-03	5.498468628e+02	6.164933089e-03
5.491231079e+02	5.374729168e-03	5.499643555e+02	4.387277644e-03
5.492402344e+02	9.515535086e-03	5.500818481e+02	1.350898389e-02
5.493573608e+02	3.396754852e-03	5.501994019e+02	3.471515607e-03
5.494745483e+02	7.149360143e-03	5.503168945e+02	3.704945091e-03
5.495916748e+02	1.289842557e-02	5.504344482e+02	-5.147419870e-04
5.497088623e+02	1.506125741e-02	5.505520020e+02	4.548882425e-04
5.498259888e+02	2.615270205e-02	5.506694946e+02	4.405233543e-03
5.499431763e+02	1.289842557e-02	5.507870483e+02	-9.816009551e-04
5.500603027e+02	1.275053993e-02	5.509046021e+02	1.147994306e-02
5.501774902e+02	5.744443741e-03	5.510221558e+02	1.472999994e-02
5.502946167e+02	1.193716656e-02	5.511397095e+02	3.992242739e-03
5.504118042e+02	2.158210147e-03	5.512572021e+02	1.065396145e-02
5.505289917e+02	7.962732576e-03	5.513747559e+02	-4.626692273e-03
5.506461792e+02	1.330511179e-02	5.514923096e+02	1.115673315e-02
5.507633667e+02	5.356243346e-03	5.516099243e+02	2.878963714e-03
5.508805542e+02	1.119773742e-02	5.517274780e+02	2.968744375e-03
5.509977417e+02	2.620353829e-03	5.518450317e+02	5.608293228e-03
5.511149292e+02	9.108848870e-03	5.519625854e+02	3.345822915e-03
5.512321167e+02	1.770009636e-03	5.520801392e+02	3.704945091e-03
5.513493042e+02	2.731268061e-03	5.521977539e+02	2.537797671e-03
5.514664917e+02	3.248868976e-03	5.523153076e+02	-3.297939897e-03
5.515836792e+02	1.018102188e-02	5.524329224e+02	1.891377498e-03
5.517009277e+02	4.746214021e-03	5.525504761e+02	7.565509994e-03
5.518181152e+02	1.598554477e-02	5.526680908e+02	2.376192482e-03
5.519353027e+02	8.480333723e-03	5.527856445e+02	5.015741568e-03
5.520525513e+02	9.312191978e-03	5.529032593e+02	4.046111368e-03
5.521697388e+02	3.821926890e-03	5.530208130e+02	5.338951480e-03
5.522869873e+02	9.700392373e-03	5.531384277e+02	1.011527795e-02
5.524041748e+02	1.043982152e-02	5.532560425e+02	4.028155003e-03
5.525214233e+02	1.622585952e-02	5.533736572e+02	1.460430678e-03
5.526386719e+02	5.688986741e-03	5.534912720e+02	4.746399820e-03
5.527559204e+02	8.572761901e-03	5.536088867e+02	4.584794864e-03
5.528731079e+02	6.872074213e-03	5.537265015e+02	9.289297275e-03
5.529903564e+02	1.129016560e-02	5.538441162e+02	1.083352254e-03
5.531076050e+02	1.069862209e-02	5.539617310e+02	6.039239932e-03
5.532248535e+02	7.167845964e-03	5.540793457e+02	7.421860937e-03
5.533421021e+02	9.071877226e-03	5.541969604e+02	2.663490362e-03
5.534593506e+02	4.505899269e-03	5.543145752e+02	-2.058967948e-03
5.535765991e+02	8.776105009e-03	5.544322510e+02	8.283754811e-03
5.536938477e+02	7.629989646e-03	5.545498657e+02	6.344493944e-03
5.538110962e+02	1.208505314e-02	5.546674805e+02	1.209045062e-03
5.539284058e+02	3.267354565e-03	5.547851562e+02	7.547553629e-03
5.540456543e+02	9.201277047e-03	5.549027710e+02	5.769898184e-03
5.541629028e+02	1.361936890e-02	5.550204468e+02	9.055867791e-03
5.542802124e+02	1.716863178e-02	5.551380615e+02	3.830638016e-03
5.543974609e+02	1.772320457e-02	5.552557373e+02	7.816895843e-03
5.545147705e+02	1.156745199e-02	5.553734131e+02	1.056418102e-02
5.546320190e+02	7.371189073e-03	5.554910278e+02	2.753271023e-03
5.547493286e+02	1.842566207e-02	5.556087036e+02	2.232543658e-03
5.548665771e+02	9.866763838e-03	5.557263794e+02	2.896919847e-03
5.549838867e+02	1.533854287e-02	5.558440552e+02	4.315453116e-03
5.551011963e+02	7.075417321e-03	5.559617310e+02	-1.645977260e-03
5.552185059e+02	5.337757524e-03	5.560794067e+02	6.164933089e-03
5.553357544e+02	8.406390436e-03	5.561970825e+02	-1.556196599e-03
5.554530640e+02	4.339527804e-03	5.563147583e+02	9.720243514e-03
5.555703735e+02	1.208505314e-02	5.564324341e+02	5.231214687e-03
5.556876831e+02	1.233923133e-03	5.565501099e+02	-1.592108863e-03
5.558049927e+02	1.025496423e-02	5.566677856e+02	4.099979531e-03
5.559223022e+02	1.138259470e-02	5.567854614e+02	7.170475554e-03
5.560396118e+02	2.463687025e-02	5.569031982e+02	1.460430678e-03
5.561569824e+02	1.981209219e-02	5.570208740e+02	-3.351808293e-03
5.562742920e+02	1.605948620e-02	5.571386108e+02	6.164933089e-03
5.563916016e+02	1.230688207e-02	5.572562866e+02	6.416318472e-03
5.565089111e+02	7.519075181e-03	5.573740234e+02	3.651076695e-04
5.566262817e+02	8.406390436e-03	5.574916992e+02	-8.020398091e-04
5.567435913e+02	1.550491527e-02	5.576094360e+02	5.751942284e-03
5.568609619e+02	7.685446646e-03	5.577271118e+02	4.710487556e-03
5.569782715e+02	9.460077621e-03	5.578448486e+02	-2.813124738e-04
5.570956421e+02	1.134562306e-02	5.579625854e+02	9.720243514e-03
5.572129517e+02	-2.001081361e-03	5.580803223e+02	-1.484372187e-03
5.573303223e+02	1.158593781e-02	5.581979980e+02	8.445359766e-03
5.574476929e+02	1.720560342e-02	5.583157349e+02	2.932832285e-04
5.575650024e+02	8.997933939e-03	5.584334717e+02	2.286412055e-03
5.576823730e+02	1.587462984e-02	5.585512085e+02	2.645534230e-03
5.577997437e+02	3.235004624e-05	5.586689453e+02	1.801596954e-03
5.579171143e+02	9.053391404e-03	5.587866821e+02	1.227001194e-03
5.580344849e+02	9.182791226e-03	5.589044189e+02	-8.379520732e-04
5.581518555e+02	1.252871100e-02	5.590222168e+02	3.166261595e-03
5.582692261e+02	-2.819075307e-04	5.591399536e+02	1.000754163e-02
5.583865967e+02	6.317501888e-03	5.592576904e+02	6.129020825e-03
5.585039673e+02	9.829792194e-03	5.593754883e+02	1.568167354e-03
5.586213379e+02	7.722418290e-03	5.594932251e+02	5.554425064e-03
5.587387695e+02	3.433726262e-03	5.596109619e+02	-2.992685768e-04
5.588561401e+02	5.300785881e-03	5.597287598e+02	5.877634976e-03
5.589735107e+02	9.367649443e-03	5.598464966e+02	4.854136612e-03
5.590909424e+02	1.546794362e-02	5.599642944e+02	-3.782754997e-03
5.592083130e+02	1.092045102e-02	5.600820923e+02	-2.346265828e-03
5.593257446e+02	5.744443741e-03	5.601998291e+02	5.267126951e-03
5.594431152e+02	4.339527804e-03	5.603176270e+02	1.280869544e-02
5.595605469e+02	3.322811797e-03	5.604354248e+02	3.597208532e-03
5.596779175e+02	1.101288013e-02	5.605531616e+02	4.890048876e-03
5.597953491e+02	-2.278367523e-03	5.606709595e+02	-1.556196657e-04
5.599127808e+02	2.564896597e-03	5.607887573e+02	6.649747957e-03
5.600301514e+02	1.093893684e-02	5.609065552e+02	2.843051683e-03
5.601475830e+02	-3.479940584e-03	5.610243530e+02	1.029483974e-02
5.602650146e+02	2.749753883e-03	5.611421509e+02	1.370650134e-03
5.603824463e+02	1.178466016e-03	5.612599487e+02	1.586123486e-03
5.604998779e+02	-1.446509152e-03	5.613777466e+02	2.753271023e-03
5.606173096e+02	2.657325240e-03	5.614956055e+02	5.320995580e-03
5.607347412e+02	1.532005705e-02	5.616134033e+02	5.087566096e-03
5.608521729e+02	2.404532768e-02	5.617312012e+02	5.087566096e-03
5.609696045e+02	1.995997876e-02	5.618490601e+02	1.187497750e-02
5.610870361e+02	1.803746074e-02	5.619668579e+02	1.083352324e-02
5.612045288e+02	9.848278016e-03	5.620846558e+02	5.428732373e-03
5.613219604e+02	9.011798538e-04	5.622025146e+02	1.244957326e-03
5.614393921e+02	3.027040046e-03	5.623203125e+02	1.898559928e-02
5.615568848e+02	1.880924101e-03	5.624381714e+02	1.478386810e-03
5.616743164e+02	1.430334151e-02	5.625560303e+02	6.129020825e-03
5.617918091e+02	1.461759955e-02	5.626738281e+02	8.876306005e-03
5.619092407e+02	6.238937494e-04	5.627916870e+02	-4.608736373e-03
5.620267334e+02	1.158593781e-02	5.629095459e+02	9.001999162e-03
5.621441650e+02	8.092133328e-03	5.630273438e+02	6.901133806e-03
5.622616577e+02	-7.856440061e-05	5.631452026e+02	1.065396145e-02
5.623791504e+02	9.497049265e-03	5.632630615e+02	8.714701049e-03
5.624966431e+02	7.814846933e-03	5.633809204e+02	3.399691079e-03
5.626140747e+02	1.617502276e-04	5.634987793e+02	4.477058072e-03
5.627315674e+02	1.991838450e-03	5.636166382e+02	1.747728558e-03
5.628490601e+02	5.115928594e-03	5.637344971e+02	9.648418985e-03
5.629665527e+02	6.650245283e-03	5.638523560e+02	2.412104746e-03
5.630840454e+02	2.541789436e-04	5.639702759e+02	1.171337254e-02
5.632015381e+02	5.337757524e-03	5.640881348e+02	-1.376635482e-04
5.633190308e+02	7.297246251e-03	5.642059937e+02	5.698074121e-03
5.634365234e+02	7.223302964e-03	5.643239136e+02	-5.578366574e-03
5.635540771e+02	6.835102569e-03	5.644417725e+02	1.855465234e-04
5.636715698e+02	7.907275110e-03	5.645596313e+02	2.394148760e-05
5.637890625e+02	3.618583782e-03	5.646775513e+02	2.950788243e-03
5.639066162e+02	8.628219366e-03	5.647954102e+02	3.148305463e-03
5.640241089e+02	5.947786849e-03	5.649133301e+02	4.171804059e-03
5.641416016e+02	4.062241409e-03	5.650311890e+02	9.666375816e-03
5.642591553e+02	3.674041014e-03	5.651491089e+02	4.243628588e-03
5.643766479e+02	4.635299556e-03	5.652670288e+02	5.105521996e-03
5.644942017e+02	6.151129957e-03	5.653849487e+02	-8.379520295e-05
5.646117554e+02	7.944246754e-03	5.655028076e+02	-3.136334708e-03
5.647292480e+02	-1.908652717e-03	5.656207275e+02	1.086943503e-02
5.648468018e+02	9.718878195e-03	5.657386475e+02	8.050325327e-03
5.649643555e+02	8.720648475e-03	5.658565674e+02	1.819552970e-03
5.650818481e+02	2.324581845e-03	5.659744873e+02	-4.070052819e-04
5.651994019e+02	1.790806092e-02	5.660924072e+02	4.117935896e-03
5.653169556e+02	1.881386153e-02	5.662103271e+02	-3.710930469e-04
5.654345093e+02	1.112379413e-02	5.663282471e+02	8.858350338e-04
5.655520630e+02	1.934994943e-02	5.664461670e+02	8.086237125e-03
5.656696167e+02	4.191641696e-03	5.665641479e+02	3.597208532e-03
5.657871704e+02	7.426646072e-03	5.666820679e+02	3.291954345e-04
5.659047241e+02	5.836872384e-03	5.667999878e+02	7.547553629e-03
5.660223389e+02	5.226843059e-03	5.669179688e+02	2.214587526e-03
5.661398926e+02	8.720648475e-03	5.670358887e+02	-1.915319008e-04
5.662574463e+02	5.115928594e-03	5.671538086e+02	8.140105754e-03
5.663750000e+02	2.712782472e-03	5.672717896e+02	7.780982996e-04
5.664926147e+02	9.626449086e-03	5.673897095e+02	-6.224786630e-04
5.666101685e+02	4.228613339e-03	5.675076904e+02	-6.583908689e-04
5.667277832e+02	1.802359766e-04	5.676256714e+02	2.035026409e-04
5.668453369e+02	4.838642664e-03	5.677435913e+02	3.291954519e-03
5.669629517e+02	1.286145393e-02	5.678615723e+02	3.525384003e-03
5.670805054e+02	2.564896597e-03	5.679795532e+02	4.512970336e-03
5.671981201e+02	3.100982867e-03	5.680975342e+02	4.405233543e-03
5.673157349e+02	9.423105977e-03	5.682155151e+02	2.394148614e-03
5.674332886e+02	5.374729168e-03	5.683334351e+02	5.464644637e-03
5.675509033e+02	7.722418290e-03	5.684514160e+02	6.990914233e-03
5.676685181e+02	6.262044422e-03	5.685693970e+02	2.465973143e-03
5.677861328e+02	1.056922227e-02	5.686873779e+02	8.822438307e-03
5.679037476e+02	1.343451161e-02	5.688054199e+02	7.242299616e-03
5.680213623e+02	8.110618219e-03	5.689234009e+02	6.398362573e-03
5.681389771e+02	9.016419761e-03	5.690413818e+02	1.015119068e-02
5.682565918e+02	8.997933939e-03	5.691593628e+02	-1.125249895e-03
5.683742065e+02	1.108682249e-02	5.692773438e+02	1.244957326e-03
5.684918213e+02	1.040285081e-02	5.693953857e+02	6.003327668e-03
5.686094360e+02	6.816616748e-03	5.695133667e+02	7.242299616e-03
5.687270508e+02	9.811306372e-03	5.696313477e+02	3.381734947e-03
5.688447266e+02	9.478563443e-03	5.697493896e+02	1.532255206e-03
5.689623413e+02	1.626283117e-02	5.698673706e+02	3.112393199e-03
5.690799561e+02	1.225142460e-02	5.699854126e+02	1.442474546e-03
5.691976318e+02	1.515368558e-02	5.701034546e+02	-1.484372187e-03
5.693152466e+02	1.132713724e-02	5.702214355e+02	3.184217727e-03
5.694329224e+02	1.101288013e-02	5.703394775e+02	2.825095551e-03
5.695505371e+02	1.315722615e-02	5.704575195e+02	2.394148760e-04
5.696682129e+02	1.225142460e-02	5.705755005e+02	-2.418090124e-03
5.697858887e+02	9.644934908e-03	5.706935425e+02	3.291954519e-03
5.699035034e+02	1.084650867e-02	5.708115845e+02	2.304368187e-03
5.700211792e+02	6.705702282e-03	5.709296265e+02	-5.434717517e-03
5.701388550e+02	3.174925921e-03	5.710476685e+02	1.675904059e-04
5.702565308e+02	1.071710791e-02	5.711657104e+02	5.482600536e-03
5.703742065e+02	2.108760923e-02	5.712837524e+02	2.861007582e-03
5.704918213e+02	6.594787817e-03	5.714017944e+02	2.735314891e-03
5.706094971e+02	9.071877226e-03	5.715198364e+02	3.615164431e-03
5.707271729e+02	8.794590831e-03	5.716378784e+02	1.072578598e-02
5.708449097e+02	1.770009636e-03	5.717559814e+02	8.283754811e-03
5.709625854e+02	4.191641696e-03	5.718740234e+02	-3.226115368e-03
5.710802612e+02	3.100982867e-03	5.719920654e+02	7.314124145e-03
5.711979370e+02	1.687286049e-02	5.721101685e+02	5.967415404e-03
5.713156128e+02	6.982988678e-03	5.722282104e+02	-3.531369381e-03
5.714332886e+02	2.121238736e-03	5.723463135e+02	7.547553629e-03
5.715510254e+02	5.781415384e-03	5.724643555e+02	3.615164431e-03
5.716687012e+02	1.173382346e-02	5.725824585e+02	6.344494177e-04
5.717864380e+02	5.762929562e-03	5.727005005e+02	5.985371899e-06
5.719041138e+02	6.872074213e-03	5.728186035e+02	5.069609731e-03
5.720218506e+02	3.100982867e-03	5.729367065e+02	1.496342942e-03
5.721395264e+02	6.040215958e-03	5.730547485e+02	4.261584487e-03
5.722572632e+02	8.979448117e-03	5.731728516e+02	8.858350338e-04
5.723749390e+02	8.850048296e-03	5.732909546e+02	1.147994306e-02
5.724926758e+02	8.036675863e-03	5.734090576e+02	1.514299074e-03
5.726104126e+02	9.404620156e-03	5.735271606e+02	8.768569678e-03
5.727281494e+02	8.147589862e-03	5.736452637e+02	1.963201910e-03
5.728458252e+02	4.616813734e-03	5.737633667e+02	9.432946332e-03
5.729635620e+02	4.524385091e-03	5.738814697e+02	-8.020398091e-04
5.730812988e+02	4.857128486e-03	5.739995728e+02	8.499227697e-04
5.731990356e+02	9.256734513e-03	5.741176758e+02	6.524055498e-04
5.733167725e+02	1.064316556e-02	5.742357788e+02	5.518512800e-03
5.734345093e+02	3.378269030e-03	5.743538818e+02	2.825095551e-03
5.735522461e+02	-1.391051919e-03	5.744719849e+02	8.427403867e-03
5.736699829e+02	6.853588391e-03	5.745901489e+02	4.046111368e-03
5.737877808e+02	1.936381334e-03	5.747082520e+02	1.101308386e-03
5.739055176e+02	5.984758493e-03	5.748264160e+02	1.532255206e-03
5.740232544e+02	8.498819545e-03	5.749445190e+02	-1.915319008e-03
5.741409912e+02	3.877384122e-03	5.750626221e+02	2.232543658e-03
5.742587891e+02	5.633529276e-03	5.751807861e+02	4.477058072e-03
5.743765259e+02	8.776105009e-03	5.752989502e+02	1.873421366e-03
5.744943237e+02	1.190019585e-02	5.754170532e+02	2.394148760e-05
5.746120605e+02	6.539330818e-03	5.755352173e+02	1.729772426e-03
5.747298584e+02	9.903735481e-03	5.756533813e+02	8.104193024e-03
5.748475952e+02	1.443274226e-02	5.757714844e+02	3.686988959e-03
5.749653931e+02	8.272369159e-04	5.758896484e+02	-4.285525996e-03
5.750831909e+02	9.201277047e-03	5.760078125e+02	3.453559475e-03
5.752009277e+02	4.376498982e-03	5.761259766e+02	-8.559081471e-04
5.753187256e+02	5.448671989e-03	5.762441406e+02	8.894262835e-03
5.754365234e+02	-5.407079007e-04	5.763623047e+02	1.252139732e-02
5.755543213e+02	2.250639023e-03	5.764804688e+02	5.733985920e-03
5.756721191e+02	8.997933939e-03	5.765986328e+02	3.794725752e-03
5.757898560e+02	1.306479704e-02	5.767167969e+02	3.866550047e-03
5.759076538e+02	2.879154170e-03	5.768349609e+02	-3.567281645e-03
5.760254517e+02	6.909045391e-03	5.769531250e+02	3.327866783e-03
5.761433105e+02	1.031042170e-02	5.770712891e+02	-1.125249895e-03
5.762611084e+02	9.238248691e-03	5.771895142e+02	8.050325327e-03
5.763789062e+02	5.078957416e-03	5.773076782e+02	1.586123486e-03
5.764967041e+02	1.467305701e-02	5.774258423e+02	2.017070306e-03
5.766145020e+02	1.012094319e-03	5.775440674e+02	8.265797980e-03
5.767323608e+02	1.047679316e-02	5.776622314e+02	-5.686103250e-04
5.768501587e+02	8.868534118e-03	5.777804565e+02	1.568167354e-03
5.769679565e+02	9.127334692e-03	5.778986206e+02	-4.500999581e-03
5.770858154e+02	2.139724558e-03	5.780168457e+02	-7.840836770e-04
5.772036133e+02	2.675811062e-03	5.781350708e+02	3.597208532e-03
5.773214722e+02	8.572761901e-03	5.782532349e+02	4.405233543e-03
5.774392700e+02	4.468927626e-03	5.783714600e+02	3.291954345e-04
5.775571289e+02	7.722418290e-03	5.784896851e+02	3.112393315e-04
5.776749268e+02	1.082802285e-02	5.786079102e+02	2.771227155e-03
5.777927856e+02	4.358013161e-03	5.787260742e+02	-5.757927429e-03
5.779106445e+02	2.047295682e-03	5.788442993e+02	6.164933089e-03
5.780285034e+02	8.055161685e-03	5.789625244e+02	7.314124145e-03
5.781463013e+02	1.233923133e-03	5.790807495e+02	3.974286839e-03
5.782641602e+02	6.687216461e-03	5.791989746e+02	7.224343717e-03
5.783820190e+02	6.299016066e-03	5.793171997e+02	4.638663027e-03
5.784998779e+02	1.086037257e-03	5.794354248e+02	4.890048876e-03
5.786177368e+02	1.282448228e-02	5.795537109e+02	1.286256406e-02
5.787355957e+02	7.223302964e-03	5.796719360e+02	4.028155003e-03
5.788534546e+02	9.515535086e-03	5.797901611e+02	9.612507187e-03
5.789713135e+02	7.075417321e-03	5.799083862e+02	8.571051992e-03
5.790891724e+02	-2.481710631e-03	5.800266724e+02	5.644205492e-03
5.792070923e+02	3.489183495e-03	5.801448975e+02	9.504769929e-03
5.793249512e+02	2.324581845e-03	5.802631226e+02	-2.795168664e-03
5.794428101e+02	1.806981163e-03	5.803814087e+02	9.774112143e-03
5.795606689e+02	-4.297934647e-04	5.804996338e+02	2.214587526e-03
5.796785889e+02	7.001474034e-03	5.806179199e+02	7.062738761e-03
5.797964478e+02	4.025270231e-03	5.807361450e+02	5.518512800e-03
5.799143677e+02	3.747983836e-03	5.808544312e+02	1.088739093e-02
5.800322266e+02	-4.163912963e-03	5.809727173e+02	9.774112143e-03
5.801501465e+02	1.570825838e-02	5.810909424e+02	-2.202616772e-03
5.802680054e+02	9.312191978e-03	5.812092285e+02	8.140105638e-04
5.803859253e+02	6.890559569e-03	5.813275146e+02	2.250499791e-03
5.805038452e+02	6.927531213e-03	5.814458008e+02	1.007936615e-02
5.806217041e+02	3.951326944e-03	5.815640869e+02	1.388606266e-03
5.807396240e+02	6.335987709e-03	5.816823730e+02	5.087566096e-03
5.808575439e+02	-4.852506972e-04	5.818006592e+02	6.667704321e-03
5.809754639e+02	7.112388499e-03	5.819189453e+02	1.442474546e-03
5.810933838e+02	1.432182733e-02	5.820372314e+02	7.385948673e-03
5.812113037e+02	5.208357237e-03	5.821555176e+02	3.758813487e-03
5.813292236e+02	6.608652184e-04	5.822738037e+02	5.769898184e-03
5.814471436e+02	3.969812766e-03	5.823920898e+02	1.244957279e-02
5.815650635e+02	1.275053993e-02	5.825103760e+02	8.696745150e-03
5.816829834e+02	9.681906551e-03	5.826287231e+02	5.823766813e-03
5.818009033e+02	1.491337083e-02	5.827470093e+02	4.674575292e-03
5.819188232e+02	9.534020908e-03	5.828652954e+02	-7.086680271e-03
5.820367432e+02	3.988298588e-03	5.829836426e+02	4.261584487e-03
5.821547241e+02	1.175230928e-02	5.831019287e+02	3.794725752e-03
5.822726440e+02	4.579842091e-03	5.832202759e+02	1.072578598e-02
5.823905640e+02	-2.819075307e-04	5.833385620e+02	1.677699760e-02
5.825085449e+02	3.618583782e-03	5.834569092e+02	8.319666609e-03
5.826264648e+02	5.615043920e-03	5.835751953e+02	-2.884949092e-03
5.827444458e+02	2.638839418e-03	5.836935425e+02	-6.583909271e-05
5.828623657e+02	5.115928594e-03	5.838118896e+02	1.341920346e-02
5.829803467e+02	-6.516223657e-04	5.839301758e+02	-4.967858549e-04
5.830982666e+02	8.272369159e-04	5.840485229e+02	-1.358679379e-03
5.832162476e+02	1.221445296e-02	5.841668701e+02	1.532255206e-03
5.833342285e+02	8.887019940e-03	5.842852173e+02	2.394148760e-04
5.834521484e+02	1.417394169e-02	5.844035645e+02	1.252139732e-02
5.835701294e+02	1.262113918e-02	5.845219116e+02	2.591666067e-03
5.836881104e+02	9.256734513e-03	5.846402588e+02	6.524055498e-04
5.838060913e+02	4.575220810e-04	5.847586060e+02	5.087566096e-04
5.839240723e+02	2.768239705e-03	5.848769531e+02	1.639991882e-03
5.840420532e+02	1.617502276e-04	5.849953003e+02	2.807139419e-03
5.841600342e+02	2.195181791e-03	5.851136475e+02	3.830638016e-04
5.842780151e+02	3.489183495e-03	5.852319946e+02	-7.930617779e-03
5.843959961e+02	5.208357237e-03	5.853503418e+02	-5.650191102e-03
5.845139771e+02	9.386134334e-03	5.854687500e+02	3.327866783e-03
5.846319580e+02	2.971582813e-03	5.855870972e+02	1.015119068e-02
5.847499390e+02	3.747983836e-03	5.857054443e+02	1.043848880e-02
5.848679199e+02	2.269124612e-03	5.858238525e+02	7.852807641e-03
5.849859619e+02	2.916125581e-03	5.859421997e+02	-2.651519608e-03
5.851039429e+02	7.371189073e-03	5.860606079e+02	3.938374575e-03
5.852219238e+02	7.241788786e-03	5.861789551e+02	4.530926235e-03
5.853399658e+02	7.241788786e-03	5.862973633e+02	1.532255206e-03
5.854579468e+02	-4.482791992e-04	5.864157104e+02	5.464644637e-03
5.855759888e+02	1.042133663e-02	5.865341187e+02	7.062738761e-03
5.856939697e+02	-2.056538593e-03	5.866525269e+02	2.519841539e-03
5.858120117e+02	1.030580024e-03	5.867709351e+02	5.320995580e-03
5.859299927e+02	9.700392373e-03	5.868892822e+02	3.543340135e-03
5.860480347e+02	2.805211116e-03	5.870076904e+02	-4.788297520e-05
5.861660767e+02	8.110618219e-03	5.871260986e+02	-4.195745569e-03
5.862841187e+02	2.842182526e-03	5.872445068e+02	1.083352324e-02
5.864020996e+02	1.130865142e-02	5.873629150e+02	-1.035469351e-03
5.865201416e+02	9.644934908e-03	5.874813232e+02	3.758813487e-03
5.866381836e+02	-2.111995826e-03	5.875997314e+02	-4.285525996e-03
5.867562256e+02	3.729498247e-03	5.877181396e+02	6.111064460e-03
5.868742676e+02	8.997933939e-03	5.878365479e+02	-1.215030439e-03
5.869923096e+02	6.446902175e-03	5.879549561e+02	-9.456887492e-04
5.871103516e+02	4.709242377e-03	5.880733643e+02	8.176017553e-03
5.872283936e+02	1.014405023e-02	5.881918335e+02	4.315453116e-03
5.873464355e+02	4.764699843e-03	5.883102417e+02	8.660833351e-03
5.874644775e+02	4.524385091e-03	5.884286499e+02	-6.224786397e-03
5.875825195e+02	1.021799352e-02	5.885471191e+02	3.974286839e-03
5.877006226e+02	1.239931025e-02	5.886655273e+02	1.173132914e-03
5.878186646e+02	5.023499951e-03	5.887839355e+02	-6.583908689e-04
5.879367065e+02	1.162290946e-02	5.889024048e+02	4.890048876e-03
5.880548096e+02	2.675811062e-03	5.890208130e+02	8.409447037e-03
5.881728516e+02	2.356931946e-04	5.891392822e+02	1.101308409e-02
5.882908936e+02	-9.104227065e-04	5.892577515e+02	-1.645977260e-03
5.884089966e+02	1.343451161e-02	5.893761597e+02	-2.849037061e-03
5.885270386e+02	1.962723583e-02	5.894946289e+02	7.745070849e-03
5.886451416e+02	1.432182733e-02	5.896130981e+02	1.230592467e-02
5.887632446e+02	7.371189073e-03	5.897315063e+02	7.960544317e-04
5.888812866e+02	7.075417321e-03	5.898499756e+02	1.424518530e-03
5.889993896e+02	1.825929061e-02	5.899684448e+02	9.630463086e-03
5.891174927e+02	2.038514987e-02	5.900869141e+02	-6.583909271e-05
5.892355347e+02	1.332359761e-02	5.902053833e+02	-7.302153390e-03
5.893536377e+02	8.813076653e-03	5.903238525e+02	-2.902905224e-03
5.894717407e+02	1.053225063e-02	5.904423218e+02	3.866550047e-03
5.895898438e+02	5.818387028e-03	5.905607910e+02	-2.525826916e-03
5.897079468e+02	1.130865142e-02	5.906792603e+02	4.728443746e-04
5.898260498e+02	3.027040046e-03	5.907977295e+02	2.035026409e-04
5.899441528e+02	8.642083849e-04	5.909161987e+02	-3.728886601e-03
5.900622559e+02	1.332359761e-02	5.910347290e+02	-2.525826916e-03
5.901803589e+02	5.263814703e-03	5.911531982e+02	-2.023055684e-03
5.902984619e+02	7.999704219e-03	5.912716675e+02	-2.866992960e-03
5.904165649e+02	2.768239705e-03	5.913901978e+02	4.908004776e-04
5.905347290e+02	3.711012425e-03	5.915086670e+02	2.394148614e-03
5.906528320e+02	-1.538937911e-03	5.916271362e+02	5.482600536e-03
5.907709351e+02	1.027345005e-02	5.917456665e+02	4.638663027e-03
5.908890381e+02	3.526154906e-03	5.918641357e+02	3.417647211e-03
5.910072021e+02	1.683588885e-02	5.919826660e+02	2.376192482e-03
5.911253052e+02	2.361553255e-03	5.921011353e+02	4.530926235e-03
5.912434692e+02	1.251022518e-02	5.922196655e+02	1.144403033e-02
5.913615723e+02	2.319498360e-02	5.923381958e+02	1.002549753e-02
5.914797363e+02	1.654011570e-02	5.924566650e+02	-1.250942703e-03
5.915978394e+02	1.602251641e-02	5.925751953e+02	2.286412055e-03
5.917160034e+02	1.047679316e-02	5.926937256e+02	5.105521996e-03
5.918341675e+02	1.171533763e-02	5.928122559e+02	4.117935896e-03
5.919522705e+02	1.661405899e-02	5.929307861e+02	5.051653832e-03
5.920704346e+02	9.940707125e-03	5.930492554e+02	3.812681884e-03
5.921885986e+02	-1.446509152e-03	5.931677856e+02	7.709158584e-03
5.923067627e+02	9.423105977e-03	5.932863159e+02	-3.477500984e-03
5.924248657e+02	-1.340216259e-04	5.934048462e+02	1.244957326e-03
5.925430298e+02	3.193411743e-03	5.935233765e+02	4.171804059e-03
5.926611938e+02	2.527924953e-03	5.936419678e+02	-3.675018204e-03
5.927793579e+02	6.520844996e-03	5.937604980e+02	9.504769929e-03
5.928975220e+02	7.717796834e-04	5.938790283e+02	1.022301521e-02
5.930156860e+02	4.524385091e-03	5.939975586e+02	8.427403867e-03
5.931338501e+02	1.092045102e-02	5.941160889e+02	3.040568903e-03
5.932520752e+02	6.742673926e-03	5.942346802e+02	2.968744375e-03
5.933702393e+02	1.655860245e-02	5.943532104e+02	8.391491137e-03
5.934884033e+02	3.452212084e-03	5.944717407e+02	3.004656639e-03
5.936065674e+02	3.082497278e-03	5.945903320e+02	1.675904146e-03
5.937247314e+02	1.936381334e-03	5.947088623e+02	1.115673315e-02
5.938429565e+02	9.201277047e-03	5.948274536e+02	1.244957326e-03
5.939611206e+02	1.058770809e-02	5.949459839e+02	5.985371899e-06
5.940793457e+02	4.205506120e-04	5.950645752e+02	5.033697467e-03
5.941975098e+02	5.263814703e-03	5.951831665e+02	8.140105638e-04
5.943157349e+02	9.312191978e-03	5.953016968e+02	1.460430678e-03
5.944338989e+02	-5.776793696e-04	5.954202881e+02	-2.651519608e-03
5.945521240e+02	1.129016560e-02	5.955388794e+02	3.902462311e-03
5.946702881e+02	2.509439364e-03	5.956574097e+02	9.684331715e-03
5.947885132e+02	4.025270231e-03	5.957760010e+02	5.015741568e-03
5.949067383e+02	2.490953542e-03	5.958945923e+02	4.782312084e-03
5.950249023e+02	2.102752915e-03	5.960131836e+02	3.830638016e-04
5.951431274e+02	7.888790220e-03	5.961317749e+02	2.376192482e-03
5.952613525e+02	4.746214021e-03	5.962503662e+02	1.000754163e-02
5.953795776e+02	-5.222221953e-04	5.963689575e+02	1.873421366e-03
5.954978027e+02	1.208505314e-02	5.964875488e+02	5.303039216e-03
5.956160278e+02	-5.776793696e-04	5.966061401e+02	-8.379520732e-04
5.957341919e+02	5.873844028e-03	5.967247314e+02	-4.788297520e-05
5.958524170e+02	-3.558504977e-04	5.968433228e+02	5.087566096e-04
5.959707031e+02	5.947786849e-03	5.969619141e+02	1.550211338e-03
5.960889282e+02	1.640609466e-03	5.970805664e+02	-3.513413249e-03
5.962071533e+02	-5.591936642e-04	5.971991577e+02	5.015741568e-03
5.963253784e+02	4.339527804e-03	5.973177490e+02	6.829309277e-03
5.964436035e+02	6.391444709e-03	5.974364014e+02	3.112393199e-03
5.965618286e+02	5.041985773e-03	5.975549927e+02	7.942588069e-03
5.966801147e+02	-1.612880849e-03	5.976736450e+02	4.908004776e-03
5.967983398e+02	7.001474034e-03	5.977922363e+02	3.704945091e-03
5.969165649e+02	9.811306372e-03	5.979108887e+02	8.355579339e-03
5.970348511e+02	5.929301493e-03	5.980294800e+02	7.278211880e-03
5.971530762e+02	9.381513228e-04	5.981481323e+02	1.298825722e-03
5.972713623e+02	-5.961651332e-04	5.982667236e+02	4.746399820e-03
5.973895874e+02	3.951326944e-03	5.983853760e+02	9.576595039e-04
5.975078735e+02	2.509439364e-03	5.985040283e+02	9.073823690e-03
5.976260986e+02	7.297246251e-03	5.986226196e+02	5.392820109e-03
5.977443848e+02	5.762929562e-03	5.987412720e+02	1.307803765e-02
5.978626099e+02	1.025496423e-02	5.988599243e+02	3.112393315e-04
5.979808960e+02	8.350932971e-03	5.989785767e+02	5.733985920e-03
5.980991821e+02	3.581612138e-03	5.990972290e+02	-3.639105940e-03
5.982174683e+02	2.306096023e-03	5.992158813e+02	4.890048876e-03
5.983357544e+02	1.567128673e-02	5.993345337e+02	2.843051683e-03
5.984539795e+02	1.040285081e-02	5.994531860e+02	3.866550047e-03
5.985722656e+02	1.206656732e-02	5.995718384e+02	5.267126951e-03
5.986905518e+02	9.903735481e-03	5.996904907e+02	8.265797980e-03
5.988088379e+02	6.372958887e-03	5.998091431e+02	1.604079618e-03
5.989271240e+02	8.923991583e-03	5.999277954e+02	4.423189908e-03
5.990454102e+02	4.579842091e-03	6.000464478e+02	4.908004776e-03
5.991636963e+02	1.766774617e-02	6.001651611e+02	-9.097764851e-04
5.992819824e+02	1.121622324e-02	6.002838135e+02	6.254713517e-03
5.994003296e+02	4.210127518e-03	6.004024658e+02	5.374863744e-03
5.995186157e+02	4.321041983e-03	6.005211792e+02	-2.274441300e-03
5.996369019e+02	-3.479940584e-03	6.006398315e+02	6.631792057e-03
5.997551880e+02	9.570992552e-03	6.007585449e+02	8.642876521e-03
5.998735352e+02	6.446902175e-03	6.008771973e+02	1.000754163e-02
5.999918213e+02	1.297236886e-02	6.009959106e+02	5.626249593e-03
6.001101074e+02	1.507974323e-02	6.011145630e+02	4.405233543e-03
6.002284546e+02	9.644934908e-03	6.012332764e+02	6.344493944e-03
6.003467407e+02	1.434031315e-02	6.013519287e+02	5.015741568e-03
6.004650879e+02	1.145653799e-02	6.014706421e+02	3.220129991e-03
6.005833740e+02	1.500579994e-02	6.015893555e+02	-2.130792243e-03
6.007017212e+02	1.312025450e-02	6.017080078e+02	1.293438859e-02
6.008200073e+02	8.776105009e-03	6.018267212e+02	7.188431453e-03
6.009383545e+02	1.064316556e-02	6.019454346e+02	7.242299616e-04
6.010567017e+02	8.129104041e-03	6.020641479e+02	7.547553629e-03
6.011750488e+02	8.997933939e-03	6.021828613e+02	3.579252400e-03
6.012933350e+02	1.014405023e-02	6.023015747e+02	8.678789018e-04
6.014116821e+02	1.476548519e-02	6.024202881e+02	9.504769929e-03
6.015300293e+02	1.160442363e-02	6.025390015e+02	-2.866992960e-03
6.016483765e+02	8.480333723e-03	6.026577148e+02	4.477058072e-03
6.017667236e+02	9.386134334e-03	6.027764282e+02	1.144403033e-02
6.018850708e+02	1.164139528e-02	6.028951416e+02	1.999114174e-03
6.020034180e+02	1.330511179e-02	6.030138550e+02	3.112393315e-04
6.021217651e+02	1.328662597e-02	6.031325684e+02	1.424518530e-03
6.022401123e+02	9.515535086e-03	6.032513428e+02	3.579252400e-03
6.023584595e+02	1.589311473e-02	6.033700562e+02	1.173132914e-03
6.024768066e+02	1.463608537e-02	6.034887695e+02	7.278211880e-03
6.025951538e+02	8.092133328e-03	6.036075439e+02	4.764355719e-03
6.027135620e+02	1.228839625e-02	6.037262573e+02	-3.513413249e-03
6.028319092e+02	1.361936890e-02	6.038449707e+02	8.283754811e-03
6.029502563e+02	8.498819545e-03	6.039637451e+02	3.327866783e-03
6.030686035e+02	1.269508246e-02	6.040824585e+02	1.070783008e-02
6.031870117e+02	9.626449086e-03	6.042012329e+02	9.486814030e-03
6.033053589e+02	3.787266091e-02	6.043199463e+02	6.416318472e-03
6.034237671e+02	5.737511814e-02	6.044387207e+02	1.275482681e-02
6.035421143e+02	5.957492068e-02	6.045574951e+02	4.405233543e-03
6.036605225e+02	4.164375365e-02	6.046762085e+02	3.507427871e-03
6.037788696e+02	3.062625043e-02	6.047949829e+02	6.524055265e-03
6.038972778e+02	2.169763856e-02	6.049137573e+02	1.711816294e-03
6.040156250e+02	2.267738245e-02	6.050325317e+02	2.681446495e-03
6.041340332e+02	1.875840500e-02	6.051512451e+02	1.056418102e-02
6.042524414e+02	2.406381257e-02	6.052700195e+02	7.780982996e-04
6.043708496e+02	1.681740209e-02	6.053887939e+02	-4.429175169e-04
6.044891968e+02	3.112536483e-02	6.055075684e+02	5.841722712e-03
6.046076050e+02	2.837098949e-02	6.056263428e+02	9.630463086e-03
6.047260132e+02	2.167915180e-02	6.057451172e+02	-6.242742762e-03
6.048444214e+02	2.484021336e-02	6.058638916e+02	2.035026409e-04
6.049628296e+02	2.204886638e-02	6.059826660e+02	3.291954519e-03
6.050812378e+02	1.404454093e-02	6.061014404e+02	2.322324319e-03
6.051996460e+02	1.589311473e-02	6.062202759e+02	1.216227561e-02
6.053180542e+02	1.923903450e-02	6.063390503e+02	4.530926235e-03
6.054364624e+02	1.698377356e-02	6.064578247e+02	1.747728558e-03
6.055548706e+02	1.197413821e-02	6.065765991e+02	4.459102172e-03
6.056732788e+02	1.716863178e-02	6.066954346e+02	7.170475554e-03
6.057916870e+02	1.232536789e-02	6.068142090e+02	4.512970336e-03
6.059101562e+02	7.038445678e-03	6.069329834e+02	2.250499791e-03
6.060285645e+02	1.899871975e-02	6.070518188e+02	1.532255206e-03
6.061469727e+02	1.556037180e-02	6.071705933e+02	2.178675262e-03
6.062653809e+02	1.559734344e-02	6.072894287e+02	3.615164431e-03
6.063838501e+02	8.997933939e-03	6.074082031e+02	1.171337254e-02
6.065022583e+02	1.212202478e-02	6.075270386e+02	2.717358759e-03
6.066207275e+02	1.136410888e-02	6.076458130e+02	-5.542454310e-03
6.067391357e+02	1.716863178e-02	6.077646484e+02	6.972957868e-03
6.068576050e+02	1.393362693e-02	6.078834839e+02	8.481271565e-03
6.069760132e+02	1.225142460e-02	6.080023193e+02	2.232543658e-03
6.070944824e+02	4.949557129e-03	6.081210938e+02	5.985371899e-06
6.072128906e+02	1.312025450e-02	6.082399292e+02	7.098651025e-03
6.073313599e+02	9.903735481e-03	6.083587646e+02	9.468858130e-03
6.074498291e+02	9.238248691e-03	6.084776001e+02	-1.556196657e-04
6.075682373e+02	3.008554224e-03	6.085964355e+02	3.902462311e-03
6.076867065e+02	4.524385091e-03	6.087152710e+02	1.298825722e-03
6.078051758e+02	3.470697906e-03	6.088341064e+02	8.642876521e-03
6.079236450e+02	1.872143336e-02	6.089529419e+02	9.037911077e-04
6.080421143e+02	-2.259881701e-03	6.090717773e+02	4.459102172e-03
6.081605835e+02	5.522614811e-03	6.091906128e+02	5.554425064e-03
6.082790527e+02	1.529695000e-03	6.093094482e+02	-1.663933392e-03
6.083975220e+02	5.781415384e-03	6.094282837e+02	5.554425064e-03
6.085159912e+02	8.702162653e-03	6.095471191e+02	1.165950391e-02
6.086344604e+02	5.504129454e-03	6.096659546e+02	4.333409015e-03
6.087529297e+02	8.831562474e-03	6.097848511e+02	6.613835692e-03
6.088713989e+02	7.223302964e-03	6.099036865e+02	5.985371899e-05
6.089898682e+02	3.064011456e-03	6.100225220e+02	4.171804059e-03
6.091083374e+02	4.944935790e-04	6.101414185e+02	1.550211338e-03
6.092268066e+02	9.663420729e-03	6.102602539e+02	1.478386810e-03
6.093453369e+02	1.654011570e-02	6.103790894e+02	1.675904146e-03
6.094638062e+02	3.489183495e-03	6.104979858e+02	8.337622508e-03
6.095822754e+02	5.966272671e-03	6.106168213e+02	-3.244071500e-03
6.097008057e+02	3.466076450e-04	6.107357178e+02	9.576595039e-04
6.098192749e+02	3.489183495e-03	6.108546143e+02	6.775440648e-03
6.099378052e+02	6.520844996e-03	6.109734497e+02	1.496342942e-03
6.100562744e+02	1.432182733e-02	6.110923462e+02	1.963201910e-03
6.101748047e+02	1.010707859e-02	6.112112427e+02	3.471515607e-03
6.102932739e+02	8.517305367e-03	6.113300781e+02	-2.633563709e-04
6.104118042e+02	6.539330818e-03	6.114489746e+02	8.571051992e-03
6.105302734e+02	1.007010695e-02	6.115678711e+02	2.896919847e-03
6.106488037e+02	7.740903646e-03	6.116867676e+02	-2.992685768e-04
6.107673340e+02	1.820383221e-02	6.118056030e+02	3.327866783e-03
6.108858032e+02	1.500579994e-02	6.119244995e+02	1.442474546e-03
6.110043335e+02	8.591247723e-03	6.120433960e+02	8.140105638e-04
6.111228638e+02	8.702162653e-03	6.121622925e+02	4.782312084e-03
6.112413940e+02	6.982988678e-03	6.122811890e+02	-2.382177860e-03
6.113599243e+02	6.890559569e-03	6.124000854e+02	7.619378157e-03
6.114784546e+02	9.589478374e-03	6.125189819e+02	5.841722712e-03
6.115969849e+02	4.505899269e-03	6.126379395e+02	5.985371899e-06
6.117155151e+02	6.054079859e-04	6.127568359e+02	3.543340135e-03
6.118340454e+02	9.848278016e-03	6.128757324e+02	7.026826497e-03
6.119525757e+02	3.466076450e-04	6.129946289e+02	3.902462311e-03
6.120711060e+02	2.213667380e-03	6.131135254e+02	-2.813124738e-04
6.121896362e+02	6.687216461e-03	6.132324829e+02	5.482600536e-03
6.123081665e+02	-1.612880849e-03	6.133513794e+02	-1.771670068e-03
6.124266968e+02	1.580068655e-02	6.134702759e+02	4.333409015e-03
6.125452271e+02	5.171386059e-03	6.135892334e+02	-2.202616772e-03
6.126638184e+02	7.703932468e-03	6.137081299e+02	2.645534230e-03
6.127823486e+02	3.729498247e-03	6.138270874e+02	-3.531369381e-03
6.129008789e+02	8.240018971e-03	6.139459839e+02	4.117935896e-03
6.130194702e+02	1.252408954e-03	6.140649414e+02	-2.777212532e-03
6.131380005e+02	2.158210147e-03	6.141838379e+02	1.345511526e-02
6.132565918e+02	-2.463225042e-03	6.143027954e+02	3.040568903e-03
6.133751221e+02	3.137954511e-03	6.144216919e+02	1.604079618e-03
6.134937134e+02	6.225073244e-03	6.145406494e+02	4.746399820e-03
6.136122437e+02	6.151129957e-03	6.146596069e+02	8.786525577e-03
6.137308350e+02	4.949557129e-03	6.147785645e+02	2.358236583e-03
6.138493652e+02	3.096361470e-04	6.148974609e+02	1.968588680e-02
6.139679565e+02	3.932841122e-03	6.150164185e+02	1.316781738e-03
6.140865479e+02	6.003244314e-03	6.151353760e+02	-3.351808118e-04
6.142050781e+02	2.527924953e-03	6.152543335e+02	2.376192482e-03
6.143236694e+02	4.265584517e-03	6.153732910e+02	-7.302153390e-04
6.144422607e+02	7.260274608e-03	6.154922485e+02	-1.017513219e-03
6.145608521e+02	6.946017034e-03	6.156112061e+02	-2.615607344e-03
6.146793823e+02	5.171386059e-03	6.157301636e+02	1.092330366e-02
6.147979736e+02	1.378574129e-02	6.158491211e+02	9.001999162e-03
6.149165649e+02	1.184473839e-02	6.159680786e+02	6.380406208e-03
6.150351562e+02	6.077187136e-03	6.160870361e+02	5.087566096e-04
6.151537476e+02	3.433726262e-03	6.162059937e+02	3.848594148e-03
6.152723389e+02	6.003244314e-03	6.163249512e+02	8.984043263e-03
6.153909302e+02	4.450442269e-03	6.164439697e+02	8.786525577e-03
6.155095215e+02	7.962732576e-03	6.165629272e+02	5.177346524e-03
6.156281738e+02	7.629989646e-03	6.166818848e+02	5.662161857e-03
6.157467651e+02	4.598327912e-03	6.168009033e+02	2.412104746e-03
6.158653564e+02	8.517305367e-03	6.169198608e+02	5.267127417e-04
6.159839478e+02	4.931071308e-03	6.170388184e+02	3.471515665e-04
6.161025391e+02	2.897639759e-03	6.171578369e+02	2.286412055e-03
6.162211914e+02	2.306096023e-03	6.172767944e+02	8.140105638e-04
6.163397827e+02	1.129016560e-02	6.173958130e+02	1.101308386e-03
6.164583740e+02	2.805211116e-03	6.175147705e+02	8.140105754e-03
6.165770264e+02	4.764699843e-03	6.176337891e+02	3.902462311e-03
6.166956177e+02	7.556046359e-03	6.177527466e+02	6.416318472e-03
6.168142700e+02	7.241788786e-03	6.178717651e+02	-3.064510413e-03
6.169328613e+02	4.598327912e-03	6.179907837e+02	4.046111368e-03
6.170515137e+02	9.737364016e-03	6.181097412e+02	1.550211338e-03
6.171701050e+02	6.058701314e-03	6.182287598e+02	5.662161857e-03
6.172887573e+02	5.097442772e-03	6.183477783e+02	6.308581680e-03
6.174073486e+02	1.151199453e-02	6.184667969e+02	2.914875979e-03
6.175260010e+02	8.850048296e-03	6.185858154e+02	4.692531656e-03
6.176446533e+02	8.276990615e-03	6.187047729e+02	4.836180247e-03
6.177633057e+02	9.534020908e-03	6.188237915e+02	-8.559081471e-04
6.178818970e+02	5.319271702e-03	6.189428101e+02	4.548882425e-04
6.180005493e+02	3.951326944e-03	6.190618286e+02	4.315453116e-03
6.181192017e+02	8.332447149e-03	6.191808472e+02	4.925961141e-03
6.182378540e+02	3.507669317e-03	6.192998657e+02	5.338951480e-03
6.183565063e+02	4.487413447e-03	6.194188843e+02	1.356285252e-02
6.184751587e+02	4.487413447e-03	6.195379639e+02	2.771227155e-03
6.185938110e+02	-1.298623276e-03	6.196569824e+02	2.735314891e-03
6.187124634e+02	-4.667649628e-04	6.197760010e+02	1.604079618e-03
6.188311157e+02	-3.461454995e-03	6.198950195e+02	3.327866783e-03
6.189497681e+02	-4.182398785e-03	6.200140381e+02	7.834851742e-03
6.190684204e+02	4.709242377e-03	6.201331177e+02	7.798939478e-03
6.191870728e+02	4.931071308e-03	6.202521362e+02	2.214587585e-04
6.193057251e+02	4.487413447e-03	6.203711548e+02	1.130038220e-02
6.194243774e+02	-2.352310577e-03	6.204902344e+02	4.961873405e-03
6.195430908e+02	-1.187708811e-03	6.206092529e+02	-6.224786630e-04
6.196617432e+02	-8.549654740e-04	6.207282715e+02	1.262913458e-03
6.197803955e+02	5.129792844e-04	6.208473511e+02	1.891377498e-03
6.198991089e+02	2.953096991e-03	6.209663696e+02	5.518512800e-03
6.200177612e+02	1.175230928e-02	6.210854492e+02	-8.738642791e-04
6.201364136e+02	-2.537167864e-03	6.212045288e+02	-8.559081471e-04
6.202551270e+02	-1.871681190e-03	6.213235474e+02	4.584794864e-03
6.203737793e+02	8.087511524e-04	6.214426270e+02	2.394148760e-05
6.204924927e+02	7.348082145e-04	6.215617065e+02	-1.053425483e-03
6.206111450e+02	9.349163622e-03	6.216807251e+02	1.126446947e-02
6.207298584e+02	3.784955479e-03	6.217998047e+02	1.113877725e-02
6.208485718e+02	4.413470626e-03	6.219188843e+02	6.129020825e-03
6.209672241e+02	6.169615779e-03	6.220379639e+02	5.554425064e-03
6.210859375e+02	-2.389281988e-03	6.221569824e+02	6.649747957e-03
6.212046509e+02	8.794590831e-03	6.222760620e+02	2.896919847e-03
6.213233032e+02	6.539330818e-03	6.223951416e+02	-4.249613849e-04
6.214420166e+02	1.097590849e-02	6.225142212e+02	8.571051992e-03
6.215607300e+02	5.541100632e-03	6.226333008e+02	3.309910651e-03
6.216794434e+02	8.572761901e-03	6.227523804e+02	7.367992774e-03
6.217981567e+02	4.394984804e-03	6.228714600e+02	2.430060878e-03
6.219168091e+02	6.225073244e-03	6.229905396e+02	7.511641365e-03
6.220355225e+02	2.934611402e-03	6.231096191e+02	3.651076695e-04
6.221542358e+02	9.737364016e-03	6.232286987e+02	1.065396122e-03
6.222729492e+02	3.082497278e-03	6.233478394e+02	4.872092512e-03
6.223916626e+02	7.648475002e-03	6.234669189e+02	3.327866783e-03
6.225103760e+02	-2.851425437e-03	6.235859985e+02	-1.915319008e-04
6.226291504e+02	-1.464994974e-03	6.237050781e+02	3.543340135e-03
6.227478638e+02	3.835791140e-04	6.238242188e+02	-2.633563709e-04
6.228665771e+02	5.411700346e-03	6.239432983e+02	2.789183287e-03
6.229852905e+02	1.539400034e-02	6.240623779e+02	1.526868343e-02
6.231040039e+02	6.317501888e-03	6.241815186e+02	2.340280451e-03
6.232227173e+02	1.165988110e-02	6.243005981e+02	1.083352324e-02
6.233414917e+02	8.813076653e-03	6.244197388e+02	5.626249476e-04
6.234602051e+02	7.371189073e-03	6.245388184e+02	-1.430503791e-03
6.235789185e+02	2.102752915e-03	6.246579590e+02	4.243628588e-03
6.236976929e+02	4.154670052e-03	6.247770386e+02	1.174928434e-02
6.238164062e+02	3.341297619e-03	6.248961792e+02	4.602750763e-03
6.239351807e+02	-1.354080508e-03	6.250152588e+02	1.891377498e-03
6.240538940e+02	-3.553883638e-03	6.251343994e+02	-1.556196599e-03
6.241726685e+02	5.670500919e-03	6.252535400e+02	1.106695272e-02
6.242913818e+02	3.359783441e-03	6.253726807e+02	2.807139419e-03
6.244101562e+02	8.642083849e-04	6.254917603e+02	3.597208532e-03
6.245288696e+02	3.100982867e-03	6.256109009e+02	7.780982996e-04
6.246476440e+02	-6.701080711e-04	6.257300415e+02	6.703616586e-03
6.247664185e+02	1.640609466e-03	6.258491821e+02	7.188431453e-03
6.248851318e+02	-3.350540530e-03	6.259683228e+02	8.786525577e-03
6.250039062e+02	1.245476771e-02	6.260874634e+02	9.935717098e-03
6.251226807e+02	4.838642664e-03	6.262066040e+02	1.442474546e-03
6.252414551e+02	4.986528307e-03	6.263257446e+02	7.098651025e-03
6.253602295e+02	3.396754852e-03	6.264448853e+02	9.271340445e-03
6.254789429e+02	5.041985773e-03	6.265640259e+02	-1.645977260e-03
6.255977173e+02	1.117925160e-02	6.266831665e+02	5.087566096e-03
6.257164917e+02	-1.709930948e-04	6.268023071e+02	7.673246786e-03
6.258352661e+02	7.629989646e-03	6.269214478e+02	9.630463086e-03
6.259540405e+02	9.792821482e-03	6.270405884e+02	5.195302889e-03
6.260728149e+02	4.783185199e-03	6.271597290e+02	-7.840836770e-04
6.261915894e+02	4.690756556e-03	6.272788696e+02	3.291954519e-03
6.263103638e+02	8.628219366e-03	6.273980713e+02	4.566838499e-03
6.264291992e+02	7.796361111e-03	6.275172119e+02	4.764355719e-03
6.265479736e+02	3.281218815e-04	6.276363525e+02	1.604079618e-03
6.266667480e+02	7.999704219e-03	6.277555542e+02	-4.070052819e-04
6.267855225e+02	6.354473531e-03	6.278746948e+02	7.170475554e-03
6.269042969e+02	6.151129957e-03	6.279938965e+02	-2.148748375e-03
6.270231323e+02	7.902653888e-04	6.281130371e+02	5.769898184e-03
6.271419067e+02	1.862438396e-03	6.282322388e+02	2.214587526e-03
6.272606812e+02	1.556037180e-02	6.283513794e+02	4.548882425e-04
6.273795166e+02	1.225142460e-02	6.284705811e+02	5.177346524e-03
6.274982910e+02	-3.188790288e-04	6.285897217e+02	9.810023941e-03
6.276171265e+02	2.879154170e-03	6.287089233e+02	2.609622199e-03
6.277359009e+02	-4.016027320e-03	6.288280640e+02	-3.495457117e-03
6.278546753e+02	4.006784409e-03	6.289472656e+02	7.062738761e-03
6.279735107e+02	1.862438396e-03	6.290664673e+02	1.370650134e-03
6.280923462e+02	4.875613842e-03	6.291856689e+02	5.805810448e-03
6.282111206e+02	1.119773742e-02	6.293048096e+02	3.184217727e-03
6.283299561e+02	7.445131894e-03	6.294240112e+02	5.123478360e-03
6.284487305e+02	4.154670052e-03	6.295432129e+02	2.232543658e-03
6.285675659e+02	4.875613842e-03	6.296624146e+02	4.836180247e-03
6.286864014e+02	7.759389468e-03	6.297816162e+02	1.550211338e-03
6.288052368e+02	6.872074213e-03	6.299008179e+02	5.267126951e-03
6.289240112e+02	1.232536789e-02	6.300200195e+02	5.698074121e-03
6.290428467e+02	9.936084971e-04	6.301392212e+02	6.021284033e-03
6.291616821e+02	2.490953542e-03	6.302584229e+02	3.615164431e-03
6.292805176e+02	3.378269030e-03	6.303776245e+02	4.548882600e-03
6.293993530e+02	3.359783441e-03	6.304968262e+02	1.496342884e-04
6.295181885e+02	1.188171003e-02	6.306160278e+02	1.155176782e-03
6.296370239e+02	4.099213053e-03	6.307352295e+02	3.740857355e-03
6.297558594e+02	3.452212084e-03	6.308544312e+02	4.333409015e-03
6.298746948e+02	1.226991042e-02	6.309736328e+02	-2.920861356e-03
6.299935303e+02	1.108682249e-02	6.310928955e+02	2.573709935e-04
6.301123657e+02	7.371189073e-03	6.312120972e+02	9.720243514e-03
6.302312012e+02	5.744443741e-03	6.313312988e+02	3.022612771e-03
6.303500366e+02	6.040215958e-03	6.314505615e+02	-1.125249895e-03
6.304688721e+02	3.507669317e-03	6.315697632e+02	9.630463086e-03
6.305877075e+02	4.690756556e-03	6.316889648e+02	2.896919847e-03
6.307066040e+02	3.470697906e-03	6.318082275e+02	6.111064460e-03
6.308254395e+02	7.611503825e-03	6.319274292e+02	2.878963714e-03
6.309442749e+02	9.275220335e-03	6.320466919e+02	7.709158584e-03
6.310631714e+02	1.306479704e-02	6.321658936e+02	-8.738642791e-04
6.311820068e+02	6.872074213e-03	6.322851562e+02	-7.302153390e-04
6.313008423e+02	7.389674895e-03	6.324043579e+02	6.703616586e-03
6.314197388e+02	8.868534118e-03	6.325236206e+02	9.504769929e-03
6.315385742e+02	7.482103538e-03	6.326428833e+02	1.675904146e-03
6.316574707e+02	-2.999311313e-03	6.327620850e+02	6.129020825e-03
6.317763062e+02	3.803441068e-03	6.328813477e+02	-2.094880183e-04
6.318952026e+02	5.282300524e-03	6.330006104e+02	6.901133806e-03
6.320140381e+02	1.023647841e-02	6.331198120e+02	-4.967858549e-04
6.321329346e+02	-2.449360618e-04	6.332390747e+02	1.101308386e-03
6.322518311e+02	2.638839418e-03	6.333583374e+02	6.164932856e-04
6.323706665e+02	3.100982867e-03	6.334776001e+02	-2.813124738e-04
6.324895630e+02	5.929301493e-03	6.335968628e+02	6.883177557e-04
6.326084595e+02	1.125319488e-02	6.337161255e+02	2.717358759e-03
6.327272949e+02	-2.449360618e-04	6.338353882e+02	9.594551288e-03
6.328461914e+02	-3.442969173e-03	6.339545898e+02	4.369321396e-04
6.329650879e+02	-3.558504977e-04	6.340738525e+02	-3.531369439e-04
6.330839844e+02	-2.537167864e-03	6.341931763e+02	5.895591341e-03
6.332028809e+02	-1.113765873e-03	6.343124390e+02	6.326538045e-03
6.333217773e+02	6.613273639e-03	6.344317017e+02	2.878963714e-03
6.334406738e+02	5.578072276e-03	6.345509644e+02	6.703616586e-03
6.335595703e+02	3.895869711e-03	6.346702271e+02	1.101308386e-03
6.336784668e+02	1.269508246e-02	6.347894897e+02	8.786525577e-03
6.337973633e+02	6.724188104e-03	6.349087524e+02	3.920418676e-03
6.339162598e+02	2.195181791e-03	6.350280762e+02	-1.520284452e-03
6.340351562e+02	6.502359174e-03	6.351473389e+02	1.460430678e-03
6.341540527e+02	-2.315338934e-03	6.352666016e+02	-4.716473166e-03
6.342729492e+02	7.223302964e-03	6.353858643e+02	1.722590066e-02
6.343918457e+02	4.746214021e-03	6.355051880e+02	8.140105638e-04
6.345107422e+02	-8.919370011e-04	6.356244507e+02	1.173132844e-02
6.346296997e+02	4.579842091e-03	6.357437744e+02	6.308581680e-03
6.347485962e+02	4.727728199e-03	6.358630371e+02	1.783640822e-03
6.348674927e+02	4.358013161e-03	6.359823608e+02	-1.250942703e-03
6.349863892e+02	-2.019567182e-03	6.361016235e+02	-2.058967948e-03
6.351053467e+02	3.156440100e-03	6.362209473e+02	3.291954519e-03
6.352242432e+02	1.973352861e-03	6.363402100e+02	4.171804059e-03
6.353432007e+02	8.850048296e-03	6.364595337e+02	-3.046554280e-03
6.354620972e+02	1.308328286e-02	6.365787964e+02	6.883177557e-04
6.355809937e+02	5.744443741e-03	6.366981201e+02	6.057196297e-03
6.356999512e+02	5.818387028e-03	6.368174438e+02	-3.710930469e-04
6.358189087e+02	6.423795130e-04	6.369367065e+02	9.576595039e-05
6.359378052e+02	-3.036282957e-03	6.370560303e+02	7.960543968e-03
6.360567627e+02	1.888780482e-02	6.371753540e+02	6.488143001e-03
6.361756592e+02	4.635299556e-03	6.372946777e+02	-1.071381499e-03
6.362946167e+02	5.818387028e-03	6.374140015e+02	1.675904146e-03
6.364135742e+02	-4.034512676e-03	6.375332642e+02	3.902462311e-03
6.365324707e+02	-4.621434982e-06	6.376525879e+02	2.663490362e-03
6.366514282e+02	3.193411743e-03	6.377719116e+02	-7.302153390e-04
6.367703857e+02	-1.501966384e-03	6.378912354e+02	3.669032827e-03
6.368893433e+02	7.666960824e-03	6.380105591e+02	1.359876432e-02
6.370082397e+02	1.585152233e-03	6.381298828e+02	1.819552970e-03
6.371271973e+02	5.615043920e-03	6.382492065e+02	5.769898184e-03
6.372461548e+02	7.260274608e-03	6.383685303e+02	4.315453116e-03
6.373651123e+02	9.700392373e-03	6.384878540e+02	8.068281226e-03
6.374840698e+02	4.080727231e-03	6.386071777e+02	3.830638016e-03
6.376030273e+02	7.833332755e-03	6.387265625e+02	4.530926235e-03
6.377219849e+02	6.927531213e-03	6.388458862e+02	4.764355719e-03
6.378409424e+02	5.966272671e-03	6.389652100e+02	2.681446495e-03
6.379598999e+02	5.060471594e-03	6.390845337e+02	2.537797671e-03
6.380788574e+02	1.055073645e-02	6.392039185e+02	-2.005099552e-03
6.381978149e+02	2.269124612e-03	6.393232422e+02	2.070938703e-03
6.383167725e+02	-5.591936642e-04	6.394425659e+02	1.963201910e-03
6.384357300e+02	3.895869711e-03	6.395618896e+02	2.394148760e-04
6.385547485e+02	8.609733544e-03	6.396812744e+02	5.482600536e-03
6.386737061e+02	2.879154170e-03	6.398005981e+02	-1.717801671e-03
6.387926636e+02	8.535790257e-03	6.399199829e+02	2.394148614e-03
6.389116211e+02	4.838642664e-03	6.400393066e+02	6.200845353e-03
6.390306396e+02	1.210353896e-02	6.401586914e+02	4.243628588e-03
6.391495972e+02	9.570992552e-03	6.402780151e+02	3.615164431e-03
6.392685547e+02	4.542870913e-03	6.403973999e+02	1.029483974e-03
6.393875732e+02	8.350932971e-03	6.405167236e+02	-3.082466545e-03
6.395065308e+02	5.041985773e-03	6.406361084e+02	3.112393199e-03
6.396255493e+02	7.056931499e-03	6.407554932e+02	2.735314891e-03
6.397445068e+02	8.642083849e-04	6.408748169e+02	5.769898184e-03
6.398635254e+02	6.040215958e-03	6.409942017e+02	5.985371768e-03
6.399824829e+02	2.121238736e-03	6.411135864e+02	1.367058884e-02
6.401015015e+02	1.432182733e-02	6.412329102e+02	6.272669416e-03
6.402204590e+02	1.027345005e-02	6.413522949e+02	7.601422258e-03
6.403394775e+02	1.036587916e-02	6.414716797e+02	1.151585486e-02
6.404584961e+02	1.439577062e-02	6.415910645e+02	-1.215030439e-03
6.405774536e+02	4.413470626e-03	6.417104492e+02	4.028155003e-03
6.406964722e+02	8.665191010e-03	6.418298340e+02	-2.005099552e-03
6.408154907e+02	9.071877226e-03	6.419492188e+02	5.410776008e-03
6.409344482e+02	5.984758493e-03	6.420686035e+02	5.805810797e-04
6.410534668e+02	9.959192947e-03	6.421879272e+02	1.013323478e-02
6.411724854e+02	1.106833760e-02	6.423073730e+02	6.559967529e-03
6.412915039e+02	5.873844028e-03	6.424267578e+02	4.818224348e-03
6.414105225e+02	6.964502856e-03	6.425461426e+02	7.260255981e-03
6.415295410e+02	1.750137471e-02	6.426655273e+02	1.176724117e-02
6.416485596e+02	2.519144304e-02	6.427849121e+02	-2.813124738e-04
6.417675781e+02	4.761464521e-02	6.429042969e+02	7.457773201e-03
6.418865356e+02	4.219832271e-02	6.430236816e+02	3.956330940e-03
6.420055542e+02	3.940697759e-02	6.431430664e+02	-7.661276031e-04
6.421246338e+02	2.058849297e-02	6.432625122e+02	-4.788297520e-05
6.422436523e+02	2.363864146e-02	6.433818970e+02	2.394148760e-05
6.423626709e+02	5.541100632e-03	6.435012817e+02	3.740857355e-03
6.424816895e+02	9.164306335e-03	6.436206665e+02	1.442474546e-03
6.426007080e+02	1.406302676e-02	6.437401123e+02	4.189760148e-05
6.427197266e+02	9.275220335e-03	6.438594971e+02	1.025892701e-02
6.428387451e+02	1.991838450e-03	6.439789429e+02	3.399691079e-03
6.429578247e+02	9.201277047e-03	6.440983276e+02	8.301710710e-03
6.430768433e+02	6.483873352e-03	6.442177124e+02	3.040568903e-03
6.431958618e+02	1.581917331e-02	6.443371582e+02	7.116606925e-03
6.433148804e+02	1.106833760e-02	6.444565430e+02	-7.840836770e-04
6.434339600e+02	7.001474034e-03	6.445759888e+02	-1.197074380e-05
6.435529785e+02	9.164306335e-03	6.446954346e+02	2.142762998e-03
6.436720581e+02	2.306096023e-03	6.448148193e+02	2.537797671e-03
6.437910767e+02	1.045830734e-02	6.449342651e+02	4.854136612e-03
6.439100952e+02	7.075417321e-03	6.450536499e+02	3.830638016e-03
6.440291748e+02	5.652015097e-03	6.451730957e+02	9.127692319e-03
6.441481934e+02	1.269508246e-02	6.452925415e+02	-1.089337631e-03
6.442672729e+02	9.866763838e-03	6.454119263e+02	4.189760366e-04
6.443862915e+02	1.550491527e-02	6.455313721e+02	1.173132914e-03
6.445053711e+02	8.424876258e-03	6.456508179e+02	-2.202616772e-03
6.446244507e+02	6.705702282e-03	6.457702637e+02	2.609622199e-03
6.447434692e+02	1.178928092e-02	6.458897095e+02	2.322324319e-03
6.448625488e+02	9.589478374e-03	6.460091553e+02	5.267126951e-03
6.449816284e+02	1.276902575e-02	6.461285400e+02	-1.538240584e-03
6.451006470e+02	1.570825838e-02	6.462479858e+02	6.990914233e-03
6.452197266e+02	6.003244314e-03	6.463674316e+02	-6.583908689e-04
6.453388062e+02	1.036587916e-02	6.464868774e+02	5.267126951e-03
6.454578857e+02	9.552506730e-03	6.466063232e+02	-4.016184248e-03
6.455769653e+02	1.611494459e-02	6.467257690e+02	4.153848160e-03
6.456959839e+02	1.620737277e-02	6.468452148e+02	9.361121804e-03
6.458150635e+02	1.043982152e-02	6.469646606e+02	-2.202616772e-03
6.459341431e+02	6.520844996e-03	6.470841675e+02	7.529597729e-03
6.460532227e+02	1.385968365e-02	6.472036133e+02	6.775440648e-03
6.461723022e+02	6.964502856e-03	6.473230591e+02	1.130038220e-02
6.462913818e+02	9.663420729e-03	6.474425049e+02	3.399691079e-03
6.464104614e+02	1.306479704e-02	6.475619507e+02	2.537797671e-03
6.465295410e+02	1.221445296e-02	6.476814575e+02	4.979829304e-03
6.466486206e+02	8.092133328e-03	6.478009033e+02	8.193974383e-03
6.467677002e+02	1.032890752e-02	6.479203491e+02	2.681446495e-03
6.468867798e+02	1.500579994e-02	6.480397949e+02	5.985371768e-03
6.470059204e+02	1.005162112e-02	6.481593018e+02	-5.147419870e-04
6.471250000e+02	2.106912248e-02	6.482787476e+02	8.229886182e-03
6.472440796e+02	1.071710791e-02	6.483982544e+02	3.525384003e-03
6.473631592e+02	1.016253605e-02	6.485177002e+02	5.805810448e-03
6.474822388e+02	7.260274608e-03	6.486371460e+02	2.753271023e-03
6.476013794e+02	1.411848422e-02	6.487566528e+02	-1.610064995e-03
6.477204590e+02	1.193716656e-02	6.488760986e+02	1.244957326e-03
6.478395386e+02	9.977678768e-03	6.489956055e+02	5.536468700e-03
6.479586792e+02	1.596705802e-02	6.491151123e+02	5.015741568e-03
6.480777588e+02	1.581917331e-02	6.492345581e+02	6.488143001e-03
6.481968994e+02	1.056922227e-02	6.493540649e+02	2.394148760e-05
6.483159790e+02	1.071710791e-02	6.494735107e+02	3.112393315e-04
6.484350586e+02	9.755849838e-03	6.495930176e+02	-3.010642016e-03
6.485541992e+02	1.256568171e-02	6.497125244e+02	-1.484372187e-03
6.486732788e+02	5.855358206e-03	6.498319702e+02	2.250499791e-03
6.487924194e+02	4.783185199e-03	6.499514771e+02	5.967415404e-03
6.489115601e+02	1.143805217e-02	6.500709839e+02	4.171804059e-03
6.490306396e+02	1.014405023e-02	6.501904907e+02	6.057196297e-03
6.491497803e+02	1.838869043e-02	6.503099976e+02	9.361121804e-03
6.492688599e+02	3.766469657e-03	6.504294434e+02	1.298825722e-03
6.493880005e+02	9.071877226e-03	6.505489502e+02	2.627578098e-03
6.495071411e+02	2.509439364e-03	6.506684570e+02	-9.097764851e-04
6.496262817e+02	1.196951722e-03	6.507879639e+02	4.261584487e-03
6.497453613e+02	5.684365169e-04	6.509074707e+02	6.847265176e-03
6.498645020e+02	1.042133663e-02	6.510269775e+02	4.082023632e-03
6.499836426e+02	8.073647507e-03	6.511464844e+02	7.816895843e-03
6.501027832e+02	7.629989646e-03	6.512659912e+02	3.704945091e-03
6.502219238e+02	1.001465041e-02	6.513854980e+02	4.297496751e-03
6.503410034e+02	3.600097960e-03	6.515050049e+02	1.070783008e-02
6.504601440e+02	1.064316556e-02	6.516245117e+02	2.160719130e-03
6.505792847e+02	1.639223099e-02	6.517440796e+02	9.648418985e-03
6.506984253e+02	8.591247723e-03	6.518635864e+02	4.584794864e-03
6.508175659e+02	1.495034248e-02	6.519830933e+02	5.482600536e-03
6.509367065e+02	9.071877226e-03	6.521026001e+02	8.193974383e-03
6.510558472e+02	5.947786849e-03	6.522221069e+02	4.171804059e-03
6.511749878e+02	1.125319488e-02	6.523416748e+02	-1.771670068e-03
6.512941284e+02	2.158210147e-03	6.524611816e+02	8.140105638e-04
6.514133301e+02	9.570992552e-03	6.525806885e+02	1.370650134e-03
6.515324707e+02	6.835102569e-03	6.527002563e+02	2.465973143e-03
6.516516113e+02	1.254719682e-02	6.528197632e+02	8.858350106e-03
6.517707520e+02	7.278760429e-03	6.529392700e+02	5.141434260e-03
6.518898926e+02	8.184561506e-03	6.530588379e+02	-6.943031331e-04
6.520090332e+02	7.167845964e-03	6.531783447e+02	1.424518530e-03
6.521282349e+02	6.280530244e-03	6.532979126e+02	2.017070306e-03
6.522473755e+02	1.265811082e-02	6.534174194e+02	3.471515665e-04
6.523665161e+02	1.611494459e-02	6.535369873e+02	6.559967529e-03
6.524857178e+02	5.744443741e-03	6.536564941e+02	1.675904059e-04
6.526048584e+02	8.087511524e-04	6.537760620e+02	1.675904059e-04
6.527239990e+02	4.154670052e-03	6.538956299e+02	8.499227464e-03
6.528432007e+02	3.359783441e-03	6.540151367e+02	-4.285525996e-03
6.529623413e+02	9.959192947e-03	6.541347046e+02	-2.525826916e-03
6.530815430e+02	6.964502856e-03	6.542542114e+02	7.278211880e-03
6.532006836e+02	4.857128486e-03	6.543737793e+02	1.180315297e-02
6.533198853e+02	1.437266357e-03	6.544933472e+02	1.981158042e-03
6.534390259e+02	7.611503825e-03	6.546129150e+02	-4.788297520e-04
6.535582275e+02	1.116076577e-02	6.547324219e+02	5.985371899e-05
6.536773682e+02	4.820156842e-03	6.548519897e+02	6.883177441e-03
6.537965698e+02	1.158593781e-02	6.549715576e+02	3.740857355e-03
6.539157715e+02	1.694680192e-02	6.550911255e+02	3.220129991e-03
6.540349121e+02	7.740903646e-03	6.552106934e+02	8.499227697e-04
6.541541138e+02	1.064316556e-02	6.553302612e+02	6.919089705e-03
6.542733154e+02	8.480333723e-03	6.554498291e+02	9.181560017e-03
6.543925171e+02	1.064316556e-02	6.555693970e+02	1.049235649e-02
6.545116577e+02	6.058701314e-03	6.556889648e+02	3.238086123e-03
6.546308594e+02	6.502359174e-03	6.558085327e+02	5.949459504e-03
6.547500610e+02	7.666960824e-03	6.559281006e+02	9.414989501e-03
6.548692627e+02	8.739134297e-03	6.560476685e+02	6.398362573e-03
6.549884644e+02	1.073559374e-02	6.561672363e+02	1.963201910e-03
6.551076050e+02	7.297246251e-03	6.562868042e+02	2.017070306e-03
6.552268066e+02	1.278751064e-02	6.564063721e+02	8.678789018e-04
6.553460083e+02	1.010707859e-02	6.565259399e+02	1.604079618e-03
6.554652100e+02	1.193716656e-02	6.566455078e+02	1.273687091e-02
6.555844116e+02	3.747983836e-03	6.567650757e+02	7.188431453e-03
6.557036133e+02	1.217748132e-02	6.568847046e+02	6.919089705e-03
6.558228149e+02	1.751523931e-03	6.570042725e+02	4.800267983e-03
6.559420166e+02	1.381809125e-03	6.571238403e+02	8.211930282e-03
6.560612183e+02	1.418780535e-03	6.572434692e+02	3.615164431e-03
6.561804810e+02	1.456214208e-02	6.573630371e+02	9.935717098e-04
6.562996826e+02	3.180933744e-02	6.574826050e+02	-4.429175169e-04
6.564188843e+02	7.251493633e-02	6.576022339e+02	2.663490362e-03
6.565380859e+02	8.072260767e-02	6.577218018e+02	5.051653832e-03
6.566572876e+02	7.112850994e-02	6.578413696e+02	-3.351808293e-03
6.567764893e+02	4.781799018e-02	6.579609985e+02	1.316781854e-04
6.568957520e+02	3.471159935e-02	6.580805664e+02	5.554425064e-03
6.570149536e+02	2.186401002e-02	6.582001953e+02	2.196631394e-03
6.571341553e+02	2.397138439e-02	6.583197632e+02	2.250499791e-03
6.572534180e+02	1.759380288e-02	6.584393921e+02	1.945245778e-03
6.573726196e+02	1.563431509e-02	6.585589600e+02	7.385948673e-03
6.574918213e+02	7.112388499e-03	6.586785889e+02	5.267126951e-03
6.576110840e+02	4.760078155e-04	6.587982178e+02	6.972957868e-03
6.577302856e+02	1.300933957e-02	6.589177856e+02	4.979829304e-03
6.578495483e+02	1.062930096e-04	6.590374146e+02	2.340280451e-03
6.579687500e+02	5.152900238e-03	6.591570435e+02	6.613835692e-03
6.580880127e+02	6.668731105e-03	6.592766113e+02	2.304368187e-03
6.582072144e+02	1.578220166e-02	6.593962402e+02	8.642876521e-03
6.583264771e+02	4.783185199e-03	6.595158691e+02	1.406562398e-03
6.584456787e+02	1.005162112e-02	6.596354980e+02	-1.663933392e-03
6.585649414e+02	8.646705188e-03	6.597550659e+02	8.140105638e-04
6.586841431e+02	7.537560537e-03	6.598746948e+02	1.356285252e-02
6.588034058e+02	3.045525867e-03	6.599943237e+02	6.703616586e-03
6.589226685e+02	5.300785881e-03	6.601139526e+02	3.112393315e-04
6.590418701e+02	1.132713724e-02	6.602335815e+02	1.298825722e-03
6.591611328e+02	7.666960824e-03	6.603532104e+02	9.073823690e-03
6.592803955e+02	2.490953542e-03	6.604728394e+02	-2.920861356e-03
6.593996582e+02	6.964502856e-03	6.605924683e+02	8.858350106e-03
6.595188599e+02	5.578072276e-03	6.607120972e+02	6.739528384e-03
6.596381226e+02	1.566666528e-03	6.608317261e+02	4.189760424e-03
6.597573853e+02	7.167845964e-03	6.609513550e+02	5.805810797e-04
6.598766479e+02	7.130874321e-03	6.610709839e+02	2.358236583e-03
6.599959106e+02	9.011798538e-04	6.611906128e+02	3.633120563e-03
6.601151733e+02	-3.110225778e-03	6.613102417e+02	4.297496751e-03
6.602344360e+02	7.666960824e-03	6.614298706e+02	3.956330940e-03
6.603536377e+02	4.339527804e-03	6.615494995e+02	7.062738761e-03
6.604729004e+02	8.535790257e-03	6.616691895e+02	6.667704321e-03
6.605921631e+02	1.069862209e-02	6.617888184e+02	5.733985920e-03
6.607114258e+02	1.258416753e-02	6.619084473e+02	-4.608736199e-04
6.608306885e+02	8.702162653e-03	6.620280762e+02	4.782312084e-03
6.609500122e+02	6.853588391e-03	6.621477661e+02	5.751942284e-03
6.610692749e+02	3.027040046e-03	6.622673950e+02	4.387277644e-03
6.611885376e+02	6.058701314e-03	6.623870239e+02	2.519841539e-03
6.613078003e+02	1.086037257e-03	6.625067139e+02	7.852807641e-03
6.614270630e+02	9.034905583e-03	6.626263428e+02	-4.967858549e-03
6.615463257e+02	3.951326944e-03	6.627459717e+02	-6.943031331e-04
6.616655884e+02	5.152900238e-03	6.628656616e+02	1.142607443e-02
6.617849121e+02	1.326351892e-03	6.629852905e+02	2.394148760e-05
6.619041748e+02	6.077187136e-03	6.631049805e+02	-6.206830498e-03
6.620234375e+02	1.825466868e-03	6.632246094e+02	6.613835692e-03
6.621427002e+02	2.121238736e-03	6.633442993e+02	3.902462311e-03
6.622620239e+02	3.452212084e-03	6.634639282e+02	8.283754811e-03
6.623812866e+02	3.600097960e-03	6.635836182e+02	-6.188874599e-03
6.625005493e+02	8.826940903e-04	6.637032471e+02	4.548882600e-03
6.626198730e+02	5.083578799e-05	6.638229370e+02	4.207716323e-03
6.627391357e+02	5.499507533e-04	6.639426270e+02	-2.992685950e-05
6.628584595e+02	1.367482636e-02	6.640622559e+02	7.170475554e-03
6.629777222e+02	1.358239818e-02	6.641819458e+02	3.094437299e-03
6.630969849e+02	6.890559569e-03	6.643016357e+02	8.894262835e-03
6.632163086e+02	-8.734512376e-04	6.644212646e+02	4.028155003e-03
6.633355713e+02	2.121238736e-03	6.645409546e+02	2.070938703e-03
6.634548950e+02	6.761159748e-03	6.646606445e+02	3.830638016e-03
6.635742188e+02	6.793509820e-04	6.647803345e+02	9.073823690e-03
6.636934814e+02	5.430186167e-03	6.648999634e+02	7.062738878e-04
6.638128052e+02	2.084267326e-03	6.650196533e+02	4.153848160e-03
6.639320679e+02	9.922221303e-03	6.651393433e+02	2.017070306e-03
6.640513916e+02	9.566370863e-04	6.652590332e+02	4.997785203e-03
6.641707153e+02	3.969812766e-03	6.653787231e+02	2.681446495e-03
6.642899780e+02	6.909045391e-03	6.654984131e+02	3.148305463e-03
6.644093018e+02	9.201277047e-03	6.656181030e+02	9.845936671e-03
6.645286255e+02	5.129792844e-04	6.657377930e+02	3.597208532e-03
6.646479492e+02	8.276990615e-03	6.658574829e+02	7.780982996e-04
6.647672119e+02	3.322811797e-03	6.659771729e+02	3.238086123e-03
6.648865356e+02	1.400294830e-03	6.660968628e+02	5.877634976e-03
6.650058594e+02	1.751523931e-03	6.662165527e+02	6.164933089e-03
6.651251831e+02	-6.007865522e-05	6.663362427e+02	2.573709935e-03
6.652445068e+02	6.932152610e-05	6.664559326e+02	1.090534776e-02
6.653638306e+02	2.786725294e-03	6.665756226e+02	2.394148614e-03
6.654831543e+02	1.474237768e-03	6.666953125e+02	3.256042255e-03
6.656024170e+02	8.887019940e-03	6.668150635e+02	6.739528384e-03
6.657217407e+02	6.650245283e-03	6.669347534e+02	4.674575292e-03
6.658410645e+02	5.083578799e-05	6.670544434e+02	6.200845353e-03
6.659603882e+02	-1.409537741e-03	6.671741333e+02	4.872092512e-03
6.660797119e+02	2.953096991e-03	6.672938232e+02	5.087566096e-03
6.661990356e+02	4.080727231e-03	6.674135742e+02	4.046111368e-03
6.663184204e+02	5.060471594e-03	6.675332642e+02	5.841722712e-03
6.664377441e+02	-1.002851408e-03	6.676529541e+02	3.597208532e-03
6.665570679e+02	7.093903143e-03	6.677727051e+02	6.326538045e-03
6.666763916e+02	-8.364797686e-04	6.678923950e+02	9.648418985e-03
6.667957153e+02	1.463608537e-02	6.680120850e+02	6.757484749e-03
6.669150391e+02	2.232153201e-03	6.681318359e+02	1.209045062e-03
6.670343628e+02	2.356931946e-04	6.682515259e+02	7.170475554e-03
6.671537476e+02	1.025496423e-02	6.683712769e+02	4.028155003e-03
6.672730713e+02	1.532005705e-02	6.684909668e+02	9.648418985e-03
6.673923950e+02	3.235004624e-05	6.686107178e+02	-8.020398091e-04
6.675117188e+02	2.250639023e-03	6.687304077e+02	5.913547240e-03
6.676311035e+02	6.853588391e-03	6.688501587e+02	4.046111368e-03
6.677504272e+02	-1.631366555e-03	6.689698486e+02	4.764355719e-03
6.678697510e+02	7.722418290e-03	6.690895996e+02	-4.249613849e-04
6.679891357e+02	1.341602579e-02	6.692093506e+02	2.465973143e-03
6.681084595e+02	3.914355766e-03	6.693290405e+02	1.101308409e-02
6.682278442e+02	4.690756556e-03	6.694487915e+02	5.769898184e-03
6.683471680e+02	1.084650867e-02	6.695685425e+02	4.046111368e-03
6.684665527e+02	-2.130481647e-03	6.696882324e+02	3.543340135e-03
6.685858765e+02	8.203047328e-03	6.698079834e+02	-2.813124738e-04
6.687052002e+02	5.541100632e-03	6.699277344e+02	1.963201910e-03
6.688245850e+02	9.053391404e-03	6.700474243e+02	3.471515607e-03
6.689439697e+02	2.638839418e-03	6.701671753e+02	3.471515607e-03
6.690632935e+02	4.376498982e-03	6.702869263e+02	8.068281226e-03
6.691826782e+02	5.078957416e-03	6.704066772e+02	-9.456887492e-04
6.693020020e+02	-2.851425437e-03	6.705264282e+02	8.696745150e-03
6.694213867e+02	4.205506120e-04	6.706461792e+02	4.764355719e-03
6.695407715e+02	3.526154906e-03	6.707658691e+02	1.675904059e-04
6.696600952e+02	3.470697906e-03	6.708856201e+02	-1.125249895e-03
6.697794800e+02	3.674041014e-03	6.710053711e+02	6.344494177e-04
6.698988647e+02	4.875613842e-03	6.711251221e+02	8.606964722e-03
6.700181885e+02	6.687216461e-03	6.712448730e+02	1.156972349e-02
6.701375732e+02	3.027040046e-03	6.713646240e+02	3.938374575e-03
6.702569580e+02	5.282300524e-03	6.714843750e+02	2.394148614e-03
6.703763428e+02	-2.204424469e-03	6.716041260e+02	1.747728558e-03
6.704957275e+02	-1.354080508e-03	6.717238770e+02	-4.070052819e-04
6.706150513e+02	1.843952574e-03	6.718436279e+02	1.298825722e-03
6.707344360e+02	7.001474034e-03	6.719634399e+02	1.532255206e-03
6.708538208e+02	7.717796834e-04	6.720831909e+02	9.720243514e-03
6.709732056e+02	-3.387511941e-03	6.722029419e+02	1.424518530e-03
6.710925903e+02	2.343067667e-03	6.723226929e+02	6.003327668e-03
6.712119751e+02	3.600097960e-03	6.724424438e+02	1.873421366e-03
6.713313599e+02	2.638839418e-03	6.725621948e+02	1.674108393e-02
6.714507446e+02	2.306096023e-03	6.726820068e+02	-1.215030439e-03
6.715701294e+02	3.100982867e-03	6.728017578e+02	6.344493944e-03
6.716895142e+02	2.453982132e-03	6.729215088e+02	2.843051683e-03
6.718088989e+02	1.178466016e-03	6.730412598e+02	6.344493944e-03
6.719282837e+02	5.300785881e-03	6.731610718e+02	6.380406208e-03
6.720476685e+02	-1.372566214e-03	6.732808228e+02	2.681446495e-03
6.721670532e+02	2.084267326e-03	6.734005737e+02	6.775440648e-03
6.722864380e+02	1.973352861e-03	6.735203857e+02	2.591666067e-03
6.724058228e+02	-1.317108981e-03	6.736401367e+02	3.417647211e-03
6.725252686e+02	4.431956448e-03	6.737599487e+02	7.421860937e-04
6.726446533e+02	4.265584517e-03	6.738796997e+02	4.243628588e-03
6.727640381e+02	1.880924101e-03	6.739994507e+02	8.750613779e-03
6.728834229e+02	9.127334692e-03	6.741192627e+02	3.184217727e-03
6.730028076e+02	4.672270734e-03	6.742390137e+02	7.924632169e-03
6.731222534e+02	7.093903143e-03	6.743588257e+02	7.260255981e-03
6.732416382e+02	5.208357237e-03	6.744785767e+02	1.006141026e-02
6.733610229e+02	1.031042170e-02	6.745983887e+02	6.559967529e-03
6.734804688e+02	-9.289084701e-04	6.747182007e+02	9.935717098e-04
6.735998535e+02	5.393214989e-03	6.748379517e+02	9.145648219e-03
6.737192383e+02	8.887019940e-03	6.749577637e+02	7.798939478e-03
6.738386841e+02	7.500589360e-03	6.750775146e+02	1.029483974e-03
6.739580688e+02	-6.516223657e-04	6.751973267e+02	7.619378157e-03
6.740775146e+02	-1.709930948e-04	6.753171387e+02	1.122855768e-02
6.741968994e+02	5.005014129e-03	6.754368896e+02	5.895591341e-03
6.743162842e+02	6.909045391e-03	6.755567017e+02	2.394148760e-04
6.744357300e+02	1.049065730e-03	6.756765137e+02	6.829309277e-03
6.745551147e+02	6.705702282e-03	6.757963257e+02	1.029483974e-02
6.746745605e+02	1.270894660e-03	6.759160767e+02	7.529597729e-03
6.747939453e+02	7.759389468e-03	6.760358887e+02	4.369321279e-03
6.749133911e+02	5.005014129e-03	6.761557007e+02	6.811352912e-03
6.750328369e+02	8.628219366e-03	6.762755127e+02	6.398362573e-03
6.751522217e+02	8.166075684e-03	6.763953247e+02	2.286412055e-03
6.752716675e+02	1.866597682e-02	6.765151367e+02	1.372445747e-02
6.753910522e+02	5.227305368e-02	6.766349487e+02	-8.918204112e-04
6.755104980e+02	4.694915935e-02	6.767546997e+02	2.035026409e-04
6.756299438e+02	3.487797081e-02	6.768745117e+02	4.620707128e-03
6.757493896e+02	2.789036185e-02	6.769943237e+02	1.137220650e-03
6.758687744e+02	2.541327104e-02	6.771141357e+02	3.112393199e-03
6.759882202e+02	1.711317524e-02	6.772339478e+02	2.250499791e-03
6.761076660e+02	1.336056925e-02	6.773537598e+02	6.129020825e-03
6.762271118e+02	1.398908440e-02	6.774735718e+02	6.111064460e-03
6.763464966e+02	8.517305367e-03	6.775933838e+02	4.692531656e-03
6.764659424e+02	1.058770809e-02	6.777132568e+02	-7.122592651e-04
6.765853882e+02	-1.894788438e-04	6.778330688e+02	1.006141026e-02
6.767048340e+02	1.415545586e-02	6.779528809e+02	-6.763469893e-03
6.768242798e+02	3.008554224e-03	6.780726929e+02	2.160719130e-03
6.769437256e+02	1.197413821e-02	6.781925049e+02	8.427403867e-03
6.770631714e+02	1.056922227e-02	6.783123169e+02	7.906676270e-03
6.771825562e+02	4.894099664e-03	6.784321289e+02	5.051653832e-03
6.773020020e+02	1.104522962e-03	6.785520020e+02	1.011527795e-02
6.774214478e+02	5.171386059e-03	6.786718140e+02	1.165950391e-02
6.775408936e+02	2.472467721e-03	6.787916260e+02	6.093108561e-03
6.776603394e+02	2.010324271e-03	6.789114380e+02	-2.454002388e-03
6.777797852e+02	-6.516223657e-04	6.790313110e+02	3.471515607e-03
6.778992920e+02	1.025496423e-02	6.791511230e+02	7.745070849e-03
6.780187378e+02	2.435496310e-03	6.792709351e+02	9.702287614e-03
6.781381836e+02	6.502359174e-03	6.793908081e+02	1.079761051e-02
6.782576294e+02	2.343067667e-03	6.795106201e+02	8.642876521e-03
6.783770752e+02	3.064011456e-03	6.796304321e+02	8.409447037e-03
6.784965210e+02	6.465387531e-03	6.797503052e+02	8.068281226e-03
6.786159668e+02	2.527924953e-03	6.798701172e+02	-5.578366574e-03
6.787354126e+02	8.036675863e-03	6.799899902e+02	6.200845353e-03
6.788549194e+02	5.448671989e-03	6.801098022e+02	4.836180247e-03
6.789743652e+02	-4.367256071e-03	6.802296753e+02	7.242299616e-04
6.790938110e+02	3.895869711e-03	6.803494873e+02	1.738750562e-02
6.792132568e+02	-6.146508968e-04	6.804693604e+02	7.367992774e-03
6.793327637e+02	1.289380365e-03	6.805891724e+02	4.315453116e-03
6.794522095e+02	5.504129454e-03	6.807090454e+02	4.387277644e-03
6.795716553e+02	2.084267326e-03	6.808288574e+02	9.127692319e-03
6.796911621e+02	6.391444709e-03	6.809487305e+02	3.740857355e-03
6.798106079e+02	2.726646781e-04	6.810686035e+02	3.022612771e-03
6.799300537e+02	2.047295682e-03	6.811884155e+02	5.626249476e-04
6.800495605e+02	1.511209295e-03	6.813082886e+02	-2.471958520e-03
6.801690063e+02	1.492723590e-03	6.814281006e+02	5.823766813e-03
6.802884521e+02	-1.908652717e-03	6.815479736e+02	4.782312084e-03
6.804079590e+02	5.097442772e-03	6.816678467e+02	5.985371768e-03
6.805274048e+02	4.986528307e-03	6.817877197e+02	7.763027214e-03
6.806469116e+02	2.638839418e-03	6.819075317e+02	2.214587526e-03
6.807663574e+02	2.990068635e-03	6.820274048e+02	5.985371768e-03
6.808858643e+02	8.979448117e-03	6.821472778e+02	5.823766813e-03
6.810053101e+02	-3.743362322e-04	6.822671509e+02	5.177346524e-03
6.811248169e+02	-3.373647633e-04	6.823869629e+02	2.465973143e-03
6.812442627e+02	5.873844028e-03	6.825068359e+02	-5.596322473e-03
6.813637695e+02	8.794590831e-03	6.826267090e+02	8.229886182e-03
6.814832764e+02	-3.794198157e-03	6.827465820e+02	-8.379520295e-05
6.816027222e+02	-4.847885575e-03	6.828664551e+02	3.273998387e-03
6.817222290e+02	4.191641696e-03	6.829863281e+02	4.764355719e-03
6.818417358e+02	5.836872384e-03	6.831062012e+02	3.651076695e-04
6.819611816e+02	-3.036282957e-03	6.832260742e+02	2.789183287e-03
6.820806885e+02	1.973352861e-03	6.833459473e+02	5.392820109e-03
6.822001953e+02	3.304326208e-03	6.834658203e+02	1.252139732e-02
6.823196411e+02	2.675811062e-03	6.835856934e+02	5.680117756e-03
6.824391479e+02	7.186331786e-03	6.837055664e+02	9.091779590e-03
6.825586548e+02	5.134414416e-03	6.838254395e+02	4.800267983e-03
6.826781616e+02	-7.995082997e-04	6.839453125e+02	1.230592467e-02
6.827976685e+02	3.174925921e-03	6.840651855e+02	9.468858130e-03
6.829171143e+02	4.413470626e-03	6.841850586e+02	5.267127417e-04
6.830366211e+02	1.381809125e-03	6.843049316e+02	8.517184295e-03
6.831561279e+02	4.561356269e-03	6.844248047e+02	3.256042255e-03
6.832756348e+02	-5.776793696e-04	6.845446777e+02	5.177346524e-03
6.833951416e+02	-1.021337113e-03	6.846646118e+02	1.747728558e-03
6.835146484e+02	1.307866187e-03	6.847844849e+02	6.039239932e-03
6.836341553e+02	1.049065730e-03	6.849043579e+02	4.405233543e-03
6.837536621e+02	4.247098695e-03	6.850242310e+02	-1.502328319e-03
6.838731689e+02	2.564896597e-03	6.851441040e+02	-5.506541929e-04
6.839926758e+02	1.677580993e-03	6.852640381e+02	4.530926235e-03
6.841121826e+02	3.281218815e-04	6.853839111e+02	-8.379520295e-05
6.842316895e+02	-1.150737400e-03	6.855037842e+02	2.609622199e-03
6.843511963e+02	-2.980825724e-03	6.856237183e+02	-3.208159236e-03
6.844707031e+02	3.137954511e-03	6.857435913e+02	2.286412055e-03
6.845902100e+02	-2.241396112e-03	6.858634644e+02	3.148305463e-03
6.847097168e+02	2.490953542e-03	6.859833984e+02	6.775440648e-03
6.848292236e+02	1.622123760e-03	6.861032715e+02	8.624920622e-03
6.849487305e+02	1.806981163e-03	6.862231445e+02	5.051653832e-03
6.850682373e+02	2.971582813e-03	6.863430786e+02	7.816895843e-03
6.851877441e+02	1.487640012e-02	6.864629517e+02	1.259322185e-02
6.853073120e+02	3.600097960e-03	6.865828857e+02	3.543340135e-03
6.854268188e+02	-2.264503273e-04	6.867027588e+02	5.087566096e-03
6.855463257e+02	4.358013161e-03	6.868226929e+02	1.011527842e-03
6.856658325e+02	5.041985773e-03	6.869425659e+02	-3.172246972e-03
6.857853394e+02	1.053225063e-02	6.870625000e+02	5.554425064e-03
6.859049072e+02	2.417010488e-03	6.871823730e+02	4.010199104e-03
6.860244141e+02	3.858898301e-03	6.873023071e+02	3.471515607e-03
6.861439209e+02	3.618583782e-03	6.874221802e+02	-4.788297520e-05
6.862634277e+02	2.324581845e-03	6.875421143e+02	3.166261595e-03
6.863829956e+02	2.139724558e-03	6.876619873e+02	2.537797671e-03
6.865025024e+02	3.563126549e-03	6.877819214e+02	3.812681884e-03
6.866220703e+02	-1.021337113e-03	6.879018555e+02	6.631792057e-03
6.867415771e+02	1.223293878e-02	6.880217285e+02	8.140105754e-03
6.868610840e+02	4.025270231e-03	6.881416626e+02	3.686988959e-03
6.869806519e+02	3.766469657e-03	6.882615967e+02	5.680117756e-03
6.871001587e+02	4.986528307e-03	6.883814697e+02	9.576595039e-05
6.872197266e+02	2.670727298e-02	6.885014038e+02	2.483929275e-03
6.873392334e+02	3.920363262e-02	6.886213379e+02	2.412104746e-03
6.874588013e+02	3.232694045e-02	6.887412720e+02	8.571051992e-03
6.875783081e+02	3.049685061e-02	6.888611450e+02	1.101308386e-03
6.876978760e+02	1.916509122e-02	6.889810791e+02	-1.161162159e-03
6.878173828e+02	1.236233860e-02	6.891010132e+02	-1.807582215e-03
6.879369507e+02	1.282448228e-02	6.892209473e+02	7.780983287e-05
6.880564575e+02	1.690983027e-02	6.893408813e+02	1.532255206e-03
6.881760254e+02	1.062467974e-02	6.894608154e+02	3.076481167e-03
6.882955322e+02	2.380039077e-03	6.895806885e+02	4.189760424e-03
6.884151001e+02	2.953096991e-03	6.897006226e+02	6.685660221e-03
6.885346680e+02	6.594787817e-03	6.898205566e+02	1.496342884e-04
6.886541748e+02	4.857128486e-03	6.899404907e+02	4.333409015e-03
6.887737427e+02	3.895869711e-03	6.900604248e+02	-1.628021128e-03
6.888933105e+02	5.966272671e-03	6.901803589e+02	1.517890301e-02
6.890128174e+02	1.210353896e-02	6.903002930e+02	4.890048876e-03
6.891323853e+02	1.637374423e-02	6.904202271e+02	3.148305463e-03
6.892519531e+02	-6.146508968e-04	6.905401611e+02	-4.321438260e-03
6.893714600e+02	4.431956448e-03	6.906600952e+02	8.391491137e-03
6.894910278e+02	9.219762869e-03	6.907800293e+02	3.309910651e-03
6.896105957e+02	7.352703251e-03	6.908999634e+02	7.242299616e-04
6.897301636e+02	5.578072276e-03	6.910198975e+02	1.370650134e-03
6.898497314e+02	3.137954511e-03	6.911398315e+02	5.985371899e-05
6.899692383e+02	5.129792844e-04	6.912598267e+02	3.579252400e-03
6.900888062e+02	7.870304398e-03	6.913797607e+02	9.199515916e-03
6.902083740e+02	5.762929562e-03	6.914996948e+02	1.209045062e-03
6.903279419e+02	7.814846933e-03	6.916196289e+02	8.068281226e-03
6.904475098e+02	1.587462984e-02	6.917395630e+02	4.692531656e-03
6.905670776e+02	1.055073645e-02	6.918594971e+02	-1.915319008e-04
6.906866455e+02	1.270894660e-03	6.919794922e+02	2.286412055e-03
6.908062134e+02	1.548180822e-03	6.920994263e+02	4.046111368e-03
6.909257202e+02	-3.743362322e-04	6.922193604e+02	6.506098900e-03
6.910452881e+02	1.432644931e-04	6.923392944e+02	-4.788297520e-05
6.911648560e+02	5.578072276e-03	6.924592896e+02	6.039239932e-03
6.912844238e+02	3.655555192e-03	6.925792236e+02	1.209045062e-03
6.914039917e+02	1.184473839e-02	6.926991577e+02	8.517184295e-03
6.915235596e+02	2.657325240e-03	6.928190918e+02	3.794725752e-03
6.916431274e+02	9.737364016e-03	6.929390869e+02	7.834851742e-03
6.917627563e+02	7.186331786e-03	6.930590210e+02	3.076481167e-03
6.918823242e+02	1.539400034e-02	6.931790161e+02	1.460430678e-03
6.920018921e+02	2.527924953e-03	6.932989502e+02	1.068987418e-02
6.921214600e+02	5.578072276e-03	6.934188843e+02	6.021284033e-03
6.922410278e+02	4.783185199e-03	6.935388794e+02	1.783640822e-03
6.923605957e+02	7.833332755e-03	6.936588135e+02	-3.136334708e-03
6.924801636e+02	1.343451161e-02	6.937788086e+02	4.746399820e-03
6.925997314e+02	1.193716656e-02	6.938987427e+02	3.112393199e-03
6.927193604e+02	1.474237768e-03	6.940187378e+02	2.376192482e-03
6.928389282e+02	7.389674895e-03	6.941386719e+02	6.344493944e-03
6.929584961e+02	-9.705013508e-05	6.942586670e+02	1.532255206e-02
6.930780640e+02	7.925760932e-03	6.943786011e+02	4.387277644e-03
6.931976318e+02	8.591247723e-03	6.944985962e+02	-4.141877405e-03
6.933172607e+02	9.792821482e-03	6.946185303e+02	5.841722712e-03
6.934368286e+02	5.097442772e-03	6.947385254e+02	5.482600536e-03
6.935563965e+02	6.793509820e-04	6.948584595e+02	7.780983287e-05
6.936760254e+02	4.431956448e-03	6.949784546e+02	2.358236583e-03
6.937955933e+02	1.467305701e-02	6.950984497e+02	6.901133806e-03
6.939151611e+02	2.548721433e-02	6.952183838e+02	1.639991882e-03
6.940347900e+02	2.097669430e-02	6.953383789e+02	7.763027214e-03
6.941543579e+02	1.195565239e-02	6.954583740e+02	7.008870132e-03
6.942739258e+02	2.105063759e-02	6.955783081e+02	-1.286854967e-03
6.943935547e+02	9.700392373e-03	6.956983032e+02	-1.825538347e-03
6.945131226e+02	6.687216461e-03	6.958182983e+02	4.961873405e-03
6.946327515e+02	1.180776674e-02	6.959382324e+02	5.267127417e-04
6.947523193e+02	4.006784409e-03	6.960582275e+02	9.199515916e-03
6.948718872e+02	1.389665529e-02	6.961782227e+02	-1.053425483e-03
6.949915161e+02	2.398524899e-03	6.962982178e+02	6.488143001e-03
6.951110840e+02	2.749753883e-03	6.964181519e+02	-1.951231156e-03
6.952307129e+02	1.254719682e-02	6.965381470e+02	1.481978036e-02
6.953502808e+02	8.720648475e-03	6.966581421e+02	4.548882600e-03
6.954699097e+02	8.776105009e-03	6.967781372e+02	8.840394206e-03
6.955894775e+02	9.404620156e-03	6.968981323e+02	7.780983113e-03
6.957091064e+02	6.909045391e-03	6.970181274e+02	1.553802472e-02
6.958287354e+02	1.003313530e-02	6.971380615e+02	1.718998700e-02
6.959483032e+02	4.616813734e-03	6.972580566e+02	3.399691079e-03
6.960679321e+02	9.034905583e-03	6.973780518e+02	7.062738761e-03
6.961875000e+02	7.777875289e-03	6.974980469e+02	1.508912258e-02
6.963071289e+02	1.090196520e-02	6.976180420e+02	3.112393199e-03
6.964267578e+02	1.422939915e-02	6.977380371e+02	2.142762998e-03
6.965463257e+02	8.676744252e-02	6.978580322e+02	5.698074121e-03
6.966659546e+02	3.758659363e-01	6.979780273e+02	3.184217727e-03
6.967855835e+02	6.153486967e-01	6.980980225e+02	-4.285525996e-03
6.969051514e+02	4.933428168e-01	6.982180176e+02	3.399691079e-03
6.970247803e+02	4.012653530e-01	6.983380127e+02	1.051031239e-02
6.971444092e+02	2.974863946e-01	6.984580078e+02	4.961873405e-03
6.972640381e+02	1.986801177e-01	6.985780029e+02	4.117935896e-03
6.973836060e+02	1.225003824e-01	6.986979980e+02	9.432946332e-03
6.975032349e+02	6.988996267e-02	6.988179932e+02	9.414989501e-03
6.976228638e+02	3.835329041e-02	6.989379883e+02	1.873421366e-03
6.977424927e+02	3.267816827e-02	6.990580444e+02	4.530926235e-03
6.978621216e+02	1.873992011e-02	6.991780396e+02	5.195302889e-03
6.979816895e+02	2.097669430e-02	6.992980347e+02	2.609622199e-03
6.981013184e+02	1.373028383e-02	6.994180298e+02	-2.023055684e-03
6.982209473e+02	1.112379413e-02	6.995380249e+02	2.573709935e-03
6.983405762e+02	1.373028383e-02	6.996580200e+02	4.099979531e-03
6.984602051e+02	7.093903143e-03	6.997780762e+02	7.493685465e-03
6.985798340e+02	1.748288982e-02	6.998980713e+02	-1.556196657e-04
6.986994629e+02	1.441425644e-02	7.000180664e+02	5.267126951e-03
6.988190918e+02	1.169685274e-02	7.001380615e+02	-6.943031331e-04
6.989387207e+02	3.747983836e-03	7.002580566e+02	3.830638016e-03
6.990583496e+02	1.434031315e-02	7.003781128e+02	1.747728558e-03
6.991779785e+02	1.092045102e-02	7.004981079e+02	1.165950391e-02
6.992975464e+02	1.278751064e-02	7.006181030e+02	4.261584487e-03
6.994171753e+02	7.334217429e-03	7.007381592e+02	7.996456698e-03
6.995368042e+02	1.254719682e-02	7.008581543e+02	-1.412547776e-03
6.996564941e+02	-1.372566214e-03	7.009781494e+02	1.532255206e-03
6.997761230e+02	5.134414416e-03	7.010982056e+02	6.811352912e-03
6.998957520e+02	3.969812766e-03	7.012182007e+02	4.441145808e-03
7.000153809e+02	5.541100632e-03	7.013381958e+02	7.906676270e-03
7.001350098e+02	1.917895628e-03	7.014582520e+02	-4.303482361e-03
7.002546387e+02	4.524385091e-03	7.015782471e+02	-3.962316085e-03
7.003742676e+02	6.132644601e-03	7.016983032e+02	-1.825538347e-03
7.004938965e+02	1.190019585e-02	7.018182983e+02	1.783640822e-03
7.006135254e+02	1.129016560e-02	7.019383545e+02	-2.148748375e-03
7.007331543e+02	9.275220335e-03	7.020583496e+02	5.949459504e-03
7.008528442e+02	2.213667380e-03	7.021784058e+02	1.209045062e-03
7.009724731e+02	8.554276079e-03	7.022984009e+02	8.140105754e-03
7.010921021e+02	4.154670052e-03	7.024184570e+02	3.686988959e-03
7.012117310e+02	6.594787817e-03	7.025384521e+02	2.878963714e-03
7.013313599e+02	5.282300524e-03	7.026585083e+02	6.847265176e-03
7.014510498e+02	1.114227995e-02	7.027785034e+02	4.890048876e-03
7.015706787e+02	-8.549654740e-04	7.028985596e+02	-2.669475740e-03
7.016903076e+02	5.097442772e-03	7.030185547e+02	1.316781738e-03
7.018099365e+02	-2.722025383e-03	7.031386108e+02	4.261584487e-03
7.019296265e+02	-1.187708811e-03	7.032586060e+02	4.117935896e-03
7.020492554e+02	4.857128486e-03	7.033786621e+02	8.930174634e-03
7.021688843e+02	7.999704219e-03	7.034987183e+02	2.932832111e-03
7.022885742e+02	-3.757226747e-03	7.036187134e+02	3.040568903e-03
7.024082031e+02	2.139724558e-03	7.037387695e+02	8.068281226e-03
7.025278320e+02	8.387904614e-03	7.038588257e+02	1.011527842e-03
7.026475220e+02	3.563126549e-03	7.039788208e+02	6.129020825e-03
7.027671509e+02	1.095742267e-02	7.040988770e+02	3.686988959e-03
7.028867798e+02	1.474699937e-02	7.042189331e+02	8.571051992e-03
7.030064697e+02	1.800048910e-02	7.043389893e+02	9.450902231e-03
7.031260986e+02	4.755919054e-02	7.044589844e+02	1.370650134e-03
7.032457886e+02	4.234620929e-02	7.045790405e+02	6.236757152e-03
7.033654175e+02	3.835329041e-02	7.046990967e+02	1.568167470e-02
7.034850464e+02	3.267816827e-02	7.048191528e+02	-1.592108863e-03
7.036047363e+02	1.872143336e-02	7.049391479e+02	7.709158584e-03
7.037243652e+02	1.668800227e-02	7.050592041e+02	1.137220606e-04
7.038440552e+02	3.267354565e-03	7.051792603e+02	2.878963714e-03
7.039636841e+02	6.299016066e-03	7.052993164e+02	7.242299616e-03
7.040833740e+02	4.006784409e-03	7.054193726e+02	6.200845353e-03
7.042030029e+02	-3.128711600e-03	7.055394287e+02	1.717203110e-02
7.043226929e+02	3.082497278e-03	7.056594238e+02	7.780983113e-03
7.044423218e+02	6.539330818e-03	7.057794800e+02	4.010199104e-03
7.045620117e+02	3.747983836e-03	7.058995361e+02	3.184217727e-03
7.046817017e+02	2.638839418e-03	7.060195923e+02	-1.376635482e-04
7.048013306e+02	-1.464994974e-03	7.061396484e+02	4.333409015e-03
7.049210205e+02	3.877384122e-03	7.062597046e+02	6.721572485e-03
7.050406494e+02	7.204817608e-03	7.063797607e+02	9.289297275e-03
7.051603394e+02	8.572761901e-03	7.064998169e+02	1.316781738e-03
7.052800293e+02	9.566370863e-04	7.066198730e+02	1.422722824e-02
7.053996582e+02	3.045525867e-03	7.067399292e+02	3.399691079e-03
7.055193481e+02	6.816616748e-03	7.068599854e+02	9.001999162e-03
7.056390381e+02	5.910815671e-03	7.069800415e+02	8.840394206e-03
7.057586670e+02	9.312191978e-03	7.071000977e+02	1.006141026e-02
7.058783569e+02	3.452212084e-03	7.072201538e+02	1.363467705e-02
7.059980469e+02	2.435496310e-03	7.073402100e+02	1.156972349e-02
7.061177368e+02	1.386430540e-05	7.074602661e+02	5.033697467e-03
7.062373657e+02	3.821926890e-03	7.075803223e+02	1.040257607e-02
7.063570557e+02	5.337757524e-03	7.077003784e+02	5.518512800e-03
7.064767456e+02	8.406390436e-03	7.078204346e+02	3.830638016e-04
7.065964355e+02	2.903647721e-02	7.079404907e+02	9.343164973e-03
7.067160645e+02	2.026545554e-01	7.080605469e+02	9.792068042e-03
7.068357544e+02	4.490509927e-01	7.081806641e+02	-2.220572904e-03
7.069554443e+02	4.462226629e-01	7.083007202e+02	7.062738878e-04
7.070751343e+02	3.941113651e-01	7.084207764e+02	6.793397013e-03
7.071948242e+02	3.310934901e-01	7.085408325e+02	3.740857355e-03
7.073144531e+02	2.016378343e-01	7.086608887e+02	7.350036409e-03
7.074341431e+02	1.060295850e-01	7.087809448e+02	6.039239932e-03
7.075538330e+02	7.153519243e-02	7.089010620e+02	-5.560410209e-03
7.076735229e+02	3.326971084e-02	7.090211182e+02	-5.291068461e-03
7.077932129e+02	2.413775586e-02	7.091411743e+02	5.285083316e-03
7.079129028e+02	1.334208343e-02	7.092612305e+02	7.170475554e-03
7.080325928e+02	2.138338052e-02	7.093813477e+02	5.410776008e-03
7.081522827e+02	1.289842557e-02	7.095014038e+02	4.746399820e-03
7.082719727e+02	1.012556441e-02	7.096214600e+02	4.979829304e-03
7.083916626e+02	9.811306372e-03	7.097415161e+02	1.113877725e-02
7.085113525e+02	2.620353829e-03	7.098616333e+02	1.271891501e-02
7.086309814e+02	6.391444709e-03	7.099816895e+02	-2.346265828e-03
7.087506714e+02	1.936381334e-03	7.101017456e+02	7.619378157e-03
7.088703613e+02	5.984758493e-03	7.102218628e+02	2.807139419e-03
7.089900513e+02	2.047295682e-03	7.103419189e+02	1.072578598e-02
7.091097412e+02	-3.017797135e-03	7.104619751e+02	3.112393315e-04
7.092294922e+02	7.186331786e-03	7.105820923e+02	2.268455923e-03
7.093491821e+02	4.062241409e-03	7.107021484e+02	1.000754163e-02
7.094688721e+02	1.029193588e-02	7.108222656e+02	7.888720371e-03
7.095885620e+02	4.616813734e-03	7.109423218e+02	4.189760424e-03
7.097082520e+02	4.912585486e-03	7.110623779e+02	7.080694661e-03
7.098279419e+02	-3.831169801e-03	7.111824951e+02	2.035026439e-03
7.099476318e+02	1.199262403e-02	7.113025513e+02	-4.716473166e-03
7.100673218e+02	1.733038225e-03	7.114226685e+02	-4.788297520e-04
7.101870117e+02	-7.810225361e-04	7.115427246e+02	6.182888988e-03
7.103067017e+02	-2.093510004e-03	7.116628418e+02	3.651076695e-04
7.104263916e+02	-2.278367523e-03	7.117828979e+02	-4.447131418e-03
7.105461426e+02	6.372958887e-03	7.119030151e+02	3.471515665e-04
7.106658325e+02	4.487413447e-03	7.120230713e+02	3.094437299e-03
7.107855225e+02	3.637069371e-03	7.121431885e+02	5.859679077e-03
7.109052124e+02	4.579842091e-03	7.122632446e+02	1.194680203e-02
7.110249023e+02	7.204817608e-03	7.123833618e+02	4.979829304e-03
7.111446533e+02	7.574532181e-03	7.125034180e+02	9.217472398e-04
7.112643433e+02	2.823696937e-03	7.126235352e+02	4.548882425e-04
7.113840332e+02	2.726646781e-04	7.127436523e+02	8.158061653e-03
7.115037231e+02	4.358013161e-03	7.128637085e+02	4.908004776e-03
7.116234131e+02	6.853588391e-03	7.129838257e+02	4.818224348e-03
7.117431641e+02	8.272369159e-04	7.131038818e+02	5.949459504e-03
7.118628540e+02	-2.167453058e-03	7.132239990e+02	6.236757152e-03
7.119825439e+02	4.006784409e-03	7.133441162e+02	-9.995570872e-04
7.121022949e+02	8.087511524e-04	7.134641724e+02	-1.304811100e-03
7.122219849e+02	-4.852506972e-04	7.135842896e+02	6.452230737e-03
7.123416748e+02	8.073647507e-03	7.137044067e+02	4.135891795e-03
7.124614258e+02	8.979448117e-03	7.138244629e+02	2.465973143e-03
7.125811157e+02	3.729498247e-03	7.139445801e+02	2.106850967e-03
7.127008057e+02	-1.649852376e-03	7.140646973e+02	3.866550047e-03
7.128205566e+02	6.428416353e-03	7.141847534e+02	1.083352254e-03
7.129402466e+02	1.354542654e-02	7.143048706e+02	4.620707128e-03
7.130599365e+02	8.457226213e-04	7.144249878e+02	5.051653832e-03
7.131796875e+02	5.226843059e-03	7.145451050e+02	1.126446947e-02
7.132993774e+02	4.210127518e-03	7.146651611e+02	-4.016184248e-03
7.134191284e+02	3.895869711e-03	7.147852783e+02	-1.197074380e-04
7.135388184e+02	6.077187136e-03	7.149053955e+02	6.039239932e-03
7.136585083e+02	3.821926890e-03	7.150255127e+02	1.144403033e-02
7.137782593e+02	-2.648082329e-03	7.151456299e+02	5.698074121e-03
7.138979492e+02	1.381809125e-03	7.152656860e+02	3.884506179e-03
7.140177002e+02	2.990068635e-03	7.153858032e+02	7.780983113e-03
7.141373901e+02	-1.797738252e-03	7.155059204e+02	5.051653832e-03
7.142571411e+02	1.289842557e-02	7.156260376e+02	1.711816294e-03
7.143768311e+02	4.284070339e-03	7.157461548e+02	-4.967858549e-04
7.144965820e+02	3.281218815e-04	7.158662720e+02	4.171804059e-03
7.146162720e+02	6.927531213e-03	7.159863281e+02	4.620707128e-03
7.147360229e+02	2.330589667e-02	7.161064453e+02	1.083352254e-03
7.148557129e+02	3.700383008e-02	7.162265625e+02	2.789183287e-03
7.149754639e+02	3.583922982e-02	7.163466797e+02	1.999114174e-03
7.150951538e+02	3.517374396e-02	7.164667969e+02	1.083352324e-02
7.152149048e+02	2.559812926e-02	7.165869141e+02	3.327866783e-03
7.153345947e+02	1.446971297e-02	7.167070312e+02	3.830638016e-03
7.154543457e+02	8.147589862e-03	7.168271484e+02	4.477058072e-03
7.155740967e+02	3.914355766e-03	7.169472656e+02	6.919089705e-03
7.156937866e+02	1.125319488e-02	7.170673828e+02	-1.915319008e-04
7.158135376e+02	3.341297619e-03	7.171875000e+02	-9.277326171e-04
7.159332275e+02	2.971582813e-03	7.173076172e+02	5.338951480e-03
7.160529785e+02	5.670500919e-03	7.174277344e+02	5.464644637e-03
7.161727295e+02	6.761159748e-03	7.175478516e+02	-9.816009551e-04
7.162924194e+02	5.134414416e-03	7.176679688e+02	-1.250942703e-03
7.164121704e+02	1.825466868e-03	7.177880859e+02	3.022612771e-03
7.165319214e+02	9.936084971e-04	7.179082031e+02	-6.224786630e-04
7.166516113e+02	6.742673926e-03	7.180283203e+02	-3.423632588e-03
7.167713623e+02	7.075417321e-03	7.181484375e+02	3.686988959e-03
7.168911133e+02	-1.945624244e-03	7.182685547e+02	5.500556435e-03
7.170108032e+02	2.564896597e-03	7.183886719e+02	4.046111368e-03
7.171305542e+02	6.021730136e-03	7.185087891e+02	1.762093417e-02
7.172503052e+02	2.176695969e-03	7.186289062e+02	4.512970336e-03
7.173700562e+02	8.979448117e-03	7.187490234e+02	5.626249593e-03
7.174897461e+02	6.280530244e-03	7.188692017e+02	3.956330940e-03
7.176094971e+02	5.060471594e-03	7.189893188e+02	3.166261595e-03
7.177292480e+02	-6.289773155e-03	7.191094360e+02	2.735314891e-03
7.178489990e+02	-1.649852376e-03	7.192295532e+02	2.753270965e-04
7.179686890e+02	1.159980195e-03	7.193496704e+02	4.189760424e-03
7.180884399e+02	4.205506120e-04	7.194697876e+02	7.798939478e-03
7.182081909e+02	-2.537167864e-03	7.195899048e+02	1.155176782e-03
7.183279419e+02	4.358013161e-03	7.197100830e+02	1.201862656e-02
7.184476929e+02	-1.243166043e-03	7.198302002e+02	-1.322767115e-03
7.185674438e+02	1.062930096e-04	7.199503174e+02	3.884506179e-03
7.186871338e+02	-3.928219958e-04	7.200704346e+02	4.979829304e-03
7.188068848e+02	6.058701314e-03	7.201906128e+02	4.297496751e-03
7.189266357e+02	-6.326744799e-03	7.203107300e+02	-5.147419870e-04
7.190463867e+02	-2.370796166e-03	7.204308472e+02	1.198271383e-02
7.191661377e+02	7.574532181e-03	7.205509644e+02	8.176017553e-03
7.192858887e+02	-1.927138423e-03	7.206711426e+02	3.884506179e-03
7.194056396e+02	-5.790658295e-03	7.207912598e+02	5.303039216e-03
7.195253296e+02	-2.611110918e-03	7.209113770e+02	8.624920622e-03
7.196450806e+02	-2.310717537e-05	7.210314941e+02	1.180315297e-02
7.197648315e+02	3.396754852e-03	7.211516724e+02	2.699402627e-03
7.198845825e+02	-2.449360618e-04	7.212717896e+02	-4.159833305e-03
7.200043335e+02	2.380039077e-03	7.213919067e+02	2.376192482e-03
7.201240845e+02	8.276990615e-03	7.215120850e+02	1.490956079e-02
7.202438354e+02	2.638839418e-03	7.216322021e+02	7.763027214e-03
7.203635864e+02	1.252408954e-03	7.217523193e+02	5.267126951e-03
7.204833374e+02	1.008859277e-02	7.218724976e+02	5.051653832e-03
7.206030884e+02	-6.326744799e-03	7.219926147e+02	5.249171052e-03
7.207228394e+02	1.252408954e-03	7.221127319e+02	9.935717098e-04
7.208425903e+02	7.537560537e-03	7.222329102e+02	-2.597651444e-03
7.209623413e+02	3.008554224e-03	7.223530273e+02	5.051653832e-03
7.210820923e+02	6.335987709e-03	7.224732056e+02	6.093108561e-03
7.212018433e+02	5.504129454e-03	7.225933228e+02	6.470186636e-03
7.213215942e+02	2.823696937e-03	7.227134399e+02	3.758813487e-03
7.214413452e+02	-3.831169801e-03	7.228336182e+02	3.004656639e-03
7.215610962e+02	1.714552403e-03	7.229537354e+02	4.979829304e-03
7.216808472e+02	-1.446509152e-03	7.230739136e+02	4.315453116e-03
7.218005981e+02	-4.016027320e-03	7.231940308e+02	8.050325327e-03
7.219203491e+02	-6.825859658e-03	7.233142090e+02	7.834851742e-03
7.220401001e+02	9.751227917e-04	7.234343262e+02	6.524055265e-03
7.221598511e+02	2.541789436e-04	7.235545044e+02	1.237774920e-02
7.222796631e+02	-3.553883638e-03	7.236746216e+02	3.291954519e-03
7.223994141e+02	9.441591799e-03	7.237947998e+02	6.272669416e-03
7.225191650e+02	1.843952574e-03	7.239149170e+02	5.626249593e-03
7.226389160e+02	5.134414416e-03	7.240350952e+02	1.424518530e-03
7.227586670e+02	1.917895628e-03	7.241552124e+02	7.350036409e-03
7.228784180e+02	-2.518682042e-03	7.242753906e+02	1.557393745e-02
7.229981689e+02	2.990068635e-03	7.243955078e+02	1.657948014e-03
7.231179199e+02	3.650933795e-04	7.245156860e+02	-4.967858549e-04
7.232377319e+02	2.749753883e-03	7.246358032e+02	1.101308386e-03
7.233574829e+02	-6.899802480e-03	7.247559814e+02	1.729772426e-03
7.234772339e+02	7.389674895e-03	7.248760986e+02	7.637334522e-03
7.235969849e+02	5.910815671e-03	7.249962769e+02	-6.530040409e-03
7.237167358e+02	2.435496310e-03	7.251164551e+02	6.488143001e-03
7.238365479e+02	1.344837598e-03	7.252365723e+02	9.774112143e-03
7.239562988e+02	1.511209295e-03	7.253567505e+02	8.714701049e-03
7.240760498e+02	1.418780535e-03	7.254768677e+02	9.486814030e-03
7.241958008e+02	4.136184230e-03	7.255970459e+02	5.985371536e-04
7.243155518e+02	5.688986741e-03	7.257172241e+02	1.352693979e-02
7.244353638e+02	3.988298588e-03	7.258373413e+02	7.062738761e-03
7.245551147e+02	1.455752063e-03	7.259575195e+02	2.394148614e-03
7.246748657e+02	4.210127518e-03	7.260776978e+02	-6.943031331e-04
7.247946167e+02	-2.634217963e-04	7.261978149e+02	1.855465234e-03
7.249144287e+02	1.363323419e-03	7.263179932e+02	9.558638558e-03
7.250341797e+02	3.100982867e-03	7.264381714e+02	1.094125956e-02
7.251539307e+02	3.119468689e-03	7.265582886e+02	3.040568903e-03
7.252737427e+02	-1.520452206e-03	7.266784668e+02	1.604079618e-03
7.253934937e+02	9.663420729e-03	7.267986450e+02	6.254713517e-03
7.255132446e+02	-3.886627033e-03	7.269187622e+02	3.902462311e-03
7.256330566e+02	-2.685053740e-03	7.270389404e+02	1.331146713e-02
7.257528076e+02	9.566370863e-04	7.271591187e+02	4.297496751e-03
7.258725586e+02	7.902653888e-04	7.272792969e+02	2.035026439e-03
7.259923706e+02	2.343067667e-03	7.273994141e+02	3.776769619e-03
7.261121216e+02	-3.923598211e-03	7.275195923e+02	3.327866783e-03
7.262318726e+02	2.749753883e-03	7.276397705e+02	3.884506179e-03
7.263516846e+02	1.474237768e-03	7.277599487e+02	5.590337329e-03
7.264714355e+02	3.359783441e-03	7.278800659e+02	2.753271023e-03
7.265911865e+02	4.783185199e-03	7.280002441e+02	4.692531656e-03
7.267109985e+02	9.534020908e-03	7.281204224e+02	7.098651025e-03
7.268307495e+02	9.626449086e-03	7.282406006e+02	8.930174634e-03
7.269505005e+02	3.803441068e-03	7.283607178e+02	-3.495457117e-03
7.270703125e+02	5.374729168e-03	7.284808960e+02	1.657948014e-03
7.271900635e+02	2.971582813e-03	7.286010742e+02	-3.064510413e-03
7.273098755e+02	1.090196520e-02	7.287212524e+02	-1.987143420e-03
7.274296265e+02	5.475014076e-02	7.288414307e+02	-2.076924080e-03
7.275494385e+02	8.007560670e-02	7.289616089e+02	2.950788243e-03
7.276691895e+02	6.061012298e-02	7.290817261e+02	3.525384003e-03
7.277889404e+02	5.386282504e-02	7.292019043e+02	3.830638016e-04
7.279087524e+02	3.253028169e-02	7.293220825e+02	8.948130533e-03
7.280285034e+02	1.883234829e-02	7.294422607e+02	4.441145808e-03
7.281483154e+02	2.223372459e-02	7.295624390e+02	3.902462311e-03
7.282680664e+02	1.806981163e-03	7.296826172e+02	-3.531369439e-04
7.283878784e+02	3.285840387e-03	7.298027954e+02	8.068281226e-03
7.285076294e+02	7.093903143e-03	7.299229736e+02	2.070938703e-03
7.286274414e+02	4.376498982e-03	7.300430908e+02	5.338951480e-03
7.287471924e+02	4.801671021e-03	7.301632690e+02	4.477058072e-03
7.288670044e+02	5.060471594e-03	7.302834473e+02	4.153848160e-03
7.289867554e+02	3.137954511e-03	7.304036255e+02	1.622035750e-03
7.291065674e+02	3.322811797e-03	7.305238037e+02	2.232543658e-03
7.292263184e+02	5.799901206e-03	7.306439819e+02	1.029483974e-02
7.293461304e+02	3.784955479e-03	7.307641602e+02	8.858350338e-04
7.294658813e+02	1.012094319e-03	7.308843384e+02	7.924632169e-03
7.295856934e+02	-1.890167012e-03	7.310045166e+02	7.403905038e-03
7.297054443e+02	2.172074455e-04	7.311246948e+02	1.604079618e-03
7.298252563e+02	-4.515142180e-03	7.312448730e+02	4.548882600e-03
7.299450684e+02	-1.705309609e-03	7.313650513e+02	8.696745150e-03
7.300648193e+02	-7.856440061e-05	7.314852295e+02	-1.556196657e-04
7.301846313e+02	1.492723590e-03	7.316054077e+02	-2.166704508e-03
7.303043823e+02	1.696066698e-03	7.317255859e+02	6.524055498e-04
7.304241943e+02	2.047295682e-03	7.318457642e+02	4.692531656e-03
7.305439453e+02	2.084267326e-03	7.319659424e+02	1.201862656e-02
7.306637573e+02	-2.685053740e-03	7.320861206e+02	8.714701049e-03
7.307835693e+02	-3.743362322e-04	7.322062988e+02	6.631792057e-03
7.309033203e+02	2.232153201e-03	7.323264771e+02	4.943917040e-03
7.310231323e+02	6.724188104e-03	7.324466553e+02	5.985371536e-04
7.311429443e+02	1.432182733e-02	7.325668335e+02	1.072578598e-02
7.312626953e+02	4.376498982e-03	7.326870117e+02	7.852807641e-03
7.313825073e+02	-3.258111887e-03	7.328071899e+02	7.996456698e-03
7.315022583e+02	3.895869711e-03	7.329273682e+02	3.651076695e-04
7.316220703e+02	6.465387531e-03	7.330475464e+02	3.722901223e-03
7.317418823e+02	5.744443741e-03	7.331677246e+02	6.057196297e-03
7.318616333e+02	-1.243166043e-03	7.332879028e+02	1.261117868e-02
7.319814453e+02	6.077187136e-03	7.334081421e+02	6.272669416e-03
7.321012573e+02	2.213667380e-03	7.335283203e+02	5.769898184e-03
7.322210083e+02	5.134414416e-03	7.336484985e+02	3.040568903e-03
7.323408203e+02	-1.890167012e-03	7.337686768e+02	-1.538240584e-03
7.324606323e+02	1.332359761e-02	7.338888550e+02	1.058213692e-02
7.325803833e+02	6.932152610e-05	7.340090332e+02	7.188431453e-03
7.327001953e+02	3.235004624e-05	7.341292114e+02	4.908004776e-04
7.328200073e+02	2.417010488e-03	7.342493896e+02	4.692531656e-03
7.329398193e+02	5.411700346e-03	7.343696289e+02	-5.668147001e-03
7.330595703e+02	2.213667380e-03	7.344898071e+02	1.086943503e-02
7.331793823e+02	9.566370863e-04	7.346099854e+02	9.935717098e-03
7.332991943e+02	7.297246251e-03	7.347301636e+02	-3.890491498e-04
7.334189453e+02	2.047295682e-03	7.348503418e+02	-2.130792243e-03
7.335387573e+02	6.557816640e-03	7.349705200e+02	3.974286839e-03
7.336585693e+02	-1.095280168e-03	7.350906982e+02	3.902462311e-03
7.337783813e+02	3.396754852e-03	7.352109375e+02	4.836180247e-03
7.338981323e+02	1.622123760e-03	7.353311157e+02	4.530926235e-03
7.340179443e+02	-3.387511941e-03	7.354512939e+02	-2.148748375e-03
7.341377563e+02	-1.501966384e-03	7.355714722e+02	1.352694002e-03
7.342575684e+02	1.603637938e-03	7.356916504e+02	1.489160489e-02
7.343773804e+02	5.559586454e-03	7.358118896e+02	-2.813124738e-04
7.344971313e+02	2.490953542e-03	7.359320679e+02	8.786525577e-03
7.346169434e+02	2.749753883e-03	7.360522461e+02	-6.943031331e-04
7.347367554e+02	1.511209295e-03	7.361724243e+02	2.035026409e-04
7.348565674e+02	3.396754852e-03	7.362926636e+02	6.093108561e-03
7.349763794e+02	3.008554224e-03	7.364128418e+02	8.912218735e-03
7.350961304e+02	2.786725294e-03	7.365330200e+02	4.548882600e-03
7.352159424e+02	1.123470906e-02	7.366531982e+02	1.056418102e-02
7.353357544e+02	1.134562306e-02	7.367734375e+02	7.062738761e-03
7.354555664e+02	1.018102188e-02	7.368936157e+02	-1.484372187e-03
7.355753784e+02	1.132713724e-02	7.370137939e+02	3.830638016e-03
7.356951294e+02	5.818387028e-03	7.371339722e+02	6.164933089e-03
7.358149414e+02	7.186331786e-03	7.372542114e+02	5.985371768e-03
7.359347534e+02	2.620353829e-03	7.373743896e+02	8.499227697e-04
7.360545654e+02	4.228613339e-03	7.374945679e+02	4.943917040e-03
7.361743774e+02	8.087511524e-04	7.376148071e+02	1.334737870e-03
7.362941895e+02	3.951326944e-03	7.377349854e+02	8.122149855e-03
7.364140015e+02	2.911504125e-04	7.378551636e+02	6.146976724e-03
7.365337524e+02	-1.113765873e-03	7.379753418e+02	5.051653832e-03
7.366535645e+02	3.281218815e-04	7.380955811e+02	5.410776008e-03
7.367733765e+02	5.869222805e-04	7.382157593e+02	1.052826922e-02
7.368931885e+02	-1.280137571e-03	7.383359375e+02	2.322324319e-03
7.370130005e+02	4.575220810e-04	7.384561768e+02	8.714701049e-03
7.371328125e+02	2.842182526e-03	7.385763550e+02	2.896919847e-03
7.372526245e+02	2.130943723e-02	7.386965332e+02	1.410153601e-02
7.373724365e+02	1.556037180e-02	7.388167725e+02	1.112082042e-02
7.374921875e+02	1.881386153e-02	7.389369507e+02	8.553096093e-03
7.376119995e+02	7.260274608e-03	7.390571289e+02	8.193974383e-03
7.377318115e+02	8.572761901e-03	7.391773682e+02	9.037910961e-03
7.378516235e+02	5.670500919e-03	7.392975464e+02	1.086943503e-02
7.379714355e+02	6.280530244e-03	7.394177856e+02	4.117935896e-03
7.380912476e+02	1.058770809e-02	7.395379639e+02	2.394148614e-03
7.382110596e+02	7.593018003e-03	7.396581421e+02	1.113877725e-02
7.383308716e+02	5.951946229e-02	7.397783813e+02	-3.136334708e-03
7.384506836e+02	2.588881850e-01	7.398985596e+02	-1.197074380e-04
7.385704956e+02	3.925031126e-01	7.400187378e+02	4.459102172e-03
7.386903076e+02	3.127186596e-01	7.401389771e+02	4.674575292e-03
7.388101196e+02	2.196799219e-01	7.402591553e+02	1.142607443e-02
7.389299316e+02	1.552571207e-01	7.403793945e+02	3.363778815e-03
7.390497437e+02	1.007426679e-01	7.404995728e+02	1.604079618e-03
7.391695557e+02	4.515604302e-02	7.406198120e+02	3.830638016e-03
7.392893677e+02	3.051533550e-02	7.407399902e+02	5.895591341e-03
7.394091797e+02	2.471081354e-02	7.408601685e+02	3.848594148e-03
7.395289917e+02	2.099517919e-02	7.409804077e+02	3.615164431e-03
7.396488037e+02	2.493264340e-02	7.411005859e+02	1.657948014e-03
7.397685547e+02	1.692831703e-02	7.412208252e+02	2.232543658e-03
7.398883667e+02	8.702162653e-03	7.413410034e+02	3.238086123e-03
7.400081787e+02	5.744443741e-03	7.414612427e+02	7.745070849e-03
7.401279907e+02	1.273205411e-02	7.415814209e+02	4.495013971e-03
7.402478027e+02	9.478563443e-03	7.417016602e+02	1.094125956e-02
7.403676147e+02	5.670500919e-03	7.418218384e+02	7.655290421e-03
7.404874268e+02	1.104522962e-03	7.419420166e+02	8.409447037e-03
7.406072388e+02	5.615043920e-03	7.420622559e+02	3.615164431e-03
7.407270508e+02	-1.076794346e-03	7.421824341e+02	3.076481167e-03
7.408469238e+02	-5.776793696e-04	7.423026733e+02	1.165950391e-02
7.409667358e+02	5.005014129e-03	7.424228516e+02	3.112393315e-04
7.410865479e+02	9.497049265e-03	7.425430908e+02	-3.531369439e-04
7.412063599e+02	6.077187136e-03	7.426632690e+02	4.297496751e-03
7.413261719e+02	1.714552403e-03	7.427835083e+02	5.213258788e-03
7.414459839e+02	4.672270734e-03	7.429036865e+02	7.637334522e-03
7.415657959e+02	1.363323419e-03	7.430239258e+02	1.144403033e-02
7.416856079e+02	1.659095171e-03	7.431441040e+02	6.452230737e-03
7.418054199e+02	3.433726262e-03	7.432643433e+02	5.805810797e-04
7.419252319e+02	2.620353829e-03	7.433845215e+02	2.214587526e-03
7.420450439e+02	2.435496310e-03	7.435047607e+02	5.195302889e-03
7.421648560e+02	-2.279753983e-02	7.436249390e+02	-2.295988612e-02
7.422846680e+02	-2.361091226e-02	7.437451782e+02	-2.251098305e-02
7.424044800e+02	-2.292693965e-02	7.438653564e+02	-2.335492149e-02
7.425242920e+02	-2.379576862e-02	7.439855957e+02	-2.367813140e-02
7.426441040e+02	-2.338908240e-02	7.441058350e+02	-2.294193022e-02
7.427639160e+02	-2.377728373e-02	7.442260132e+02	-2.254689485e-02
