Wellenlänge 1	Intensität 1	Wellenlänge 2	Intensität 2
321.4651794	0.0012773199705900001	321.4895935	-0.0013511298891
321.5724487	0.0006276500644	321.5973206	-0.00010826089400000011
321.6797485	0.0008979057895	321.7050476	-0.00012647802900000006
321.7870483	-0.0008169888461	321.8128052	-0.00041100243100000017
321.8943481	-0.0016116632032	321.9205627	-0.0006235591140000001
322.0016785	-0.00043816393010000004	322.0283203	0.00016110134300000023
322.1089783	0.0004102963136000001	322.1360779	-9.157089600000078e-05
322.2163086	0.0001577426738	322.2438354	0.0006876457449999998
322.3236389	0.0011150441132	322.3516235	0.0009586722589999999
322.4309692	0.0017292080447	322.4594116	0.0017201416189999994
322.5383301	0.0012409186455	322.5671997	0.0007089667489999997
322.6456909	0.00041095366946	322.6750183	-0.000517300563
322.7530518	0.0005194208715500001	322.7828064	-0.0004099749490000001
322.8604126	0.00044628966150000006	322.890625	0.0010667520981
322.9677734	0.0018916765111000001	322.9984436	0.0003350884650000002
323.0751648	0.0014403324458000001	323.1062622	0.0012263504905
323.1825256	0.0008077978418	323.2141113	-0.0005165660989999998
323.289917	1.3735494600000024e-05	323.3219299	0.0011169291100000004
323.3973389	0.0009706856217	323.4297791	-0.00017843733100000002
323.5047302	-0.0007811201794	323.5376282	0.0005149800854
323.6121521	-0.0004923352462	323.6455078	0.0011701616459999994
323.719574	-0.00087163607354	323.7533569	0.0012785348809999997
323.8269958	0.0003381284769	323.8612366	0.002945557236999999
323.9344177	-0.0003837433615	323.9691162	0.0019366046966800001
324.0418701	0.0001213300275	324.0769958	-0.001138867345
324.149292	6.760074749999998e-05	324.1848755	-0.0004987700379999998
324.2567444	4.941146469999996e-05	324.2927856	0.00021083839199999982
324.3641968	0.0012956339051	324.4006958	-0.00021300182560000003
324.4716797	-0.00024011021	324.508606	0.0006737364460000003
324.5791321	8.624338079999999e-05	324.6165161	-0.00014664325799999996
324.686615	0.00015796930847099998	324.7244263	-0.0004628055030000001
324.7940979	-0.0009977259615	324.8323669	-0.00016079784799999993
324.9016113	-0.00043833395470000005	324.9403076	-0.00017667503600000013
325.0090942	0.00035652174116	325.0482483	7.079826899999996e-05
325.1166077	-0.00103421787054	325.156189	0.0005309844860000002
325.2241211	0.0016029935215000001	325.2641602	0.0006201225329999999
325.3316345	0.0011871327587	325.3721313	0.001191178919
325.4391479	0.0007902658762499999	325.4801025	-0.0004282311999999999
325.5466919	0.0016565868282	325.5880737	0.0005868994052999999
325.6542358	-0.0018823608405	325.6960449	0.00045943725899999944
325.7617798	0.00160227960459	325.8040466	0.0011546563183
325.8693237	0.00044711695044000004	325.9120483	0.00021510687600000003
325.9768677	0.0006998406315999999	326.02005	0.0009600724293999999
326.0844421	0.00057320682571	326.1280518	0.0014565855382999999
326.1920166	-0.0005642424804	326.2360535	0.0014042151159999999
326.2995911	0.00064587334785	326.3440857	-0.00046239420769999997
326.4071655	-0.00011324963999999999	326.4521179	0.00035478442499999995
326.5147705	-0.0019186261342000002	326.5601501	-0.0011907873267999998
326.622345	-0.0003839813579999999	326.6681824	0.002219866147
326.72995	0.0010068149421999999	326.7762451	0.001277516596
326.8375549	-0.0004024652884	326.8843079	0.0010641866830000003
326.9451904	-0.0011784290545	326.9923706	0.0018281135709999996
327.0527954	-0.0005463591659999999	327.1004333	0.0008512975179999997
327.1604309	0.00071767864569	327.2084961	-0.0008903855929999998
327.2680664	0.0011693854176	327.3165894	-0.0009979167950000005
327.3757324	8.584671737e-05	327.4246826	-0.000319064595
327.4833679	0.00032081175590000004	327.5327759	0.0001597501687
327.5910339	0.0014221884194	327.6408691	0.0013314145609999999
327.6987	0.00044707161214	327.7489624	-0.001085145515
327.806366	0.00041072700881000004	327.8570862	0.0009774183272
327.914032	0.00023003522069999999	327.96521	0.0001909565179999996
328.0217285	0.0005008688748999999	328.0733337	-0.00021377531820000002
328.1293945	0.0013140272058	328.1814575	0.0019725985476
328.2370911	0.0017291854019	328.2896118	0.001473902026
328.3447876	-0.0009253767203	328.3977661	0.0024863500149999995
328.4525146	0.00048345018870000003	328.5059204	-0.0014219232254000002
328.5602112	0.0026315562717	328.6140747	0.001046116464
328.6679382	0.00041103296824999996	328.722229	-0.0004458120089999998
328.7756653	-5.190493999999947e-06	328.8304138	-0.001069718971
328.8834229	0.0013679718248999998	328.9385986	0.0014722277409999996
328.9911499	0.0016028688989	329.0467834	0.00019290484499999948
329.0989075	-0.0017560443374	329.1549683	0.0008880356324
329.206665	0.00035587581800000006	329.2631531	-0.0016531668658
329.3144226	0.0017464453700999998	329.3713684	-0.0012631473359999998
329.4221802	-0.00034820335000000007	329.4795837	5.0681642999999936e-05
329.5299683	0.00062732138756	329.5877991	0.001084930147
329.6377258	-0.0026414159804	329.6960144	0.00015894731100000005
329.7455139	0.00046460362499999995	329.8042603	0.0009047940840000001
329.8533325	0.0010782575702	329.9124756	0.0007458711628999999
329.9611206	0.0025231684266	330.0207214	0.0031091306158
330.0689392	0.0006635527097	330.1289673	-0.0003187218680000001
330.1767273	-0.00049190456051	330.2372437	-0.000427614432
330.2845459	0.00022933259599999985	330.3454895	0.00042671353729999996
330.392395	0.0020899909431999998	330.4537659	0.00044447062826
330.5002136	0.0015476095718000003	330.5620422	-5.386368109999999e-05
330.6080627	0.0008261571639	330.6703186	0.0006733054760000002
330.7159119	0.0004292676167	330.7786255	-0.0004819429019999998
330.823761	0.0017111547058999998	330.8869019	-0.00103052315532
330.9316101	0.0006993873684999999	330.9952087	0.0004969683938
331.0394897	-0.0012866355828	331.1035156	0.0008334524460000001
331.1473694	0.000862048476371	331.211853	-0.0008529913903
331.2552185	-0.00031156412299	331.3201599	0.0016519037312999999
331.3631287	0.0018015912501000001	331.4284973	0.00040519656600000037
331.4710083	0.0006451934458999999	331.5368347	-0.0008016196080000001
331.5789185	6.754411149999999e-05	331.6451721	-0.00030326575500000006
331.6868286	8.550673380000004e-05	331.7535095	0.0013467338870000005
331.7947388	-5.915778459999999e-05	331.8618774	0.001030131476
331.9026489	0.0010791074892000001	331.9702148	-0.0008706799417000001
332.0105591	-0.0015761685899599999	332.0785828	-3.9445235999999856e-05
332.1184998	0.0017108601171	332.1869507	-0.001797387377
332.2264404	0.0016023135247	332.2953491	0.000763187651
332.3343811	0.00075376259339	332.403717	0.0007791435350000004
332.4423218	0.0008255565191	332.5121155	-0.0010162321849999994
332.550293	0.0003024864563	332.6205139	0.001686996897
332.6582642	0.0018732378373	332.7289124	-0.0014262315819999994
332.7662048	0.00138557182066	332.8373413	-0.0005701116760000002
332.8742065	0.00055509684166	332.9457703	-3.6752783000000046e-05
332.9821777	-0.0001847036183	333.0541687	0.0032337828893
333.0901794	0.0011867700666999999	333.1625977	-0.0008364483939999998
333.1981506	0.0013495558156999998	333.2710571	-0.00042892619899999925
333.3061523	0.0008612211089999999	333.3794861	0.0009765566790000003
333.4141846	0.0005369301653	333.4879456	0.00129516609
333.5221863	0.0009340804247000001	333.596405	0.002166947583
333.6302185	0.0005736601015	333.7048645	-0.0013507284457
333.7382507	4.9184775000000016e-05	333.813324	-0.001068269601
333.846283	0.00053705486786	333.921814	-0.00023284438000000006
333.9543152	0.0006814247026	334.030304	0.0008664112539999999
334.0623779	3.150546400000002e-05	334.1387939	0.0008874480849999998
334.1704102	0.0026132876737	334.2472839	0.00010453048100000006
334.2784729	-7.683707375e-05	334.3557739	0.0008338242769999997
334.3865356	0.00041034165739999994	334.4642944	-0.0008205124179999999
334.4946289	0.0021626575035	334.5728149	0.00013915356199999986
334.6026917	0.0009522923864599999	334.6813354	0.0014900141399999999
334.7107849	-0.0006003604358	334.789856	0.00138652649144
334.8188782	0.0005008915468	334.8983765	0.002077790093
334.9269714	0.00044721894669999995	335.0069275	0.0003021006123
335.0350952	0.0010062822254000001	335.1154785	0.0011887410650000003
335.1431885	0.0006097781006000001	335.2240295	0.0010473403379999999
335.2513123	-0.0005827604619000001	335.3325806	0.002714578528
335.359436	0.00044677698316	335.4411621	-0.000230161706
335.4675598	-0.00043797129179999996	335.5497131	0.0002838147339
335.5757141	0.0009345790022	335.6582947	-0.0009952439286
335.6838379	3.133548310000001e-05	335.7668762	0.0019015702419
335.7919922	-0.0004741005832	335.8754883	0.00012421639979999998
335.9001465	0.0006630654099	335.9840698	-0.0013884354850000002
336.0083313	-0.0015580359254300001	336.0926819	0.0007807391230000001
336.1164856	0.0007172593616	336.2012939	-0.000498593785
336.2246704	-0.00032944744451	336.309906	-0.00039203150599999986
336.3328552	0.0009164010408	336.4185181	0.0008155188990000002
336.44104	0.0005547567851	336.5271606	0.00019555807924
336.5492249	-0.0013948647534999998	336.6358032	0.0012787600279000003
336.6574402	0.0008620711450900001	336.7444458	-0.0001797201110000004
336.7656555	8.541607530000001e-05	336.8530884	0.00012151431300000057
336.8738708	0.0015486635966	336.961731	-0.0006584565849999998
336.9820862	0.0008803737583	337.0704041	0.0015631476999000001
337.0903015	0.00010337866840000006	337.1790771	0.0008358511842
337.1985474	-0.00018532693500000004	337.2877502	0.0008495058859999995
337.3067932	0.0011512187193	337.3964233	0.0005508761096
337.4150391	0.00039200508000000007	337.5050964	-9.085610499999985e-05
337.5232849	0.0005729914991999999	337.6138	0.000516243163
337.6315613	-5.930510789999997e-05	337.7225037	0.0007615527140000002
337.7398071	0.000645816689011	337.8312073	0.0004784576589999998
337.8480835	-0.00014900497994000002	337.9399109	0.00078172805112
337.9563599	0.0014218824508999998	338.048645	0.0006016604600000003
338.0646667	0.00039211835229999994	338.1573486	0.0019016094153999998
338.1729431	0.0011331654385999998	338.2660828	-0.0008740578779999992
338.28125	-0.00024017819699999983	338.3748169	0.0015455668326
338.3895569	-0.00036518002129999996	338.4835815	0.0010122765086
338.4978638	0.00084404047809	338.5923157	-0.0007319129069999998
338.6061707	-0.000275650178	338.7010803	0.002273274819
338.7145081	0.00030214648	338.809845	0.00172428331244
338.8228455	0.00039293434745999996	338.9186096	0.000551727949
338.9311829	0.0005911014741	339.0274048	0.0006022085429999999
339.0395203	-0.0005104791634	339.1361694	0.0009594849980000001
339.1478577	-0.00018524759800000003	339.2449646	-0.001050248276
339.2562256	-0.00038358470191	339.3537598	0.00167051272
339.3645935	-0.0002938508114	339.4625549	0.00040905436620000007
339.4729614	-0.00034786341709999995	339.5713501	0.00037299188260000006
339.5813293	-0.00041994064665000003	339.6801758	0.0011367915431
339.6896973	-0.0011244391498000002	339.7890015	-0.00028480374019999996
339.7980957	-0.001160659084211	339.8978271	9.736419000000093e-05
339.9064941	0.00051934151456	340.0066528	-0.0008900621910000002
340.0148926	0.00059120346126	340.115509	0.00021262979099999986
340.123291	-0.0002035389189	340.2243347	-0.0005526482119999998
340.23172	0.00042887096059999997	340.3331909	0.0003900538429999999
340.3401489	0.0006816626701	340.4420471	0.0008327770039999998
340.4485474	0.0011145681199	340.5509033	-0.000747369136
340.5570068	-0.0006542143233999999	340.65979	-0.0017969759639999998
340.6654358	-0.0005647978102	340.7686768	5.1699811999999894e-05
340.7738647	0.0003205397661	340.877533	-0.000695723574
340.8823242	0.0011506067237	340.9864502	0.000620729756
340.9907837	0.0008807817062	341.0953369	-0.0012994839340000003
341.0992432	0.00069997662284	341.2042236	-0.0005696513689999998
341.2077332	-0.00157608923519	341.3131409	0.000729445718
341.3161926	0.0018912232336	341.4220581	0.0007985548590000002
341.4246826	0.0019275905217	341.5309753	-4.846369999999796e-07
341.5331726	0.00028454647326	341.6398926	0.00022977986400000028
341.6416626	0.0009344203280999999	341.7488403	-0.0007300819269999998
341.7501831	-0.0013236149094	341.8577881	-0.00019650778199999997
341.8586731	0.0007362192555	341.9667358	0.001580493641
341.9671936	0.0006812433420999999	342.0756836	-0.00048075826
342.0757141	0.00039319501960000005	342.1846313	0.0012080744638
342.1842346	0.0007899031843	342.2936096	8.777203099999994e-05
342.2927856	-0.0012325549615	342.4025574	-1.7673868500000004e-05
342.4013367	-0.00027646613300000007	342.5115356	0.0030026861645
342.5098572	0.0014942996786000001	342.6205444	0.00044205249199999984
342.6184082	-0.00016770430400000005	342.7295227	0.00016042572680000002
342.7269897	0.0002840704692	342.8385315	0.000124373062997
342.8355408	-0.0015761572705399998	342.9475098	-0.0002868599260000002
342.9441223	0.0001403013302	343.0565186	0.0020791019783
343.0527039	-0.0009792646451	343.1655579	-0.00014147418600000006
343.1612854	0.0014041237882	343.2745667	-0.0004976342025
343.2698669	0.0008439045194999999	343.383606	0.00174112989093
343.378479	-0.00013080432839999997	343.4926453	-0.0005532945499999997
343.4870911	-0.000835710787	343.6016846	-0.0014416577760000002
343.5956726	-0.0003117567976	343.7107239	-0.0007478981279999998
343.7043152	-0.0003301160755	343.8197632	0.0016521877843
343.8129272	-0.00032916414780000006	343.928833	0.00017607794100000032
343.9215698	-0.0001311330124	344.0379028	0.0006568115210000001
344.0301819	0.0018014326924000001	344.1469727	0.0006738246880000002
344.1388245	-0.0003834713716	344.2560425	0.0015426003379999994
344.247467	0.00023019388211	344.3651428	0.00019686040399999978
344.3561401	-0.00023921486987	344.4742126	0.0007449607359999999
344.4647827	0.0006821159913999999	344.583313	0.00010661597298
344.5734558	0.0018006280883999999	344.6924133	0.0007454992740000002
344.6821289	0.00044707161214	344.8015137	-0.00025125732599999995
344.790802	0.0003742690315	344.9106445	0.00085400953
344.8995056	0.0010067922412	345.0197754	0.0006733546029999999
345.0081787	-0.0004024313528	345.1289062	-0.0009795820810000002
345.1168823	0.0010789262015	345.2380371	0.0005517965179999999
345.2255859	-2.2733802300000023e-05	345.347168	0.0005307788959999999
345.3343201	0.0005368055716999998	345.4562988	0.000922639389
345.4430237	0.0023967613529	345.5654602	0.0005499948740000002
345.5517578	-7.662175639999998e-05	345.6746216	0.00030297203899999994
345.6604919	0.0014036818028899999	345.783783	-0.0006938238510999999
345.7692261	0.0013680285192000001	345.8929749	0.0014555477539999998
345.8779602	-0.00022168288709999997	346.0021362	8.476618700000056e-05
345.9866943	-0.0018828028695	346.1113281	0.0009736195200000007
346.095459	0.00044622161640000006	346.22052	0.000818750123
346.2042236	0.0016385108758	346.3297119	0.0005133154340000003
346.3129883	0.00013925868500000004	346.4389038	-0.00021646777099999966
346.4217529	0.000337845063	346.5481262	0.000798261491
346.5305481	0.0013131999587	346.6573486	0.00024892725926
346.6393433	-0.0001852589194	346.766571	-0.0012256748741999999
346.7481079	3.1346804500000005e-05	346.8757935	0.0006229031129999999
346.8569336	-0.00070899762063	346.9850159	0.0014929026366
346.9657288	-0.0004926411784	347.0942688	-0.00039182603299999993
347.0745239	0.00035669172929999997	347.2034912	0.0005307104440000002
347.1833496	0.00035614770579999995	347.3127441	-0.00033758541938
347.2921753	0.00102494756	347.4220276	0.0011368601119
347.401001	4.9592774259999995e-05	347.5312805	-0.00046235500480000004
347.5098572	-0.0005098105757	347.6405334	0.00046168919650000007
347.6186829	-0.0017022357791	347.7498169	0.001047604601
347.7275391	0.0012233526796	347.8591003	0.0019730293716
347.8363953	0.0007354713163	347.9683838	0.0003361853310000001
347.9452515	-0.0004919952407399999	348.0776978	-0.00019771186599999973
348.0541077	0.0015304969856000002	348.1869812	-0.000657095632
348.1629944	-0.001503433974	348.2962952	-0.0012307469730000005
348.2718811	0.0009518730221000001	348.4056091	0.0005504452856999999
348.3807678	-0.0008718174066	348.5149231	0.0023076923099999997
348.4896545	0.0007354826084000001	348.6242676	0.001225214684
348.5985413	0.0008805210528	348.7336121	0.0009757636579999997
348.7074585	0.00030214648	348.842926	0.0027531760280000003
348.8163757	-0.0010341045563	348.9522705	0.0031800905422
348.925293	0.0006811866770000001	349.0616455	0.000694137066
349.0342102	-0.0013044735824	349.17099	0.00038742972600000047
349.1431274	-0.0015219519402109999	349.280365	-0.001047536266
349.2520752	-0.0013411695548	349.3897095	-3.768294099999996e-05
349.3610229	-0.0006369657349	349.4990845	-2.198386999999885e-06
349.4699707	-0.0004378806189	349.60849	-0.0006413555229999998
349.5789185	0.0013312531807	349.717865	0.00047853565799999996
349.6878967	-0.00074471890544	349.8272705	0.000389985275
349.7968445	1.285155299999988e-05	349.936676	-0.0009628823030000001
349.9058228	0.0011871327587	350.0460815	0.0010289957280000001
350.014801	0.0012596633169	350.1554871	-0.0002140885909999999
350.1237793	0.000392911678311	350.2648926	0.0008650207900000005
350.2327881	0.0005189335205999999	350.3743286	0.0019514933220000008
350.3417664	0.0015123869526	350.4837646	0.0005659996529999997
350.4507751	0.0009701529631000001	350.5932007	3.574424780000002e-05
350.5597839	0.0003386270836	350.7026367	0.0005692598056
350.6688232	0.00133149117729	350.8121033	0.0010288197079999996
350.777832	0.0029577624519	350.9215393	0.0008007481229999999
350.8868713	0.0014038404332000001	351.0310059	-0.0020274461709999998
350.9959106	0.0005373495151	351.1404724	-0.001065214863
351.10495	0.0004095144099999998	351.249939	-0.0008573778909999998
351.2139893	0.0016933507582000001	351.359436	0.00138654608589
351.3230286	0.0009166163508999999	351.4689026	0.0022211586477
351.4320984	0.0006993192945000001	351.5783997	0.0007263813170000004
351.5411682	-0.0006907969655	351.6878967	0.000832463615
351.650238	0.0009883309977	351.7974243	0.0007283980375800001
351.7593079	-0.0006552116251	351.9069214	0.0003539032769999998
351.8684082	0.0021084068569999998	352.016449	-0.00030272727590000014
351.9775085	8.586938925e-05	352.1259766	-0.0005890633909999997
352.0866089	-0.00025726819427	352.2355042	-0.0017458684739999992
352.1957092	-0.0015398238906	352.3450317	0.0015461934381
352.3048096	0.0017294573777	352.4545593	3.428547599999962e-05
352.4139099	0.0006633713637	352.5641174	-0.0018148801760000002
352.5230408	0.000555742794	352.6736755	0.002685672603
352.6321716	0.0026135937664	352.7832336	0.0038196298413
352.7413025	-0.000166820304	352.8927917	0.00014171894869999995
352.8504333	6.736273650000005e-05	353.0023804	0.0008697203589999999
352.9595947	-0.0005463251437	353.1119385	0.0017598660011199998
353.0687561	0.0013317292323	353.2215271	0.0015105226775
353.1779175	0.00030223716749999994	353.3311157	8.681253600000037e-05
353.2870789	0.0003561591146999999	353.4407349	-0.000587623916
353.3962402	-7.695041130000003e-05	353.5503235	0.002272129292
353.5054321	-0.0009263285900999999	353.6599426	-9.109126399999955e-05
353.6145935	-0.00038429867740000007	353.7695618	0.00014161120610000006
353.7237854	0.0007535132461000001	353.8791809	0.0011344417000000006
353.8329773	-0.00103424050757	353.9888	0.0014391810254000001
353.9421997	0.00030177249589999995	354.0984192	0.0013142841631999997
354.0513916	-0.0001133630285	354.2080688	-2.8344809999995488e-06
354.160614	-0.0008357447518000001	354.3177185	0.0002445704300000004
354.2698364	0.00077231456091	354.4273682	0.00047951485610000003
354.3790588	0.0003205737666	354.5370178	0.000691709108
354.4882812	-0.0009796952945	354.646698	-0.0010492006545
354.5975342	0.000934443	354.7563477	-0.00014423532399999994
354.7067871	-0.0004020573106	354.8660278	-5.1494222e-05
354.81604	0.003137627035	354.975708	-0.0004656547679999998
354.925293	6.763475540000001e-05	355.0854187	0.0013331867808
355.0345459	-0.000672902316189	355.1950989	0.0020075939976000002
355.1438293	-0.0012503929902	355.3048096	0.00012449055795999998
355.2530823	0.00026627783242999997	355.4145203	-0.001760502462
355.3623657	0.0012774899661	355.524231	0.0022740970746000003
355.4716797	0.0006086220959999999	355.6339417	0.000620641512
355.5809631	-0.0005289745165000001	355.7436523	0.0007808567030000001
355.6902466	-0.0005104905576	355.8533936	-0.00023155205420000006
355.7995605	-0.00013038504410000003	355.9631348	0.002948191017
355.9088745	0.0011507767775999999	356.072876	0.0018461646980000002
356.0181885	-0.0006543050694999999	356.1826172	-0.0007111305313
356.127533	0.0011503687125000001	356.2923889	-0.00037388294
356.2368469	0.0015663655940000001	356.4021301	0.0005680848849000001
356.3461914	0.0015664335221	356.5119019	0.00023050443219999994
356.4555359	-0.00031147344994	356.6216736	0.0007108857099
356.5648804	-0.00116069304157	356.7314453	0.0031960953490000003
356.6742249	-0.00041972532749	356.8412476	-0.00035895546899999964
356.7835999	0.0002478732495	356.9510498	0.00019324757100000044
356.8929749	-5.840975790000002e-05	357.0608215	0.0010811216199999992
357.0023499	0.00120510673159	357.1706238	-0.0003734814236
357.1117249	-0.00040213664760000003	357.2804565	0.0008537844408
357.2210999	-9.541172740000004e-05	357.3902588	0.0013486822139999995
357.3305054	0.0011693967390000001	357.5000916	0.00046225709959999995
357.4398804	-0.0008182694440000001	357.6099243	-0.0007467034302
357.5492859	0.0013499298366	357.7197571	-0.00018010195300000031
357.6586914	-9.561574600000012e-05	357.8295898	-0.0005179760050000003
357.7681274	-0.0006366483867	357.9394226	-0.00014182663290000005
357.877533	0.0010609635501000001	358.0492859	0.00012379547099999996
357.986969	0.00100645228666	358.1591492	0.0003897796849999997
358.096405	-4.827801600000028e-06	358.2690125	0.001987751107
358.2058411	0.0018014666275000001	358.3788757	0.0005309456029999999
358.3153076	-0.0002936354722	358.488739	-0.00041243247700000017
358.4247437	-0.00056415183459	358.5986328	-1.9906322000000105e-05
358.5342102	0.0004466183018	358.7085266	0.0022189849989999997
358.6436768	0.0016933054722	358.8184204	0.0006227268602000001
358.7531433	-0.00036601870669999997	358.9283142	0.002396653872
358.8626099	0.00019349798089999995	359.038208	0.001473529963
358.9721069	-0.0004929244749999999	359.1481323	-0.0005886815490000002
359.081604	0.00091625371719	359.2580566	0.0006756065123
359.1910706	0.0006991947304	359.367981	0.0007623848500000001
359.3005981	0.00035593239589999984	359.4779053	-0.00033760499355
359.4100952	0.0008978038097000002	359.5878296	0.0008890538298000001
359.5195923	0.0007713852099	359.6977844	0.0010306112817999999
359.6291199	-2.2495812999999998e-05	359.8077393	0.000621689076
359.7386475	-0.0011602737359	359.9176941	0.0010659492256
359.848175	0.0006994326395	360.0276489	-0.00024872163522
359.9577332	0.0004284970055	360.1376038	0.00033757561779700003
360.0672607	-0.0005647864891000001	360.2475891	-2.019014200000009e-05
360.1768188	0.00138553778356	360.3575439	0.00044329580800000026
360.286377	0.0002479865216	360.4675293	-9.022001200000018e-05
360.3959351	0.0009705949633000001	360.5775146	0.00026345346099999976
360.5054932	0.0006085995119999999	360.6875305	-0.0009631956920000007
360.6150818	-0.0008353481534	360.7975159	0.0002114353700000001
360.7246399	-0.0010884458388100001	360.9075317	0.000409465633
360.8342285	0.00019405326015999998	361.0175476	0.0008537257671999999
360.9438171	-7.66330777e-05	361.1275635	-0.0007101807857000001
361.0534363	-0.00013175630000000012	361.2375793	-0.00012600794399999973
361.1630249	0.00069951195476	361.3476257	0.001525459812
361.272644	-0.00022087825350000005	361.4576721	-7.377471799999927e-05
361.3822632	0.0012957699364	361.5677185	-0.0008183585009999999
361.4918823	-0.00013108766870000002	361.6777649	0.00047644041500000036
361.6015015	0.0014035685164	361.7878113	0.0009215818720000003
361.7111511	0.00050133353947	361.8978882	0.0007626295550000003
361.8207703	-0.0006727889995	362.0079346	-0.00010733061900000001
361.9304199	8.60507134e-05	362.1180115	0.0009234127351999999
362.0400696	-0.0012153288695	362.2280884	0.0028432736869999998
362.1497498	0.0008983024163	362.3381653	0.0003014543329999998
362.2593994	-0.0014137114191	362.4482727	0.0007249419580000003
362.3690796	-0.000799354850689	362.5583801	0.0007262737490000004
362.4787598	0.00037417840220000005	362.6684875	3.4637865999999915e-05
362.5884399	0.0007718612178	362.778595	0.001473794342
362.6981201	0.0010604195411	362.8887024	-0.00023194355900000001
362.8078003	0.0009521563771000001	362.9988098	0.0007456656314
362.917511	0.0003564764047	363.1089478	0.0004766560159999997
363.0272217	0.00050101622769	363.2190857	-0.001388660865
363.1369324	0.0012052880193	363.3292236	0.0004595154899999995
363.2466431	0.0006457373893	363.4393616	-0.0017091697079999997
363.3563843	0.00010384337293	363.5494995	0.0008166449840000002
363.466095	0.0011511280609	363.659668	0.0008150781510000002
363.5758362	0.0009522470501	363.7698364	-1.8506077999999853e-05
363.6855774	0.0008081831911	363.8800049	0.0013668404430000002
363.7953186	0.0005006762802999999	363.9901733	0.00012136716400000004
363.9050903	0.0010611561592000001	364.1003723	-0.00018020952200000027
364.0148315	0.001548074246971	364.2105408	0.0001925034450000005
364.1246033	0.0004289276258	364.3207397	0.0010274294759999997
364.234375	6.70567390000001e-05	364.4309387	0.0018816983790000004
364.3441467	0.00106136021305	364.5411377	-0.00021439208599999975
364.453949	0.00013955333269999998	364.6513367	0.0014567325125999999
364.5637207	0.000934443	364.7615662	-0.0006072316309999994
364.6735229	0.00091621974021	364.8717957	-0.0011051450859999997
364.7833252	0.0005011408794	364.9820251	0.00150901475
364.8931274	0.00073564124616	365.0922546	0.0009766055739999998
365.0029602	0.0017654280524	365.2024841	-0.0002519036640000003
365.1127625	0.00030203314969999995	365.3127441	0.0015245294200000002
365.2225952	0.000591316777	365.4229736	0.0007270665370000002
365.332428	-0.0014132921351	365.5332336	-0.0004434230499999999
365.4422607	0.0010426722437	365.6435242	0.002183177043
365.5520935	0.0003742463887	365.7537842	0.0003543047929999998
365.6619568	-0.0010152125903	365.8640442	0.00213317606212
365.7718201	-0.0006554042921	365.9743347	3.3120158999999996e-05
365.8816833	-0.0006907743227000001	366.0846252	0.002575536957
365.9915466	-0.00045674992720000016	366.1949158	0.0025745579039999997
366.1014099	0.0017653826505	366.3052063	0.0018639019690000003
366.2113037	0.0017283807098999997	366.4155273	0.0001412880380000001
366.321167	-0.00023961151599999998	366.5258179	0.0021855662348
366.4310608	0.00026642516964	366.6361389	-0.00016271695500000034
366.5409546	-0.00014899365487	366.74646	0.0007993872716
366.6508789	0.00035646506869999994	366.8568115	0.0007640688855000001
366.7607727	-0.00031165476687000003	366.9671326	0.0027170646929999998
366.870697	0.0010790395318	367.0774841	0.001473324606
366.9806213	0.00032013183230000005	367.1878052	0.001225107
367.0905457	-0.0002939754632000001	367.2981567	-0.000855057267
367.20047	0.00012177201279999999	367.4085388	-0.0016193659980000001
367.3104248	0.0010059309423000001	367.5188904	-0.001192167867
367.4203491	0.0002300238994	367.6292725	0.0013153317850000002
367.530304	0.000301715801	367.739624	-0.00023033795900000002
367.6402588	-0.0002575741527	367.8500061	0.0031982489743
367.7502136	0.0004283270101	367.9604187	-0.0003393478689999998
367.860199	0.0016025855439	368.0708008	-0.0005522565909999999
367.9701538	0.00041045504620000004	368.1812134	0.0014904355630000004
368.0801392	0.0017111320631	368.2915955	-0.00018107099499999925
368.1901245	6.745342400000002e-05	368.4020081	0.00044309988200000013
368.3001404	-0.0012684122482	368.5124207	0.0012583299539999995
368.4101257	0.0026497230287	368.6228638	0.00044372648669999994
368.5201416	0.0008259644673900001	368.7332764	0.0003194954479
368.630127	0.0015124662895	368.8437195	0.0005321204669999999
368.7401428	-0.0002214108827	368.9541626	0.002256956883
368.8501892	0.0005366468101	369.0646057	0.00014027976500000008
368.9602051	0.0007179052628	369.1750488	-0.000251345337
369.0702209	8.5801396379e-05	369.2855225	-0.0016893075659
369.1802673	0.0005008915468	369.3959656	0.0025406102141999998
369.2903137	-0.0005463138222	369.5064392	0.002148367931
369.4003601	-0.00069091028855	369.6169128	9.034713700000006e-05
369.510437	0.00075367191316	369.727417	0.001295949449
369.6204834	-0.0002934654767	369.8378906	-0.0002864683039999999
369.7305603	0.0015114236152999998	369.9483948	0.0006744903509999999
369.8406372	-0.0001847716339	370.0588684	0.0013661163389999996
369.9507141	0.0005552215007	370.1693726	0.0008137957190000001
370.060791	0.0005375195178	370.2799072	0.00014191475929999997
370.1708984	0.0021445362359999998	370.3904114	-0.0020989151670000004
370.2810059	0.0021267209084	370.500946	0.0017748815010000005
370.3910828	0.00024822452273	370.6114502	0.00033549033099999946
370.5011902	-0.0019372687670999999	370.7219849	0.0005338827619999998
370.6113281	6.723811379999998e-05	370.8325195	0.0006533460689999993
370.7214355	-0.0003479880397	370.9430847	0.0019012569975000002
370.8315735	0.0006088374647999999	371.0536194	0.0008683498020000003
370.9417114	0.003029363812	371.1641846	0.0008699750760000002
371.0518494	0.0004461989739	371.2747498	-0.0027592363769999998
371.1619873	0.0014585330496	371.3853149	-0.0005161255829999999
371.2721252	-0.0005275691507000001	371.4958801	-7.472420200000003e-05
371.3822937	0.00048257759770000005	371.6064758	-0.0006408854380000001
371.4924622	-0.0011064424344600001	371.7170715	0.0006393384536
371.6026306	0.000446085585	371.8276367	0.001385821638197
371.7127991	-0.0007092922168000001	371.9382629	0.0011869100850000003
371.8229675	0.00030284910460000005	372.0488586	0.0009738840160000003
371.9331665	0.0005006875726999999	372.1594543	0.00030137610200000014
372.0433655	0.0013136419293	372.2700806	0.0018121287866
372.1535645	0.00104254754096	372.3807068	-0.00042666458828
372.2637634	0.00021175527939999998	372.491333	0.00227413616093
372.3739624	-0.000673321658	372.6019592	-2.0571984999999578e-05
372.4841919	-0.0003291754401	372.7125854	0.0006023263560000001
372.5944214	0.0010424682843000002	372.8232422	-0.0011595226820000004
372.7046204	0.00075373992331	372.9338989	0.0007636381198999999
372.8148804	-0.0003301274269	373.0445557	-0.0006570564006
372.9251099	0.001368130499	373.1552124	0.0009061647506
373.0353394	0.0013130979789	373.2658691	0.001987996045
373.1455994	0.0083719656103	373.3765564	0.008083161781000001
373.2558594	0.015394771645399999	373.4872131	0.006928353687
373.3661194	0.0066208279749	373.5979004	0.0014377220070000002
373.4763794	0.0025955970633	373.7085876	0.0027005707641969997
373.5866699	0.0021621814809	373.8193054	0.00232872931716
373.6969299	0.0007716006077	373.9299927	3.377627599999988e-05
373.8072205	0.0011693287525	374.0407104	0.0018463602750000002
373.917511	0.0014940956899	374.1514282	0.000762776471
374.0278015	0.00030221449560000003	374.262146	0.0023081526159999997
374.1381226	0.002558731008	374.3728638	0.0005476153460000008
374.2484131	0.00353550259	374.4835815	0.000299907289
374.3587341	0.0011515134538	374.5943298	-0.000997358701
374.4690552	-0.00034771608263999996	374.7050781	-0.0007285742904
374.5793762	0.0006628953849999999	374.8158264	-0.0020250670492
374.6897278	0.0016927727555	374.9265747	0.0013308171190000002
374.8000488	1.3406810399999995e-05	375.037323	0.0013315614780000002
374.9104004	0.0006274347397	375.1481018	0.0027714227907
375.020752	0.00068196864956	375.2588806	0.0003340118560000004
375.1311035	0.00066332602	375.3696594	-0.00046261935490000006
375.2414551	-0.00116068172396	375.4804382	0.0001945594560000001
375.3518372	0.0008621390879	375.591217	8.575478500000028e-05
375.4621887	-0.00023911289470000002	375.7020264	0.0004268506309
375.5725708	-0.0012504836195	375.8128052	0.0003203277011
375.6829529	0.0014394597967000002	375.9236145	0.00051346235
375.7933655	0.00042895029759999997	376.0344238	-0.0015118052259999997
375.9037476	-0.0007454442382	376.1452332	0.0008891811591999999
376.0141602	-0.0006002924274399999	376.256073	0.0003171064890000004
376.1245728	-4.1308347000000014e-05	376.3669128	-0.0011424990380000007
376.2349854	0.0012061492885	376.4777222	0.0008781384600000004
376.3453979	0.00039269636909	376.588562	0.0008876537909999998
376.4558105	0.00046492094409000004	376.6994324	0.0024874171288
376.5662537	0.0010421962361	376.8102722	-9.047426299999993e-05
376.6766968	0.0017283240738999999	376.9211121	0.004297514446
376.7871399	0.0063676625729999995	377.0319824	0.005311636255
376.897583	0.0074337598051	377.1428528	0.0017058604858
377.0080261	0.0032094661733	377.2537231	0.0015619434409999996
377.1184998	0.0016569721629	377.364624	0.0006894669500000002
377.2289429	-9.543437089999998e-05	377.4754944	0.001581531425
377.3394165	0.0034445107449999996	377.5863953	-1.8897698999999733e-05
377.4498901	0.0007711812504	377.6972961	-0.00028687901800000023
377.5603943	0.0003205284447	377.808197	-0.0004994848279999999
377.6708679	0.0008443124533999999	377.9190979	0.0029504917910999997
377.7813721	0.00039271901189	378.0300293	0.0008006111019999999
377.8918762	0.0001397573506	378.1409302	0.00154513598
378.0023804	0.001313766581	378.2518616	0.0021333131006
378.1128845	0.00026603986050000006	378.362793	0.00010535307199999958
378.2233887	0.0016198115187	378.4737244	0.0036772793392
378.3339233	0.0064222644433000005	378.5846863	0.0040311776100000005
378.444458	0.0063501643747	378.6956177	0.002859454602
378.5549927	0.0015301796375	378.8065796	0.0010129716538
378.6655273	0.0009161403721	378.9175415	0.0010653716739999998
378.776062	0.0030646091472900003	379.0285034	0.002273470396
378.8866272	0.0009157663441	379.1394653	0.0016885634682
378.9971619	0.0022339301358	379.2504578	0.0009037069980000001
379.1077271	0.00046490960809	379.3614197	0.00030157191219999993
379.2182922	-0.00045646663060000005	379.4724121	0.0009431964710000002
379.3288879	0.0005019454979999999	379.5834045	0.0010639128739999997
379.4394531	-0.0009980545892600001	379.6944275	-0.00018112035499999977
379.5500488	0.0005553574883999999	379.8054199	0.00048054288999999995
379.6606445	0.00024779385420000007	379.9164429	0.000922639389
379.7712402	0.0012776372605	380.0274658	-9.155180299999944e-05
379.8818359	0.0020721530311000004	380.1384888	0.0005854698830000003
379.9924622	0.00089810975626	380.2495117	-3.690924499999979e-05
380.1030579	0.0005188088689999999	380.3605347	0.00019482371899999995
380.2136841	0.0010243922149	380.4715881	0.001580297715
380.3243103	0.0029925319252	380.5826111	6.93982000000001e-05
380.4349365	-5.020468999999972e-06	380.6936646	0.0014208657664999999
380.5455627	0.00031974655600000004	380.804718	0.0004079381470000001
380.6562195	0.0019275111262	380.915802	0.0006564689099999997
380.7668762	0.002197891532	381.0268555	-9.153177899999965e-05
380.877533	0.0010246415768	381.1379395	0.001935801935
380.9881897	-0.0005828737635	381.2490234	0.0022562813105
381.0988464	0.0013673032227	381.3601074	0.003093282809
381.2095337	0.0051590764197	381.4711914	0.004673164512599999
381.3201904	0.0052124658832000004	381.5822754	0.0005674778949999999
381.4308777	0.00140300172	381.6933899	0.0007631584300000001
381.5415649	-9.512837279999995e-05	381.8045044	-0.000159779549
381.6522522	0.00147589504189	381.9156189	0.0024865161399999997
381.76297	0.0024337631181	382.0267334	0.0015096610881000002
381.8736572	0.000716806041	382.1378479	0.0001232763750000001
381.984375	-0.0003474100813	382.2489929	0.0008313669819999996
382.0950928	0.0021441508432	382.3601074	-0.0002499846740000003
382.2058105	0.0001404259820000001	382.4712524	0.0008682324550000004
382.3165588	0.0010065429596	382.5823975	-0.0007656649690000001
382.4272766	0.0015483462775	382.693573	0.0008350580664800001
382.5380249	-0.0001128870299	382.804718	0.0011532853820000002
382.6487732	0.0008078092069	382.9158936	-0.0008025891150000002
382.7595215	0.00147591765529	383.0270386	0.0018477408833199999
382.8702698	0.001204959408	383.1382141	0.0031617755300000004
382.9810486	0.0027575782591	383.2494202	-0.0001241870341
383.0917969	0.0028663285770000003	383.3605957	0.0021290248260000004
383.2025757	0.0015295563498000002	383.4718018	0.001420738409
383.3133545	0.0014757136811999999	383.5829773	0.0016145980920000006
383.4241333	0.003878039307	383.6941833	-1.0819639999996161e-06
383.5349426	0.002794489381	383.8053894	0.0012618842302000001
383.6457214	0.00084401780619	383.916626	0.00047757616299999974
383.7565308	0.00163838616559	384.027832	0.0016162232499999998
383.8673401	4.927546249999999e-05	384.1390686	-0.0009625693779999993
383.9781494	-4.884437699999972e-06	384.2503052	0.0016866542859999998
384.0889893	-0.0003660640505	384.3615417	0.0006216498732
384.1997986	0.0008257038717000001	384.4727783	0.00048059178499999995
384.3106384	-0.00074522893555	384.5840149	-0.00037557678300000064
384.4214783	0.0019999510842	384.695282	0.001508456655
384.5323181	0.0014580570861	384.8065491	-7.320684400000024e-05
384.643158	0.0008261571639	384.9178162	0.0006381538700000002
384.7540283	0.002703486187971	385.0290833	0.0014399838837
384.8648682	0.0016382162285999999	385.1403503	0.0003184869419999999
384.9757385	0.0006629066772000001	385.2516174	-0.0011919230460000001
385.0866089	0.0013496238826	385.362915	0.0021493275412
385.1974792	0.0040573711013	385.4742126	0.014087947087
385.3083801	0.022742661820971	385.5855103	0.0163103240743
385.4192505	0.03153460069366	385.6968079	0.007638392972
385.5301514	0.008895387116099999	385.808136	0.0018985546199999995
385.6410522	0.001222479972	385.9194336	0.00067518552532
385.7519531	0.0012233753513999999	386.0307617	0.00047690048800000037
385.862854	0.0034443405449999997	386.1420898	-0.0007293575907999999
385.9737854	0.0014761103081	386.253418	0.0006913663819999999
386.0846863	0.0006086335050000001	386.3647461	0.0012244118849999998
386.1956177	-0.0006546223885999999	386.4761047	0.0017392400180000003
386.3065491	-0.000944597297	386.5874634	0.0010295439280000001
386.4174805	0.0016028801911	386.698822	-0.00019779987699999977
386.5284424	0.0005008008739	386.8101807	-0.0008906887379999998
386.6393738	0.0018009453489	386.9215393	0.0015283286921
386.7503357	-0.0009443253508999999	387.0328979	0.002239278052
386.8612976	0.00088067976686	387.1442871	0.0006048523941999999
386.9722595	0.0008076392115000001	387.2556763	0.0030558104336
387.0832214	0.005791191885	387.3670654	0.003159268759
387.1942139	0.007180288375600001	387.4784546	0.0037486991934999997
387.3052063	0.005737179309	387.5898438	-0.00021240464400000005
387.4161682	0.0010058515469	387.7012634	0.00035515645870000005
387.5271912	0.002632032265	387.8126526	0.0019014723366999999
387.6381836	0.0008799090864000001	387.9240723	0.0015981527979999999
387.749176	0.0036965656323000003	388.0354919	0.0029486413120000006
387.860199	0.0048694980211	388.1469421	0.003375056199
387.9712219	0.0025769203784	388.2583618	0.0012981424221999997
388.0822449	0.0006273780890900001	388.369812	0.0005336868925
388.1932678	0.00037435971900000005	388.4812317	0.0008701414335999999
388.3042908	-0.00022221554599999999	388.5926819	-0.00019670370999999966
388.4153442	0.0009523943736000001	388.7041626	0.0018306790151000002
388.5263672	0.0006809600161999999	388.8156128	0.0017235098204000001
388.6374207	-0.0001853382855	388.927063	0.0007093192549999998
388.7484741	0.00198133118866	389.0385437	0.0032167208849999997
388.8595276	-0.0002937601239	389.1500244	0.002113617607
388.9706116	0.0013497145554999999	389.2615051	0.0020243325270000003
389.081665	0.001368391139789	389.3729858	0.0027526475019999997
389.192749	0.0018367005109	389.4844971	0.0019023828212999998
389.303833	6.761208350000001e-05	389.5959778	0.005364408251
389.414917	0.00470707519	389.707489	0.004993457813
389.5260315	0.011369880758999999	389.8190002	0.003323351498
389.6371155	0.0057179132707	389.9305115	0.0014379669439999999
389.74823	0.0029926225837	390.0420532	0.0019176532509999995
389.8593445	-0.00114260577354	390.1535645	0.00028369738700000004
389.970459	-0.0006370450140000001	390.2651062	-0.0007459397316
390.0815735	0.0009880249269	390.3766479	0.0013334216783000002
390.1927185	0.00039241299970000005	390.4881897	0.0011850995959999996
390.303833	0.0014576717659000001	390.5997314	0.0017212578100000001
390.414978	0.0017465813724	390.7112732	0.0004961262450000003
390.526123	0.0013133585816599998	390.8228455	-0.0003399155109999998
390.6372681	-0.0018652822767	390.9344177	0.001776007586
390.7484436	0.0012594933214	391.04599	0.0010834516727
390.8595886	-0.00041953264739999995	391.1575623	0.0003204451062
390.9707642	0.0001755239791	391.2691345	0.0013658814130000007
391.0819397	0.0020001437519	391.3807373	0.0009398090189999997
391.1931152	0.0006271513994	391.4923096	0.00305514445
391.3042908	0.0011874613701	391.6039124	0.001864411403
391.4154663	0.0017471593455	391.7155151	0.0004234137019999999
391.5266724	0.0013854244898000002	391.8271179	0.003234125557
391.6378784	0.0018368478344	391.9387512	0.003622529329
391.7490845	0.0037508390674	392.050354	0.0023476320780000002
391.8602905	0.0031001148742999998	392.1619873	0.0009764391000000002
391.9714966	0.0025408931983	392.2736206	0.0017395243050000002
392.0827332	0.0008624110777999999	392.3852539	0.0004768907100000004
392.1939697	0.0020903196420000002	392.4969177	0.0024178086024
392.3052063	0.00100652029509	392.608551	-0.0005336183819
392.4164429	0.0005007215659	392.7202148	0.0010085166429999997
392.5276794	3.118813039999996e-05	392.8318787	0.0020258502916
392.638916	0.00102456226889	392.9435425	0.0010102302770000002
392.7501831	0.0025589009750999997	393.0552063	0.001846204047
392.8614502	0.0011324967487	393.1668701	0.003214968369
392.9727173	0.003389410034	393.2785645	0.010994884649
393.0839844	0.0123617815829	393.3902283	0.014747740004
393.1952515	0.026587529396300002	393.5019226	0.004634497220999999
393.3065491	0.017362333249099998	393.6136169	0.0026435889299999994
393.4178162	0.005320559139	393.7253418	0.003942460753
393.5291138	0.0069100098335	393.8370361	0.003125047079
393.6404114	0.0043640283406	393.948761	0.0018982216710000006
393.7517395	0.0027400462426000003	394.0604858	-0.00012376613499999987
393.8630371	8.5076084e-05	394.1722107	0.0017580057030000002
393.9743652	0.00013990466412999998	394.2839355	0.0003533549609999998
394.0856628	0.0005547682524	394.3956604	0.0008666263890000003
394.196991	0.0007541365557499999	394.5074158	-0.00051721232
394.3083191	0.0011149421334	394.6191406	0.0008170856453
394.4196777	-0.00031147344994	394.730896	0.0022917368043
394.5310059	0.0007899825577	394.8426514	0.00531100994
394.6423645	0.0070011602949999995	394.9544373	0.010958988219
394.7537231	0.011873718232	395.0661926	0.004476426634999999
394.8650818	0.011658076317299999	395.1779785	0.0020256349233
394.9764404	0.0038584110443	395.2897339	0.0058632715665
395.0877991	0.0017650994124999999	395.4015198	0.005256612785
395.1991882	0.001240453915	395.5133057	0.0010280269199999994
395.3105774	0.0022706487215	395.6251221	0.0002671347465
395.4219666	-0.0006729816742	395.736908	0.00028198352000000006
395.5333557	0.0008080245315	395.8487244	0.0021141461185
395.6447449	-4.100246580000008e-05	395.9605408	0.0011351760480000001
395.7561646	0.000843995137571	396.0723572	0.000550190685
395.8675537	-4.074178290000002e-05	396.1841736	0.001649368089
395.9789734	0.0014940956899	396.29599	0.00026556814500000017
396.0903931	-0.00047454255360000004	396.4078369	0.001831560163
396.2018127	0.0013312759111	396.5196838	0.0010129716538
396.3132629	0.0006811413914	396.6315308	0.0009051857050000002
396.4246826	0.0007716118998	396.7433777	0.00030078878599999965
396.5361328	0.00013973467869999998	396.8552246	0.0018834509251
396.647583	0.0007351993117	396.9670715	0.0003015034013
396.7590332	0.0010604195411	397.078949	-0.000588377705
396.8704834	0.000320052437	397.1908264	0.0030013739599999995
396.9819641	0.0016925913948	397.3027039	0.0105182137361
397.0934143	0.01034008269059	397.4145813	0.00872248574
397.204895	0.0164778911001	397.5264587	0.0028436555289999997
397.3163757	0.0064588468815000005	397.6383667	0.00014048512100000004
397.4278564	0.0006810166521	397.7502441	0.0015288965511
397.5393677	0.0023250239900000002	397.8621521	0.0014192403759999998
397.6508484	0.0020356269812	397.9740601	0.002324059140000001
397.7623596	0.0029379978947	398.085968	0.0013504150557
397.8738708	0.0021254175806	398.1979065	0.0008880062379
397.9853821	0.000591248800871	398.3098145	0.0016340488798
398.0968933	0.0013676772216	398.4217529	0.002379797632
398.2084045	0.0031552722216000003	398.5336914	0.0009399554690000004
398.3199463	0.000248462522	398.6456299	0.0024154586720000005
398.431488	0.0021626235688	398.7575989	5.338386106000001e-05
398.5430298	0.0016921267374000002	398.8695374	0.0017933046909999997
398.6545715	0.0011150554929	398.9815063	0.0011535205410000003
398.7661133	-0.0014320028134	399.0934448	-0.00032036687449999996
398.8776855	-0.0004924485693	399.2054138	0.0008336089089999998
398.9892273	0.000139746	399.3174133	0.00023071974280000005
399.1007996	0.001385900483	399.4293823	-0.0015829022740000002
399.2123718	0.0019452698471900001	399.5413513	0.00012296321800000024
399.3239441	0.0015843055149	399.6533508	0.0023987687888
399.4355469	0.0031904495557000005	399.7653503	0.0032333128916
399.5471191	0.0049780106054	399.8773499	0.003411911777
399.6587219	0.00441851690296	399.9893494	0.002966134227
399.7703247	0.003370812745	400.1013794	0.001973068574
399.8819275	0.0027220154301000003	400.2133789	0.0008695834550000001
399.9935303	0.0004824302741	400.3254089	0.000477605732
400.1051636	0.000356329052	400.437439	-0.000250865938
400.2167664	0.00126002599254	400.549469	-0.001600522082
400.3283997	0.0011151008075	400.661499	-2.6389019999999846e-06
400.440033	0.0011333014408	400.7735596	7.009343200000003e-05
400.5516663	0.000211823266	400.8855896	0.0024148223450000004
400.6632996	0.0005007669097	400.9976501	0.000477595953
400.7749634	0.0015662749063000002	401.1097107	0.0013296226970000002
400.8865967	0.0011686147189	401.2217712	0.0006376642260000004
400.9982605	0.0013673598587	401.3338318	0.0004083885578
401.1099243	0.002306993352	401.4459229	0.000799338246
401.2216187	-5.9701734999999994e-05	401.5580139	0.0002793110909999983
401.3332825	0.0019454964201	401.6700745	0.002236291766
401.4449463	0.00129531654663	401.782196	0.023576146810800003
401.5566406	0.0096173717135	401.8942871	0.041414996611
401.668335	0.0515920227888	402.0063782	0.023966901233
401.7800293	0.0685622352455	402.1184998	0.0047436446035
401.8917236	0.023609945664	402.2305908	0.0026641166769999997
402.0034485	0.0046711610779	402.3427124	0.0009402590799999998
402.1151428	0.0016746287288999999	402.454834	0.0007614451459999998
402.2268677	0.00048295158199	402.5669861	0.0005122483709999997
402.3385925	0.0012224006929999998	402.6791077	0.00030157191219999993
402.4503174	-0.0006011537040000001	402.7912598	0.0005153717066
402.5620728	0.002215944754	402.9033813	0.000779985218
402.6737976	-0.0006728230218	403.0155334	0.0016881718184
402.785553	0.000355728436	403.1276855	0.0003539326140000001
402.8973083	0.0010609408492	403.2398682	-0.00046281516599999987
403.0090637	0.0009885802865	403.3520203	0.001278397976
403.1208191	0.0017829826976000001	403.4642029	0.0008526096064999999
403.2325745	0.0010066449468	403.5763855	0.006587598479999998
403.3443604	0.0006281940729	403.6885681	0.000246861251
403.4561157	3.125611699999998e-05	403.8007507	0.0005116411480000005
403.5679016	0.0010423889034	403.9129333	0.0038381112968000003
403.6796875	0.0030816537320000003	404.0251465	0.0061120176103
403.7915039	0.006838465226	404.1373291	0.0029838912890000004
403.9032898	0.0042195792191	404.2495422	0.003320688382
404.0151062	0.0033171288378	404.3617554	0.00401430158
404.1268921	0.0067114120318	404.4739685	0.0052590604024
404.2387085	0.010701318941599999	404.5862122	0.0008174772374
404.3505249	0.006801746669500001	404.6984253	0.004918846301999999
404.4623718	0.0017825746323999999	404.8106689	0.0094876957878
404.5741882	0.0080467225053	404.9229126	0.010712787627
404.6860352	0.0138969921976	405.0351562	0.007034671493
404.7978821	0.0070180464247	405.1473999	0.0035868880810000004
404.909729	0.00250495645729	405.2596741	0.002891502342
405.0215759	0.0004828382661	405.3719177	0.0004764599729999994
405.1334229	0.0003924243792	405.4841919	0.000621610729
405.2453003	-0.000149855041	405.5964661	0.001419642009
405.3571472	-0.0005464611595109999	405.7087402	0.0030372409390000002
405.4690247	-0.0005467217998000001	405.8210144	0.0030547434000000005
405.5809021	0.0021616829913000003	405.9333191	0.0036243018115
405.6927795	0.0050864099033	406.0455933	0.0009593773213500001
405.8046875	0.00178281264359	406.1578979	0.0007063820960000007
405.9165649	0.0022159561777	406.2702026	0.0009554605930000007
406.0284729	0.0010790168889999998	406.3825073	0.0005853230829999999
406.1403809	0.00022980861830000003	406.4948425	0.002397456789
406.2522888	3.125611699999998e-05	406.6071472	-0.00012685032599999996
406.3641968	0.0009524963389	406.7194824	0.002040102147
406.4761353	0.00021229923737	406.8318176	8.61762089999999e-05
406.5880432	8.518947279999994e-05	406.9441528	0.001173020457
406.6999817	0.0009346809821000001	407.056488	-0.00103212893
406.8119202	0.00010327668860000006	407.1688232	0.001704881201
406.9238586	0.00089816640141	407.281189	0.0005329623818800001
407.0357971	0.0025592296438	407.3935242	0.001082354924
407.1477661	0.0014038744557	407.5058899	0.0021848221078
407.2597046	0.0013670878249999996	407.6182556	0.021708400451
407.3716736	0.0061159927863	407.7306519	0.032016550543
407.4836426	0.035650044209999995	407.8430176	0.0163280810764
407.5956116	0.0539212052781	407.9554138	0.0032355746078
407.7076111	0.0217855198464	408.0677795	0.002557818778
407.8195801	0.0043461336173000005	408.1801758	0.004334271769
407.9315796	0.001889919863	408.292572	0.000600329135
408.0435791	0.0045811101297	408.4049988	0.003107681404
408.1555786	0.004255968903	408.517395	0.002307672753
408.2675781	0.0038050782167	408.6298218	0.006166228792
408.3795776	0.005519235972	408.742218	0.009431045968999999
408.4916077	0.00934708180266	408.8546448	0.006163174054
408.6036377	0.0148176659748	408.9670715	0.0019702094140000006
408.7156677	0.0096723705651	409.0795288	0.0015792401969999996
408.8276978	0.0035515610362	409.1919556	0.0016884852084
408.9397278	0.0016929653939000001	409.3044128	-0.0006593964059999997
409.0517578	0.0024691898727	409.4168396	6.975070600000015e-05
409.1638184	0.002902933979	409.5292969	0.0014569772464
409.2758789	0.00033841175900000005	409.6417847	0.0006900639280000001
409.3879089	-0.00029351081323	409.7542419	0.001758181956
409.5	0.0023242985921	409.8666992	0.0007801810280000003
409.6120605	0.0005914187932000001	409.979187	0.0006545595829999997
409.7241211	0.00106068025339	410.0916748	0.001775880228
409.8362122	-0.0005648430671	410.2041626	0.0005143926250000001
409.9483032	0.0013130752485	410.3166504	-0.0005917064840000007
410.0603943	0.00028383248700000014	410.4291382	0.0005701214540000002
410.1724854	-9.501504250000004e-05	410.5416565	0.0012797980162
410.2845764	-0.0005824884574	410.6541443	-0.0003558026511
410.3966675	0.0006088600491000001	410.7666626	0.0081553166384
410.5087891	0.0006810960476	410.8791809	0.019062771929
410.6209106	0.0121814064781	410.9916992	0.013004411829
410.7330322	0.0287366337455	411.104248	0.0025936560704000002
410.8451538	0.0266063432455	411.2167664	0.0020961540868999996
410.9572754	0.008102208259	411.3293152	0.0026313830749
411.0694275	0.001349034603	411.441864	-0.00021282566009999998
411.1815796	0.0021083389874999997	411.5544128	-0.001157260733
411.2937012	0.0015659123311	411.6669617	0.002432589186
411.4058533	0.0011690000535900002	411.7795105	0.0006393580113
411.5180359	0.000680858036	411.8920898	0.00062181636163
411.630188	0.00185495793266	412.0046692	0.001367202844
411.7423401	0.0031011011455	412.1172485	0.00015587313099999986
411.8545227	0.0016927614633999999	412.2298279	0.0007482797379999998
411.9667053	0.0023064493286	412.3424072	0.0008507394229999997
412.0788879	0.0016747647311999999	412.4549866	0.0004948340360000003
412.1910706	0.00013941735960000003	412.5675964	0.0001405833759999999
412.3032837	0.0010794474803000002	412.6802063	-1.7977377899999997e-05
412.4154663	0.00192717105566	412.7927856	0.0009229916620000001
412.5276794	0.0021082369496	412.9053955	0.00013929093300000042
412.6398926	0.0010246642486	413.0180359	0.0018295627674000002
412.7521057	0.0012234773021000001	413.1306458	0.001169652678
412.8643188	0.0012413039656	413.2432861	-0.00014313869199999996
412.9765625	0.0014042824625	413.355896	-0.00012879818599999954
413.0887756	0.00190917447589	413.4685364	0.0008313278670000002
413.2010193	0.0021801894761	413.5811768	0.005806094039000001
413.3132629	0.00192723912159	413.6938477	0.011209702587
413.4255066	0.00842639706531	413.806488	0.006430284353
413.5377502	0.016170917315899997	413.9191589	0.0019189552407
413.6499939	0.012814054613000002	414.0317993	0.002041120547
413.7622681	0.0029744218186000004	414.1444702	0.0005498774120000001
413.8745422	0.0011326894161	414.2571411	0.0012260469374999999
413.9868164	-0.00023995153590000002	414.3698425	0.00265243649
414.0990906	-0.0020635399854	414.4825134	0.00014131748999999996
414.2113647	0.001096288208	414.5952148	0.000194676802
414.3236694	-0.0013409088714	414.7078857	0.000567918527
414.4359436	0.0006994553114000001	414.8205872	0.0007111990563
414.5482483	-0.0005465631547	414.9333191	0.00023130723270000004
414.660553	6.745342400000002e-05	415.0460205	0.00268276483235
414.7728577	0.0016019170293999998	415.1587219	0.0020943037230000006
414.8851624	0.0005005628916000001	415.2714539	-0.001816104166
414.9974976	0.0009704929834	415.3841858	-0.00048196245899999974
415.1098022	0.0009158003957999999	415.4969177	0.00010550953399999976
415.2221375	0.000429040969711	415.6096497	-5.317824250000003e-05
415.3344727	-0.0004202012788	415.7223816	-0.0009272312749999999
415.4468079	0.000212129237771	415.8351135	0.0004242658610000001
415.5591736	0.0014038631636	415.947876	-0.002245397310000001
415.6715088	0.0005919400141	416.0606384	0.0034616487099999992
415.7838745	0.00019332789799999996	416.1734009	0.0050632918136
415.8962402	0.0013493518489	416.2861633	0.028246171309
416.008606	0.0032271002637	416.3989258	0.041502761076
416.1209717	0.0074517792385000005	416.5117188	0.01810410409
416.2333374	0.0146912929448	416.6244812	0.007300841621999999
416.3457031	0.00806537644529	416.7372742	0.003161432804
416.4580994	0.001926162397	416.8500671	0.0055605096281
416.5704956	0.0009525416826000001	416.9628601	0.007105553056999999
416.6828918	0.0014937783269	417.0756531	0.0042102269361000005
416.7952881	0.00297452393	417.1884766	0.0006572228158000001
416.9076843	0.0013130186126	417.3012695	0.0013120714580000005
417.0201111	0.0011507767775999999	417.414093	0.0003913462278
417.1325378	0.000698843272	417.5269165	0.0008505536239999997
417.2449341	0.00342658197	417.63974	-7.285433800000019e-05
417.3573608	0.00019366794740000005	417.752594	0.0013866244627
417.4698181	0.0013134945911999999	417.8654175	0.0007799069859999994
417.5822449	-0.0004562286194000001	417.9782715	0.00033773226822
417.6946716	0.0021449668852	418.091095	0.001935713691
417.8071289	-0.002966432134	418.203949	0.001065782795
417.9195862	-0.00014925427959999998	418.3168335	0.0035890518334999997
418.0320435	0.0030110045335	418.4296875	0.00422592787
418.1445007	0.0029021406296999997	418.5425415	0.0038006682880000003
418.256958	0.006259648361899999	418.655426	0.008489411329
418.3694458	0.00465318734456	418.7683105	0.009626314973999999
418.4819336	0.002757192939	418.8811951	0.0041932335007
418.5944214	0.004040111089	418.9940796	0.001117438544
418.7069092	0.0027399781975	419.1069641	0.0021499736758
418.819397	0.00068153798929	419.2198792	0.0018630209379999997
418.9318848	0.0008071179040000001	419.3327637	0.0020967317978
419.0444031	0.0010247662431	419.4456787	0.005168482894000001
419.1568909	0.0019098091286000002	419.5585938	0.013788250042
419.2694092	0.0017290153188	419.6715088	0.017267277929
419.3819275	0.0050864327497	419.7844238	0.004616749939
419.4944458	0.0049598669579	419.8973694	0.00232742708635
419.6069946	0.0023961492112	420.0102844	0.0021291030570000005
419.7195129	0.0005366468101	420.12323	0.0032141949050000004
419.8320618	0.0002120045828	420.2361755	0.017142596653
419.9446106	-0.0004381753096	420.3491211	0.031181370431300003
420.0571594	0.0031007950746	420.4620972	0.037398612476
420.1697083	0.0071623027327	420.5750427	0.055111645954999997
420.2822571	0.0105200831863	420.6880188	0.035851581024999996
420.3948364	0.0139143095289	420.8009644	0.0120811802893
420.5073853	0.0149791834412	420.9139404	0.005186308641000001
420.6199646	0.0080829084618	421.0269165	0.004154713823999999
420.7325439	0.0033529746582	421.1399231	0.0028411489920000003
420.8451538	0.0012774559726999998	421.2528992	0.0017571735669999998
420.9577332	0.0017649747024	421.3659058	0.0008325418460000001
421.0703125	0.0014580684073999999	421.4788818	0.00017654756099999992
421.1829224	-0.0021364330895000004	421.5918884	0.0019710024350000003
421.2955322	0.002432686454971	421.704895	0.0011550381605000002
421.4081421	-0.0005649678639	421.8179321	0.0025577405469999997
421.520752	0.0005183782189999999	421.9309387	0.00023093519125000003
421.6333618	0.0013493065197	422.0439758	0.0022012672860000004
421.7460022	0.0012595159351000002	422.1570129	0.0003552739654
421.8586426	-0.00018573488340000008	422.2700195	0.002574391198
421.9712524	0.0016388508375000002	422.3830872	0.0020768695980000005
422.0838928	0.0023960133549999997	422.4961243	0.00019481405600000018
422.1965637	0.0030105399203000003	422.6091614	0.00031812489099999983
422.3092041	0.0029925545386	422.722229	0.0012239811480000001
422.421875	0.0010243922149	422.8352661	-0.0014615100810000002
422.5345154	0.0028476634765000003	422.9483337	0.0013845977369999997
422.6471863	0.00032019976060000004	423.0614014	-1.9367784000000072e-05
422.7598572	0.00190917447589	423.1744995	0.00911535474
422.8725281	0.000483348209	423.2875671	0.032049156723999994
422.9852295	0.0046715466301	423.4006653	0.0377719511776
423.0979004	0.0353262163137	423.5137329	0.011548467183803
423.2106018	0.058921224290099994	423.6268311	0.005594652844
423.3232727	0.036878813694800006	423.7399292	0.0008166645419999999
423.4359741	0.0128671832464	423.8530579	0.001118378364
423.5487061	0.0029922258543	423.966156	0.0029645673929999993
423.6614075	0.002052728436	424.0792542	0.0025403555484
423.7741089	-0.0001857008906	424.1923828	0.0036589151720000006
423.8868408	0.0017824047245999998	424.3055115	0.005100039648
423.9995728	0.0057188314385	424.4186401	0.0029106987639999993
424.1123047	0.005970478407	424.5317688	0.001793500269
424.2250366	0.0040569065609	424.644928	0.001384911011
424.3377686	0.0024688952255	424.7580566	0.0025218443469999996
424.450531	0.0012588359531	424.8712158	0.0009233833407000001
424.5632629	0.0014580343557	424.984375	0.00227413616093
424.6760254	0.00149386900726	425.0975342	0.0013480070049999996
424.7887878	0.0012593006687	425.2106934	0.0020766542289999998
424.9015503	0.003011151799	425.3238525	0.0006750190950000001
425.0143433	0.0012224573870000001	425.4370422	0.000712931855
425.1271057	0.0027941495066999998	425.5502014	0.003000668949
425.2398987	0.00286660064	425.6633911	0.003676339286
425.3526917	0.0019627450962	425.7765808	0.0023434020120000005
425.4654541	0.00261319700066	425.8897705	0.0021673684532999998
425.5782776	0.0032273496622	426.0029907	0.001187957824
425.6910706	0.0024508758066000003	426.1161804	0.0031776134849999995
425.8038635	0.00109670755796	426.2294006	0.0035889148971969998
425.916687	0.00178266532	426.3426208	0.014708221892
426.0295105	0.0023067553995	426.4558411	0.031125377395999996
426.142334	0.0035522184047000003	426.5690613	0.022936851398300002
426.2551575	0.007469117991100001	426.6822815	0.007695325883
426.367981	0.009707535967	426.7955017	0.005100783892
426.4808044	0.0037862543252000004	426.9087524	0.004973752657
426.5936584	0.0029197178668	427.0220032	0.014709573011
426.7065125	0.0012230353604	427.1352539	0.055079402398
426.8193665	0.0041473773304	427.2485046	0.053706112779000004
426.9322205	0.044189668257	427.3617554	0.017569385002
427.0450745	0.08197466657000001	427.4750366	0.007386797569
427.1579285	0.0588496254097	427.5882874	0.0054369544379
427.270813	0.019690973102	427.7015686	0.016005330723
427.3836975	0.00604330341626	427.8148499	0.015242960655999999
427.496582	0.0049785208542	427.9281311	0.004476553993
427.6094666	0.007398038404	428.0414124	0.0054894225904000005
427.7223511	0.006205726706	428.1547241	0.011545500718999999
427.8352356	0.0027936394763	428.2680054	0.026434979399
427.9481506	0.0052303491974	428.3813171	0.019684347792
428.0610352	0.02752680140531	428.4946289	0.005595475901
428.1739502	0.0407961107416	428.6079407	0.0023977115049999996
428.2868652	0.0218041509244	428.7212524	0.005933359963
428.3998108	0.0083184514075	428.8345642	0.010725777599
428.5127258	0.0049787474562	428.9479065	0.004851117381
428.6256409	0.012506433940971	429.0612488	0.002396340948
428.7385864	0.0138244284945	429.1745605	0.0025040484040000006
428.851532	0.0066752599085899995	429.2879028	0.00040427688500000065
428.9644775	0.0034800278951	429.4012756	0.00191877898778
429.0774231	0.0015835803354	429.5146179	0.0025941260681
429.1903687	0.0015117297007	429.6279602	0.0012589860699999999
429.3033447	0.0036969964279000003	429.741333	0.002947417554
429.4163208	0.0008796257897	429.8547058	-0.0013015009459999994
429.5292664	0.0029744898783	429.9680786	-0.0008549103509999999
429.6422424	0.0022157522037	430.0814514	0.00044321734500000023
429.7552185	0.0017830393335	430.1948242	0.00022887880899999987
429.8682251	0.0014757930620999998	430.3082275	0.0019365264016
429.9812012	0.0009880023426	430.4216003	0.0069114781511
430.0942078	0.0024688838018	430.5350037	0.0163985033257
430.2072144	0.0022877954178	430.648407	0.014728160928
430.3202209	0.0075420910142	430.7618103	0.0031268583694999998
430.4332275	0.009454495738	430.8752136	0.0017419131474
430.5462341	0.010248999347	430.9886475	0.0036955749233999998
430.6592407	0.0047432611465	431.1020508	0.0028958498736
430.7722778	0.00270354283529	431.2154846	0.0014910618779999996
430.8853149	0.0033360321540000003	431.3289185	0.0058084626220000005
430.9983521	0.0021248963899999996	431.4423523	0.003568974323
431.1113892	0.0053208085588	431.5557861	0.0019874772989999998
431.2244263	0.0090584787247	431.6692505	0.000870934542
431.3374634	0.0061690985459	431.7826843	0.002290914301
431.450531	0.005050099280400001	431.8961487	0.0025409821534
431.5635986	0.004346337346971	432.009613	0.0026634018869999996
431.6766357	0.0056277599656	432.1230774	0.0023105707954
431.7897339	0.0056647393506	432.2365417	0.00268211856
431.9028015	0.004688738321199999	432.3500061	0.0036410011819999998
432.0158691	0.002793118009	432.463501	-0.0002885633150000004
432.1289673	0.0055921861497999995	432.5769653	0.0013119340880000004
432.2420349	0.003316664021	432.6904602	0.00367716176
432.3551331	0.00510461068189	432.8039551	0.0031089641852
432.4682312	0.0032269415237	432.91745	0.0017394553870000002
432.5813293	0.00586286117359	433.0309753	0.00184683036
432.694458	0.0052311764737	433.1444702	0.0024507769839999995
432.8075562	0.0052123183848999995	433.2579956	0.0022228035379999998
432.9206848	0.005014718218799999	433.3714905	0.0109625224178
433.0338135	0.0069642375748	433.4850159	0.060670425653
433.1469116	0.0081192305075	433.5985413	0.0911613688187
433.2600708	0.044731472419599995	433.7120972	0.055467472525
433.3731995	0.1287153352901	433.8256226	0.030715191736
433.4863281	0.1480320482395	433.9391785	0.0196496951944
433.5994873	0.0769384625917	434.0527039	0.011171906253000002
433.7126465	0.035903493777960004	434.1662598	0.0071783632736
433.8258057	0.0163514267236	434.2798157	0.004280354828
433.9389648	0.013752566417599999	434.3934021	0.003658171278
434.052124	0.009220074744	434.506958	0.0068939856724
434.1652832	0.005988837685700001	434.6205139	0.006504132179
434.2784729	0.0057723904031	434.7341003	0.0032837740149999992
434.3916626	0.0053566088900000005	434.8476868	0.0097544530874
434.5048218	0.0035869311539999996	434.9612732	0.013645262860700001
434.618042	0.0068379440341	435.0748596	0.12210945881400001
434.7312317	0.0106474758361	435.188446	0.582076338537
434.8444214	0.023320708539700002	435.302063	0.6032014759269999
434.9576416	0.3479734539825	435.4156494	0.189091396496
435.0708313	0.9422158150523999	435.5292664	0.065362988042
435.1840515	0.9115431919153	435.6428833	0.049747437446
435.2972717	0.34999502861663	435.7565002	0.030308980263000003
435.4104919	0.1403962320916	435.8701172	0.0136980737183
435.5237427	0.07733583276226	435.9837646	0.008117569607
435.6369629	0.0463926367116	436.0973816	0.004652871750999999
435.7502136	0.022037822758	436.2110291	0.003800462699
435.8634338	0.0128495717359	436.3246765	0.0054895012872
435.9766846	0.0085524987663	436.438324	0.0042815293421
436.0899353	0.007397630513700001	436.5519714	0.006218804978
436.2032166	0.00523093848163	436.6656494	0.0057374837339999995
436.3164673	0.006946683163	436.7792969	0.0044768770457
436.4297485	0.008191069704899998	436.8929749	0.004245897812799999
436.5429993	0.0098708212898	437.0066528	0.0037676607019999997
436.6562805	0.0079204061183	437.1203308	0.0034294438083999996
436.7695618	0.00656755222	437.2340088	0.0033048502522999997
436.8828735	0.007073180866	437.3476868	0.009555072519
436.9961548	0.007126785582	437.4613647	0.048395195049
437.109436	0.007613850771899999	437.5750732	0.081175318685
437.2227478	0.01916815177059	437.6887817	0.043915434742
437.3360596	0.092482092614	437.8024902	0.014087260697
437.4493713	0.1367494797685	437.9161987	0.011833618625
437.5626831	0.0778229541636	438.0299072	0.017443684866000002
437.6759949	0.0323286063536	438.1436157	0.013607163918000001
437.7893372	0.0239521424067	438.2573547	0.019239891785
437.9026489	0.028646843156999998	438.3710938	0.060835684183000005
438.0159912	0.02241772479919	438.4848328	0.053566405089000006
438.1293335	0.0507075349469	438.5985718	0.014814606868999998
438.2426758	0.10724965459119999	438.7123108	0.007107785088
438.3560486	0.0939811000347	438.8260498	0.0071433777920000005
438.4693909	0.0391170846047	438.9398193	0.007193359547000001
438.5827637	0.017434478564	439.0535583	0.0041224107263
438.696106	0.01216338751796	439.1673279	0.004175887792
438.8094788	0.0119652657353	439.2810974	0.003037407179
438.9228516	0.007342484662999999	439.3948669	0.001882324927
439.0362244	0.0063864978586	439.5086365	0.0057376696489999995
439.1496277	0.004417610121	439.6224365	0.0006220415525
439.2630005	0.002684979583	439.7362061	0.0008707680682
439.3764038	0.0047620398111000006	439.8500061	0.002131384448
439.4898071	0.0033896480306000003	439.9638062	0.0026459973299999997
439.6032104	0.0037499322789999994	440.0776062	0.0010820808820000004
439.7166138	0.0060260436729999995	440.1914062	0.0042996585102
439.8300171	0.0042378928336	440.3052368	0.016960875129999997
439.9434509	0.0030822884874	440.4190369	0.11814971457878
440.0568542	0.006765288475399999	440.5328674	0.21048392915140002
440.1702881	0.037294332522	440.646698	0.125612606897
440.2837219	0.19569268257	440.760498	0.033114434685
440.3971558	0.342575754959	440.8743591	0.013024068551
440.5105896	0.224956514335	440.9881897	0.007761889607
440.624054	0.0900638668648	441.1020203	0.005221421364000001
440.7374878	0.032148675293	441.2158813	0.0040669559970000005
440.8509521	0.014402235801300001	441.3297424	0.003445066512
440.9644165	0.0068731665380000005	441.4436035	0.004458395299
441.0778809	0.007867096108	441.5574646	0.00307295064
441.1913452	0.007758130406899999	441.6713257	0.00291465444
441.3048096	0.0068195052588999995	441.7851868	0.003534253221
441.4183044	0.0075780503978	441.8990784	0.0019717566902999997
441.5317688	0.0066395161557999995	442.0129395	0.004353527096
441.6452637	0.0060969423500000005	442.1268311	0.002555900253
441.7587585	0.0057189899382	442.2407227	0.0031768693590000004
441.8722534	0.0027934807291	442.3546143	0.003107212018
441.9857483	0.004255991749399999	442.4685364	0.010515893111
442.0992737	0.001691582846	442.582428	0.011493335708000001
442.2127686	0.006062116357	442.6963501	0.008029410845
442.3262939	0.0128491076159	442.8102722	0.0085451497
442.4398193	0.0203961063514	442.9241638	0.12104394521
442.5533447	0.0118200907564	443.0380859	0.29450188595599996
442.6668701	0.015394975385310001	443.1520386	0.199467754012
442.780426	0.1769536295396	443.2659607	0.061688710699
442.8939514	0.4165397218288	443.3799133	0.07943357667
443.0075073	0.344271815347	443.4938354	0.145719786603
443.1210632	0.1459383857981	443.6077881	0.09734361874700001
443.2345886	0.14758047959399997	443.7217407	0.0330637210897
443.348175	0.23257632064919	443.8356934	0.0128627372865
443.461731	0.1863773759051	443.9496765	0.008437286135
443.5752869	0.0848463047341	444.0636292	0.003159856424
443.6888733	0.035000702827099994	444.1776123	0.0032495816709999996
443.8024597	0.0154308671443	444.2915649	0.00305587901693
443.9160461	0.0074150383006	444.4055481	0.0032158887185
444.0296326	0.0051052795020000005	444.5195312	0.0033580040183999998
444.143219	0.0047791638639999995	444.6335449	0.0013674671059999998
444.2568054	0.0038950841846999997	444.7475281	0.0018103467300000001
444.3704224	0.0040390003702	444.8615112	0.0003354023210000003
444.4840088	0.003643505042	444.9755249	0.0018312174648000001
444.5976257	0.00263121641956	445.0895386	0.00042405072600000017
444.7112427	0.0032996986995999997	445.2035522	0.00179422478
444.8248596	0.0027936506670000003	445.3175659	0.0011883103279999997
444.9384766	0.0020897302452900003	445.4315796	0.0009058416476000001
445.052124	0.0043107183303	445.5456238	0.0034104429649999997
445.165741	0.0029018233765	445.6596375	0.0007791724060000008
445.2793884	0.0033532581292	445.7736816	0.0009185075730000006
445.3930359	0.00192718247563	445.8877258	0.00110220747556
445.5066833	0.00257710174363	446.00177	0.0016840593889999996
445.6203308	0.0014218824508999998	446.1158142	0.00248608552
445.7340088	0.0009518276783	446.2298889	0.0016331872899999996
445.8476562	0.002306313431971	446.3439331	0.002769964048
445.9613342	0.00048288360265999995	446.4580078	0.009539811401000001
446.0750122	0.0019096278703	446.5720825	0.009378499812
446.1886902	0.0036244769875	446.6861572	0.0024692390002
446.3023682	0.0113513738609	446.8002319	0.0009240589279000001
446.4160461	0.016225643892700002	446.9143066	0.0014379080390000002
446.5297241	0.0080656710779	447.0283813	0.001067427569
446.6434326	0.00369644092319	447.1424866	0.00047842809
446.7571411	0.003010811692	447.2565918	0.002219905379
446.8708496	0.0015481876471999999	447.370697	0.0015081046149999998
446.9845581	0.0016029595568	447.4848022	-0.0004077129989999999
447.0982666	0.0020354004083	447.5989075	0.0003354607610000001
447.2119751	0.0026315562717	447.7130127	0.0011016689969
447.3257141	0.0016019282044999997	447.8271484	0.002486369689
447.4394226	0.0010963788956	447.9412537	0.008316687308
447.5531616	0.0016019848405000002	448.0553894	0.005294506073929999
447.6669006	0.0034618385402	448.1695251	0.0027537343553000002
447.7806396	0.0072167008623	448.2836609	0.0016841380859999996
447.8943787	0.0078850698487	448.3977966	0.0012958711020000001
448.0081482	0.0043464963095	448.5119629	0.012809524309
448.1218872	0.0027220834742	448.6260986	0.031214886346000004
448.2356567	0.0027037808319	448.7402649	0.022365835495
448.3494263	0.012633397186	448.8544312	0.006233213938
448.4631958	0.043972268585	448.9685974	0.0026280637829999994
448.5769653	0.0434321418325	449.0827637	0.0026432750749999998
448.6907654	0.017362106703	449.1969299	0.00015843822599999986
448.8045349	0.0075413546876	449.3111267	0.001739670755
448.918335	0.0034786113540000003	449.425293	0.0007258034320000006
449.0321045	0.0028118740517	449.5394897	0.001098467037
449.1459045	-4.1365041000000075e-05	449.6536865	0.00261079648
449.2597046	0.0032462301900000002	449.7678833	0.0013297107070000007
449.3735352	0.0029919764496	449.8820801	0.0011006017450000002
449.4873352	0.0024505019246999996	449.9963074	0.0013859782191
449.6011658	0.0012764473209999998	450.1105042	0.003569405293
449.7149658	0.00302935252	450.2247314	0.0015617378530000002
449.8287964	0.0010969794821	450.3389587	0.0006016017870000001
449.942627	0.00050103889949	450.4531555	0.001954870939
450.0564575	0.002469654428	450.5674133	0.0025954184998799998
450.1703186	0.00024779385420000007	450.6816406	0.0015618456529999996
450.2841492	0.00021158519630000005	450.7958679	0.0002275276930000002
450.3980103	0.0029563005297	450.9101257	0.001649368089
450.5118408	-4.1625812e-05	451.0243835	0.0008880454693000001
450.6257019	0.0027577707948999997	451.1386108	0.002877211548
450.739563	0.001674685511	451.2528687	0.0012789950709
450.8534241	0.00106065752319	451.367157	0.0018270565190000006
450.9673157	0.0022158995272	451.4814148	0.013515803031000001
451.0811768	-0.00016701296404	451.5956726	0.013539033594
451.1950684	0.0015112877589999998	451.7099609	0.004600275773
451.30896	0.0027215282216300003	451.8242493	0.0019008653763000001
451.4228516	0.0035512440369999997	451.9385376	0.003090854618
451.5367432	0.0022880560133	452.0528259	0.002024313435
451.6506348	0.003011095221	452.1671143	0.00308905309
451.7645264	0.0019636857905	452.2814026	0.0017571342179999996
451.8784485	0.0022520288186	452.3957214	0.00024646986200000005
451.9923706	0.0008440971141	452.5100098	0.0013511298891
452.1062927	0.00042853099869999997	452.6243286	0.0035004523813
452.2202148	0.0012417233084000001	452.7386475	0.0036772793392
452.334137	0.0023967044839	452.8529663	0.0020414730530000005
452.4480591	0.0027944213940000002	452.9672852	0.0014574080706000001
452.5620117	0.0023429073043	453.0816345	0.00026693893590000006
452.6759338	0.000536227599	453.1959534	-2.286396999999496e-06
452.7898865	0.0009701416419	453.3103027	0.00417518248335
452.9038391	-0.0002215241839	453.4246521	0.0020060956010000005
453.0177917	0.0006994553114000001	453.5390015	0.0002641975880000001
453.1317444	0.0014935743529000001	453.6533508	0.0027542631140000003
453.245697	0.0031915262222	453.7677002	-0.000500826165
453.3596802	0.0030287518751	453.8820801	-0.0002490937186
453.4736633	0.001384959906	453.9964294	0.0017052826589000001
453.587616	0.00046479629230000003	454.1108093	0.0006390740743000001
453.7015991	0.0010058969488999999	454.2251892	0.0007424638610000001
453.8155823	0.000645408701071	454.3395691	0.001598436735
453.9295959	0.0016920360508000001	454.453949	0.0020617169795
454.0435791	0.001764385262	454.5683594	-0.00021458813000000028
454.1575928	0.0013495104791900001	454.6827393	0.0022710231129999996
454.2715759	0.0020180837016999997	454.7971497	0.009858949813
454.3855896	0.0003924696939	454.9115295	0.048344510144
454.4996033	0.0022341455335899998	455.0259399	0.055572624321
454.6136169	0.0054657222207	455.1403503	0.020590605915
454.7276611	0.045743327236999996	455.2547913	0.007442918374000001
454.8416748	0.0874636114768	455.3692017	0.006555102532
454.955719	0.058199616144100005	455.4836426	0.0041759855819999995
455.0697327	0.027815052719499998	455.598053	0.00033330684500000075
455.1837769	0.0124345499786	455.7124939	0.0009748530580000001
455.297821	0.0044720872539	455.8269348	0.00095748785
455.4118652	0.0032093529003999997	455.9413757	0.0022751544598
455.5259399	0.0009516236610000001	456.0558167	0.0032327155349999998
455.6399841	0.00228890602	456.1702881	-2.4968179999999276e-07
455.7540588	0.0027760053631000004	456.284729	0.001633666922
455.8681335	0.002848570002	456.3992004	0.00030069076400000014
455.9822083	0.00250494503459	456.5136719	0.0009767525484
456.096283	0.0033536886627	456.6281433	0.001684147865
456.2103577	0.0001755239791	456.7426147	0.0020396811890000003
456.3244324	0.0020900816308	456.8570862	0.002024557907
456.4385376	0.0014936876539	456.9715881	0.0025051153883200003
456.5526123	0.0018915178953	457.0860596	0.0013333434185000001
456.6667175	0.0048520455316	457.2005615	-0.00012468636849999998
456.7808228	0.00331724213156	457.3150635	0.0013142155363
456.894928	0.00342564142219	457.4295654	0.0016137366180000003
457.0090637	0.0022345647448	457.5440674	0.001349671046
457.1231689	0.0007348366780000001	457.6585693	0.001063844189
457.2373047	0.0027392868065	457.7731018	0.0030733619354000002
457.3514099	0.0016019055619999997	457.8876038	0.0018285252150000001
457.4655457	0.0025953929577000002	458.0021362	0.0013127955609999998
457.5796814	0.0012405560702	458.1166687	0.0033231165720000004
457.6938171	0.003390328027	458.2312012	0.008132066581
457.8079834	0.002612539683	458.3457336	0.0461046387233
457.9221191	0.0010421622426	458.4602966	0.054755826482
458.0362854	0.0043640397487000005	458.5748291	0.0215869216781
458.1504211	0.041012691847700004	458.6893921	0.008225365309000001
458.2645874	0.091019404699	458.8039246	0.004440912627999999
458.3787537	0.06921158038750001	458.9184875	0.0024312869650000004
458.4929199	0.0346402010748	459.0330505	0.0007621599359999998
458.6071167	0.015774446192	459.147644	0.0008487710730000009
458.721283	0.0085884690629	459.262207	0.00575038418
458.8354797	0.005412400817	459.3768005	0.050510844219
458.9496765	0.004039793857	459.4913635	0.083626912439
459.0638733	0.0046897360005	459.605957	0.042265806814
459.1780701	0.0374020643802	459.7205505	0.014461276823000002
459.2922668	0.11584384629439999	459.835144	0.007086964094
459.4064636	0.1203566643815	459.9497375	0.0048142812444
459.5206909	0.0583081273365	460.0643616	0.006287375700999999
459.6348877	0.0274000428624	460.1789551	0.00575480028
459.749115	0.0131928118609	460.2935791	0.004173430148
459.8633423	0.0034607618579999997	460.4082031	0.0030022847345999998
459.9775696	0.0061156300577000005	460.5228271	0.0035173187501000005
460.0917969	0.008824148157	460.6374512	0.002681638813
460.2060547	0.0042555271643	460.7520752	0.0010996127969999997
460.320282	0.0028830559460000004	460.8666992	0.0034281610279999998
460.4345398	0.00277574476759	460.9813538	0.0006568311944000001
460.5487976	0.0010421056067	461.0960083	0.008047579904
460.6630554	-0.0006731516334999999	461.2106323	0.07094460539
460.7773132	0.0025232704942	461.3252869	0.1615541115585
460.891571	0.00275765751031	461.4399414	0.100665704819
461.0058289	0.0371856504397	461.5546265	0.032335817611399996
461.1201172	0.18307404649810002	461.669281	0.011138625215
461.2344055	0.26770786358680004	461.7839661	0.006414691102
461.3486633	0.1289682728981	461.8986206	0.003960805247
461.4629517	0.06549273591680001	462.0133057	0.0034446944479999994
461.57724	0.026877233411999997	462.1279907	0.0011865966959999997
461.6915588	0.0107909276891	462.2426758	0.0005841385570000005
461.8058472	0.0047441676720000004	462.3573914	0.0020430590953
461.920166	0.0052675551854	462.4720764	0.0007625122089999999
462.0344543	0.0034073273707	462.586792	0.002237417502
462.1487732	0.002830562065	462.7014771	0.0018974286499999996
462.263092	0.0027213128339	462.8161926	0.0012213382870000008
462.3774109	0.0003742690315	462.9309082	0.0014577115838800001
462.4917603	0.00012126198240000011	463.0456238	0.002149229637
462.6060791	-0.000817646156	463.1603699	0.0038903839890000002
462.7204285	0.0019995430336000003	463.2750854	0.0012965271019000002
462.8347473	0.00066341670026	463.3898315	0.001239124686000001
462.9490967	0.0012949539814	463.5045471	0.0038016766776
463.063446	0.00261326506759	463.6192932	0.0008528739418
463.1777954	0.0023600199489999998	463.7340393	-0.00030555715799999994
463.2921753	0.0025050697438000003	463.8487854	0.0022737445543
463.4065247	0.0032631048449599997	463.963562	0.0039253104479999995
463.5209045	0.0010607368893999999	464.0783081	0.007958098779999999
463.6352539	0.0010601589457	464.1930847	0.0075472085749999996
463.7496338	0.0004826456134	464.3078308	0.002217976842
463.8640137	0.010069134941	464.4226074	0.0014711706900000007
463.9783936	0.0160084826087	464.537384	-3.783963599999964e-05
464.092804	0.010213708740590001	464.6521606	0.0011559684065000002
464.2071838	0.004418550702971	464.7669678	-0.0009602682549
464.3215942	0.0035333493145000006	464.8817444	-3.7771183999999944e-05
464.4360046	0.0032816340685	464.9965515	0.0005661267779999996
464.5503845	0.0008615838597999999	465.1113281	0.0013276748380000002
464.6647949	0.0018734532060000002	465.2261353	0.002486633952
464.7792358	0.001691854909	465.3409424	0.001045391895
464.8936462	0.0025414823901000003	465.4557495	0.0007791626269999996
465.0080566	0.00021123397099999993	465.5705872	-0.0005505138836000001
465.1224976	0.0031913903078	465.6853943	0.00209762282212
465.2369385	0.0010608161974	465.8002319	0.0007259794510000002
465.3513794	0.0008261798358	465.9150391	0.0013311405200000003
465.4658203	0.001747272734	466.0298767	0.019896288398
465.5802612	0.0006455560505	466.1447144	0.062502587912
465.6947021	0.0026682182210000004	466.259552	0.052947052519000004
465.8091736	0.00593497219256	466.3744202	0.018050352348
465.9236145	0.0485766661289	466.4892578	0.006553164219000001
466.0380859	0.1030439829202	466.604126	0.0023434020120000005
466.1525574	0.07201012937366001	466.7189941	0.0034108249233
466.2670288	0.035110064547000004	466.8338318	0.002380032675
466.3815002	0.013228566560971	466.9487	0.0008007189019999998
466.4959717	0.0072715521669	467.0635986	0.003143558279
466.6104736	0.0023958319799999997	467.1784668	0.0012069386429999999
466.7249451	0.0014223357722	467.293335	0.0031970544950000006
466.839447	0.0005360801	467.4082336	0.0016700232086
466.953949	0.0015843395375000002	467.5231323	0.0004076150950000001
467.0684509	0.0014214064577000001	467.6380005	0.000887790928
467.1829529	0.00046449020710000004	467.7528992	0.0005682708576000001
467.2974854	0.00102450562566	467.8678284	0.00013988791100000026
467.4119873	0.00077173655886	467.9827271	0.00039048463780000007
467.5265198	0.0013680285192000001	468.0976257	0.0006051361559999999
467.6410217	0.0025416749989999998	468.2125549	-0.000836272141
467.7555542	0.0011690227767	468.3274536	0.0013691219498999999
467.8700867	0.0037698668889999997	468.4423828	0.0006578494212
467.9846191	0.00033773179199999984	468.557312	0.0015817860258000001
468.0991821	0.0008984723826999999	468.6722412	0.001827722415
468.2137146	0.0010787675128	468.7872009	0.002219768241
468.3282776	0.00017568259500000004	468.9021301	0.000587721821
468.4428406	0.0027394455392000003	469.0170898	0.0010995930059999998
468.557373	-0.00016734161179999993	469.132019	0.0007275755049999998
468.671936	0.0011332901195	469.2469788	0.0022744201994
468.7865295	0.0010427062225	469.3619385	0.0016187295549999997
468.9010925	0.00171059940459	469.4768982	0.00037467596200000015
469.0156555	0.0017648273641999999	469.5918884	0.002198643046000001
469.130249	0.0014396750773999999	469.7068481	0.0003677243380000011
469.2448425	-0.00018510027438999998	469.8218079	0.0006377035750000002
469.359436	0.0012954186387999999	469.9367981	0.0018122561236500001
469.4740295	0.0016749461064999999	470.0517883	0.0008514444339999998
469.588623	0.0017103727147	470.1667786	0.00010345363999999992
469.7032166	0.0007717025873	470.2817688	0.0026297480217
469.8178101	0.0015120469467	470.396759	0.001383510884
469.9324341	0.0017294460555000001	470.5117798	0.0027193657008
470.0470581	0.0003563404316	470.62677	0.005556906572
470.1616821	0.0009162876959000001	470.7417908	0.0046553291029
470.2763062	0.0016195508649999998	470.8568115	0.0018834509251
470.3909302	0.0023246386845	470.9718323	0.0016533136509
470.5055542	0.003949164590971	471.086853	0.002024166286
470.6201782	0.0039314626479	471.2018738	-0.0001953328902
470.7348328	0.0014934836652	471.3168945	-0.0005699354229999998
470.8494873	0.002721958736	471.4319458	0.0005838740619999996
470.9641418	0.0018193046563	471.5469666	0.002519426402000001
471.0787964	0.0021982881589	471.6620178	0.0014214043548000002
471.1934509	0.004238742985	471.7770691	-0.0002335300670000002
471.3081055	0.0034434792474	471.8921204	0.0036948696939999998
471.42276	0.0022158655047	472.0071716	0.0024869766197999996
471.5374451	0.0025594336334	472.1222534	0.0006017680279999998
471.6521301	0.0025768297199	472.2373047	-0.0009245190744
471.7667847	0.0020894356127	472.3523865	0.0023612179800000005
471.8814697	0.001438836335	472.4674377	0.0017594156087999998
471.9961548	0.002920794533	472.5825195	0.002058906947
472.1108704	0.0035882344086000002	472.6976013	0.00154576264322
472.2255554	0.0020176304097999998	472.8127136	0.0027689752169999995
472.340271	0.0044722348687	472.9277954	0.015047926693
472.4549561	0.0053755351105000005	473.0428772	0.0603538840617
472.5696716	0.00452692715029	473.1579895	0.0587371076405
472.6843872	0.0061341368707	473.2731018	0.020430430067999997
472.7991028	0.037456190727700005	473.3881836	0.009736881941
472.9138184	0.1022499928932	473.5032959	0.0045110301579999994
473.0285645	0.0981699714349	473.6184387	0.005257053533
473.14328	0.0478551136869	473.733551	0.007672879382000001
473.2580261	0.0246377383028	473.8486633	0.0546863855098
473.3727722	0.0158103151159	473.9638062	0.175748908009
473.4875183	0.011603700568099999	474.078949	0.141528194763
473.6022644	0.01416729403226	474.1940613	0.048359438083
473.7170105	0.1255559152847	474.3092041	0.018085240848999998
473.8317566	0.3150977747643	474.4243469	0.0078886857667
473.9465332	0.27467552564500003	474.5395203	0.0070864842300000005
474.0612793	0.1341499598792	474.6546631	0.0034258607780000006
474.1760559	0.07119792015880001	474.7698364	0.0022193966429999994
474.2908325	0.030793723651999998	474.8849792	0.003054909525
474.4056091	0.0130837780936	475.0001526	0.0019539702338000004
474.5203857	0.007993865642	475.1153259	0.0031805605399000004
474.6351624	0.0061700619986999996	475.2304993	0.0033228422984000004
474.7499695	0.0029013019529999995	475.3456726	0.002667073626
474.8647461	0.00367838770019	475.4608765	-0.00039246235999999997
474.9795532	0.0027393208291	475.5760498	0.002751208376
475.0943604	0.0035163951686	475.6912537	0.000974226743
475.2091675	0.0011144435267000001	475.8064575	0.002808102174
475.3239746	0.0027395702566600003	475.9216614	0.0018486710759
475.4388123	0.0032814189037	476.0368652	0.003536338569
475.5536194	0.0016378761498	476.1520691	0.0027719222709
475.668457	0.00328113545356	476.2672729	0.0030750950677
475.7832642	0.0026129475740999998	476.3824768	0.00035237614000000004
475.8981018	0.0013677111418	476.4977112	0.00014260987519999996
476.0129395	0.0015472923399999998	476.6129456	0.002913029399
476.1277771	0.0020360916969	476.7281799	0.015633929523999997
476.2426147	0.0014031604513	476.8434143	0.067849413024
476.3574829	0.0011149308265	476.9586487	0.076236184919
476.4723206	0.003316652612	477.0738831	0.029050030283
476.5871887	0.0314084103985	477.1891479	0.009912778387999999
476.7020569	0.10793564603950001	477.3043823	0.0074626233547
476.816925	0.13108051249810002	477.4196472	0.004619903106
476.9317932	0.0642469990129	477.5349121	0.001773138530000001
477.0466614	0.03687838061366	477.650177	0.00271985530388
477.1615295	0.0180665940303	477.7654419	0.002486124868
477.2764282	0.0065123268288000006	477.8807068	0.0014743427744000003
477.3912964	0.0036780026276000003	477.9959717	0.0030205019287
477.5061951	0.0051592692031	478.1112671	0.0020791215359999998
477.6210938	0.0026492129982999997	478.226532	-0.0006216694892
477.7359924	0.0027756088677	478.3418274	0.0005313369910000003
477.8508911	0.0036968943311	478.4571228	0.001828906825
477.9658203	0.0016200042739	478.5724182	0.0015999640741999998
478.080719	0.0018546858916999999	478.6877136	0.0009052248209999998
478.1956482	0.00402136652463	478.8030396	0.0024158699084
478.3105469	0.0028839400914	478.918335	-0.0008535691305000001
478.4254761	0.0038595215886999996	479.0336609	0.0008715023872
478.5404053	0.0056466404347999995	479.1489563	0.001936027082
478.6553345	0.004689667898199999	479.2642822	0.003249307862
478.7702942	0.0029017779157	479.3796082	0.0008319639600000003
478.8852234	0.001836247393	479.4949341	0.00069224753
479.0001831	0.0040756965755	479.6102905	0.0027888471959999998
479.1151123	0.0033716514592	479.7256165	0.003338778158
479.230072	0.0032991094199	479.8409729	0.0014524245630000016
479.3450317	0.006495044217	479.9562988	0.0012612575953
479.4599915	0.0060610282233999994	480.0716553	0.001758309314
479.5749512	0.0064940584129	480.1870117	0.0033577495783
479.6899414	0.0066930299217	480.3023682	0.004138709278999999
479.8049011	0.0050859224864	480.4177246	0.003552637063
479.9198914	0.0073070126671	480.5331116	0.001672167331
480.0348816	0.0047252188957	480.648468	0.0030182695480000005
480.1498413	0.00429127086	480.763855	0.011726900586999999
480.2648621	0.0035336663420999998	480.8792419	0.146204603001
480.3798523	0.0052671924785999994	480.9946289	0.455451382828
480.4948425	0.0048700877813	481.1100159	0.3781504347415
480.6098328	0.01507005026059	481.2254028	0.1284895822887
480.7248535	0.22660103295140002	481.3407898	0.0496230793938
480.8398743	0.7268216358557	481.4562073	0.022953473501
480.954895	0.7637409189088	481.5715942	0.013358084947999997
481.0699158	0.3753776095331	481.6870117	0.010123808399000001
481.1849365	0.209793752856	481.8024292	0.007229862735
481.2999573	0.0988378105665	481.9178467	0.0034987390970000003
481.414978	0.0458876297377	482.0332642	0.00367971717744
481.5300293	0.0229779096544	482.1486816	0.002397319535
481.6450806	0.0115855116743	482.2640991	0.0030910604397
481.7601013	0.010431017144	482.3795471	0.0005309358229999999
481.8751526	0.009058942786	482.4949951	0.0037123429349999997
481.9902039	0.0067838405371	482.6104126	0.0017058604858
482.1052856	0.0044730054799	482.7258606	0.00310922869507
482.2203369	0.0036057440448000002	482.8413086	0.0021140777682000004
482.3353882	0.0034258453817	482.9567871	0.0012959688900000001
482.45047	0.002883917245	483.0722351	0.0017565959139999995
482.5655518	0.0020718130402	483.1876831	0.0010102302770000002
482.6806335	0.0019991916491	483.3031616	0.0017765852678000003
482.7957153	0.0029928377484	483.4186401	0.00028097536400000043
482.9107971	0.0019623597610000003	483.5341187	0.001260865829
483.0258789	0.00221602424466	483.6495972	0.0015975064599999997
483.1409912	0.0009155398	483.7650757	0.0014919530371999999
483.256073	0.0030643145147	483.8805542	0.0028770547359999996
483.3711853	0.0022699121037	483.9960327	0.0012960863539999998
483.4862976	0.0032276555427	484.1115417	0.00133154192
483.6014099	0.0031908576930999998	484.2270203	0.0020431375092
483.7165222	0.0036972910170000005	484.3425293	0.0041749086234
483.8316345	0.0038048287828000003	484.4580383	0.000514656887
483.9467468	0.0016563147944	484.5735474	0.0011731967388000002
484.0618896	0.0026306835355000002	484.6890564	0.0022572212041
484.177002	0.0022515414162	484.8045959	0.001721845474
484.2921448	0.0017281541369999999	484.920105	0.0029479071959999997
484.4072876	0.0017644533653	485.0356445	0.020449107514
484.5224304	0.0007524478709999998	485.1511841	0.089365038551
484.6375732	0.0025407230419000003	485.2666931	0.105465749243
484.7527161	0.0010959708599999997	485.3822327	0.043811565965
484.8678894	0.023573862036999998	485.4978027	0.014036075331800001
484.9830322	0.12030270073656	485.6133423	0.006039539817000001
485.0982056	0.19143282874919	485.7288818	0.0037994636220000004
485.2133789	0.11012023928800001	485.8444519	0.0014359699560000001
485.3285522	0.0621172073555	485.9599915	0.002771031228
485.4437256	0.031478991504000006	486.0755615	0.0023099441897
485.5588989	0.0153584952936	486.1911316	0.0026450967410000005
485.6741028	0.009618289943499999	486.3067017	0.002591325902
485.7892761	0.005700698704	486.4222717	0.0048149862851
485.90448	0.0047076078483	486.5378723	0.007122545964999999
486.0196838	0.0050324653855	486.6534424	0.00504482002
486.1348572	0.0046715123756	486.769043	0.0034114908777
486.250061	0.00246846443	486.884613	0.0042815588236
486.3652954	0.0042374282495	487.0002136	0.004708835389
486.4804993	0.0032985656289999995	487.1158142	0.0055736554810000005
486.5957031	0.00322700959066	487.2314148	0.0031253504560000006
486.7109375	0.0042742943918	487.3470154	0.0038037134214
486.8261719	0.009075489015999999	487.4626465	0.0020442535458
486.9413757	0.0112605746557	487.5782471	0.001776027261
487.0566101	0.0121455384988	487.6938782	0.0025219230439999995
487.1718445	0.0056822147311	487.8095093	0.003177104052
487.2871094	0.0059708634800999996	487.9251404	0.0036421468396000004
487.4023438	0.0050689007622999995	488.0407715	0.0045466911979999995
487.5175781	0.0031185650732	488.1564026	0.007122448642
487.632843	0.005358173047	488.2720337	0.08830164809970001
487.7481079	0.004780387622	488.3876953	0.323089309459
487.8633728	0.004201741161800001	488.5033264	0.290860241242
487.9786377	0.008066101814	488.618988	0.11519863691
488.0939026	0.0821922847747	488.7346497	0.044024886099
488.2091675	0.3944782927153	488.8503113	0.021978909145000003
488.3244629	0.5738558162901	488.9659729	0.012914148621
488.4397278	0.3127693002513	489.0816345	0.008509126254999999
488.5550232	0.1738852593255	489.1972961	0.009362074195
488.6703186	0.092031959215	489.3129883	0.018106414936
488.785614	0.0428181942541	489.4286499	0.014889326994
488.9009094	0.019546885275899997	489.544342	0.007033751116
489.0162048	0.0157927146049	489.6600342	0.0035319719480000006
489.1315002	0.0261004637453	489.7757263	0.003904381763
489.2468262	0.030632638373000003	489.8914185	0.00277318516188
489.3621216	0.010826920861199999	490.0071106	0.0043904316264
489.4774475	0.0052486518397000005	490.1228333	0.0014927557786000001
489.5927734	0.0037328648617000002	490.2385254	0.0014929515892
489.7080994	0.0034254712522000003	490.354248	0.0012748632579999992
489.8234253	0.0037144037051	490.4699707	0.0017071039182
489.9387512	0.0022693794449999997	490.5856934	0.001454382669
490.0540771	0.003535117139	490.701416	0.0038009132259999995
490.1694336	0.00035555847000000003	490.8171387	0.008508637551999999
490.28479	0.0010783709004	490.9328613	0.005755749648
490.400116	0.00176465731756	491.048584	0.001901061184197
490.5154724	0.0052850419741	491.1643372	0.00270206870984
490.6308289	0.0134629081047	491.2800903	0.0017036478969999999
490.7461853	0.0131925734002	491.3958435	-5.6056772000000026e-05
490.8615723	0.006006902316900001	491.5115662	0.0016137068159999997
490.9769287	0.005700812035100001	491.6273499	0.00259424356
491.0923157	0.0026494621856	491.743103	0.0009948425288
491.2076721	0.0019092651489	491.8588562	0.000497565663
491.3230591	0.0012586318775	491.9746399	0.0017068198652000002
491.438446	0.0008623317699	492.0903931	0.000638888102
491.553833	0.0026678441788	492.2061768	0.00147383369
491.66922	0.00203555892259	492.3219604	0.0005681535108
491.7846375	0.00129527120556	492.4377441	0.0008175261901
491.9000244	-0.001250970920789	492.5535278	0.00012137694299999956
492.0154419	0.0017643967294000001	492.6693115	0.0019195525091
492.1308594	0.003083274467	492.7850952	-0.0009427950720000001
492.2462463	0.0026850588624	492.9009094	0.0006367927420000002
492.3616638	0.0014760764026	493.0167236	0.000727879117
492.4771118	-7.769837999999996e-05	493.1325073	0.0022373788519999996
492.5925293	-7.760769199999999e-05	493.2483215	0.00122587068478
492.7079468	0.0022338847051	493.3641357	0.0011533540669999998
492.8233948	0.0045286613750000005	493.47995	0.008189675282
492.9388123	0.002920975909	493.5957947	0.0430843774214
493.0542603	0.002613967634	493.7116089	0.048843489955
493.1697083	0.002179940175971	493.8274536	0.020448901927
493.2851562	0.004995429306	493.9432678	0.0084573538624
493.4006042	0.04384701651489	494.0591125	0.006040029461
493.5160522	0.08995536758270001	494.1749573	0.003127142292
493.6315308	0.064030481791	494.290802	0.002203264594
493.7469788	0.033213527286560005	494.4066467	0.0031434895929999995
493.8624573	0.0199620660231	494.522522	0.0019175943460000002
493.9779358	0.0111891090655	494.6383667	0.003960139584000001
494.0934143	0.005320581491000001	494.7542419	0.0026112075431000002
494.2088928	0.0041478532945	494.8700867	6.827246400000018e-05
494.3243713	0.0027933448438	494.9859619	0.0018131666434399998
494.4398499	0.00234245390989	495.1018372	0.0006022967870000003
494.5553589	0.0028660453827	495.2177124	0.0022405214840000003
494.6708374	0.0029025373518	495.3335876	0.0025061827041
494.7863464	0.0023423065863	495.4494934	0.0002481536939999999
494.9018555	0.0026495416826	495.5653687	0.0011721587509000001
495.0173645	0.0019999170326000003	495.6812744	-0.00017957296199999986
495.1328735	0.0003923677141	495.7971497	0.0009225218089999997
495.2483826	0.0021442755825000002	495.9130554	0.0012955772690000002
495.3638916	0.0011868381118000002	496.0289612	0.0024870646303
495.4794312	0.0014214290711000001	496.1448669	0.00017646956199999977
495.5949402	0.00250568171	496.2607727	0.0007974584589999999
495.7104797	0.00272158486759	496.376709	0.0016160566590000002
495.8260193	-0.00011380494099999983	496.4926147	-0.0001624720169999998
495.9415588	0.0005729914991999999	496.608551	0.00019316934000000036
496.0570984	0.003191571683	496.7244873	0.020837844346
496.1726379	0.0007538192294000001	496.8403931	0.050119103394000004
496.288208	0.0007179279346	496.9563293	0.0367599177418
496.4037476	0.0007174859784	497.0722961	0.014585164839
496.5193176	0.012849458455310001	497.1882324	0.00669931341
496.6348877	0.055744466250899995	497.3041687	0.004673653981
496.7504272	0.0814518928639	497.4201355	0.006874926272
496.8659973	0.0458145680929	497.5360718	0.017164427326
496.9815979	0.026262671863100003	497.6520386	0.012861669527999999
497.097168	0.016460472371999997	497.7680054	0.0028230296450000004
497.212738	0.00929289975426	497.8839722	0.002752167639
497.3283386	0.0168569188136	497.999939	0.0029152615464
497.4439087	0.0261548166577	498.1159058	0.0016341760057000001
497.5595093	0.0169292130489	498.2319031	0.004334506812
497.6751099	0.009022848331	498.3478699	0.0011381818335
497.7907104	0.0058443429296	498.4638672	0.002575047547
497.906311	0.0033176955187	498.5798645	0.0017765557863
498.0219116	0.0038410942071	498.6958313	0.0011353327430000002
498.1375427	0.0020723002958	498.8118286	0.0014747049938
498.2531433	0.00042839499639999996	498.9278564	0.0007811308609999999
498.3687744	0.0014042371185	499.0438538	0.00198993471022
498.4844055	0.0021268002459999998	499.1598511	0.0031432742249999997
498.6000366	0.0014763143262999999	499.2758789	0.0012434613889
498.7156677	0.001168093528	499.3918762	0.00158123768932
498.8312988	0.0035529324090000005	499.5079041	0.0013513060983
498.9469299	0.0022344400637	499.6239319	0.0008534614174
499.0625916	0.00221599020756	499.7399597	0.0013465476230000006
499.1782227	0.0016204688289000002	499.8559875	0.0017233335602
499.2938843	0.0006812886858999999	499.9720459	0.0030911386133
499.4095459	0.00145777375296	500.0880737	0.0020598077680000003
499.5252075	0.0007901978388	500.2041016	0.0019533042789999996
499.6408691	0.0010248229373	500.3201599	0.0017239014851
499.7565308	0.0010788468644	500.4362183	0.001263137558
499.8721924	0.000933445641	500.5522766	0.0007784967309999993
499.987854	0.0022343154706	500.668335	0.0013506500982
500.1035461	0.0017464793927000001	500.7843933	0.0004446468665
500.2192383	0.002306959359	500.9004517	0.0011543528527
500.3348999	0.001421066351	501.0165405	0.0022032743147999997
500.450592	0.00151202433329	501.1325989	0.024053276981000002
500.5662842	0.0031906308727000002	501.2486877	0.08583170568859999
500.6820068	0.0015304516419000001	501.3647766	0.08547709451300001
500.797699	0.0022338394773	501.480835	0.0364580251632
500.9133911	0.010087188621	501.5969238	0.013999356769
501.0291138	0.07887044945058999	501.7130432	0.007178617874
501.1448364	0.1724588596777	501.8291321	0.0036945859900000006
501.2605286	0.1267114359815	501.9452209	0.013538132826
501.3762512	0.07038544052880001	502.0613403	0.034427166918999996
501.4919739	0.04195136173366	502.1774292	0.0262235090511
501.6077271	0.0214968692053	502.2935486	0.011052414542
501.7234497	0.0157737436259	502.409668	0.0039615885474
501.8391724	0.0400921103716	502.5257874	0.002928142436
501.9549255	0.057476724324	502.6419067	0.001580493641
502.0706787	0.0379799383567	502.7580566	0.0016346069098000001
502.1864014	0.0221824888728	502.874176	0.0020224135360000003
502.3021545	0.0114780191777	502.9902954	0.001470632385000001
502.4179077	0.007757880957499999	503.1064453	0.00113546988
502.5336609	0.0040939766335	503.2225952	-0.0008709638787
502.6494446	0.0002656998695000001	503.3387451	0.0017226482740000002
502.7651978	0.0023068233276	503.454895	0.0009786714800000002
502.8809814	0.0006444454190000001	503.5710449	0.0030914911108000003
502.9967346	0.0012950446399	503.6871948	0.0025599436341000002
503.1125183	0.0004281230510000001	503.8033752	0.00016000473803999999
503.228302	0.001006146311	503.9195251	0.000549407443
503.3440857	0.0005189335205999999	504.0357056	0.0010104258540000006
503.4598694	0.0009888862697	504.1518555	0.0009771441623499999
503.5756836	0.00012184002115999998	504.2680359	0.0014036864451999998
503.6914673	-0.0002033122292	504.3842163	0.0008157931740000002
503.8072815	0.00015753862680000007	504.5003967	0.00193661452807
503.9230652	0.0021082935855	504.6166077	0.002699572244
504.0388794	0.0005370095314	504.7327881	0.0020426871487999997
504.1546936	0.0022346213807	504.848999	-5.370698639999992e-05
504.2705078	0.0020358536857	504.9651794	0.0006001722059999996
504.386322	0.0022706940653	505.0813904	0.0012775757349999996
504.5021667	-0.0006007910707	505.1976013	0.003109992249
504.617981	0.0001938039495	505.3138123	0.0018302384417
504.7337952	0.0014935291260999998	505.4300232	0.0013839513990000002
504.8496399	0.0007894611914	505.5462341	-0.0007122172980000003
504.9654846	0.0021975743006	505.6624451	0.0008529816113999999
505.0813293	0.0010603628760999999	505.7786865	0.0017230497329
505.1971741	0.0026676289271	505.894928	0.0014566639439
505.3130188	0.00273955883296	506.0111389	0.0017744605430000003
505.4288635	0.0014214744149	506.1273804	0.00122393202
505.5447388	0.001079073525	506.2436218	0.00033781061936
505.6605835	0.0023065740534	506.3598633	0.006876531989
505.7764587	0.0006814133376	506.4761047	0.04904846754
505.892334	0.000933695119	506.5923767	0.079985418359
506.0081787	-0.00016710362891099998	506.7086182	0.0447542408373
506.124054	0.0008975657985	506.8248901	0.019468843938
506.2399597	0.0218937368496	506.9411316	0.006876776809
506.355835	0.1026645139471	507.0574036	0.0038359768220000002
506.4717102	0.14270662715889998	507.1736755	0.0037136942847
506.587616	0.08397961928589999	507.2899475	0.0015438634440000003
506.7034912	0.0496780210857	507.4062195	0.002823421266
506.819397	0.027092761129	507.522522	0.0016879956815
506.9353027	0.01404101145059	507.6387939	0.002362373518
507.0512085	0.00793892393266	507.7550964	0.002362765081
507.1671143	0.0043461107709	507.8713684	0.0020418451160000004
507.28302	0.0034440459563999997	507.9876709	0.002342971508
507.3989563	0.0011149308265	508.1039734	0.0018473394453
507.5148621	0.0036781044913	508.2202759	0.0008512975179999997
507.6307983	0.002632270218	508.3365784	0.0036793352920999997
507.7467346	0.00174689875	508.4529114	0.002184273907
507.8626404	0.0011693060515000002	508.5692139	0.0020957625240000002
507.9785767	0.0011509694377	508.6855469	0.0013998285860000008
508.0945129	-0.0007276175310999999	508.8018494	0.0013683876022
508.2104797	0.0011152254883	508.9181824	0.00252293138365
508.326416	0.0002842178219	509.0345154	0.0021311494050000003
508.4423523	0.0012413946388	509.1508484	0.0007638632524
508.5583191	0.00030264512315	509.2671814	0.0010316686239999998
508.6742859	-0.00027614878500000005	509.3835144	0.0024862815630000003
508.7902527	0.0020904783160000003	509.4998779	0.001243451552
508.9062195	0.0007896199241	509.6162109	0.0011707097290000004
509.0221863	0.0014040104579	509.7325745	0.001544793369
509.1381531	0.0013851412809999996	509.848938	0.0015463893356
509.2541199	0.0021983335027	509.965271	0.000601797831
509.3700867	0.00293820185519	510.0816345	0.0013506794347999999
509.486084	0.00107863148856	510.197998	0.002969609574
509.6020813	0.0008802604279	510.3143921	0.0014383781239999999
509.7180786	-0.0002398834914	510.4307556	0.0005841189990000006
509.8340454	0.0027397854142	510.5471497	0.0025391804519999998
509.9500427	0.0010249249172	510.6635132	0.0024687300899999993
510.0660706	8.538208199999995e-05	510.7799072	0.0016348908541
510.1820679	0.0011879260712	510.8963013	0.0011010031444
510.2980652	-0.00042080192399999994	511.0126953	0.002505840035
510.414093	0.00077182723909	511.1290894	0.0014531584450000008
510.5300903	0.0008258738526	511.2454834	0.00158129644122
510.6461182	-7.644042480000002e-05	511.3618774	0.0014921977419
510.762146	0.00131333585126	511.478302	0.00028096558500000004
510.8781738	0.0007359246083	511.594696	0.0008519242990000001
510.9942017	0.0010784049229	511.7111206	0.0020415903999999995
511.1102295	0.00033872907624	511.8275452	0.001296977369803
511.2262878	0.00077231456091	511.9439392	0.0012235702009999998
511.3423157	-0.00141311076	512.0603638	0.0036933913360000003
511.458374	0.0021080669246999998	512.1768188	-0.00032253097799999925
511.5744324	0.00057320682571	512.2932129	8.756644100000027e-05
511.6904602	0.0017469326555	512.409668	0.0007634814247
511.8065186	-0.00014925427959999998	512.526123	0.0010122276145
511.9225769	0.0016929087578	512.6425781	0.0007257056419999993
512.0386353	-5.258479999999989e-06	512.7590332	-5.3344700059999997e-05
512.1547241	-0.00016750028589999997	512.8754272	0.00035455915999999996
512.270813	0.0017469779702	512.9918823	-0.0003042644820000001
512.3868408	-0.00025739285414	513.1083374	0.0014575549426
512.5029297	0.0016928974657	513.2248535	0.0018295138724
512.6190186	0.001168954712971	513.3413086	0.0014937251105000002
512.7351074	0.0020360123014	513.4577637	0.0011362334480000001
512.8511963	0.0023608020276	513.5742188	0.0005485163999999999
512.9672852	0.0008264517973890001	513.6907349	0.00042465748299999996
513.083374	0.001494152355	513.8071899	0.002202168107
513.1995239	0.0021446495666	513.923645	0.0003546179509999999
513.3156128	0.0019269218610999997	514.0401611	0.0017948123278
513.4317017	0.0014946396982	514.1566772	0.0020073882186
513.5478516	0.0008444371342	514.2731323	1.6753561999999916e-05
513.6639404	0.00010340136949999997	514.3896484	0.0038547815059999995
513.7800903	0.0006990474068	514.5061646	0.016182382595999998
513.8961792	-0.0004745651971	514.6226807	0.01755278243
514.0123291	0.0020360576452	514.7391357	0.011493629776999999
514.128418	-0.00018511160309	514.8556519	0.032938930435
514.2445679	0.00571842303889	514.972168	0.039637250822
514.3607178	0.024637692609999998	515.0886841	0.020451368299
514.4768677	0.03406152036	515.2052612	0.009201839331
514.5930176	0.0301085271202	515.3217773	0.0031241951509999996
514.7091675	0.0606364710967	515.4382935	0.0028930008409999994
514.8253174	0.0766141770853	515.5548096	0.0031979357878
514.9414673	0.044586963424300005	515.6713867	0.002165224403
515.0576172	0.0284297951697	515.7879028	0.002078083693
515.1737671	0.0133727100589	515.9044189	0.002929611365
515.289917	0.0093473769085	516.0209961	0.0007471440479000001
515.4061279	0.0036598808362	516.1375732	0.0032674758699999997
515.5222778	0.0041479551583	516.2540894	0.00013972166900000013
515.6384888	0.0033356468779	516.3706665	0.0013838633899999997
515.7546387	0.002595880418	516.4872437	0.003231824609
515.8708496	0.0009155964362	516.6037598	0.004210236773
515.9869995	0.00037412176629999995	516.7203369	0.0038188855399999997
516.1032104	0.0020717336592000002	516.8369141	0.002752069849
516.2194214	0.0013134945911999999	516.9534912	0.001260660356
516.3355713	0.00207156372956	517.0700684	0.0027728621494000003
516.4517822	0.003516780445	517.1866455	0.0004939823410000004
516.5679932	0.002143504797	517.3032837	0.0017412375605
516.6842041	0.0035707479110000002	517.4198608	0.0012234915049999994
516.800415	0.0041295844563	517.536438	-0.0001958616195
516.916626	0.002757884096	517.6530762	0.00044229696500000006
517.0328369	0.002071620375971	517.7696533	0.0007109640428
517.1491089	0.00071758796546	517.8862305	0.0009215720929999999
517.2653198	0.0011872687319	518.0028687	0.002148877131
517.3815308	0.0015487655478	518.1194458	0.0028047440579999994
517.4978027	-0.0010702565123	518.236084	0.0005687898665
517.6140137	-0.0009615173039	518.3527222	0.0013143330582999998
517.7302856	0.0025774303942000002	518.4693604	-0.00010965112600000004
517.8464966	0.0030458871621999997	518.5859375	0.00127923007468
517.9627686	0.0038406068047	518.7025757	0.0021472908559999997
518.0789795	0.0009339557145000001	518.8192139	0.0009406704919999998
518.1952515	0.00024739722699999986	518.9358521	0.0008897098010000001
518.3115234	0.0004101943337999999	519.0524902	0.0028591409790000005
518.4277954	-0.00040264660499999996	519.1691284	0.006964338187
518.5440674	-0.0011242351029	519.2858276	0.0049215288312
518.6603394	0.0006449327337	519.4024658	0.003623743774
518.7766113	0.001006837585	519.519104	0.00044268858600000037
518.8928833	0.0025591618035	519.6357422	0.00211210968
519.0091553	0.001132190809	519.7524414	0.0011910517328399999
519.1254272	0.0005367715494	519.8690796	0.00129622349
519.2416992	0.001782314037	519.9857788	0.0021491121729999996
519.3580322	0.00106128085646	520.102417	0.00042574422
519.4743042	0.0012051746742	520.2191162	0.0006022478920000001
519.5906372	0.0020360916969	520.3358154	0.0008365070680000002
519.7069092	0.0014218711588	520.4524536	0.0020779857880000004
519.8232422	0.0010065656242	520.5691528	-0.00041080685399999973
519.9395142	0.0009700850059	520.6858521	0.002503039548
520.0558472	0.0015308028958	520.8025513	0.00113768245112
520.1721802	0.0004647169262	520.9192505	0.0013847445369999998
520.2884521	-0.0015040573492	521.0359497	0.0007826778458
520.4047852	-0.00022156952759999995	521.1526489	0.0013841083270000002
520.5211182	0.00073610594334	521.2693481	0.0007991620800000001
520.6374512	-0.0001307816711	521.3860474	0.0006544226779999999
520.7537842	0.0004102623789999999	521.5028076	0.0028268579623
520.8701172	0.00107873347559	521.6195068	-0.0007642940763
520.9864502	0.0012415192904999999	521.7362061	0.0009953124973
521.1027832	0.0012231939907000001	521.8529663	0.0016170847806999998
521.2191772	0.0006633600569	521.9696655	0.0014223051253
521.3355103	0.00100644097996	522.0864258	0.0020810212010000002
521.4518433	0.0008441197860000001	522.203125	0.0004610038589999998
521.5682373	0.0004825322538999999	522.3198853	0.0013462053609999995
521.6845703	0.00030253179278999997	522.4366455	0.0025380547159999994
521.8009644	0.0005367149133999999	522.5534058	0.004405222134999999
521.9172974	0.0025047184607	522.670105	0.0009759399110000001
522.0336914	0.00113282542566	522.7868652	0.001045558601
522.1500854	0.00153005494189	522.9036255	0.0016884557551
522.2664185	0.0034077807505999997	523.0203857	0.0011938810349999994
522.3828125	-0.0007995134951	523.137146	0.0013493382140000003
522.4992065	-0.00025773281230000004	523.2539062	-0.0007826287762
522.6156006	-4.08097985e-05	523.3707275	0.001029710401
522.7319946	0.0008074238428000001	523.4874878	0.0007623748389999998
522.8483887	-0.0003290394087	523.604248	-0.0004616990336
522.9647827	0.0006269474398	523.7210083	0.001224186737
523.0811768	-0.00043802794973	523.8378296	0.00039195339199999974
523.1976318	-0.0004385492645	523.9545898	0.0021328334697
523.3140259	-9.501504250000004e-05	524.0714111	-5.442183499999994e-05
523.4304199	0.0013318198616	524.1881714	-0.0007648913305999999
523.546875	0.0008804870886000001	524.3049927	-0.0008537942777999999
523.663269	0.00026623252056	524.421814	0.00090462761
523.7797241	0.00060938143	524.5385742	0.0022014237469999997
523.8961182	0.0012228653065	524.6553955	0.0012085248018
524.0125732	0.0006640400388	524.7722168	0.0012801406268
524.1289673	0.0005367374977000002	524.8890381	0.0020071925832
524.2454224	0.0005913961213	525.0058594	0.0012762928380000002
524.3618774	0.0011864868578	525.1226807	0.0016671931369999999
524.4783325	0.0004647395835	525.239502	0.002005900024
524.5947876	0.0008260098038	525.3563232	0.0005147940827000001
524.7112427	0.0009163897193	525.4731445	0.002557867905
524.8276978	0.0021441395511	525.5900269	0.003625084996
524.9441528	0.0007179506356	525.7068481	0.0027177307059999996
525.0606079	0.0013495104791900001	525.8236694	0.0004943739619999998
525.177063	-0.00027553682591	525.9405518	0.002341924234999999
525.2935181	0.00183689328696	526.057373	0.0018996903670000002
525.4100342	0.0023064719285	526.1742554	0.0015092988039999999
525.5264893	-0.00020403752600000008	526.2910767	0.0029157902458999997
525.6429443	0.0014220410958	526.407959	0.0009058221471000001
525.7594604	-0.0006729816742	526.5248413	0.0006895549589999994
525.8759155	0.00021232190925000001	526.6417236	0.0002468810420000003
525.9924316	-0.0009080486777000001	526.7585449	0.0013684659498
526.1089478	-0.00078131285954	526.8754272	0.0029319711033999997
526.2254028	0.0009158684409000001	526.9923096	-0.0006960951719999992
526.3419189	-0.00025710952469999997	527.1091919	0.0005501222329999998
526.4584351	-0.0010345351765	527.2260742	0.0026815605819999998
526.5749512	-0.0002214675478	527.3429565	0.0021687979386999998
526.6914673	0.0023966706798	527.4598389	-0.00031925074300000016
526.8079834	-0.000618323098429	527.5767822	0.0009948914592
526.9244995	0.0011505841394	527.6936646	0.0015990926622
527.0410156	0.0006822406717000001	527.8105469	0.0014575940145
527.1575317	0.0029385193487	527.9274902	0.0017957131492999999
527.2740479	0.0015125342761	528.0443726	-0.0007654887160000001
527.390564	0.0005368848797	528.1613159	0.0006173122680000007
527.5071411	0.00017614727944	528.2781982	-0.0027016478704
527.6236572	0.0009524283377000001	528.3951416	0.001384176779
527.7401733	-0.00020359555499999994	528.5120239	0.0009751077740000002
527.8567505	-0.00029338613243999997	528.6289673	0.003056789515
527.9732666	0.0015668188575	528.7459106	0.0022740284913
528.0898438	-0.00060063241286	528.862854	0.003462823573
528.2064209	0.0008800338108999999	528.9797974	0.004033360921
528.322937	3.051955700000006e-05	529.0966797	0.0032497090290000002
528.4395142	0.0020545642474999997	529.213623	0.002485997509
528.5560913	0.0007718838751000001	529.3306274	0.001331130508
528.6726685	-4.1387742000000005e-05	529.4475708	0.00047741923400000056
528.7892456	0.0058272645114	529.5645142	0.00028483307659999996
528.9058228	0.007939774077	529.6814575	8.811475800000004e-05
529.0223999	0.0032805575760000002	529.7984009	0.00083310972
529.1389771	0.00143981109429	529.9154053	0.00040868230282000003
529.2555542	0.0021797135999	530.0323486	-0.00025206012599999963
529.3721313	0.0004830989056	530.149292	-0.0003916106069
529.4887085	0.0006451934458999999	530.2662964	0.001189259812
529.6053467	0.0007541365557499999	530.3832397	-0.00014208119680000003
529.7219238	0.001729026728	530.5002441	0.0022564868264
529.838562	-0.0003478407161	530.6172485	0.0005143631710000003
529.9551392	-0.000275151513	530.7341919	0.0004405737850000004
530.0717773	0.000356419725	530.8511963	0.0014214434484
530.1883545	0.0007538079371	530.9682007	0.0012597301970000002
530.3049927	-0.00029380546769999994	531.0852051	0.0011337464680000004
530.4216309	0.002794648055	531.2022095	0.0015777526420000009
530.538208	0.00037482437806	531.3192139	0.0019178586079999999
530.6548462	0.0016379556041	531.4362183	0.0019887010570000005
530.7714844	0.00030222578789999995	531.5532227	0.001191932824
530.8881226	-0.0001675456297	531.6702271	0.0003367336470000001
531.0047607	0.0017112568019	531.7872314	0.0007275657260000002
531.1213989	0.0008437118668999999	531.9042969	0.0007819434686
531.2380371	0.00055555013385	532.0213013	0.00035320781200000014
531.3546753	0.0005189448857	532.1383057	0.00035714404600000003
531.4713135	0.0001403013302	532.2553711	0.00028282590199999987
531.5880127	0.0008437231591	532.3723755	0.0013856649165999999
531.7046509	0.00013997266433	532.4894409	-0.0004461840729999998
531.8212891	-0.0008177368440000001	532.6064453	0.00047952463500000006
531.9379883	0.0005010728928	532.7235107	-0.00048106187000000007
532.0546265	0.000609472103	532.8405762	0.001598005882
532.1713257	0.0005370208382	532.9575806	5.1034148000000425e-05
532.2879639	-0.0009082413747999999	533.074646	0.0002478600940000002
532.4046631	0.00104327282357	533.1917114	-1.3953539999998418e-06
532.5213623	0.00028400251180000005	533.3087769	-0.0003040586589999998
532.6380005	0.0009702210082000001	533.4258423	0.001277438365
532.7546997	-0.0003297647636	533.5429077	0.0014183889140000003
532.8713989	0.001801398641	533.6599731	0.0013508067641
532.9880981	0.001061303496211	533.7770386	0.00045934924800000027
533.1047974	0.0008258171435999999	533.894104	0.0019728042534
533.2214966	0.001042014919	534.0112305	0.0013475557790000002
533.3381958	0.0021449894996	534.1282959	0.00160228461
533.454895	0.0008077071687000001	534.2453613	-0.0005689171085000001
533.5715942	0.0015482442978	534.3624878	0.0009759985849999999
533.6883545	0.0004280323629999999	534.4795532	0.0012779671229999996
533.8050537	1.322553730000002e-05	534.5966797	0.00030229642290000003
533.9217529	0.0016923648219000001	534.7137451	0.0019689658660000005
534.0385132	0.0006091547548	534.8308716	0.0018457339620000005
534.1552124	-0.00011352158620000011	534.947998	0.0017607080520000002
534.2719727	0.0016386128555	535.0650635	-0.0003388288889999999
534.3886719	0.00044695827809999996	535.1821899	0.00318130455
534.5054321	0.0017475673816	535.2993164	0.0028784746538
534.6221924	0.0023246839991999998	535.4164429	0.002930502291
534.7388916	0.00024779385420000007	535.5335693	0.0005489864849999998
534.8556519	-0.0002578801941000001	535.6506958	0.0014013173060000005
534.9724121	0.00080837584576	535.7678223	0.0008334622260000001
535.0891724	0.0008257038717000001	535.8849487	0.002342295833
535.2059326	-0.0014674633855	536.0020752	-0.0006413650700000002
535.3226929	0.0011691020917999999	536.1192017	0.0007279966377000001
535.4394531	0.0016385334892000001	536.2363892	0.0011329827830000002
535.5562134	-0.00079941150761	536.3535156	0.00033523561399999985
535.6729736	0.0005736941239	536.4706421	0.0010485347594
535.7897339	0.00021155131989999997	536.5878296	0.0008684869390000001
535.9065552	0.0008441764802999999	536.7049561	0.001722100191
536.0233154	-0.0002758541378	536.8221436	0.000530377496
536.1400757	0.0016568020798	536.93927	0.0018123344195000001
536.256897	0.0002842291578	537.0564575	0.0007649598409999998
536.3736572	0.001043227545789	537.173645	0.0005327763501
536.4904785	0.0009519977614000001	537.2908325	0.0011366349067
536.6072388	-0.00013128033610000005	537.407959	0.0026838221818
536.7240601	0.0012772065671	537.5251465	0.00021386344420000003
536.8408813	0.0009164123912	537.642334	0.00214848551
536.9576416	0.0021620681799	537.7595215	0.0018118839358999999
537.0744629	-5.833042090000007e-05	537.876709	0.001885643927
537.1912842	-0.0007631349144	537.9938965	0.0022560072247999998
537.3081055	0.0008438591759	538.111084	0.0028601984376
537.4249268	0.00026625519236	538.2283325	0.0027549485090999997
537.541748	0.0002837645589000001	538.34552	-0.0003026586491999999
537.6585693	0.001079073525	538.4627075	0.00012196460700000019
537.7753906	-0.000149038983211	538.579895	0.000692736969
537.8922119	0.00044616497999999997	538.6971436	0.0014929809837999999
538.0090942	0.0015128743474300001	538.8143311	0.002983704908
538.1259155	0.00012143200720000002	538.9315796	0.0024149983650000005
538.2427368	0.0006091207906	539.0487671	0.0015097980508
538.3596191	-0.00023956617220000006	539.1660156	0.003659629961
538.4764404	0.00153092765719	539.2832642	0.001508427551
538.5933228	0.0011329841072	539.4004517	0.00031851651200000015
538.710144	-4.9524823999999535e-06	539.5177002	0.0003913462278
538.8270264	0.0007170099411999999	539.6349487	0.0013351452070000003
538.9439087	0.0011693174019	539.7521973	0.0015985444774
539.06073	0.0024509664797	539.8694458	0.0019711104689999997
539.1776123	0.00080784317836	539.9866943	0.0010462924840000001
539.2944946	0.0007349953519999999	540.1039429	0.0007444710930000001
539.411377	0.0010971041629000001	540.2211914	0.0010107981500000005
539.5282593	0.0013499185443	540.3384399	0.0041401188354
539.6451416	0.001132746169	540.4556885	0.000158408889
539.7620239	0.0006094154232	540.572937	-7.105283476e-05
539.8789062	0.0009161177587	540.6902466	0.0003726395081999999
539.9957886	0.0016202082334	540.8074951	0.0015466634355
540.1126709	0.00077180456719	540.9248047	-0.0021164667559999996
540.2295532	0.00012143200720000002	541.0420532	0.0034110011762
540.3464966	-0.0009253426834	541.1593628	0.0005138148560000001
540.4633789	0.0027397287626000004	541.2766113	0.0011003373660000001
540.5802612	0.0024873111398	541.3939209	0.00227323547
540.6972046	0.00066348470859	541.5111694	0.0016153226609999997
540.8140869	0.0016569494619	541.628479	-0.00025033717899999993
540.9310303	0.001782314037	541.7457886	0.0025953011645
541.0479736	0.0009525416826000001	541.8630981	0.00151019958668
541.164856	0.0016567794955000001	541.9804077	0.002645018511
541.2817993	-0.00020379951440000009	542.0976562	0.0034288562606
541.3987427	0.0010242563151000002	542.2149658	0.0014561938589999998
541.515686	-4.075311879999998e-05	542.3323364	0.0012444110397
541.6325684	0.0016745494795	542.449646	0.0022546756080000004
541.7495117	0.00039333099240000007	542.5669556	0.0010829914829999997
541.8664551	0.00048271362900000005	542.6842651	0.00122656589912
541.9833984	0.0014217804857	542.8015747	0.0017230006048
542.1004028	-5.903304550000004e-05	542.9188843	0.0019529908889999999
542.2173462	0.0004465616657	543.0362549	0.000514421961
542.3342896	0.0013854811403	543.1535645	-0.0001247353503
542.4512329	0.0025781103177999996	543.2709351	0.00031886866799999986
542.5681763	-0.00022192089800000011	543.3882446	0.0009735217309999999
542.6851807	0.00223411149831	543.5056152	-1.22864700000027e-06
542.802124	0.0014580570861	543.6229248	0.0007619149979999997
542.9191284	-0.00043774466031	543.7402954	-0.0009250771260000002
543.0360718	-0.0003479993611	543.857666	0.000993041322
543.1530762	0.0005730708071000001	543.9750366	0.0009414831589
543.2700195	-0.00022227224000000005	544.0923462	0.0028611972229999998
543.3870239	0.0018555131971	544.2097168	0.0005509348411000001
543.5040283	0.0011152708321	544.3270874	0.0030536074189999995
543.6209717	0.0004825096696	544.444458	0.0017074466449999999
543.7379761	0.0009152111600000002	544.5618286	0.0029122948180000004
543.8549805	0.0001762039392	544.6791992	0.0033924705340000003
543.9719849	3.139214829999998e-05	544.7965698	0.00198987584232
544.0889893	0.0002663798295	544.9140015	0.0007626099979999999
544.2059937	-2.2677137200000005e-05	545.0313721	0.0012597301970000002
544.322998	0.00019439321479999995	545.1487427	0.003444929374
544.4400024	0.0005548248884	545.2661133	0.001454304438
544.5570068	-0.0010878451722	545.3835449	0.001562403515
544.6740723	0.0008618104326999999	545.5009155	0.003926133038000001
544.7910767	0.00026623252056	545.6183472	0.004174125381
544.9080811	0.0017107354069	545.7357178	0.00161585107
545.0251465	0.0007535359474000001	545.8531494	0.0016168693255000002
545.1421509	0.0013679037802	545.9705811	0.0018125106579
545.2592163	0.00140360242926	546.0879517	0.002023666864
545.3762207	0.0017099081310000001	546.2053833	0.0029664862669999997
545.4932861	0.003336372087	546.3228149	0.0012061065060000003
545.6102905	0.0027035768578	546.4402466	0.001350287840197
545.727356	0.0008255678694	546.5576782	0.0030207760278999998
545.8444214	0.0030468277396000004	546.6750488	-0.0008014137849999999
545.9614868	0.0023427373382	546.7924805	0.0011019431404
546.0785522	-4.1229068300000036e-05	546.9099731	0.002398533773197
546.1956177	0.0013861157931	547.0274048	0.0009058024734000001
546.3126221	-0.0004022386565	547.1448364	0.0014031379837
546.4296875	-0.0002932954885	547.2622681	0.0016697979301
546.546814	0.0016207748559	547.3796997	0.0037820204159999997
546.6638794	-0.00011254704439999996	547.4971924	0.00010549975500000024
546.7809448	0.000590682146	547.614624	0.0009558917950000002
546.8980103	-0.0002033235796	547.7320557	0.004496690119
547.0150757	0.002288498101	547.8495483	0.001492824289
547.1322021	0.0014403097448	547.96698	0.0008360273789
547.2492676	-0.0011789163696	548.0844727	0.00019293418199999978
547.366333	-0.00011305701620000001	548.2019653	0.0019888381930000002
547.4834595	-0.0004931625439999999	548.319397	0.0024678194899999998
547.6005249	-0.0005827377463	548.4368896	0.00083551823444
547.7176514	0.0009162083765709999	548.5543823	0.0016156160269999997
547.8347778	-0.00016742094889999996	548.671875	-0.00012492132349999996
547.9518433	0.0011690453827999999	548.7893066	0.0004084473184
548.0689697	0.0016930107377	548.9067993	0.0031791017390000002
548.1860962	-2.30058213e-05	549.024292	0.0029138615644
548.3032227	-0.0002390335721	549.1417847	0.0015301986130000001
548.4203491	0.0019275337686999999	549.2592773	0.0009924825279999999
548.5374146	-0.00056450315056	549.3768311	0.0012968696975
548.654541	0.0007173613412999999	549.4943237	0.0014740099429999998
548.7716675	0.0006997046439	549.6118164	5.001574699999966e-05
548.888855	-5.903304550000004e-05	549.7293091	0.003924566554
549.0059814	0.0006815946981	549.8468628	0.007744494356
549.1231079	0.0012235566974	549.9643555	0.00925653024232
549.2402344	-0.0003839813579999999	550.0818481	0.005077582786
549.3573608	0.0023254660191	550.1994019	0.0033398357339
549.4745483	0.0012051746742	550.3168945	0.001118260901
549.5916748	0.00057317279426	550.4344482	0.0011549500341
549.7088623	0.0017101687260999998	550.552002	0.0019013940471
549.8259888	0.004365036963	550.6694946	0.0020961835984000003
549.9431763	0.0038768379452999995	550.7870483	0.0023276621065
550.0603027	0.004040258704	550.9046021	0.002022648696
550.1774902	0.0014213724059999999	551.0221558	0.002643471584
550.2946167	0.0010605215063	551.1397095	0.0034286212757999998
550.4118042	0.0016207635635	551.2572021	0.00017411960300000012
550.5289917	0.0023606206523	551.3747559	0.002293988597
550.6461792	0.0021800874963	551.4923096	0.00047738058500000017
550.7633667	0.002090353518	551.6099243	0.001793774427
550.8805542	0.0020895943454	551.727478	0.0030733129822
550.9977417	0.0015481989539	551.8450317	0.002629669587
551.1149292	0.0012052087113	551.9625854	0.0005856363569999999
551.2321167	0.0011150781357	552.0801392	0.0024513841487
551.3493042	-0.00029378276669999996	552.1977539	0.0020785733356
551.4664917	0.0016387261565	552.3153076	0.0025423530025
551.5836792	0.0006093361152899999	552.4329224	0.0007282609292
551.7009277	-0.00023909022279999998	552.5504761	0.00017446232900000021
551.8181152	-0.0012691262233000002	552.6680908	0.0017406892732
551.9353027	0.0018010360366000002	552.7856445	0.0030902966390000002
552.0525513	0.0017100440450000002	552.9032593	0.0017940878173
552.1697388	-0.00027503815360000003	553.020813	0.0003895545379999999
552.2869873	0.0016203328265900002	553.1384277	0.0006903284230000001
552.4041748	0.0018372445482000002	553.2560425	0.00271740742
552.5214233	0.0012954979028	553.3736572	0.001012717051197
552.6386719	0.0006636886682999999	553.491272	0.001971051679
552.7559204	0.0022164888215	553.6088867	-0.0005344115189999999
552.8731079	-0.00027537815920000003	553.7265015	-0.0003575845620000001
552.9903564	0.00030190841030000007	553.8441162	0.0017412766614
553.107605	0.0006270834421	553.961731	0.0005307886750000003
553.2248535	0.00088013579079	554.0793457	0.0001568715090000004
553.3421021	0.0005191488744	554.1969604	0.0013149107401
553.4593506	0.00024849653709999996	554.3145752	-3.541137260000001e-05
553.5765991	0.0013320125581	554.432251	0.0013132656460000005
553.6938477	0.001982135698	554.5498657	0.0009034136310000001
553.8110962	0.0015844868611	554.6674805	0.0011549500341
553.9284058	0.0011150781357	554.7851562	0.0023970457260000006
554.0456543	-0.00065447505764	554.902771	0.0012063318859999997
554.1629028	0.0005192621902	555.0204468	0.0012416988610000003
554.2802124	0.0009524283377000001	555.1380615	0.0017584855666
554.3974609	0.0016204121929000001	555.2557373	0.00033557834099999994
554.5147705	0.00035682772431	555.3734131	0.00045919232100000065
554.632019	0.0007895971937	555.4910278	0.0005325804814
554.7493286	0.0006275593769	555.6087036	0.0005153227539000001
554.8665771	0.0002480885305	555.7263794	0.0004965083210000001
554.9838867	-0.0006553364218	555.8440552	0.0021315019111
555.1011963	-0.0011789957351999998	555.961731	0.0033759080395
555.2185059	0.0005557314724999999	556.0794067	0.006857100409
555.3357544	0.0011150441132	556.1970825	0.008617235754700001
555.453064	-7.649709010000002e-05	556.3147583	0.006890763993
555.5703735	0.0019997017809	556.4324341	0.005167504307
555.6876831	0.0015850195629	556.5501099	0.0035006483090000004
555.8049927	-0.0011426851265	556.6677856	0.0036772011084
555.9223022	0.0023243892641900002	556.7854614	0.0004938449710000003
556.0396118	0.00517681261419	556.9031982	5.205231699999995e-05
556.1569824	0.002505137818	557.020874	0.0021514424002000002
556.274292	0.0028485360087	557.1386108	-9.059184200000021e-05
556.3916016	0.00120510673159	557.2562866	0.0017929226159999999
556.5089111	0.0015117863367	557.3740234	0.0024695229518
556.6262817	0.0002480658877	557.4916992	0.00314550649
556.7435913	-0.00045645522190000004	557.609436	0.0038542037369999997
556.8609619	1.4075485500000015e-05	557.7271118	0.0007444417569999998
556.9782715	0.0012590513508	557.8448486	0.002469992964
557.0956421	0.0028124294477	557.9625854	0.0029471924059999996
557.2129517	0.0010423776113	558.0803223	0.0006934810955000001
557.3303223	0.00160225687419	558.197998	0.0014186534099999999
557.4476929	0.0029740024769000003	558.3157349	0.0002307589748
557.5650024	0.0027763114774999997	558.4334717	0.0013857138398000002
557.682373	0.0026133783394999997	558.5512085	-0.0007646563462
557.7997437	0.00131333585126	558.6689453	0.0013505619718
557.9171143	0.00217999682329	558.7866821	-0.0002857828510000001
558.0344849	0.0013491138814	558.9044189	0.0009068206996
558.1518555	0.0017465926791	559.0222168	0.0021852235368
558.2692261	0.003769731033	559.1399536	0.0002095261589999996
558.3865967	0.00028390053189999997	559.2576904	0.0019707675089999997
558.5039673	-0.0002580274590000001	559.3754883	0.0011366643013
558.6213379	-0.00032978740629999994	559.4932251	-1.8427730000000015e-05
558.7387695	0.0010789715161	559.6109619	0.0006935496352
558.8561401	-5.891974429999999e-05	559.7287598	0.00200664415
558.9735107	-4.2045138999999765e-06	559.8464966	0.00248732911835
559.0909424	-0.0009624352677999999	559.9642944	0.000942902872
559.208313	0.0014225171107	560.0820923	0.002772597829
559.3257446	-0.0003838000339	560.1998291	0.0004948242570000008
559.4431152	-0.0006005077448	560.317627	0.0010808967049999998
559.5605469	0.0017293327251	560.4354248	0.0006563415520000001
559.6779175	0.0003202564548	560.5531616	0.0004959208899999999
559.7953491	-0.0004920745560000001	560.6709595	0.00015959353180000006
559.9127808	0.0010609181773	560.7887573	0.0038367992970000002
560.0301514	0.0010783368487	560.9065552	0.009487117639
560.147583	0.0013678018295	561.024353	0.008471164848
560.2650146	0.0003383211151	561.1421509	0.0073549455264
560.3824463	0.00028493179699999995	561.2599487	0.007960125804
560.4998779	0.0018371992335	561.3777466	0.0033930580833
560.6173096	0.0019101491776	561.4956055	0.0019349888900000002
560.7347412	0.0028114661109	561.6134033	0.002077643294
560.8521729	0.0054119590781000005	561.7312012	0.0012610323032999997
560.9696045	0.0023959678942000002	561.8490601	0.0003162743520000004
561.0870361	0.0018727165294	561.9668579	0.00038542225500000013
561.2045288	0.0007708298500000003	562.0846558	0.001188780181
561.3219604	0.0014221771271	562.2025146	-0.0009599647198799999
561.4393921	-9.544566300000005e-05	562.3203125	0.00107726455
561.5568848	-0.0005096066163	562.4381714	-0.0011565655009999998
561.6743164	-0.0011969583862	562.5560303	0.0018636281600000002
561.7918091	0.0008619123979000001	562.6738281	-0.001477084123
561.9092407	0.0011333807779	562.791687	5.4872129999999995e-05
562.0267334	0.00055511951356	562.9095459	0.0028937449679999998
562.144165	-0.0009261019875000001	563.0273438	0.0016855285509999995
562.2616577	0.002686509513	563.1452026	0.0011344319210000002
562.3791504	0.0020361257485	563.2630615	0.000815548469
562.4966431	0.0012776712537999999	563.3809204	0.0026286906790000003
562.6140747	0.00013964399119999996	563.4987793	-0.0003744310239999996
562.7315674	0.0021439467822	563.6166382	0.0005163801830000002
562.8490601	0.0006991040428000001	563.7344971	0.0016854302959999996
562.9665527	-0.00069092166809	563.852356	0.001971394406
563.0840454	-0.0007093376187000001	563.9702759	0.001649681014
563.2015381	0.0014399243808	564.0881348	-8.795806200000015e-05
563.3190308	0.00024867785400000005	564.2059937	0.00021204236000000026
563.4365234	-0.0008177142005	564.3239136	0.0004633143549999997
563.5540771	0.0015477909179	564.4417725	0.0011732749968399998
563.6715698	0.0001038207065	564.5596313	0.0018311098686000001
563.7890625	0.001133199432	564.6775513	0.0005322280340000001
563.9066162	0.0012592893546999999	564.7954102	0.0007813363921
564.0241089	-0.00083545015513	564.9133301	-0.00033850583700000014
564.1416016	0.0018188059180999998	565.031189	-2.032751299999979e-05
564.2591553	-5.054462300000035e-06	565.1491089	0.0031976712633
564.3766479	0.0023782999779	565.2670288	0.005311499582
564.4942017	0.0005910221080000001	565.3849487	0.006218687457
564.6117554	0.0012232280132	565.5028076	0.003447337774
564.729248	0.0011329841072	565.6207275	0.003158798441999999
564.8468018	0.0015660822462600001	565.7386475	0.0014724433419999999
564.9643555	0.0028300748386	565.8565674	0.0022915409058
565.0818481	0.0012233979942	565.9744873	0.0026837830084
565.1994019	0.001493347809	566.0924072	0.0027361142766799997
565.3169556	0.0017645100012999998	566.2103271	0.000888544746
565.4345093	0.003660674323	566.3282471	0.0014922074627
565.552063	0.0027396721266999997	566.446167	0.0031424127520000003
565.6696167	0.0033538474235	566.5641479	0.0014918548989999998
565.7871704	0.0011686487705000002	566.6820679	0.0001595151843
565.9047241	0.000283390516	566.7999878	0.00047643063599999997
566.0223389	0.00012211201830000004	566.9179688	0.0017415116888
566.1398926	0.00069952331976	567.0358887	0.0028785235478999997
566.2574463	-0.00025749483760000003	567.1538086	0.0020058022350000005
566.375	0.00050097091753	567.2717896	-0.0011734904258999999
566.4926147	0.0009343297206	567.3897095	0.0006048131615999999
566.6101685	0.00024797522930000005	567.5076904	0.00081767303344
566.7277832	-0.0006726303546	567.6256714	0.0021499736758
566.8453369	0.0006630313582	567.7435913	0.001562707126
566.9629517	0.0010973535172	567.8615723	-0.0001966548150000003
567.0805054	0.0011329954722	567.9795532	0.00246961119968
567.1981201	0.00041062502709999994	568.0975342	0.0004427670500000004
567.3157349	-4.090042790000001e-05	568.2155151	0.00039064127480000003
567.4332886	0.0014221430756	568.3334351	0.001367124496
567.5509033	0.0024153244450000003	568.451416	0.0010995930059999998
567.6685181	-0.0002934541408	568.569397	0.002592863049
567.7861328	0.0010424908977000001	568.6873779	0.0013122768139999996
567.9037476	-0.00014956033550000004	568.8054199	0.0012420807040000002
568.0213623	0.00039265102983	568.9234009	0.0018288579309999999
568.1389771	0.0010612241967	569.0413818	0.0008142269220000001
568.2565918	0.0016204008862	569.1593628	0.0019725594903999997
568.3742065	0.0017288907257	569.2773438	0.0010841762413999999
568.4918213	0.0007899825577	569.3953857	0.000513736625
568.609436	-7.634970819999992e-05	569.5133667	0.000760671682
568.7270508	0.0009699376532000001	569.6313477	0.0006917482240000002
568.8447266	-0.00011343101499999993	569.7493896	0.0016172022442
568.9623413	0.00100650892999	569.8673706	0.000371777918
569.0799561	0.0010970474687000001	569.9854126	-0.00021365785499999996
569.1976318	0.00172856206326	570.1034546	0.00163548810111
569.3152466	0.0025952230352900003	570.2214355	0.0008877320219999999
569.4329224	0.0025412104443	570.3394775	0.0006036284027
569.5505371	0.0009704590047000001	570.4575195	0.000835048293997
569.6682129	-0.00031179076180000003	570.5755005	0.0015290532032
569.7858887	0.0019642297703	570.6935425	0.0026291311953
569.9035034	-0.0004924372479000001	570.8115845	0.0006217673799
570.0211792	-0.0002578008571	570.9296265	0.000267291325
570.138855	-0.0001852589194	571.0476685	0.0011551165371
570.2565308	0.0006994779833	571.1657104	0.0010120709190000001
570.3742065	0.0021620341573	571.2837524	0.0006031193780000001
570.4918213	0.0008989030614	571.4017944	0.0006568997054
570.6094971	0.00030244112709	571.5198364	0.0007090547580000002
570.7271729	0.0013677564856	571.6378784	-0.0007843421769999992
570.8449097	0.0025593091271	571.7559814	0.0010288001510000001
570.9625854	0.0008621844317	571.8740234	-0.0008165666370000002
571.0802612	-0.0005465857975	571.9920654	0.0019701116249999998
571.197937	0.00089876709531	572.1101685	0.0004779386800000001
571.3156128	0.0013676091546999999	572.2282104	-0.00035494111899999996
571.4332886	-0.0006726303546	572.3463135	-7.293280200000021e-05
571.5510254	0.0017830166031	572.4643555	0.0023627063491
571.6687012	0.00048282690109999996	572.5824585	0.0012619723566
571.786438	0.0012770819594	572.7005005	0.00019490212430000003
571.9041138	0.00028429716626	572.8186035	0.0004777135320000003
572.0218506	0.00095225834956	572.9367065	-0.00037306043668
572.1395264	0.0008805663965	573.0547485	3.439304400000001e-05
572.2572632	0.00015760667159999992	573.1728516	0.0013336664419
572.374939	0.000645408701071	573.2909546	0.0011158329430000008
572.4926758	0.0006991266271000001	573.4090576	0.0004613954804
572.6104126	0.0016210241888	573.5271606	0.0019175452189999997
572.7281494	0.0015302022509	573.6452637	-0.001049455255
572.8458252	0.0014579777198	573.7633667	0.0025021391920000005
572.963562	0.00030184048220000003	573.8814697	0.001066017689197
573.0812988	0.0017471819883	573.9995728	0.000426547107
573.1990356	0.0014392216685000002	574.1176758	0.00015985786738000003
573.3167725	-0.0007994908662	574.2357788	0.0001925523390000003
573.4345093	0.0004828382661	574.3538818	0.004174791101399999
573.5522461	0.0009349190003	574.4719849	0.003125497372
573.6699829	0.0002839685185	574.5901489	0.0029139495748
573.7877808	0.0023074353809	574.708252	0.0019009142995
573.9055176	0.0010783709004	574.826416	0.0005680848849000001
574.0232544	0.00024789583410000004	574.944519	0.0011912475456
574.1409912	0.0024149619276	575.0626221	0.0018123833291
574.2587891	0.00133140049696	575.1807861	0.00028282590199999987
574.3765259	0.0010422415799	575.2989502	-0.0011205325140000002
574.4943237	0.0008260778122	575.4170532	0.0005870854951999999
574.6120605	0.0022162280799	575.5352173	0.00083508744132
574.7298584	-0.0005646051432	575.6533813	0.003800403793
574.8475952	-2.362905099999985e-05	575.7714844	0.00010543130299999967
574.9653931	0.00042868967279999996	575.8896484	-0.00033605797199999987
575.0831909	6.766874866e-05	576.0078125	0.0014923151178000001
575.2009277	0.0005368055716999998	576.1259766	0.0002677808510000001
575.3187256	-0.00014946964799999996	576.2441406	-0.0022064370569999997
575.4365234	0.0008808157869000001	576.3623047	0.0005476842639999995
575.5543213	0.0010610882018	576.4804688	0.0004063029769999999
575.6721191	-4.873145300000078e-06	576.5986328	0.0021487500049999996
575.789856	0.0008438364601000001	576.7167969	0.0015983780609999999
575.9076538	-0.00023930554019	576.8349609	0.0014402187666000001
576.0254517	0.001060804847	576.953125	0.0007105724362
576.1433105	-0.00029380546769999994	577.0712891	0.0025589056895999997
576.2611084	0.0007535132461000001	577.1895142	0.0003360481929999999
576.3789062	0.00037477903975	577.3076782	0.0029325585339999996
576.4967041	0.0018186699012999999	577.4258423	0.001474421064
576.614502	0.0023790025731	577.5440674	0.003498141887
576.7323608	0.00064544273479	577.6622314	0.0026294837393200004
576.8501587	0.002216772176	577.7804565	0.0017239894948
576.9679565	0.0005728214744	577.8986206	7.229624300000024e-05
577.0858154	0.0020361257485	578.0168457	0.00024896641850000005
577.2036133	0.0008077978418	578.1350708	-0.0009083189069999998
577.3214722	0.00012157935999999994	578.2532349	0.0018295824411
577.43927	0.0021622041822	578.37146	0.0024350173185
577.5571289	0.00326380739	578.4896851	-0.0001793676049999999
577.6749268	0.0028300179404999997	578.6079102	0.001864695223
577.7927856	0.0010608842131	578.7260742	0.0006057629359999999
577.9106445	0.0009886369517	578.8442993	0.001331776846
578.0285034	0.00086254710183	578.9625244	0.001294784248
578.1463013	0.00136755251331	579.0807495	0.0012064098839999998
578.2641602	0.001675082138	579.1989746	0.0014198475990000003
578.382019	0.0023422953966	579.3171997	0.000958359101
578.4998779	0.0007541139202	579.4354248	0.0010825020729999997
578.6177368	0.000789155252	579.5537109	-0.00016393046899999993
578.7355957	0.00111473816656	579.671936	-1.826089999999985e-06
578.8534546	0.0024507058769600003	579.7901611	0.00227234466
578.9713135	0.00024782790569999997	579.9083862	0.001667418518
579.0891724	0.0010431822083899998	580.0266724	0.000940494239
579.2070923	4.9468129899999985e-05	580.1448975	-5.5351993000000294e-05
579.3249512	-0.0007994455228	580.2631226	0.0017955466611000001
579.4428101	0.0012955432467	580.3814087	0.0005116411480000005
579.5606689	0.0010071776413	580.4996338	0.003536358243
579.6785889	-0.0009434073290999999	580.6179199	0.0034274756910000004
579.7964478	0.0002840704692	580.736145	0.000780533534
579.9143677	8.56767292e-05	580.8544312	-0.0004482790819999999
580.0322266	0.00122410059	580.9727173	0.0017216885470000003
580.1501465	0.0017102820270999998	581.0909424	-0.00040833966339999994
580.2680054	-0.00034742144639999997	581.2092285	0.00023098414208
580.3859253	-0.0002214448904	581.3275146	0.0010658218813
580.5038452	0.0011873706826	581.4458008	0.0007973215540000005
580.6217041	0.0019638217637	581.5640869	0.0005506215384
580.739624	6.707943989999994e-05	581.682373	0.00143778068
580.8575439	0.0010600114479	581.8006592	0.0008685456120000002
580.9754639	-0.0005104338924999999	581.9189453	-0.000266361225
581.0933838	0.0017283807098999997	582.0372314	0.00040715490500000014
581.2113037	0.0007361965617500001	582.1555176	0.0016336179099999998
581.3292236	0.00133137788356	582.2738037	0.002006517025
581.4471436	0.0007179506356	582.3920898	-5.7339667999999934e-05
581.5650635	0.0020718016019	582.510376	0.001969935838
581.6829834	-0.000637589022	582.6287231	0.0018110419629999998
581.8009033	0.0008614365361999999	582.7470093	0.0014740293850000002
581.9188232	0.00028417250719999995	582.8652954	0.001921383664
582.0367432	0.0011872007163	582.9836426	0.001473676879
582.1547241	0.0006268908037999999	583.1019287	-0.00033843726800000004
582.272644	-0.00018564425409999994	583.2202759	0.0014176443219999996
582.390564	0.0007538192294000001	583.338562	0.0017731003469999996
582.5085449	-0.0008353254525	583.4569092	-0.0005705424119999999
582.6264648	0.0010792775137	583.5751953	0.0016888768585
582.7444458	-0.0006912275858000001	583.6935425	0.0004974188123000001
582.8623657	0.0014767562860400001	583.8118896	0.004332705865999999
582.9803467	0.0005365901741000001	583.9301758	0.0014220701118000001
583.0982666	0.0012412699285000001	584.0485229	0.002132598427
583.2162476	-0.0004018533509	584.1668701	0.0010124821560000001
583.3342285	-0.0007628515596000001	584.2852173	0.0014039605157000002
583.4521484	0.0016560654619999999	584.4035645	-0.0003048125649999997
583.5701294	0.0020538163371000002	584.5219116	0.0003372231149
583.6881104	0.00050088024	584.6402588	0.0009236575569000001
583.8060913	0.0021983901387	584.758606	0.00010709569319999998
583.9240723	0.001981988433	584.8769531	0.0024167020459
584.0420532	0.0016027668608000001	584.9953003	0.00028415750420000005
584.1600342	-0.0020812986190000002	585.1136475	0.0011906599975
584.2780151	0.0010605215063	585.2319946	0.001265135128
584.3959961	0.0004284062885999999	585.3503418	-0.00042502954599999993
584.5139771	0.0016204915593	585.46875	0.00046098418600000013
584.631958	0.00115084472756	585.5870972	-0.0007681418209999997
584.749939	-0.00027529882029	585.7054443	-0.0002694358119999995
584.8679199	0.00163876015	585.8238525	0.00150791835
584.9859619	-0.0012143090425	585.9421997	-0.00019481405600000018
585.1039429	0.0015482555899	586.0606079	0.00227311789
585.2219238	-0.0004383792985	586.1789551	0.0028061536139999997
585.3399658	0.0006636547042	586.2973633	0.0005501515700000001
585.4579468	-0.00011245632769999998	586.4157104	0.0026459384240000005
585.5759888	0.00086210512379	586.5341187	0.002397065051
585.6939697	-0.00162931980837	586.6525269	0.0025223635023
585.8120117	0.0007539552462	586.7709351	-0.000641042134
585.9299927	0.0006997613237000001	586.8892822	0.0013497984034999998
586.0480347	-0.0009256600607	587.0076904	0.00033777145834
586.1660767	0.0022705354496	587.1260986	0.00030420557599999953
586.2841187	0.0024868351656300003	587.2445068	0.00042334571499999963
586.4020996	0.0012778526289000001	587.362915	0.0012443719696130001
586.5201416	0.0018914497920000002	587.4813232	0.0010479375484
586.6381836	-0.00041964599229999994	587.5997314	0.0016191017349999996
586.7562256	0.0014398564235	587.7181396	0.001420386136
586.8742676	0.0008986083849000001	587.8365479	0.0009245386750999999
586.9923096	-0.0011785423558	587.9549561	0.0007112382443
587.1103516	-0.0011423677789	588.0733643	0.0003883205349999993
587.2283936	0.00055513081773	588.1918335	0.0009589563129
587.3464355	0.000555232822	588.3102417	0.0005468223240000002
587.4644775	0.0010424115168	588.4286499	0.000925850588
587.5825195	0.0023974865911	588.5471191	0.0038019313652
587.7006226	0.0005728328835999999	588.6655273	0.0030209621190000003
587.8186646	0.00023066985890000003	588.7839355	0.0004254115049999998
587.9367065	0.0015120696625	588.9024048	0.0018291320879999999
588.0548096	0.00021229923737	589.020813	0.005399217596000001
588.1728516	0.00060929077603	589.1392822	0.006659471432
588.2908936	-0.00034776139184000004	589.2577515	0.006592261605
588.4089966	0.001710225362	589.3761597	0.005278491648
588.5270386	0.0007536492485	589.4946289	0.002805301919
588.6451416	0.00040980894099999993	589.6130981	0.002360004001
588.7632446	0.0014762916834999999	589.7315063	0.0013861348852
588.8812866	0.0009337064111999999	589.8499756	0.00214983662622
588.9993896	0.003498194623	589.9684448	0.0002652548719999999
589.1174927	0.00039203895689999993	590.0869141	0.00136801558935
589.2355347	0.0022160128209600003	590.2053833	-0.000797546468
589.3536377	0.0010061123175999999	590.3238525	0.000924391826613
589.4717407	0.0006269700240999999	590.4423218	0.0014561840800000002
589.5898438	-0.0006191050056000001	590.560791	0.0008892203334999999
589.7079468	0.0006450687069000001	590.6792603	0.0006210624700000002
589.8260498	0.00069962530689	590.7977295	7.08765874e-05
589.9441528	0.0027039622071	590.9161987	0.0011560270792
590.0622559	0.00013988199496	591.034729	0.0016187981239999998
590.1803589	-0.0003121421324	591.1531982	0.0007471244897999999
590.2984619	-0.0006730270107	591.2716675	0.0008179177825
590.4165649	0.0015308142171	591.3901978	0.006840851274
590.534729	0.0008980077692	591.508667	0.010908213911000001
590.652832	0.0012952485994	591.6271362	0.0065003917529999995
590.7709351	0.001006474895971	591.7456665	0.006340950495000001
590.8890381	0.0008261231414	591.8641357	0.004725691455300001
591.0072021	0.00012082001200000017	591.982666	0.0012068701909999997
591.1253052	0.0022888606762	592.1011353	0.001953343628
591.2434692	0.0007888718969999999	592.2196655	0.002750855404000001
591.3615723	0.00479761359056	592.3381958	0.000673589763
591.4797363	0.0044182446435	592.456665	0.0023818831835
591.5978394	0.0008798524505	592.5751953	0.0006217576155999999
591.7160034	0.0013858891325	592.6937256	0.0005136777180000003
591.8341675	0.000716964714	592.8122559	0.000691248803
591.9522705	0.0013490798298	592.9307861	0.00040723336900000016
592.0704346	-0.00011340831409999998	593.0492554	0.0035514915360000004
592.1885986	-4.0651116251e-05	593.1677856	0.0073001564040000005
592.3067627	0.0008625811178890001	593.2863159	0.004888442927
592.4248657	-0.0006008137716	593.4048462	0.0033399923412
592.5430298	0.0013680964767	593.5233765	0.0025226767178999996
592.6611938	0.00039233366259999996	593.6419678	0.001049425802
592.7793579	0.0006640060164	593.760498	0.0018100338060000002
592.897522	0.0010422869237	593.8790283	-0.00044706556899999986
593.015686	0.0017107807506999998	593.9975586	0.0006016800179999993
593.1338501	0.0011501195839999998	594.1160889	-0.00039168889699999995
593.2520752	0.00075376259339	594.2346802	0.0012255770269
593.3702393	0.0014034778288000002	594.3532104	-0.00010937685100000007
593.4884033	0.0013140724918	594.4717407	0.002042961249
593.6065674	1.3021519400000002e-05	594.590332	0.0021674077726
593.7247314	-0.000491949901029	594.7088623	0.0009923363099999995
593.8429565	0.00017612461028900002	594.8274536	0.002914419631
593.9611206	-0.0002033689234	594.9459839	0.00065770258519
594.0793457	-0.0004203486024000001	595.0645752	8.745887300000031e-05
594.1975098	0.0018194859731	595.1831665	0.0012974375859
594.3157349	0.0010424342472	595.3016968	0.0031454476990000002
594.4338989	-0.0001313143294	595.4202881	0.00042700720930000005
594.552124	0.0014761330385	595.5388794	-0.00035638036199999996
594.6702881	0.00053745148396	595.6574097	0.0006204454690000001
594.7885132	-4.793808300000018e-06	595.776001	0.0027894052011969996
594.9067383	0.00131333585126	595.8945923	0.001971286722
595.0249023	0.0012955885904999999	596.0131836	0.001368054681197
595.1431274	0.0030834670180000003	596.1317749	-0.0001959496876
595.2613525	0.0012228086704999998	596.2503662	0.0002641975880000001
595.3795776	0.0004469696141	596.3689575	0.001100866241
595.4978027	0.0011505387956	596.4875488	0.00017559807700000046
595.6160278	0.0006277067223300001	596.6061401	0.00021407881299999993
595.7341919	0.0014756004093	596.7247314	0.00014214973448
595.852417	0.0019458251189	596.8433228	0.0001601026451
595.9707031	0.0012952145623	596.9619141	-0.0005869287416
596.0889282	0.0005373835083300001	597.0805664	0.00245251006
596.2071533	-0.0005105018791	597.1991577	0.0023096602453499997
596.3253784	0.0004650569172	597.317749	0.0017395729669999996
596.4436035	0.0006997046439	597.4364014	0.001615664921
596.5618286	-0.000582477107	597.5549927	0.0029117467350000003
596.6801147	0.0005189335205999999	597.673645	0.0029490427406
596.7983398	-0.00047407791130000003	597.7922363	0.0009406999460000003
596.9165649	-0.0009799332984000001	597.9108887	0.00033414876100000025
597.0348511	-0.00031187009880000004	598.02948	0.0024142835750000004
597.1530762	-0.00016753427920000003	598.1481323	0.0004792407852000001
597.2713623	0.0018009792545000001	598.2667236	-7.294258100000017e-05
597.3895874	0.0015662861985000001	598.385376	0.0013857041344999999
597.5078735	-0.000347738722689	598.5040283	0.0005839620710000005
597.6260986	0.0010238821860000002	598.6226196	-0.00016095442700000007
597.7443848	0.0006819346317890001	598.741272	0.0018630013810000002
597.8626099	0.0021080442822	598.8599243	0.00023068062719999998
597.980896	0.0004829969184	598.9785767	0.002735869435
598.0991821	0.0011691247637	599.097229	0.0027194831058
598.2174683	0.0016748781781	599.2158813	0.002468553604
598.3357544	-0.0006731403123	599.3345337	0.0031085039950000002
598.4539795	-0.0013230934855	599.453186	0.0012784174180000003
598.5722656	0.0004288823111	599.5718384	0.0015454101374000003
598.6905518	-0.0013230595218	599.6904907	0.0014905820129999998
598.8088379	0.00013936066519999995	599.8091431	0.00147547846284
598.927124	0.0012778639502	599.9277954	0.0019002191260000002
599.0454102	0.001891325228	600.0464478	-9.055272699999995e-05
599.1636963	0.0011867021095000002	600.1651611	0.003110266407
599.2819824	0.00035579642299999985	600.2838135	0.0021304346149999998
599.4003296	0.0017654959809	600.4024658	0.0009764098789999999
599.5186157	-0.0001133063342	600.5211792	0.0023289936651
599.6369019	0.000248893164	600.6398315	0.0006908569489999998
599.755188	0.0015480063011	600.7585449	0.000671876129
599.8735352	0.00062732138756	600.8771973	0.0003177332690000004
599.9918213	0.0006632353468999999	600.9959106	-0.000428593252
600.1101074	0.0023433719759	601.114563	0.0019895137517
600.2284546	0.0003202791267	601.2332764	0.00230861269
600.3467407	0.0019639577366	601.3519287	0.0012604352089999999
600.4650879	0.00203555892259	601.4706421	0.0004438440086999999
600.583374	0.0007177239749	601.5893555	4.3568430000003825e-07
600.7017212	-0.0007814375565	601.7080078	0.00031505059399999924
600.8200073	0.0004654309014	601.8267212	0.002450258238
600.9383545	0.00046481895695999994	601.9454346	0.0002661556354
601.0567017	0.001548776985	602.0641479	0.00028190575499999985
601.1750488	0.0013315818503000002	602.1828613	0.002397398232
601.293335	0.0009339557145000001	602.3015747	0.0016708846961999999
601.4116821	-0.0004025446250000001	602.4202881	0.002982383594
601.5300293	0.0012591419214	602.5390015	0.0007290637878
601.6483765	0.0007899258489	602.6577148	0.0024683089
601.7667236	0.0019822717879000003	602.7764282	0.001275588292
601.8850708	0.0009160724149	602.8951416	0.004105015891
602.003418	0.0015673628948	603.013855	-0.0007114046018999999
602.1217651	-0.00016787427000000015	603.1325684	0.0025588763533000002
602.2401123	0.0011336413733000002	603.2513428	0.0039445559956
602.3584595	-9.533239059999999e-05	603.3700562	0.005489324801
602.4768066	0.0020176304097999998	603.4887695	0.02327212226
602.5951538	0.0012954412521999999	603.6075439	0.023112954340999997
602.713562	-4.0855084100000036e-05	603.7262573	0.015796152639999998
602.8319092	0.0015117297007	603.8449707	0.011653081045
602.9502563	0.0019279984991	603.9637451	0.0071054743609999995
603.0686035	0.0005732861318	604.0824585	0.006569657936
603.1870117	0.0030108005158	604.2012329	0.0037107761019999994
603.3053589	0.00734316479766	604.3199463	0.004333684686999999
603.4237671	0.009184942173200001	604.4387207	0.0041359872540000005
603.5421143	0.00857083473219	604.5574951	0.006785357604
603.6605225	0.0047617789536000005	604.6762085	0.010001955788
603.7788696	0.0035695123955000003	604.7949829	0.005665231492
603.8972778	0.0022879767639000003	604.9137573	0.007782613276
604.015625	0.0018191232811	605.0325317	0.004618855368300001
604.1340332	0.0016748441266999999	605.1512451	0.0022365562610000005
604.2524414	0.0005005289570000001	605.2700195	0.002095752629
604.3708496	0.001222355292	605.3887939	0.0014038038211
604.4891968	0.0031900868049999998	605.5075684	0.002485723235
604.607605	0.0062964693064	605.6263428	0.0046348799950000005
604.7260132	0.00268545557619	605.7451172	0.001458455692
604.8444214	0.0017104974175599999	605.8638916	0.00365993333978
604.9628296	0.0022693114580000003	605.982666	0.001563314145
605.0812378	0.0008978377444	606.1014404	0.0025049295215000002
605.199646	-0.000691771507	606.2202759	0.004668837414
605.3180542	0.0019810365634	606.3390503	0.006892859237
605.4364624	0.0015478702843	606.4578247	0.0042637137809
605.5548706	0.0017112568019	606.5765991	0.003214850789
605.6732788	0.0025776457041	606.6954346	0.002521051326
605.791687	0.0005909767641	606.814209	0.0018639315380000001
605.9101562	-0.00036587139034999997	606.9329834	0.0016874669238000001
606.0285645	0.000753399916	607.0518188	0.0022746552133
606.1469727	0.0019268992477	607.1705933	0.00071104241582
606.2653809	0.0030287064434	607.2894287	0.0006564003409999998
606.3838501	0.001385594429971	607.4082031	0.0006890753290000008
606.5022583	0.0010428308742	607.5270386	0.0029493952464
606.6207275	0.00024770316650000014	607.645813	-0.0008516991510000003
606.7391357	0.0019998944483	607.7646484	0.0010825900830000001
606.857605	0.001313279208	607.8834839	0.000263492576
606.9760132	0.0021807448939	608.0023193	0.001509954745
607.0944824	-0.00143157206919	608.1210938	0.0006575165607
607.2128906	0.002162600867	608.2399292	-0.0012456350960000002
607.3313599	0.0007355166599	608.3587646	0.0005840407680000005
607.4498291	0.0008444258127999999	608.4776001	-0.0005150779907
607.5682373	0.00075373992331	608.5964355	0.0017756451849999999
607.6867065	0.0009882743472	608.715271	0.0005688681831400001
607.8051758	0.0012234660099	608.8341064	0.00013897707700000032
607.923645	-0.0007819815079999999	608.9529419	-3.528408700000004e-05
608.0421143	0.0017651673406	609.0717773	0.0026290724634
608.1605835	0.00089812106306	609.1906128	0.00030036759499999996
608.2790527	-0.000600643733389	609.3094482	0.0007291911172
608.397522	0.00012176067679999997	609.4282837	0.0004595941859999999
608.5159912	0.0009164237126999999	609.5471191	0.0011697988960000004
608.6344604	-0.0010879018228	609.6659546	0.0003894567489999999
608.7529297	0.0016386808127000002	609.7848511	0.001988250762
608.8713989	0.00022991056910000003	609.9036865	0.0005509446346
608.9898682	0.0011507880843000002	610.022522	0.001402579946
609.1083374	0.0007541365557499999	610.1414185	0.0011366250689000003
609.2268066	0.0009886142798	610.2602539	0.0023273879928
609.3453369	0.00053714551909	610.3790894	0.004939941922
609.4638062	0.0012593913416	610.4979858	0.003675869201
609.5822754	0.0013318652054	610.6168213	0.0023106784794999996
609.7008057	0.00021167594249999996	610.7357178	0.004707464366
609.8192749	0.0020177777042	610.8546143	0.0047242036089999995
609.9378052	0.0014215878183	610.9734497	0.0014386718977000001
610.0562744	0.0023422273224	611.0923462	0.00138483278
610.1748047	0.0017830280414	611.2112427	0.0035888168206
610.2932739	0.0026677310238999996	611.3300781	0.0018840775299
610.4118042	0.0037864923364	611.4489746	0.003550903872
610.5302734	0.0040030981469	611.5678711	0.011743903363803
610.6488037	0.0037148796838	611.6867676	0.02681017852878
610.767334	0.0029018686033000004	611.805603	0.026738866347099998
610.8858032	0.0020172676884	611.9244995	0.0185135359103
611.0043335	0.0016021889242600002	612.043396	0.013040464665399999
611.1228638	0.0001933505989999999	612.1622925	0.006448246772000001
611.241394	-5.935039400000006e-05	612.281189	0.004708952852
611.3599243	0.0083178283237	612.4000854	0.0019688783209999994
611.4784546	0.0381776993123	612.5189819	0.0018630209379999997
611.5969849	0.06437439343099999	612.6379395	0.0022207670556
611.7155151	0.053379198324700006	612.7568359	0.0019717958057
611.8340454	0.035416563328100004	612.8757324	0.0014899065719999995
611.9525757	0.0220567955385	612.9946289	0.0014013559560000005
612.071106	0.0156120343553	613.1135254	0.0011374964961
612.1896362	0.0101229323768	613.2324829	0.0013312285299999999
612.3081665	0.007523504726100001	613.3513794	0.0027556337011
612.4266968	0.0059887924579	613.4702759	0.0022198858199999998
612.5452271	0.0053032651195	613.5892334	0.0012268694113
612.6638184	0.0033715493478000003	613.7081299	0.0012253125900000001
612.7823486	0.00048271362900000005	613.8270874	0.0007117277710000001
612.9008789	0.0013492839063	613.9459839	0.0010645687580000001
613.0194702	0.0017645554621	614.0649414	0.0035021756772999997
613.1380005	-0.00011363509100000002	614.1838379	0.0028745969760000005
613.2565918	0.0011505275034	614.3027954	0.00030071032200000005
613.3751221	0.001276945928	614.4216919	-0.0008003370025
613.4937134	1.33614813e-05	614.5406494	0.0011897298969999997
613.6122437	-4.093442109999999e-05	614.6596069	0.0007438641039999999
613.730835	0.0014761330385	614.7785645	0.00262952283107
613.8493652	0.0021263242232	614.8974609	0.0014690654400000003
613.9679565	0.0013671444609	615.0164185	0.0027007470197999996
614.0865479	0.0010959708599999997	615.135376	0.0018302774989
614.2050781	0.0026315788851	615.2543335	0.0037667991131
614.3236694	0.0010602609254	615.373291	0.0007113850439
614.4422607	-0.000510739861	615.4922485	0.00019602803549999997
614.5608521	0.00223399821	615.6112061	0.0015469767966
614.6793823	0.004275031039	615.7301636	0.0007247067989999993
614.7979736	0.000355660449	615.8491211	0.004546162672
614.9165649	0.0012410206251999999	615.9680786	0.0013665175070000004
615.0351562	0.000987628475	616.0870361	0.003873919137
615.1537476	0.0013494425292600002	616.2059937	0.00019414816100000011
615.2723389	0.0023429073043	616.3249512	0.0023237848649999993
615.3909302	-0.0005820238146999999	616.4439697	0.001170053612
615.5095215	0.0020182423175	616.5629272	0.000691992929
615.6281738	0.0026677648425000003	616.6818848	0.00029975082700000027
615.7467651	0.0021079536237	616.8009033	0.001455831807
615.8653564	0.0020363862861	616.9198608	0.0014750182745
615.9839478	0.00041045504620000004	617.0388184	-0.00012436327510299998
616.1025391	6.754411149999999e-05	617.1578369	0.0022739601265
616.2211914	-0.000456545851	617.2767944	0.005098140100000001
616.3397827	0.00064542006471	617.395813	0.0159014999515
616.458374	8.509878499999993e-05	617.5147705	0.021655247547
616.5770264	0.0018917332054	617.6337891	0.0160252217908
616.6956177	4.917348269999999e-05	617.7527466	0.010319899304
616.81427	-4.121777600000001e-05	617.8717651	0.00824478711
616.9328613	0.00026633450759	617.9907837	0.00422773906
617.0515137	0.0034080073235	618.1097412	0.003090697806
617.170105	0.01337301611919	618.2287598	0.0021482112349999996
617.2887573	0.0344047166331	618.3477783	0.0034988468979999998
617.4073486	0.042403331496499996	618.4667969	0.001953735249
617.526001	0.032781448563	618.5858154	-0.00017888774200000004
617.6446533	0.0184636525824	618.7047729	0.001918064314
617.7633057	0.0138068965177	618.8237915	0.0012088772781999998
617.881897	0.0094918483522	618.9428101	-0.00031999478054
618.0005493	0.005519134109	619.0618286	0.0011361845539999999
618.1192017	0.00476155236963	619.1808472	0.0014562234290000002
618.237854	0.0013491251735999999	619.2998657	-0.0002501902629999998
618.3565063	0.0014753623981	619.4188843	-0.00019877962799999972
618.4751587	0.0007178939413	619.5379639	-0.0014581226859
618.593811	0.00044616497999999997	619.6569824	0.001918093651
618.7124634	-0.00058252244345	619.776001	0.001279210528803
618.8311157	0.00039250368719999997	619.8950195	0.00012337439700000003
618.9497681	0.0009164690564	620.0140381	0.00038919225399999986
619.0684204	0.0011142394502	620.1331177	0.001063560602
619.1870728	0.0002661645121	620.2521362	0.0006934615083
619.3057251	0.0003738384699999999	620.3711548	0.0005827480920000006
619.4243774	0.0015664562816	620.4902344	0.0011358321639999996
619.5430908	0.0014219617293999998	620.6092529	0.002185918624
619.6617432	0.00013996133202	620.7282715	-0.000694352552
619.7803955	0.0011868947623	620.8473511	0.0012260371154
619.8991089	0.00098897693535	620.9663696	0.0005673505370000003
620.0177612	0.0008614931722	621.0854492	-0.0002486629092
620.1364136	0.0014580004502	621.2045288	-5.3158670200000025e-05
620.255127	-0.00042015594949999996	621.3235474	3.449094899999998e-05
620.3737793	-0.0008358127671000001	621.442627	0.0036068774355
620.4924927	0.0007892799332000001	621.5617065	0.003127641743
620.611145	0.0011331654385999998	621.6807251	0.0022535203030000003
620.7298584	0.0020178456905	621.7998047	0.0014002202079999998
620.8485718	-0.0008716021129599999	621.9188843	0.0038894833999999997
620.9672241	0.0024330831947	622.0379639	0.003569385735
621.0859375	0.000501299523411	622.1569824	0.0015083001929999998
621.2046509	-0.0002214562264	622.276062	-7.122906390000003e-05
621.3233032	-0.00011297770110000001	622.3951416	0.0004270758359
621.4420166	0.0030284117889599997	622.5142212	0.0020060956010000005
621.56073	0.0033542553430000004	622.6333008	0.0017763502549
621.6794434	0.0019990897854	622.7523804	0.0006555288560000003
621.7981567	0.0016020074549	622.87146	-0.00024856501839999996
621.9168091	0.000464875603471	622.9905396	0.0012242358649999997
622.0355225	0.0015665696119000001	623.1096191	-0.0002485356236
622.1542358	0.0011686941142999999	623.2286987	0.0015633925505999999
622.2729492	-2.2994470799999928e-05	623.3478394	0.0013844801579999998
622.3916626	0.0012768552986000001	623.4669189	0.001491453499
622.510376	-0.0004196006485	623.5859985	0.0019377111605600001
622.6291504	0.0008621390879	623.7050781	0.0013678588733
622.7478638	-0.00094382667889	623.8242188	0.0009605913650000001
622.8665771	0.0025055344449999998	623.9432983	0.0015274476028000002
622.9852905	-0.0014854826731	624.0623779	0.0006173523140000012
623.1040039	0.0025774982645	624.1815186	-8.939742079999995e-05
623.2227173	0.0010964014799	624.3005981	0.0007066167890000009
623.3414917	0.0027040074927	624.4197388	0.0038730675445
623.4602051	0.0013861384941	624.5388184	0.007249401591
623.5789185	0.00024782790569999997	624.657959	0.007905287901
623.6976929	0.001602132281	624.7770386	0.007334006485
623.8164062	0.0017105767911900001	624.8961792	0.005524134263
623.9351807	0.0010608955344999999	625.0152588	0.001349563362
624.053894	0.0008976111423	625.1343994	0.004691567737
624.1726685	0.0027937527659709998	625.25354	0.0012946077620000001
624.2913818	0.0052841352300000005	625.3726807	1.6205246000000357e-05
624.4101562	0.014925566896629999	625.4917603	0.0031274262580999997
624.5288696	0.0175794826547	625.6109009	0.0025405905468
624.647644	0.01470975415	625.7300415	0.000656214543
624.7664185	0.008028827782100002	625.8491821	0.001436841209
624.8851318	0.00649465915166	625.9683228	0.0012948331430000003
625.0039062	0.0043825803875999995	626.0874634	0.00024595111600000073
625.1226807	0.004094463773	626.206604	0.00133249162193
625.2414551	-0.0009440533172	626.3257446	0.0020415124020000002
625.3602295	0.0014399810167	626.4448853	-0.0009629316629999997
625.4789429	0.0007714192615999999	626.5640259	0.0016179365342000001
625.5977173	0.0021257462429599997	626.6831665	0.0009762727419999999
625.7164917	0.0018371199842	626.8023071	0.0029836366880000003
625.8352661	-0.00014925427959999998	626.9214478	0.00033496180499999976
625.9540405	0.0006271854216999999	627.0405884	0.001491570962
626.0728149	-0.00041998598495999995	627.159729	0.00067522467
626.1915894	0.000428644329	627.2788696	0.0013319823772999998
626.3103638	-0.00022138821080000003	627.3980713	-0.0008366932160000003
626.4291992	0.0023246839991999998	627.5172119	0.001971364836
626.5479736	0.0007721332077	627.6363525	0.0025585727414999997
626.666748	0.00035587581800000006	627.7555542	0.00010696845130000001
626.7855225	0.0015483575697	627.8746948	0.0010999848600000005
626.9042969	-0.0010159039229	627.9938965	0.0007292890801999999
627.0231323	0.00010366205239999997	628.1130371	0.0013663512660000003
627.1419067	0.0009163897193	628.2322388	0.00113704607835
627.2606812	-0.00023965685970000003	628.3513794	0.00031983812365
627.3795166	0.0016923874353	628.4705811	0.0007446669039999996
627.498291	0.00088006778246	628.5897217	0.0011704652570000001
627.6171265	0.000663734012	628.7089233	0.0007640297334999999
627.7359009	0.00107933416804	628.828064	0.0028971030264
627.8546753	0.0012229787099000001	628.9472656	0.00275289244
627.9735107	0.0005730934789999999	629.0664673	0.0014565365849999999
628.0923462	0.00057343347	629.1856689	-0.0006587011739999998
628.2111206	0.0019638556984	629.3048096	0.00216751545678
628.3299561	0.00012199868065	629.4240112	0.0029669270735
628.4487305	0.00012186268167100001	629.5432129	0.0017231180685999999
628.5675659	0.00032066444514	629.6624146	0.0019360661971000001
628.6864014	0.0010246755555	629.7816162	0.0019191902827
628.8052368	0.00033778836899999993	629.9008179	0.0018646657700000001
628.9240112	-0.0011776470344	630.0200195	0.0015615422740000006
629.0428467	-0.00011320432529999999	630.1392212	0.0017391717989999997
629.1616821	0.000627752057911	630.2584229	0.000602727523
629.2805176	-0.0007444696093	630.3776245	-0.00021469569800000024
629.399353	-0.00020245090099999994	630.4968262	0.00012366811300000015
629.5181885	-0.0002758541378	630.6160278	0.0001953035244
629.6370239	0.00017604528688999998	630.7352295	0.00015861447899999988
629.7558594	0.0009339670067000001	630.8544312	0.001846850035
629.8746948	0.00010346935600000001	630.9736328	0.00360781746
629.9935303	-0.00024029146899999998	631.0928955	0.0059168071024
630.1123657	0.0001575839706	631.2120972	0.002982109319000001
630.2312012	-0.0002034369099	631.3312988	0.0011178499549999998
630.3500366	0.00035652174116	631.4505615	0.0016172805917
630.4688721	0.001548074246971	631.5697632	0.0035508549780000013
630.5877075	-7.639505200000005e-05	631.6889648	0.003534987802
630.706604	0.0014936876539	631.8082275	0.0008337951729999998
630.8254395	0.0016026875237	631.9274292	0.0013854299317999999
630.9442749	0.0033715267416999997	632.0466919	0.002005293034
631.0631714	0.0036791698079999997	632.1658936	0.0008895335489999998
631.1820068	0.00107873347559	632.2851562	-0.00010675305390000001
631.3008423	0.0008803057717	632.4043579	0.0017566545860000001
631.4197388	0.0011152254883	632.5236206	-0.0007318346759999997
631.5385742	0.0008808157869000001	632.6428833	0.0015285048865
631.6574707	0.00030212380809999996	632.762085	0.002237809472
631.7763062	4.9921421999999966e-05	632.8813477	-0.0005686332006
631.8952026	-0.0014494327192	633.0006104	-0.00023394077999999967
632.0140381	0.0001223953441000001	633.119812	0.0012795826188
632.1329346	0.0010962769157999998	633.2390747	0.0005331190041
632.2518311	-0.0009615739982	633.3583374	-0.0007467426185
632.3706665	-0.0013770721270999998	633.4776001	-3.53819923e-05
632.489563	0.00122308069696	633.5968628	0.0005503963917
632.6084595	-0.00016750028589999997	633.7161255	0.002114263622197
632.7272949	0.00046480759919999997	633.8353882	0.001791326795
632.8461914	-0.0003661320079	633.9545898	0.0005684863499
632.9650879	-2.290378319999998e-05	634.0738525	0.0004983391850000001
633.0839844	0.0010065769311	634.1931763	0.001242208061
633.2028809	0.0001762946194	634.312439	0.001917447429
633.3217773	0.0009702436216	634.4317017	0.0005148919299999999
633.4406738	0.0025773737874	634.5509644	0.001935909619
633.5595703	0.0014040218084	634.6702271	0.0016162916436999997
633.6784668	0.0016206274737000002	634.7894897	-0.0006775937510000002
633.7973633	-0.0013235355437	634.9087524	-0.000978544238
633.9162598	0.00013988199496	635.0280762	0.0013335588156000002
634.0351562	0.00017551268679999996	635.1473389	0.0010303665045
634.1540527	0.0019467090605	635.2666016	0.0012802875133
634.2729492	-0.0015397105893	635.3858643	0.001256107357
634.3918457	0.0005369754944	635.505188	0.0023464080874
634.5107422	-0.00038389068324	635.6244507	0.0023423451930000005
634.6296997	-0.0005281698687	635.7437744	0.0024683775839999997
634.7485962	0.0007712832300999999	635.8630371	-0.0010130793962
634.8674927	0.0012597766181	635.9823608	0.0011014830235999999
634.9863892	0.0017290947144000001	636.1016235	0.0020264475895
635.1053467	-7.67577385e-05	636.2209473	-0.0009782604172
635.2242432	0.0002120045828	636.34021	0.001722550253
635.3432007	0.0007179959721	636.4595337	0.00026769272499999985
635.4620972	-0.0004204733413000001	636.5787964	0.0016531276779
635.5809937	-9.492438410000002e-05	636.6981201	0.0007616505030000002
635.6999512	0.001204959408	636.8174438	0.0007998865621
635.8189087	0.0015303382532	636.9367065	0.0001420420303
635.9378052	-0.0006907516509	637.0560303	0.002077124082
636.0567627	-0.000709031636689	637.175354	0.00161452964
636.1756592	0.0006272874161	637.2946777	0.003750246251
636.2946167	-0.00027544616753	637.4140015	0.0007991620800000001
636.4135742	0.0008801810764	637.5332642	0.0030732444134
636.5324707	-0.00032919811200000004	637.6525879	-0.0004631871130000003
636.6514282	0.0017832660232	637.7719116	0.00012480386070000003
636.7703857	0.00060932475029	637.8912354	0.0015813552022
636.8893433	0.0017828807031999999	638.0105591	0.0010627084409999994
637.0082397	0.0011694534041	638.1298828	0.0015809634931000002
637.1271973	0.0009518050940000001	638.2492065	0.0009577223099999999
637.2461548	0.0008253864941999999	638.3685303	3.392319200000004e-05
637.3651123	0.0006266300330000001	638.487854	0.001010905951
637.4840698	-0.0006549963291	638.6071777	0.0008158618579999998
637.6030273	-0.0007450135745	638.7265625	0.0030552521349999995
637.7219849	0.0006632580770999999	638.8458862	0.004120883415
637.8409424	0.0007535245383	638.96521	0.004298610845
637.9598999	0.0009521110333	639.0845337	0.004014889069399999
638.0788574	-7.716572149999996e-05	639.2039185	0.0020973584615000002
638.1978149	0.0009703683349709999	639.3232422	0.0016516492470000001
638.3167725	0.0010791301902	639.4425659	0.0002131487199
638.43573	0.00035649906936	639.5618896	0.0023454779877
638.5547485	0.0001939852809	639.6812744	0.0013668211179999998
638.6737061	0.0022345421605	639.8005981	-0.0017945969595000002
638.7926636	0.003047269769	639.9199829	0.0004081046793
638.9116211	0.0027040188431000003	640.0393066	0.000299809501
639.0306396	0.0008077184608000001	640.1586914	0.0023615902760000004
639.1495972	0.0005549835041	640.2780151	0.0012434417152
639.2685547	0.000591520773	640.3973999	0.0005858126677
639.3875732	0.000483087555	640.5167236	0.0014582989970000002
639.5065308	0.0010059537018	640.6361084	0.001438397798
639.6255493	0.0014213609979	640.7554932	0.001153882826
639.7445068	-0.00016722828150000002	640.8748169	0.0026280637829999994
639.8635254	0.0029204206659	640.9942017	0.00042471615600000014
639.9824829	0.0027573402625	641.1135864	0.001489064656
640.1015015	0.00364226983431	641.2329102	0.0013133049940000003
640.220459	0.0024149845119	641.3522949	0.000655333045
640.3394775	0.0025768523333	641.4716797	0.00020930077799999943
640.4584961	0.0006449327337	641.5910645	0.0020254978882
640.5774536	0.0002832658350000001	641.7104492	0.005204349756000001
640.6964722	0.00263130686689	641.829834	0.016897649509
640.8154907	0.00059167945435	641.9492188	0.014727808888000002
640.9344482	0.0012955432467	642.0686035	0.0099495657635
641.0534668	0.0022885547369	642.1879272	0.007424426728999999
641.1724854	-0.00022202287800000007	642.307373	0.004139120225000001
641.2915039	0.00071801861489	642.4267578	0.0026993858630000003
641.4105225	0.0020359783668	642.5461426	0.004458708455
641.529541	0.00304651046631	642.6655273	-0.00012758420699999964
641.6485596	0.00692794977363	642.7849121	0.0015819720279
641.7675781	0.0088601869647	642.9042969	0.0008331681609999998
641.8865356	0.00642244579666	643.0236816	0.0005499362020000001
642.0055542	0.0044902199883	643.1430664	1.8633436000000097e-05
642.1246338	0.003769345698	643.2625122	0.0019196993966
642.2436523	0.0016741641738999998	643.381897	0.0007459691261999999
642.3626709	0.0017651786328	643.5012817	0.000301405438
642.4816895	0.0023967839663	643.6206665	0.000319240848
642.600708	0.0004830422258	643.7401123	0.00170564501607
642.7197266	-0.00043818663109999997	643.8594971	0.0005285078649999997
642.8387451	0.00048315556339999997	643.9789429	0.0009058221471000001
642.9578247	0.00048275888549999995	644.0983276	-0.00026948470699999973
643.0768433	0.0012234206661	644.2177124	-0.00012485281339999997
643.1958618	0.0007892345894	644.3371582	0.002325194888
643.3148804	0.00176579061704	644.456543	0.001422138631613
643.43396	0.00051939817057	644.5759888	0.0017061835385
643.5529785	-0.0005644237972	644.6954346	8.784071600000001e-05
643.6720581	0.0011869401061	644.8148193	-0.00129834807
643.7910767	0.0012949199297999999	644.9342651	0.00042520579899999996
643.9100952	0.001692398742	645.0536499	0.0001943830860000001
644.0291748	0.0005010502282	645.1730957	-0.0006786612789999999
644.1481934	0.0015297036734000001	645.2925415	0.0015999739257
644.2672729	0.0010420489125	645.4119263	0.0021503849419999997
644.3862915	0.0007532866441000002	645.5313721	0.00044440210516
644.5053711	0.0016385447813	645.6508179	0.0010134514593999999
644.6244507	0.0016021435877	645.7702637	0.0015461934381
644.7434692	0.0027218342879	645.8897095	0.00131472466493
644.8625488	-0.0008171022054999999	646.0091553	0.0005682024058999999
644.9816284	0.000952632312	646.12854	0.0019024417269000002
645.100647	-0.00027553682591	646.2479858	-0.0005539702250000004
645.2197266	0.00044704894389	646.3674316	0.0006045977644
645.3388062	0.000807321863	646.4868774	-0.0002502880520000002
645.4578857	-9.513969410000002e-05	646.6063232	0.0021515010739
645.5769653	0.0012051746742	646.725769	0.0005503474384000001
645.6959839	-0.0003120061011	646.8452148	0.0012235702009999998
645.8150635	0.00037463172338999997	646.9646606	0.0009066640775599999
645.9341431	0.0009160611082	647.0841675	0.0010455776940000005
646.0532227	0.00071757660046	647.2036133	0.0017212775999999996
646.1723022	0.00077220118695	647.3230591	-5.642883500000043e-05
646.2913818	0.0019094918389	647.4425049	0.0014210910596
646.4104614	0.0010964014799	647.5619507	0.0022386415716799998
646.529541	0.0022342700108	647.6814575	0.0004605338910000003
646.6486206	-0.00043772199569999995	647.8009033	-0.000482256524
646.7677002	4.9354799600000024e-05	647.9203491	0.00197216786922
646.8867798	0.002198231523	648.0397949	-0.00041109044100000065
647.0059204	0.0012227407424	648.1593018	0.00015996556251999999
647.125	0.0012953733095900002	648.2787476	0.0023971633049999995
647.2440796	0.0019821017052	648.3982544	0.002788778627
647.3631592	0.000734972651	648.5177002	0.004778395058
647.4822388	-0.0010526791449999998	648.637146	0.0069998428224
647.6013794	0.0002837645589000001	648.7566528	0.0043352610085
647.720459	0.0027762093236	648.8760986	0.0011899943348
647.8395386	0.0016026421798999999	648.9956055	0.0019358311549999999
647.9586792	-0.0007815735002	649.1151123	0.0027713446181000002
648.0777588	-7.693906080000001e-05	649.2345581	0.000851229066
648.1968994	0.0013671218766000003	649.3540649	0.0015463109597999999
648.315979	0.006530096871	649.4735107	0.0027543609613
648.4350586	0.009130181831900001	649.5930176	0.0021688568381
648.5541992	0.008191703777310001	649.7125244	0.0020440675729
648.6732788	0.007289163171599999	649.8319702	0.0006032953969999999
648.7924194	0.0050327486245	649.9514771	0.0016153811010000004
648.9115601	0.0025946111422	650.0709839	0.00191810343
649.0306396	0.0014759403857	650.1904907	-0.0008545676240000002
649.1497803	0.001222094637	650.3099976	0.0017739613540000004
649.2688599	3.147145609999998e-05	650.4294434	0.002239140973
649.3880005	0.00304653307789	650.5489502	0.001989004668
649.5071411	0.0003924583434	650.668457	0.00032055284800000007
649.6262817	0.0010424342472	650.7879639	-0.0002851071759999999
649.7453613	0.0020179137356	650.9074707	0.00042457901899999994
649.864502	0.0003920730085000001	651.0269775	0.00014105299500000038
649.9836426	0.00017605661559	651.1464844	0.0006735504140000003
650.1027832	0.0016384314947999999	651.2659912	0.002113558817
650.2219238	0.0014944356517	651.385498	-0.000517036068
650.3410034	-0.00014905031824	651.5050049	-0.0010698363190000003
650.460144	0.00021214057231	651.6245117	0.000781169976
650.5792847	0.0007719632122	651.7440796	0.003196026431
650.6984253	0.0012769572784	651.8635864	0.0015438436529999996
650.8175659	0.00091621974021	651.9830933	0.0013843723570000003
650.9367065	0.0010608728626	652.1026001	0.0005489669280000003
651.0558472	0.0011686034267	652.2221069	0.0005321791390000001
651.1749878	-2.2869790000000002e-05	652.3416748	0.0007651359769999999
651.2941284	0.0008437685029	652.4611816	-0.000551081708213
651.4133301	0.001819746569	652.5806885	0.0013505717507
651.5324707	0.0005551421813709999	652.7002563	-0.00081778074676
651.6516113	-9.507170759999998e-05	652.8197632	-0.001513469499
651.770752	0.0006088828086	652.93927	-0.000587623916
651.8898926	0.0010969454888	653.0588379	-0.0006043040339000001
652.0090332	0.0010424455539	653.1783447	5.279638569999996e-05
652.1282349	0.00026643650375999996	653.2979126	0.0019185636486000002
652.2473755	-0.0005830890730000001	653.4174194	0.0015099939483
652.3665161	0.0013316838886	653.5369873	0.0009758519000000001
652.4857178	0.0009882516167999999	653.6564941	0.0010481725478
652.6048584	0.00017578466209999994	653.776062	0.0002135109681
652.723999	0.000825941856871	653.8956299	0.002679797821000001
652.8432007	-0.00036529343920000003	654.0151367	0.0029158980469000005
652.9623413	0.0026312050031	654.1347046	0.0016356350093999997
653.081543	0.0013860478066	654.2542114	0.001348652877
653.2006836	4.868616800000002e-05	654.3737793	0.003532540053
653.3198853	0.0009530403472	654.4933472	0.0010827564400000002
653.4390259	-0.0011788824339000002	654.612915	0.0012796217343
653.5582275	8.528010230000004e-05	654.7324219	0.0021324712433000003
653.6773682	0.00066391533617	654.8519897	-3.799656500000012e-05
653.7965698	3.0700932000000004e-05	654.9715576	-0.0014406888520000001
653.9157715	0.0014395843897999998	655.0911255	0.001207301044
654.0349121	0.0007359925657	655.2106934	0.0020083868874999997
654.1541138	0.000355739729	655.3302612	0.000886978349
654.2733154	0.0014579097625	655.4498291	0.0005485555159999997
654.3925171	0.0006814020307000001	655.569397	0.0010281149299999999
654.5116577	-0.0001310989901	655.6889648	0.002575566177
654.6308594	0.0004101603992	655.8085327	0.0016687992030000004
654.750061	-0.0003297647636	655.9281006	0.0027163596829999997
654.8692627	-0.0011610670479999998	656.0476685	0.0004066848199999998
654.9884644	-0.0009805565929	656.1672363	0.000301405438
655.107605	-0.00023937354674	656.2868042	0.0027362219553999996
655.2268066	-0.00042008797759999995	656.4063721	0.006200078409
655.3460083	0.0012776372605	656.5259399	0.013360081943
655.46521	0.00044716228874999996	656.6455078	0.012646539133000002
655.5844116	0.000934545009	656.7650757	0.008739753158
655.7036133	3.1766117900000005e-05	656.8847046	0.0081371486015
655.8228149	0.0018193500001	657.0042725	0.004618072184
655.9420166	0.002198662143	657.1238403	0.0031781913709999997
656.0612183	0.0006451820078999999	657.2434692	0.003801598505
656.180481	0.0006811866770000001	657.3630371	0.0005856462530000001
656.2996826	0.0038587056914	657.482605	0.003714007442
656.4188843	0.0075238678833	657.6022339	0.001474421064
656.5380859	0.0049779996623	657.7218018	0.0004250393249999999
656.6572876	0.0040576319443	657.8413696	0.0026131070047999997
656.7764893	0.0023241741004	657.9609985	0.00019571470330000004
656.895752	0.0020898889926	658.0805664	0.001437692438
657.0149536	0.0006451253719	658.2001953	-1.908373100000015e-05
657.1341553	0.0014037950893	658.3197632	0.0008340789940000002
657.253418	0.0013672238564	658.4393921	0.0014034709745
657.3726196	0.0013500998902	658.55896	-0.0011041951359999995
657.4918213	0.00012152269490000006	658.6785889	0.0026639795389999995
657.611084	0.0011698386661000001	658.7982178	-7.311883400000019e-05
657.7302856	0.00154809697419	658.9177856	0.0006739911619999999
657.8495483	0.000681685342	659.0374146	0.0009415809906
657.96875	0.0015122283074	659.1570435	0.0001925816760000006
658.0880127	0.0009703002721000001	659.2766113	0.0015992592088
658.2072144	0.0006271513994	659.3962402	-0.000660610386
658.3264771	0.0011878919905000001	659.5158691	0.0008704449283
658.4456787	0.0010783142644	659.635498	0.000462971861
658.5649414	0.0001401199843	659.7550659	0.002168151783
658.6841431	-0.0005649451054000001	659.8746948	0.002892795483999999
658.8034058	-0.0010875845621	659.9943237	0.001276851166
658.9226685	-2.302846409999999e-05	660.1139526	0.0012970264072199999
659.0418701	-0.0007630895706	660.2335815	0.0005681632316999999
659.1611328	0.0009700736847000002	660.3532104	0.0007969690479999996
659.2803955	0.00046528357779999994	660.4728394	0.0016890040428000001
659.3996582	0.0003924243792	660.5924683	0.001169750467
659.5188599	0.00120583198254	660.7120972	0.0012596815360000004
659.6381226	0.00039294566527	660.8317261	0.002060238622
659.7573853	0.001747272734	660.951355	0.001847143751
659.8766479	0.0006992966810999999	661.0709839	0.0016873299611
659.9959106	-0.00016739827689999997	661.1906128	0.0017228833167999998
660.1151733	0.0009524849883999999	661.3102417	0.002930756891
660.234436	0.0010609635501000001	661.4298706	0.0010119632349999998
660.3536377	-0.00013100833897000002	661.5494995	0.002413598355
660.4729004	0.00017568259500000004	661.6691895	-0.00032161013199999986
660.5921631	0.0016745607862	661.7888184	-0.00037541030900000013
660.7114258	0.0023603940794	661.9084473	0.0012084268965
660.8306885	0.00152998699196	662.0280762	0.0002465285359999998
660.9500122	0.0012766512809	662.1477661	0.0004961558150000001
661.0692749	0.00012125069020000006	662.267395	-5.427480200000004e-05
661.1885376	0.0012233526796	662.3870239	-5.3491559799999995e-05
661.3078003	0.0015481876471999999	662.5067139	0.0012415228410000007
661.427063	0.00046492094409000004	662.6263428	0.002045428613
661.5463257	0.0017291740514000001	662.7459717	-8.871201130000001e-05
661.6655884	-0.0006005530886	662.8656616	-0.0002170256340000001
661.7849121	0.0003199845088	662.9852905	0.0008353615994
661.9041748	0.0014034325141	663.1049805	0.001458876534
662.0234375	0.0025053984134	663.2246094	0.0006203574600000001
662.1427002	0.0006275254128	663.3442993	0.0007453522409999998
662.2620239	0.0006628046969999999	663.4639282	-0.00012726150399999976
662.3812866	8.55294057e-05	663.5836182	0.001245968044
662.5005493	-0.0013769248034	663.7032471	0.0010118555509999998
662.619873	0.0018916652189	663.822937	0.001029025065
662.7391357	-0.00014934496720000003	663.942627	0.0045662692578
662.8584595	0.0016386695205999999	664.0622559	0.011316274056
662.9777222	-0.0004386286021000001	664.1819458	0.0146039602133
663.0969849	0.0012954299455	664.3016357	0.012718712440999999
663.2163086	0.0009702097161000001	664.4212646	0.014141589751
663.3355713	0.0019820223676	664.5409546	0.037896820442399996
663.454895	0.0006811639757	664.6606445	0.0537800790646
663.5742188	0.00044699228610000003	664.7803345	0.041765576229
663.6934814	0.0012772405969600001	664.8999634	0.0343432875486
663.8128052	0.0075059279624	665.0196533	0.022616108178
663.9320679	0.023988295472259998	665.1393433	0.0161148199984
664.0513916	0.036300629948099995	665.2590332	0.009077294496
664.1707153	0.0350726553596	665.3787231	0.008510145038299999
664.289978	0.0371674067573	665.4984131	0.0061647699329
664.4093018	0.07646851136699999	665.618103	0.0019338727000000003
664.5286255	0.12510498708629	665.737793	0.003090326209
664.6479492	0.11880427723656001	665.8574829	0.002185918624
664.7672119	0.0920858709165	665.9771729	0.0037487776063499997
664.8865356	0.0590295802417	666.0968628	0.001988495467
665.0058594	0.039658876864400006	666.2165527	0.00047736102700000026
665.1251831	0.0275268808888	666.3362427	0.0017759096799999999
665.2445068	0.0178327613372	666.4559326	0.00115101412
665.3638306	0.012578194608	666.5756226	0.0009235791513000001
665.4831543	0.008878081688	666.6953125	0.0037486598596
665.602417	0.0049234654289	666.8150635	0.0041383174249999995
665.7217407	0.0045994803657	666.9347534	0.003161726286
665.8410645	0.00357002244666	667.0544434	0.004102479899
665.9603882	0.0022518814951	667.1741333	0.003979012719000001
666.0797119	0.0022880107865	667.2938232	0.0027526572809999997
666.1990356	0.0007713059897	667.4135742	0.001544979401
666.3184204	0.0016379101431999998	667.5332642	0.0025038621390000002
666.4377441	0.0004819201999999999	667.6529541	0.0015811593916
666.5570679	0.001944340533	667.7727051	0.0018282113600000005
666.6763916	0.0046356210953	667.892395	0.004989404232
666.7957153	0.0061512152899999995	668.012085	0.00731640588
666.9150391	0.0070184314973	668.1318359	0.00716009689522
667.0343628	0.0040390912909	668.2515259	0.005594585091
667.1537476	0.0040754700171	668.3712769	0.004582812311
667.2730713	0.0042019905957	668.4909668	0.00410142215
667.392395	0.0020894922487	668.6107178	0.0120283202815
667.5117188	0.0011683655324999998	668.7304077	0.02368178824
667.6311035	0.0025958236070000003	668.8501587	0.018422497200999997
667.7504272	0.0029201712455899998	668.9698486	0.013696399056
667.869751	0.0045634532001	669.0895996	0.0097364118851
667.9891357	0.0047251736689	669.2093506	0.0058981100447000005
668.1084595	0.004021185159399999	669.3290405	0.003905830905000001
668.2278442	0.0016736995899999999	669.4487915	0.0027876822279999996
668.347168	0.0048702348718999994	669.5685425	0.002965674037
668.4665527	0.0211358385524	669.6882324	0.002752990229
668.5858765	0.0446048015196	669.8079834	0.00094167894715
668.7052002	0.04651891836059	669.9277344	0.0016174274209
668.824585	0.0362288044392	670.0474243	0.0016524520467
668.9439697	0.0255953909981	670.1671753	0.001509347698
669.0632935	0.0141308467731	670.2869263	0.0023970457260000006
669.1826782	0.010430201251	670.4066772	0.0009950089589
669.302002	0.006801825715	670.5264282	0.0020945777650000002
669.4213867	0.0035698299180999997	670.6461792	0.0005135997200000002
669.5407715	0.00198141044529	670.7658691	0.0027725097029999996
669.6600952	0.00210770421066	670.8856201	0.0019911977576
669.77948	0.0017469326555	671.0053711	-0.00028471561380000003
669.8988647	0.00234236323056	671.1251221	-0.00023445021399999978
670.0181885	0.0014222451136	671.244873	0.0012760185639999998
670.1375732	0.0006450461226000001	671.364624	-0.0002680453470000001
670.256958	0.0010966735281	671.484375	0.0006927174113
670.3763428	8.53367383e-05	671.604126	0.0006038046556000001
670.4957275	0.0011505161531	671.723877	0.0007825897189
670.6150513	0.0025239503594999997	671.8436279	0.0007445299999999998
670.734436	0.0011145681199	671.9634399	0.0013143330582999998
670.8538208	0.00037438239089999996	672.0831909	0.0017027663999999998
670.9732056	0.0018732605677	672.2029419	-0.0005337945766
671.0925903	4.974009785e-05	672.3226929	0.0012781238179999997
671.2119751	0.0001573573681999999	672.4424438	0.001704734518
671.3313599	-0.00029268348599999997	672.5621948	0.001256558114
671.4507446	0.00021203859070000001	672.6820068	0.0008708170499
671.5701294	-0.00041962332040000003	672.8017578	0.0007089276339999999
671.6895142	-0.0002758541378	672.9215088	-0.00023198279100000003
671.8088989	0.0016747421469	673.0412598	0.001598348492
671.9282837	0.0014033531187000001	673.1610718	0.000620475039
672.0476685	0.002361323219	673.2808228	0.0009232561570000001
672.1670532	0.002902956563	673.4005737	0.0011179575229999998
672.286438	0.0005918040988	673.5203857	0.0009413461083
672.4058228	-0.0001853722788	673.6401367	0.0007988387959999999
672.5252686	-4.48782885e-06	673.7599487	0.001741159268197
672.6446533	0.0013858211167	673.8796997	0.0010118946659999999
672.7640381	-0.00027536683044	673.9994507	0.002734508598
672.8834229	6.756673969999998e-05	674.1192627	0.0008349112463
673.0028076	0.00113282542566	674.2390137	-0.001281981356
673.1222534	0.0005191941746	674.3588257	0.0018993378609999997
673.2416382	0.0029567991155	674.4785767	-0.000997280469
673.3610229	0.00032017708879999995	674.5983887	0.0012591821140000006
673.4804688	0.0006276160712	674.7182007	0.0006575850712
673.5998535	0.0008434057815000001	674.8379517	-0.002491186373
673.7192383	0.0008805550751	674.9577637	0.0011356754700000003
673.8386841	0.00033847976736	675.0775146	0.0001956559717
673.9580688	0.000916899648	675.1973267	0.0020234417169999997
674.0775146	0.0008979284028999999	675.3171387	0.010212945283999998
674.1968994	-0.0011962330318	675.4368896	0.023201995067999998
674.3162842	1.354281676e-05	675.5567017	0.02569087552935
674.43573	-0.0005104791634	675.6765137	0.02009260352
674.5551147	-9.557034400000004e-05	675.7963257	0.017924065701
674.6745605	0.0005187522329	675.9160767	0.012950377773999999
674.7939453	-0.0004746445919	676.0358887	0.007265239254999999
674.9133911	0.0017112114	676.1557007	0.007353369381000001
675.0328369	-0.0007269376074	676.2755127	0.004990961403
675.1522217	0.00311873501019	676.3953247	0.0022736270333
675.2716675	0.0083539457119	676.5151367	0.002465723548
675.3910522	0.0131022611347	676.6349487	0.0021861928981
675.510498	0.01449294458	676.7546997	0.0030384939748
675.6299438	0.011965548973000001	676.8745117	0.0027523830070000006
675.7493896	0.0136438724977	676.9943237	0.0036777100103499998
675.8687744	0.012092001391000001	677.1141357	0.0009766055739999998
675.9882202	0.005934281041999999	677.2339478	0.0011899943348
676.107666	0.003424757277	677.3537598	0.0006026688500000003
676.2271118	0.003063917975	677.4735718	0.0013308171190000002
676.3464966	0.00264928106526	677.5933838	0.001118417713
676.4659424	0.001114137587	677.7132568	0.000605097157
676.5853882	0.0011515474107	677.8330688	0.0012764884160000002
676.704834	0.0031728608786300004	677.9528809	0.001014303183
676.8242798	0.0027044494629999997	678.0726929	0.0019541954099
676.9437256	0.0025044690122	678.1925049	0.0007251570929999998
677.0631714	0.0023427712729	678.3123169	0.0012770076280000002
677.1825562	0.00171053145466	678.4321289	0.0024868689357
677.302002	0.0007901411737	678.552002	0.00045920209899999974
677.4214478	0.0008796370818	678.671814	-0.002598463558
677.5408936	0.0008804304526	678.791626	0.0004427866079999999
677.6603394	0.00013955333269999998	678.911438	-0.0013673790970000002
677.7797852	-0.0002214675478	679.031311	0.001722707064
677.899292	0.0004105570261	679.151123	0.0014189761129999997
678.0187378	0.00064539739563	679.2709351	0.0004779580050000001
678.1381836	0.00013979134379999997	679.3908081	0.0007429239340000001
678.2576294	0.0012051520608	679.5106201	0.000566077418
678.3770752	-0.0017024737319999998	679.6304321	0.0007617096409999998
678.496521	-0.0013226855372	679.7503052	-0.0007300430439999999
678.6159668	4.9105437899999924e-05	679.8701172	0.0009260075170000001
678.7354126	0.0006994326395	679.9899902	0.001882354379
678.8549194	0.0016567567360000002	680.1098022	-1.991586700000013e-05
678.9743652	0.00028437648139	680.2296753	0.001439915251613
679.093811	0.0007715778773000001	680.3494873	0.0020926198919999995
679.2132568	0.0001938039495	680.4693604	-0.00010890699899999967
679.3327637	0.0011328707621900001	680.5891724	-0.0016363888280000003
679.4522095	0.00091625371719	680.7090454	0.003091442192197
679.5716553	0.0007175199571	680.8288574	0.0009040108419999999
679.6911621	0.00154910560405	680.9487305	0.0005498382960000001
679.8106079	0.0002841951791	681.0686035	-0.000339328078
679.9300537	0.00035640841810000005	681.1884155	-8.898616949999999e-05
680.0495605	0.00106069156029	681.3082886	0.0013696408129999999
680.1690063	-0.00034803338349999997	681.4281006	0.00038837967500000067
680.2884521	0.0004475815805	681.5479736	0.0014024919359999998
680.407959	-0.0006358664834000001	681.6678467	-0.00094332383
680.5274048	-7.70410406e-05	681.7877197	0.001952844206
680.6469116	0.0003021351294	681.9075317	0.0014750280533999999
680.7663574	0.002180302865	682.0274048	0.00040736049500000003
680.8858643	0.0015485955518	682.1472778	0.001100073102
681.0053101	0.000356329052	682.2671509	0.0018301306405
681.1248169	0.0014041577815000002	682.3869629	-0.0014934215874
681.2442627	0.0021080215809	682.5068359	0.001050169812
681.3637695	0.00022969517129999993	682.626709	0.00044184690399999994
681.4832764	-0.0007806895737999999	682.746582	0.0008715023872
681.6027222	-9.49130554e-05	682.8664551	0.0015096610881000002
681.722229	0.0013857304436	682.9863281	-0.00021436263299999992
681.8417358	0.0011692267435	683.1062012	0.0005330700515
681.9611816	0.0018012172657000001	683.2260742	0.0022032743147999997
682.0806885	0.00116892079696	683.3459473	-0.0006773981729999998
682.2001953	3.0666822999999904e-05	683.4658203	-0.00013138353999999838
682.3196411	0.0008802037336000001	683.5856934	0.00037218909700000025
682.4391479	0.001006950959	683.7055664	0.0014724629000000006
682.5586548	0.0007715891694000001	683.8254395	0.0009938731090000002
682.6781616	-0.0009442006701000001	683.9453125	0.0006887614720000011
682.7976685	0.0026686149064999998	684.0651855	0.001544000581
682.9171143	0.00044668630290000007	684.1850586	0.0009594849980000001
683.0366211	1.3452154199999997e-05	684.3049316	0.0011515817610000005
683.1561279	0.0013853225101	684.4248047	0.0011894262869999999
683.2756348	0.0014759857149	684.5446777	-0.00044525402999999984
683.3951416	0.0015667849219	684.6646118	-0.0006043040339000001
683.5146484	0.0014942316919999998	684.7844849	0.0015258516649999999
683.6341553	0.00046436564300000004	684.9043579	0.0030382198455
683.7536621	0.0003746883886	685.024231	0.0019202477992999998
683.8731689	0.0006272194005000001	685.144104	0.0017772901335
683.9926758	0.0007905831738000001	685.2640381	-0.0003743526760000002
684.1121826	0.0009524283377000001	685.3839111	0.00040990614799999987
684.2316895	-0.00014923163689999997	685.5037842	-0.0002660968461
684.3511963	0.0005188881769	685.6237183	0.00062215902652
684.4707031	0.0009706290148	685.7435913	0.000639034901
684.59021	0.00037449573569999997	685.8634644	0.001420503599
684.7097168	-2.265447259999999e-05	685.9833984	-7.292278999999988e-05
684.8292236	-0.0005830890730000001	686.1032715	0.001721100881
684.9487305	0.0010790622037	686.2231445	0.00042468681899999984
685.0682373	-0.000275570812	686.3430786	0.0036044102160000006
685.1877441	-0.00070863495784	686.4629517	0.0026616300460000006
685.307312	-0.0007995587656	686.5828857	0.0025392980309999996
685.4268188	0.0003561250632	686.7027588	0.002415057505
685.5463257	-0.00018553092379999998	686.8226929	0.0027538029386000003
685.6658325	0.00012177201279999999	686.9425659	0.0045329582935000005
685.7853394	0.000698820688	687.0625	0.0015086624769999999
685.9049072	0.0021439922275	687.182373	0.006750528934000001
686.0244141	0.0010964242394	687.3023071	0.021407882455
686.1439209	0.003877835348	687.4221802	0.027983508654
686.2634277	0.0071266946613	687.5421143	0.0222968911994
686.3829956	0.0080110692217	687.6619873	0.016060648253
686.5025024	0.0114768972251	687.7819214	0.009699086655
686.6220703	0.0097077516296	687.9018555	0.007424612766000001
686.7415771	0.0065305161701	688.0217285	0.004688042681
686.861084	0.0046888515931000005	688.1416626	0.0054184924231
686.9806519	0.0051047011219	688.2615967	0.0029472312890000004
687.1001587	0.007325553277	688.3814697	0.0029671522495
687.2197266	0.01290356194226	688.5014038	0.0023446946292999997
687.3392334	0.0143120377655	688.6213379	0.0019361053125
687.4588013	0.0101228647435	688.741272	0.002253618091
687.5783081	0.008174002287	688.861145	0.0065559054058
687.697876	0.005374821136199999	688.9810791	0.0079422119307
687.8173828	0.0038588075697000004	689.1010132	0.006272496888000001
687.9369507	0.001745776856	689.2209473	0.0052767097442
688.0564575	0.0033901240675	689.3408813	0.0027534405814
688.1760254	0.0016556575429999998	689.4608154	0.003020022064
688.2955322	0.0012228314009	689.5806885	0.0034996300817
688.4151001	0.0020899682419000002	689.7006226	0.0026103658600000004
688.534668	0.0013857304436	689.8205566	-0.00016056280499999998
688.6541748	0.0055200294297	689.9404907	0.0021132454279999997
688.7737427	0.011567979639200001	690.0604248	0.0018840383275
688.8933105	0.011459251936699999	690.1803589	0.0014158822559999992
689.0128174	0.0106652910469	690.300293	0.0011901116816000002
689.1323853	0.0056817839501000006	690.4202271	0.0024874955417
689.2519531	0.0027934807291	690.5401611	0.0010855076829999998
689.37146	0.0049061489985000005	690.6600952	0.0005129729390000006
689.4910278	0.0032630255883	690.7800293	0.0005680163161
689.6105957	0.000825488474	690.8999634	-0.0003909448132
689.7301636	0.0006453406968	691.0198975	0.00026661580339000003
689.8497314	0.0017286867807	691.1398315	0.00016025931109999998
689.9692383	-7.698437550000001e-05	691.2598267	0.001509582741
690.0888062	0.0010248455801	691.3797607	-0.0011755758899999998
690.208374	0.0031011689566000002	691.4996948	0.0002483201682999999
690.3279419	-0.00042018998640000005	691.6196289	0.0016146858690000002
690.4475098	0.0005556521355000001	691.739563	0.0034465545319
690.5670776	-0.0007278555999999999	691.8594971	0.0010306504264
690.6866455	-0.0005823864776	691.9794922	0.0021324614064
690.8062134	0.0009340917168000001	692.0994263	0.0014029032319999998
690.9257202	0.0016568587744	692.2193604	-7.249228600000011e-05
691.0452881	0.0009701982777999999	692.3392944	0.00012458846319999997
691.164856	0.0006994440045	692.4592896	0.001775919576
691.2844238	-0.00022132023516	692.5792236	0.00010633200870000003
691.4039917	0.00024841718185999995	692.6991577	0.0001222975549999999
691.5235596	0.00041017169129999996	692.8190918	0.0005857635984000001
691.6431274	-0.00014932232440000004	692.9390869	-0.00026894593699999976
691.7627563	0.00059123743723	693.059021	0.0013490836129999998
691.8823242	0.00059163411604	693.1790161	0.0003378400143
692.0018921	0.0004103190149	693.2989502	0.0015078983270000006
692.12146	0.0010254349330000002	693.4188843	-0.0012986613430000001
692.2410278	-0.000817419481789	693.5388794	0.0007463411894
692.3605957	0.0008982910511999999	693.6588135	0.0017070255122
692.4801636	0.0003383891162	693.7788086	0.0014915023930000002
692.5997314	0.00100652029509	693.8987427	0.00447652454
692.7193604	0.0008259985042899999	694.0187378	0.0112459313808
692.8389282	0.0023074693165	694.1386719	0.010765295479
692.9584961	0.001060306211	694.258667	0.00859527895
693.078064	-2.197449799999998e-05	694.3786011	0.005524094915000001
693.1976318	-0.00036576939603	694.4985962	0.0021683476514
693.3172607	0.0019461197664	694.6185303	0.0029479756480000003
693.4368286	0.0008800223873999999	694.7385254	0.0019707675089999997
693.5563965	0.0016391907998	694.8584595	0.0015814433287
693.6760254	0.0008253185078999999	694.9784546	0.0015985543142
693.7955933	0.0033890473428	695.0984497	0.0022724031009999997
693.9151611	0.0054471135377	695.2183838	0.0008346957620000001
694.03479	0.0057365900133	695.3383789	0.0022367814090000003
694.1543579	0.0021250322459999997	695.458374	0.002112501534
694.2739258	0.0029559606631	695.5783081	0.0040351234206
694.3935547	0.0037148682747	695.6983032	0.0001425805386
694.5131226	0.0008439158264	695.8182983	0.002983949846
694.6327515	0.00019389460800000002	695.9382324	0.00076445071316
694.7523193	0.0022167947610000002	696.0582275	0.00024629384199999996
694.8718872	0.0013673145149	696.1782227	0.0018307768912
694.9915161	0.0014945036964	696.2982178	0.0032680239529999998
695.111084	-0.0014678033258099998	696.4181519	0.00284344994
695.2307129	0.0014038744557	696.538147	0.011260487605000001
695.3502808	0.0024147124927	696.6581421	0.081015357284
695.4699097	0.0011329388215999998	696.7781372	0.222883510653
695.5894775	0.0019631304018	696.8981323	0.23299433349940002
695.7091064	-0.0001491522999	697.0181274	0.18125557298
695.8287354	0.0030469978814	697.1380615	0.13667726466400001
695.9483032	0.0016750254436	697.2580566	0.09144626041040001
696.0679321	0.0014942883863	697.3780518	0.0643337209506
696.1875	0.0027216300808	697.4980469	0.04498184891
696.3071289	0.0016923761286	697.618042	0.034734199238199995
696.4267578	0.0045446295407	697.7380371	0.025335460067500003
696.5463257	0.03830467258629	697.8580322	0.019453898077
696.6659546	0.109344759562	697.9780273	0.014586017348
696.7855835	0.1314237362916	698.0980225	0.010307077319
696.9051514	0.0969058236785	698.2180176	0.009043875906700001
697.0247803	0.078654456655	698.3380127	0.005575212652
697.1444092	0.056538527624700005	698.4580078	0.004493518033999999
697.2640381	0.036355539223	698.5780029	0.001616086112
697.383606	0.0207571150392	698.697998	0.003177593928000001
697.5032349	0.011676265186699999	698.8179932	0.0047764754859999994
697.6228638	0.0068018823509000004	698.9379883	0.0003902006430000001
697.7424927	0.0033528613852999998	699.0580444	0.000584804221
697.8621216	0.0022699121037	699.1780396	0.0011711798139999998
697.9816895	0.00449167064	699.2980347	0.00076324644
698.1013184	0.000590591458	699.4180298	0.0030749088617999997
698.2209473	0.001998772496	699.5380249	0.0027713738676
698.3405762	0.0009881836887	699.65802	0.002308406867
698.4602051	0.0032095909115	699.7780762	0.0025747141340000004
698.579834	0.00026585848530000006	699.8980713	-0.00126142402593
698.6994629	0.0011860560620000002	700.0180664	0.0019529908889999999
698.8190918	0.0017469326555	700.1380615	0.0017063793786000001
698.9387207	0.0011507654709	700.2580566	0.0021313942270000004
699.0583496	0.0008802264054999999	700.3781128	0.000976830837
699.1779785	0.0009158910834000001	700.4981079	0.0014718361200000002
699.2975464	0.0010606688298899999	700.618103	0.0013322076994
699.4171753	0.0005185595947	700.7381592	0.002237026114
699.5368042	0.0016024608336999999	700.8581543	-0.00012393243380000004
699.6564941	0.0017641813025	700.9781494	0.00158123768932
699.776123	0.00010438734899999996	701.0982056	-0.0005175455010000001
699.895752	0.0014395730977	701.2182007	0.0007452836719999999
700.0153809	-0.00020245090099999994	701.3381958	0.0023959195239999995
700.1350098	8.520076519999995e-05	701.458252	0.00019681127800000005
700.2546387	-0.00011230906239999999	701.5782471	0.00241765183788
700.3742676	0.0009882856539	701.6983032	0.0022035485601
700.4938965	0.00042872364425999994	701.8182983	-1.7948012099999982e-05
700.6135254	0.0006989567192	701.9383545	0.0020440186494
700.7331543	0.0003743370471	702.0583496	0.0015261943919999995
700.8528442	0.002216749475	702.1784058	0.00033746790729999993
700.9724731	-0.0007638148384999999	702.2984009	0.0002996525720000004
701.0921021	-0.0007448322576	702.418457	0.0010468997060000002
701.211731	-4.0979764900000016e-05	702.5384521	0.0008699750760000002
701.3313599	0.0019275111262	702.6585083	0.0031967216640000004
701.4510498	-7.683707375e-05	702.7785034	0.0006567823
701.5706787	0.0010607028598	702.8985596	0.0025419613378999998
701.6903076	0.00021181191550000004	703.0185547	0.0058451620285
701.8099365	0.0008984610612999999	703.1386108	0.0187969331754
701.9296265	0.0019096051108	703.258606	0.02369996696
702.0492554	0.0008077752281	703.3786621	0.015738993418
702.1688843	-0.00016726230380000002	703.4987183	0.0157946451675
702.2885742	0.0020362616636	703.6187134	0.00829640415
702.4082031	0.00039270770499000003	703.7387695	0.006181244739000001
702.527832	-0.00040174002784	703.8588257	0.003979052068
702.647522	0.0002659265302	703.9788208	0.004121030447999999
702.7671509	0.001151286764	704.098877	0.0044945165277999995
702.8867798	0.0026126869485000002	704.2189331	0.002414038871
703.0064697	0.0047791862162	704.3389893	0.0031776134849999995
703.1260986	0.008552974759599999	704.4589844	-1.819280450000003e-05
703.2457886	0.007054016750400001	704.5790405	0.000638222089
703.3654175	0.0058986729705	704.6990967	0.00260799611
703.4850464	0.0029920785453	704.8191528	0.00031995561952
703.6047363	0.00259512093226	704.9391479	0.0007619149979999997
703.7243652	0.0010602609254	705.0592041	0.000622315667
703.8440552	0.0013861497864	705.1792603	0.0029666822518
703.9636841	0.00026568857740000014	705.2993164	-0.00033963169000000024
704.083374	0.0014578757326999998	705.4193726	0.0012421200520000004
704.2030029	-0.000293363464629	705.5394287	-0.0002718931059999992
704.3226929	0.0012049140642	705.6594238	0.0007268902849999997
704.4423218	0.00012188535038	705.77948	0.0010472913279999999
704.5620117	0.0005733881263	705.8995361	0.00019470625600000006
704.6817017	0.0012235566974	706.0195923	0.00172439102656
704.8013306	0.0014581137221	706.1396484	7.052405240000011e-05
704.9210205	0.0007178146334	706.2597046	-0.000569984317
705.0406494	0.0019445557849999998	706.3797607	-7.453840199999999e-05
705.1603394	0.0004650342453	706.4998169	0.0017227265059999999
705.2800293	-0.00032978740629999994	706.619873	0.006179736463
705.3996582	0.00093430705599	706.7399292	0.050385753387
705.5193481	-0.0003839926794	706.8599854	0.159881860434
705.6390381	0.0005010502282	706.9800415	0.18944853111499999
705.758667	-0.0006370223704999999	707.1000977	0.157485026249
705.8783569	0.00131415185019	707.2201538	0.12022576018100001
705.9980469	0.0015302816464	707.34021	0.080215721621
706.1177368	-0.0003473647521	707.4602661	0.05779568748007
706.2373657	0.0011323721847	707.5803223	0.042230528781
706.3570557	0.0009165824158000001	707.7003784	0.028266455511
706.4767456	0.0005369415157	707.8204346	0.0237896616183
706.5964355	0.013914502296699998	707.9404907	0.016822489442000002
706.7160645	0.060005114826	708.0605469	0.011972219214
706.8357544	0.091797237751	708.1806641	0.010999652557
706.9554443	0.0772272859201	708.3007202	0.006608540658
707.0751343	0.0691395565353	708.4207764	0.006004035473000001
707.1948242	0.052421454222	708.5408325	0.0023971239569999998
707.3144531	0.028573779681	708.6608887	0.003408935387
707.4341431	0.015413017190971	708.7809448	0.0034634498880000003
707.553833	0.0092567247773	708.901062	0.005562066683
707.6735229	0.004670844064	709.0211182	0.0009787204910000002
707.7932129	0.0043466888599	709.1411743	0.002716839546
707.9129028	0.0029559718673	709.2612305	0.0027701596260000004
708.0325928	0.0015296810309000002	709.3813477	0.002521854127
708.1522827	0.0025592636663	709.5014038	0.0015453319648000001
708.2719727	0.0029743539857	709.62146	0.0013137162889999999
708.3916626	0.0009515897839999998	709.7415161	0.0024666255339999997
708.5113525	0.00324612821	709.8616333	0.0006544911300000004
708.6309814	0.0013317971607	709.9816895	-0.0004440006741
708.7506714	0.003282132791	710.1017456	0.0011711013499999998
708.8703613	0.0021081122685	710.2218628	0.0010835496360000001
708.9900513	-0.000654543037	710.3419189	0.0023076334039999996
709.1097412	0.0008982910511999999	710.4619751	0.0009599745751099999
709.2294922	0.0020898549408999998	710.5820923	0.0019012960838000002
709.3491821	0.0008975543894	710.7021484	0.00033422699200000034
709.4688721	0.0004830648977	710.8222656	0.0008693875280000002
709.588562	0.0022161487145	710.9423218	0.004138356773
709.708252	-5.850044539999999e-05	711.0623779	0.004138121614
709.8279419	0.0008622411406	711.1824951	0.0043175133471
709.9476318	0.00046460362499999995	711.3025513	0.0015122652980000002
710.0673218	-0.00085351478633	711.4226685	0.003891891683
710.1870117	0.0002300012566	711.5427246	0.0031084062060000002
710.3067017	-9.512837279999995e-05	711.6628418	0.0012975746362
710.4263916	0.0002846824936	711.7828979	0.0018854090019999998
710.5461426	0.0009881609583	711.9030151	0.0005687506782
710.6658325	0.0016020755281	712.0230713	0.0020606204049
710.7855225	0.0010964921675	712.1431885	-0.0009432455989999999
710.9052124	0.0015302703251	712.2632446	0.001880630851
711.0249023	0.000175240682	712.3833618	0.0012249698630000003
711.1446533	-0.0013229122269	712.503418	0.0007985647539999999
711.2643433	8.531403730000007e-05	712.6235352	0.0011906992295
711.3840332	0.0005918721145	712.7436523	0.0005836100319999999
711.5037231	0.0003563063802	712.8637085	0.0027346850840000003
711.6234131	0.00055545945724	712.9838257	0.0051341537034
711.7431641	0.0005186275228	713.1038818	0.003197025042
711.862854	0.0009880136348000002	713.223999	-0.00030391197600000003
711.9825439	0.0016388508375000002	713.3441162	0.0014227651990000002
712.1022949	-0.0004921425716	713.4641724	0.0020090527835
712.2219849	0.000572538119	713.5842896	0.0004777135320000003
712.3416748	0.0006451934458999999	713.7044067	0.002273431397
712.4614258	0.001494582975	713.8244629	0.0024699048376
712.5811157	-0.0007086916594	713.9445801	0.0007997299252999999
712.7008057	0.0014213498217	714.0646973	0.0004959208899999999
712.8205566	0.00088007908926	714.1847534	-0.0006576242741
712.9402466	0.0008256131549999999	714.3048706	-0.00023257033900000003
713.0599365	0.0016566434641	714.4249878	0.000958643038
713.1796875	-4.805158799999984e-06	714.545105	0.0009738546800000004
713.2993774	0.00017599995046	714.6651611	0.0009071731469999999
713.4191284	-0.00014934496720000003	714.7852783	0.00902555054893
713.5388184	-0.0006552003319000001	714.9053955	0.023682708499399997
713.6585083	0.00066382466319	715.0255127	0.021582966672
713.7782593	0.000447094281289	715.1456299	0.015918200833999998
713.8979492	0.00082593049323	715.265686	0.0129871248522
714.0177002	-0.0002571548685	715.3858032	0.008401859557000001
714.1373901	3.1766117900000005e-05	715.5059204	0.006146327593000001
714.2571411	0.0009525190107	715.6260376	0.0031796598339999997
714.3768311	0.0007715665850999999	715.7461548	0.004531342769
714.496582	0.0017292646805999999	715.866272	0.003445996204
714.616272	0.0025227264559	715.9863281	0.002308181487
714.7360229	0.007379690592700001	716.1064453	0.0032332344559
714.8557129	0.0082633730485	716.2265625	0.0044768770457
714.9754639	0.0080656482606	716.3466797	0.0052771994374000005
715.0951538	0.0062414138227999995	716.4667969	0.002661786042
715.2149048	0.0037318109530000004	716.5869141	0.0013136575
715.3345947	0.001456799102	716.7070312	0.0014557142269999998
715.4543457	0.005683914525	716.8271484	0.0012782411649999998
715.5740967	0.0006812659555000001	716.9472656	0.001241757768
715.6937866	0.0017657112623	717.0673828	0.0018127358635
715.8135376	0.0018192026766	717.1875	0.0006931482348
715.9332275	0.0019094691376	717.3076172	0.0024152137340000004
716.0529785	0.0018909965437000002	717.4277344	0.0007098283390000002
716.1727295	0.0004104776599	717.5478516	0.0030218236494
716.2924194	0.0037150951107000002	717.6679688	0.0006580061163
716.4121704	0.0005011408794	717.7880859	-0.000570336823
716.5319214	0.00048260018199999994	717.9082031	0.000550778201597
716.6516113	0.0019815237317999997	718.0283203	0.0004109144210000001
716.7713623	0.0008432471660000001	718.1484375	-0.000978544238
716.8911133	0.0006095400895000001	718.2685547	0.0006921495079999999
717.0108032	0.0010790281812	718.3886719	0.0008337264880000001
717.1305542	0.0013672578788999998	718.5087891	0.00040379725400000073
717.2503052	0.0013312645898	718.6289062	-0.000374078634
717.3700562	-0.0010521238437	718.7490234	0.000744490651
717.4897461	-0.00040206869010000004	718.8692017	0.001456889117197
717.6094971	8.532538770000006e-05	718.9893188	0.0003195444297
717.729248	0.0005729914991999999	719.109436	0.002807739889
717.848999	-0.00029372613060000007	719.2295532	0.00099552793111
717.968689	6.686407099999996e-05	719.3496704	0.0029305808720000003
718.0884399	0.0007176899453	719.4697876	-0.001708386465
718.2081909	-0.00011310234549999999	719.5899048	7.031857900000006e-05
718.3279419	0.0020541903796999997	719.710083	0.0014013955370000006
718.4476929	-0.0004918138875	719.8302002	0.0012268595742999998
718.5674438	0.002235233434	719.9503174	0.0027900318380000002
718.6871338	0.0007177352817000001	720.0704346	0.0017762425707000002
718.8068848	0.00041037565100000004	720.1906128	0.001704734518
718.9266357	-9.441439759999993e-05	720.31073	0.0004082123633999999
719.0463867	0.0008623317699	720.4308472	8.55787650000002e-05
719.1661377	-0.00054639315205	720.5509644	0.0002815630290000006
719.2858887	0.00024782790569999997	720.6711426	0.0028250563924
719.4056396	-0.0004206886519999998	720.7912598	0.002254244872
719.5253296	0.0006091434625	720.911377	0.006358805811
719.6450806	0.0013321031581	721.0314941	0.004633381031
719.7648315	0.0006094607525000001	721.1516724	0.0054006080611
719.8845825	-0.0013412035185000001	721.2717896	0.004407650093
720.0043335	0.0014402871020000002	721.3919067	0.0008354007877
720.1240845	-0.00027574083659999996	721.512085	0.0033719819050000007
720.2438354	0.0007721105795	721.6322021	0.0019695535310000007
720.3635864	0.00088013579079	721.7523193	0.0007630898619999998
720.4833374	0.00017598861446	721.8724976	0.0028424805499
720.6030884	1.3146141999999987e-05	721.9926147	8.720415699999982e-05
720.7228394	0.00293893856	722.1127319	-8.959323200000016e-05
720.8425903	0.0034618385402	722.2329102	0.0021513834945999996
720.9623413	0.002848842065	722.3530273	0.0011900040556999999
721.0820923	0.0025953929577000002	722.4732056	-0.0003037943970000002
721.2018433	0.0019455758156	722.5933228	0.001170768635
721.3215942	-5.9169076900000015e-05	722.7134399	-0.0005702292550000001
721.4413452	0.0008986424	722.8336182	0.0010125604455999998
721.5610962	0.0005183782189999999	722.9537354	0.000674333773
721.6808472	0.0016024722720000002	723.0739136	0.002451550623
721.8005981	0.00116890937326	723.1940308	0.0013476735909999996
721.9203491	0.0008440517849899999	723.314209	1.580384500000009e-05
722.0401001	-0.0007088276325000001	723.4343262	0.001136145205
722.1598511	0.0007715325335	723.5545044	0.00022713653800000063
722.2796631	0.0012409186455	723.6746216	0.001847026288
722.3994141	8.627737400000008e-05	723.7947998	-0.00032125785899999974
722.519165	-0.00087173807	723.914917	-0.000676791416
722.638916	0.00057318415653	724.0350952	-0.0005696710429999999
722.758667	0.0012770932807	724.1552124	0.0011165766039999995
722.878418	-0.0008713867573	724.2753906	0.001701131463000001
722.9981689	0.00015740271200000004	724.3955078	0.0008172128728
723.1179199	-0.0009256486665	724.515686	-0.0015985346395
723.2377319	0.000915550976	724.6358032	5.279638569999996e-05
723.3574829	0.0010248908948	724.7559814	0.00019545037317999998
723.4772339	0.001438938431	724.8760986	-7.348088599999983e-05
723.5969849	0.0038772120894	724.9962769	-0.0001041586509999996
723.7167358	0.0014033190669999998	725.1164551	0.002965722698
723.8365479	0.0030292391310000003	725.2365723	0.0003535409920000002
723.9562988	0.0010965828551	725.3567505	0.00038891797900000033
724.0760498	0.0007359359588	725.4768677	0.0020765759989999997
724.1958008	0.00012156803860000005	725.5970459	0.0015636960162999998
724.3155518	-0.00020334625149999997	725.7172241	0.0018446664329999996
724.4353638	-0.0007816641591	725.8373413	0.0011179477439999998
724.5551147	0.00013992732601	725.9575195	-0.0007825406502999999
724.6748657	0.0010244489824	726.0776978	-0.0015646358955
724.7946167	0.00093487371846	726.1978149	0.0012076142593000002
724.9144287	0.0004467316466	726.3179932	0.0008681928740000002
725.0341797	-0.0002214789274	726.4381714	0.00021028006500000036
725.1539307	0.0003018517743	726.5582886	-0.000427212915
725.2737427	0.0017833339516	726.6784668	0.00046166963869999995
725.3934937	-0.00032978740629999994	726.798645	0.0035351834374000002
725.5132446	0.0008624224575	726.9187622	0.0027540281011000003
725.6330566	0.00124113403596	727.0389404	0.001250447709999998
725.7528076	0.0009340917168000001	727.1591187	0.0015441568100000003
725.8725586	-0.0007268016052	727.2792969	0.004138493445
725.9923706	-0.0007452515711	727.3994141	0.018032253958
726.1121216	0.00022984255340000005	727.5195923	0.041360254629999996
726.2318726	0.0007718612178	727.6397705	0.0466915619595
726.3516846	0.0016927387330000002	727.7599487	0.031677187189000006
726.4714355	-0.0003658827118	727.8800659	0.025974733929699997
726.5911865	0.0021795096112	728.0002441	0.015740149883
726.7109985	0.00104254754096	728.1204224	0.013536850456000001
726.8307495	0.0007538192294000001	728.2406006	0.009521065274999999
726.9505005	0.0001572100449999999	728.3607178	0.008281339425000001
727.0703125	0.00044589291799999983	728.480896	0.0063604308375
727.1900635	0.0016747308257	728.6010742	0.005882330705
727.3098755	0.0071264228605999996	728.7212524	0.0035361819899999997
727.4296265	0.0158283112347	728.8414307	0.004674163182
727.5494385	0.017109688605899998	728.9616089	0.0023624516324
727.6691895	0.012145107260299999	729.0817261	0.0015281426897
727.7889404	0.007215805468	729.2019043	0.0005325021918
727.9087524	0.0054294001459	729.3220825	0.0008858423679999998
728.0285034	0.003046918369	729.4422607	0.0006204063539999999
728.1483154	0.0008074465441	729.562439	0.001509387046
728.2680664	0.0012048574283	729.6826172	0.0013152534084
728.3878784	1.3656142899999985e-05	729.8027954	1.5255528999999664e-05
728.5076294	0.00028329982900000003	729.9229736	0.0009413754446000001
728.6274414	0.0029389045660000003	730.0430908	0.0009224335659999998
728.7471924	0.0004282250303	730.163269	0.002024685266
728.8670044	0.0016201515829	730.2834473	-0.0004988678269999998
728.9867554	0.0024873564836	730.4036255	-1.8114456899999995e-05
729.1065674	0.0032095342174	730.5238037	0.0009945193883999998
729.2263184	0.0022884866627	730.6439819	-0.0007492885929999997
729.3461304	0.0015843282452999998	730.7641602	0.0009414929665999998
729.4658813	0.0002297972097	730.8843384	0.0008328161199999996
729.5856934	0.0012237267074	731.0045166	0.002131217974
729.7054443	0.0005547795445999999	731.1246948	0.000408369
729.8252563	0.00028450113496	731.244873	0.0015626582310000001
729.9450684	0.00176465731756	731.3650513	0.0046701096
730.0648193	0.000302577115689	731.4852295	0.00438840469932
730.1846313	0.00055516485009	731.6054077	0.0026656341500000003
730.3043823	0.00039286634273	731.7255859	0.0043709611056
730.4241943	0.00039244705109999997	731.8457642	0.004191774642
730.5439453	0.00095287031583	731.9659424	0.0027156453579999995
730.6637573	0.0008447204596	732.0861206	0.0006364108999999995
730.7835693	-0.00025726819427	732.2062988	0.0018815223590000004
730.9033203	0.0016390661763	732.3264771	0.0013140100060000002
731.0231323	0.0005915434376	732.4466553	0.0007637065715999999
731.1429443	0.0014752603024	732.5668335	0.0024492493829999995
731.2626953	0.0015662635995999999	732.6870117	0.001952041406
731.3825073	0.0010970247968	732.8071899	0.000993236899
731.5022583	0.0022522553915	732.9273682	-0.0006578004978000001
731.6220703	-7.654243380000002e-05	733.0475464	-0.000747271231
731.7418823	0.0016745381728	733.1677246	0.0016866738450000002
731.8616333	0.0018013079533	733.2879028	-7.500825399999952e-05
731.9814453	0.0007354713163	733.4081421	0.0015975749120000003
732.1012573	0.002451510518	733.5283203	-1.5224800000001454e-06
732.2210083	0.0015482329765	733.6484985	-0.0012089067315000002
732.3408203	0.001313766581	733.7686768	0.0012453020319999999
732.4606323	0.0012585186629999999	733.888855	0.0007259598929999994
732.5803833	-0.0006547016964	734.0090332	0.0018456454850000002
732.7001953	0.0010426156076899999	734.1292114	0.0010481138013
732.8200073	0.0019640031386	734.2493896	0.0006032563969999999
732.9398193	-0.0007634975480000001	734.3696289	0.0021167111110000003
733.0595703	0.0026860109649	734.4898071	5.04073690000004e-05
733.1793823	-0.00022149021969999997	734.6099854	-0.00016377447200000006
733.2991943	0.0014404117245	734.7301636	0.0003383784789999999
733.4189453	0.00026581319969999997	734.8503418	-0.0012612869909
733.5387573	-4.283851000000014e-06	734.97052	0.00012343307
733.6585693	-0.0009795026417	735.0906982	0.0013670853809999999
733.7783813	0.0010067469266	735.2109375	0.001917917398
733.8981323	-0.0001498322240000001	735.3311157	0.00268166815
734.0179443	-0.00011269438259999998	735.4512939	0.00847594277
734.1377563	4.912813889999996e-05	735.5714722	0.005790960276
734.2575684	0.0014220637386	735.6916504	0.006729775568999999
734.3773804	0.00041070433963	735.8118896	0.004708345935400001
734.4971313	0.002884846646	735.9320679	0.004102156963
734.6169434	0.0012052087113	736.0522461	0.0032518531080000003
734.7367554	0.0019279757396	736.1724243	0.0031451834953
734.8565674	0.0003021351294	736.2926636	0.001367056161
734.9763794	0.00084398383203	736.4128418	0.0030361539690000002
735.0961304	-5.9860293000000035e-05	736.53302	0.0009404160089999999
735.2159424	0.001548436936	736.6531982	0.0006903382020000005
735.3357544	0.0025232590851	736.7734375	0.002788426121
735.4555664	0.002920545347	736.8936157	0.001085116295
735.5753784	0.000680858036	737.0137939	0.001402619062
735.6951294	0.0016023249338	737.1339722	0.0016150679440000001
735.8149414	0.0018000159179999999	737.2542114	0.01122762565
735.9347534	0.0009170243865	737.3743896	0.022191485859
736.0545654	-0.0010880378541	737.4945679	0.021211663725000003
736.1743774	0.0020906708669999998	737.6148071	0.013253510348
736.2941895	0.0013492272703	737.7349854	0.010800554882
736.4140015	0.0014042144174999998	737.8551636	0.010232289319
736.5337524	-0.00018540624290000002	737.9753418	0.007833985375000001
736.6535645	0.00093428438409	738.0955811	0.00543581869
736.7733765	0.00097037964041	738.2157593	0.006962164774
736.8931885	0.0006817080139	738.3359375	0.027645907253
737.0130005	0.002396942582	738.4561768	0.126444092924
737.1328125	0.0024502639427	738.576355	0.25825940750768
737.2526245	0.003948847588400001	738.6965332	0.2196695789585
737.3724365	0.006459345692	738.8167725	0.158569131685
737.4921875	0.006423318293	738.9369507	0.111361684997
737.6119995	0.0022337601989	739.0571289	0.0803769124919
737.7318115	0.001909140558971	739.1773682	0.06358557823
737.8516235	0.0015663429806000002	739.2975464	0.050081952471
737.9714355	0.0011138201230000001	739.4177856	0.040454252037999995
738.0912476	0.0032451534857	739.5379639	0.0295460149614
738.2110596	0.0046350203628	739.6581421	0.02391135693
738.3308716	0.027616341601999998	739.7783813	0.021038107339
738.4506836	0.0682193606048	739.8985596	0.01540393010122
738.5704956	0.0706737394168	740.0187378	0.0139646559075
738.6903076	0.0554736555797	740.1389771	0.011245451517
738.8101196	0.0361015013772	740.2591553	0.006943967190999999
738.9299316	0.0256851697057	740.3793945	0.0068939070338000005
739.0497437	0.013878383961000001	740.4995728	0.0036062606372999997
739.1695557	0.0058266071719999995	740.619812	0.005506768590000001
739.2893677	0.0047618812532	740.7399902	0.003356143832
739.4091797	0.0037500455505	740.8601685	0.003374458989
739.5289917	0.0023964552966	740.9804077	0.002752725733
739.6488037	0.0036419523534999996	741.1005859	0.0025054483553999998
739.7685547	0.004257011576	741.2208252	0.0017763502549
739.8883667	0.0018910191571	741.3410034	0.002504469362
740.0081787	0.0011507654709	741.4612427	0.004653948592
740.1279907	0.00263123903296	741.5814209	0.002593147219
740.2478027	0.002143833497971	741.7016602	0.002875762526
740.3676147	0.0010969454888	741.8218384	0.0026819326449999993
740.4874268	0.0006991832631	741.9420166	0.002361766296
740.6072388	0.0015296470373999998	742.0622559	0.0037488951054999997
740.7270508	-0.0009256147313000001	742.1824341	0.0016698861435000003
740.8469238	0.0010244149453000001	742.3026733	0.003532912117
740.9667358	0.0008622751047	742.4228516	0.0018487591901600001
741.0865479	-0.00121487561796	742.5430908	0.0030570146629999998
741.2063599	-0.0005288158424000001	742.663269	0.0030911386133
741.3261719	0.0016381708848000002	742.7835083	0.0033209626559999998
741.4459839	0.0034802773154	742.9036865	0.0016151461750000002
741.5657959	0.0018005034074000002	743.0239258	0.004794487264
741.6856079	0.0023072086041	743.144104	0.001171326731
741.8054199	0.000933468342	743.2643433	0.0026124021970000003
741.9252319	0.0010785748453	743.3845215	0.0018123050395
742.0450439	0.00078989188479	743.5047607	-0.0014581716385000001
742.164856	-0.0009789586767000001	743.624939	-0.00109507981
742.284668	-0.00061826639281	743.7451782	-0.0005972543699999996
742.40448	0.0005918607929999999	743.8653564	0.00197985302
742.524292	0.0003387970792	743.9855957	0.001144222910000001
742.644104	0.0004656802631	744.105835	-9.95472100000002e-05
742.763916	3.180012570000001e-05	744.2260132	0.001321833579999999
