Wellenlänge 1	Intensität 1	Wellenlänge 2	Intensität 2
321.4651794	0.00019793876000000015	321.4895935	0.00010920128999999945
321.5724487	-0.0002429684394000001	321.5973206	0.00041474471800000004
321.6797485	-0.00015280221120000004	321.7050476	0.0004236510213
321.7870483	0.0001850810370000002	321.8128052	0.00033047795000000144
321.8943481	8.174683999999984e-06	321.9205627	0.0005207453000000001
322.0016785	4.966557099999984e-05	322.0283203	-0.00012837490099999998
322.1089783	0.00015772349440000002	322.1360779	-9.281211600000025e-05
322.2163086	-0.00013307808000000013	322.2438354	0.00016487390000000102
322.3236389	-0.00014529260799999973	322.3516235	0.00017137638999999844
322.4309692	-1.8404389299999974e-05	322.4594116	0.00010261638100000003
322.5383301	-0.00012193573699999976	322.5671997	0.0001961723319
322.6456909	2.7176457999999754e-05	322.6750183	-0.0006297659099999998
322.7530518	0.00014630064800000005	322.7828064	0.0006033349800000018
322.8604126	0.000195237109	322.890625	0.0008215573610000004
322.9677734	-2.095173100000007e-05	322.9984436	1.3616634499999999e-05
323.0751648	5.5078184000000203e-05	323.1062622	0.0001834258399999976
323.1825256	4.6345463500000036e-05	323.2141113	0.00042285862899999957
323.289917	8.101284e-05	323.3219299	0.0001832702292
323.3973389	0.00018516961429	323.4297791	0.0005494509829999999
323.5047302	-6.837828600000017e-06	323.5376282	0.00012607593100000085
323.6121521	0.00021135748830000006	323.6455078	-0.00053549185
323.719574	2.295523899999998e-05	323.7533569	0.0002486323940000001
323.8269958	0.00011122226800000003	323.8612366	0.0003355635562
323.9344177	0.00015029415899999983	323.9691162	0.00027488823999999995
324.0418701	1.9974074999999994e-05	324.0769958	0.0002143783499999989
324.149292	0.00015696347700000003	324.1848755	0.0008457405500000002
324.2567444	-0.0001282943414	324.2927856	0.00021769734999999967
324.3641968	-0.00015782180700000007	324.4006958	0.0004016640600000001
324.4716797	-3.8058500000000273e-06	324.508606	0.00012472458199999994
324.5791321	0.00022847679061000002	324.6165161	0.00011216662799999957
324.686615	0.00024406344159999993	324.7244263	0.0005898426749999996
324.7940979	8.149025970000004e-05	324.8323669	3.860332000000036e-05
324.9016113	6.682478119999998e-05	324.9403076	0.00039839930999999856
325.0090942	-9.849842100000008e-05	325.0482483	-0.0002170811063
325.1166077	9.073061000000019e-05	325.156189	-0.00021089473800000105
325.2241211	0.0001265284370000001	325.2641602	-0.0007057748799999992
325.3316345	2.6452180500000034e-05	325.3721313	0.00030896346999999963
325.4391479	-2.3884818809999997e-05	325.4801025	0.0004940580110000003
325.5466919	-8.327327700000022e-05	325.5880737	-0.00020223367029999998
325.6542358	-3.5990960000000134e-06	325.6960449	-0.000316014513
325.7617798	-2.582674000000014e-06	325.8040466	-0.00033394433500000004
325.8693237	1.1602649000000105e-05	325.9120483	0.0006743133999999994
325.9768677	3.0113616999999718e-05	326.02005	0.000420849771
326.0844421	-1.2135846199999996e-05	326.1280518	-0.00018710410200000003
326.1920166	-3.9753499999997145e-06	326.2360535	0.00025578681000000027
326.2995911	8.88087090000001e-05	326.3440857	0.000419789343
326.4071655	-0.00034120446000000023	326.4521179	0.0005415744090000001
326.5147705	0.00010138377499999997	326.5601501	-0.00010748114999999982
326.622345	-2.946122600000012e-05	326.6681824	0.00013950839000000104
326.72995	-0.00017471954920000003	326.7762451	-5.6497723599999985e-05
326.8375549	3.201514499999989e-05	326.8843079	9.658187600000007e-05
326.9451904	4.753230000000084e-07	326.9923706	0.00010751000999999899
327.0527954	-4.674727099999998e-05	327.1004333	0.0005252896800000007
327.1604309	-0.00016502896300000028	327.2084961	-0.000294148689
327.2680664	2.0746141999999955e-05	327.3165894	2.7284520900000032e-05
327.3757324	7.47349113e-05	327.4246826	9.622890500000057e-05
327.4833679	-1.6131437999999942e-05	327.5327759	0.0002713156799999984
327.5910339	0.00012050056799999985	327.6408691	0.0005274555588
327.6987	0.00010598632798000001	327.7489624	0.000290573575
327.806366	0.00010555014879999998	327.8570862	-7.750187099999934e-05
327.914032	0.00010612775799999999	327.96521	-0.00035738945000000216
328.0217285	6.0100340999999936e-05	328.0733337	0.000582404202
328.1293945	-0.00013928121180000006	328.1814575	0.00023215202959999998
328.2370911	-1.6827830000001529e-06	328.2896118	0.0002444554100000003
328.3447876	-1.3806384239999989e-05	328.3977661	0.00019981152999999988
328.4525146	8.952602729e-05	328.5059204	0.0002987419720000004
328.5602112	8.416990799999988e-05	328.6140747	0.0004769049704999999
328.6679382	-0.00017695711040000006	328.722229	0.00048210565000000004
328.7756653	0.00010729534500000023	328.8304138	0.0004636198300000012
328.8834229	0.00019545457399999973	328.9385986	-0.00018465658699999988
328.9911499	7.032835800000001e-05	329.0467834	0.00048373674549999997
329.0989075	-6.04875823e-06	329.1549683	0.00043283030399999915
329.206665	0.00020495592599999992	329.2631531	9.400398000000004e-05
329.3144226	0.00019758029517	329.3713684	-7.929175700000001e-05
329.4221802	-0.00014012685279999996	329.4795837	0.00023663509699999984
329.5299683	4.427929529999999e-05	329.5877991	0.005434514960000001
329.6377258	-3.09453753e-05	329.6960144	0.000313965603
329.7455139	-9.568384900000013e-05	329.8042603	1.3011042099999974e-05
329.8533325	0.00012929049260000002	329.9124756	0.0002508454489999999
329.9611206	2.527702599999966e-05	330.0207214	0.0004237419920000004
330.0689392	-8.637504699999989e-05	330.1289673	4.105130300000037e-05
330.1767273	0.00013612490100000014	330.2372437	-0.00012668524799999996
330.2845459	-0.00025686016300000003	330.3454895	0.00020485254900000013
330.392395	-7.596274379999995e-05	330.4537659	-0.00023568700999999914
330.5002136	6.783301072e-05	330.5620422	0.00033641839399999995
330.6080627	0.00011482927899999964	330.6703186	-0.0001839861798
330.7159119	0.00014127860799999985	330.7786255	0.0005426586719999999
330.823761	-2.3781555000000013e-05	330.8869019	0.0010247118780000002
330.9316101	2.1488288999999992e-05	330.9952087	0.000146126374000001
331.0394897	0.00026065553599999985	331.1035156	0.00106359273
331.1473694	2.0555162299999946e-05	331.211853	5.2095973000000064e-05
331.2552185	3.8893195e-05	331.3201599	5.892851000000032e-05
331.3631287	-4.5942666500000035e-05	331.4284973	0.0003427415999999999
331.4710083	4.254945089999997e-05	331.5368347	-0.00017401808899999982
331.5789185	4.729931199999983e-05	331.6451721	0.000437732902
331.6868286	-1.822016000000001e-06	331.7535095	0.0004081185899999992
331.7947388	4.991516499999998e-05	331.8618774	-8.764583600000091e-05
331.9026489	-2.760693320000003e-05	331.9702148	0.00047242152500000007
332.0105591	4.318798900000004e-05	332.0785828	0.0004137833609999999
332.1184998	-0.00013766903399999985	332.1869507	0.00016582571000000115
332.2264404	1.1513941000000031e-05	332.2953491	0.00017766281999999876
332.3343811	-4.808115700000019e-05	332.403717	-0.0001788679510000002
332.4423218	-5.715718730000001e-05	332.5121155	0.00023389793899999956
332.550293	-5.594128800000004e-05	332.6205139	-0.00033029354999999927
332.6582642	-9.35212009999999e-05	332.7289124	0.0003390069999999988
332.7662048	-2.893223400000011e-05	332.8373413	-0.00014896993599999983
332.8742065	0.00013215606999999996	332.9457703	0.0005451695178
332.9821777	2.5562360000000103e-05	333.0541687	0.00037016812699999964
333.0901794	-3.283051700000029e-05	333.1625977	-1.5927480000000466e-05
333.1981506	6.344213039999997e-05	333.2710571	0.0001350129020000002
333.3061523	-1.3911397999999842e-05	333.3794861	0.00020686851299999993
333.4141846	-3.255670899999998e-05	333.4879456	0.0005360674199999995
333.5221863	4.94713889999999e-05	333.596405	0.0006226301199999985
333.6302185	1.7571816000000017e-05	333.7048645	0.0005367519330000004
333.7382507	6.950541799999994e-05	333.813324	0.0005076490340000014
333.846283	1.8339837000000154e-05	333.921814	0.00029679015000000017
333.9543152	-4.373141599999962e-05	334.030304	0.0006892103699999985
334.0623779	-0.00011174398240000003	334.1387939	2.4096224999999895e-05
334.1704102	-1.951027700000012e-05	334.2472839	0.0005601551390000004
334.2784729	0.0001846004161000001	334.3557739	0.00048221414899999974
334.3865356	-5.587900000000997e-09	334.4642944	0.00023115425999999974
334.4946289	-5.443510639999995e-05	334.5728149	0.00040166033400000026
334.6026917	2.2306804999999968e-05	334.6813354	0.0003854301178
334.7107849	3.92097863e-05	334.789856	0.0004287869670000005
334.8188782	-0.00011885492200000005	334.8983765	-0.00014096778000000088
334.9269714	-0.00014663382900000012	335.0069275	0.00018679389178
335.0350952	4.6578469000000105e-05	335.1154785	-0.0006846892650000007
335.1431885	-9.778968500000012e-05	335.2240295	0.00028047338000000005
335.2513123	-7.912603999999973e-07	335.3325806	0.00016487855999999974
335.359436	5.300337220000002e-05	335.4411621	8.382322299999977e-05
335.4675598	8.759019000000035e-05	335.5497131	0.00045929581399999997
335.5757141	-1.84297096e-05	335.6582947	2.4877954000000063e-05
335.6838379	2.4537439500000018e-05	335.7668762	0.0008729281839999995
335.7919922	-0.00010115672919999999	335.8754883	0.0002449674060000001
335.9001465	0.0001643727300000002	335.9840698	-4.329718600000129e-05
336.0083313	0.00015300436640000006	336.0926819	0.00039007141999999884
336.1164856	-0.00018295072370000002	336.2012939	0.0003336565600000011
336.2246704	-1.381221200000022e-05	336.309906	-4.048098300000005e-05
336.3328552	1.8189777600000068e-05	336.4185181	0.00034642382499999996
336.44104	7.501259099999998e-05	336.5271606	0.0002099983399999998
336.5492249	6.8402151e-05	336.6358032	3.1900591999999006e-05
336.6574402	-7.00912200000002e-05	336.7444458	0.00029369164259999996
336.7656555	-5.128374299999991e-05	336.8530884	-0.00042793341
336.8738708	0.0001359059243	336.961731	-0.0005667898809999985
336.9820862	0.00016017820051	337.0704041	0.0006646094799999998
337.0903015	-8.711800899999971e-05	337.1790771	0.0005956855604
337.1985474	2.945808199999989e-05	337.2877502	7.001403700000004e-05
337.3067932	0.00014514074429999998	337.3964233	0.0010499656249999996
337.4150391	-2.9835267999999988e-05	337.5050964	0.00022751185999999972
337.5232849	1.1984609000000208e-05	337.6138	0.0004432229319999998
337.6315613	1.803156900000028e-05	337.7225037	0.0005603039170000001
337.7398071	0.00014809472479999995	337.8312073	-8.19955100000002e-05
337.8480835	1.4257150999999989e-05	337.9399109	0.0002887342100000006
337.9563599	-3.5172328300000014e-05	338.048645	0.000646200962
338.0646667	0.00020729098500000013	338.1573486	0.00029702438038
338.1729431	0.00011089467439999998	338.2660828	-0.0004638610399999993
338.28125	0.00016175606300000006	338.3748169	0.0003953170959999997
338.3895569	9.920055199999993e-06	338.4835815	0.00042165396699999974
338.4978638	-1.5172642000000182e-05	338.5923157	0.0007583920672
338.6061707	4.7518638999999915e-05	338.7010803	0.00011488051000000006
338.7145081	0.0001457894680000002	338.809845	0.0003079743999999992
338.8228455	-2.577860139999996e-05	338.9186096	0.0003412617370000008
338.9311829	5.94912559999999e-05	339.0274048	-0.00010047166149999994
339.0395203	0.00010957568900000006	339.1361694	0.0006867041799999991
339.1478577	3.24687716e-05	339.2449646	-0.00035303179000000136
339.2562256	6.401433999999998e-05	339.3537598	0.00012073945200000028
339.3645935	5.915295299999991e-05	339.4625549	-1.7647631999999185e-05
339.4729614	-2.2181891799999973e-05	339.5713501	0.0004761628799999987
339.5813293	0.00032067846000000014	339.6801758	8.356571000000049e-05
339.6896973	-5.3027178999999914e-05	339.7890015	1.055560999999993e-05
339.7980957	0.00016666778539999998	339.8978271	0.00123094767000001
339.9064941	-9.326625139999994e-05	340.0066528	-0.00011087209000000021
340.0148926	0.00011714082300000013	340.115509	9.820144599999997e-05
340.123291	0.00013941293599999995	340.2243347	3.554555599999984e-05
340.23172	3.22973360000001e-05	340.3331909	0.00044825160899999994
340.3401489	0.00020905677299999995	340.4420471	0.00040040723999999923
340.4485474	1.2540665899999975e-05	340.5509033	0.00021067076000000004
340.5570068	-3.720179700000001e-05	340.65979	0.00015301792900000027
340.6654358	9.564321999999984e-05	340.7686768	0.0003701474049999998
340.7738647	-3.990717200000001e-05	340.877533	7.05933200000012e-05
340.8823242	-1.6516423800000033e-05	340.9864502	0.00030257087000000113
340.9907837	-0.00010289636000000019	341.0953369	0.0006207274279999998
341.0992432	-3.202371590000001e-05	341.2042236	0.000209999271
341.2077332	-0.00012362864799999977	341.3131409	-0.0003255596400000005
341.3161926	0.00013239419789999997	341.4220581	0.0001077149099999973
341.4246826	0.00016144441178000003	341.5309753	0.00038898299677000005
341.5331726	-6.107543599999984e-05	341.6398926	5.365535599999999e-05
341.6416626	-5.5599841000000035e-05	341.7488403	-0.0002733431799999998
341.7501831	4.022614999999938e-06	341.8577881	0.0006611300600000009
341.8586731	-7.206149170000005e-05	341.9667358	0.0005527615722
341.9671936	0.00016779405999999995	342.0756836	1.1579831999999988e-05
342.0757141	-1.6224799999999852e-06	342.1846313	-0.00019003823399999994
342.1842346	-6.7445219999998e-07	342.2936096	0.0002795876999999985
342.2927856	-6.168682009999999e-05	342.4025574	5.909148600000006e-05
342.4013367	-0.00013141869600000015	342.5115356	0.00010985811299999999
342.5098572	6.407673939999993e-05	342.6205444	9.744054999999939e-05
342.6184082	0.00010050559650000008	342.7295227	0.0006194743330000009
342.7269897	-0.000182079849	342.8385315	0.0006553125569999999
342.8355408	-2.7418601999999737e-05	342.9475098	6.022118000000021e-05
342.9441223	-5.277822499999993e-05	343.0565186	0.00014730543000000124
343.0527039	-2.0264297999999983e-05	343.1655579	0.0005470635299999992
343.1612854	9.111396499999992e-05	343.2745667	0.0003030970689999997
343.2698669	-2.343300699999976e-05	343.383606	0.000517467037
343.378479	1.900875900000005e-05	343.4926453	-9.953039999999885e-06
343.4870911	0.00015129812599999994	343.6016846	0.0002588760100000007
343.5956726	-1.4442950000000034e-05	343.7107239	0.00013460393529999995
343.7043152	6.675254999999672e-06	343.8197632	0.0006204997179999998
343.8129272	-3.754958750000004e-05	343.928833	0.000449208542
343.9215698	0.00020117103120000004	344.0379028	0.0008856104690000005
344.0301819	-0.00011263927400000009	344.1469727	0.0004559056829999998
344.1388245	4.952261199999992e-05	344.2560425	0.00032763252900000006
344.247467	-1.2718374000000345e-05	344.3651428	8.740462000000025e-06
344.3561401	-5.042063999999985e-06	344.4742126	0.0006312411279999998
344.4647827	0.0001425673108	344.583313	0.0005243704073000001
344.5734558	-3.1367468200000064e-05	344.6924133	0.0005437368524
344.6821289	0.00013034232327	344.8015137	8.05053799999983e-05
344.790802	-4.115723999999991e-05	344.9106445	-0.000283423809999999
344.8995056	-2.0518491599999934e-05	345.0197754	0.00018949247999999926
345.0081787	7.768149899999998e-05	345.1289062	0.0005336869549999994
345.1168823	8.942140200000003e-05	345.2380371	0.0006901598530000006
345.2255859	1.3404467599999908e-05	345.347168	0.0003278916700000002
345.3343201	0.00013867788939999996	345.4562988	3.303308099999926e-05
345.4430237	-4.003150400000042e-05	345.5654602	-0.0005297786560000003
345.5517578	0.0002364686225	345.6746216	0.00020822160899999992
345.6604919	-2.784660000001299e-07	345.783783	0.0005883211240000005
345.7692261	0.00023022672028	345.8929749	0.0009829408376
345.8779602	-2.007326100000005e-05	346.0021362	3.3592810000000056e-05
345.9866943	5.2769202999999876e-05	346.1113281	0.00019012763999999918
346.095459	-8.97778660000001e-05	346.22052	-0.0003009410569999992
346.2042236	5.968403999999979e-05	346.3297119	0.0009546820080000001
346.3129883	3.8956524999999784e-05	346.4389038	0.00020008534199999995
346.4217529	-0.00017934816399999996	346.5481262	7.006293199999982e-05
346.5305481	-5.785026000000018e-06	346.6573486	-0.000735195353
346.6393433	-7.431092599999994e-05	346.766571	0.0008587959458
346.7481079	-1.2122909000000532e-06	346.8757935	0.00025490019400000027
346.8569336	0.00016379157750000001	346.9850159	7.566483699999928e-05
346.9657288	-0.00018074037500000022	347.0942688	-0.0006282506499999986
347.0745239	-5.742424400000004e-05	347.2034912	0.00010776141419999998
347.1833496	0.00011515931699999991	347.3127441	0.000682301587
347.2921753	4.583719420000001e-05	347.4220276	0.0002447087320000003
347.401001	0.00012022769099999994	347.5312805	0.0006969794629999998
347.5098572	-5.98344490000003e-05	347.6405334	0.0003420938739999999
347.6186829	7.384101629999998e-05	347.7498169	0.00040666188499999993
347.7275391	0.00011505442699999988	347.8591003	9.76361329999998e-05
347.8363953	-3.8291797405e-05	347.9683838	0.0001909676900000018
347.9452515	-0.00015239967620000002	348.0776978	0.0002802761009
348.0541077	5.791662299999998e-05	348.1869812	0.0009279852967000001
348.1629944	1.4548539000000093e-05	348.2962952	0.0008388199000000027
348.2718811	0.00011250481400000003	348.4056091	0.0006152233099999994
348.3807678	8.320470799999991e-05	348.5149231	0.0005132376680000001
348.4896545	2.2325955800000033e-05	348.6242676	0.00010803085700000011
348.5985413	1.807580700000002e-05	348.7336121	0.0005811755550000006
348.7074585	-1.8535413999999726e-05	348.842926	-0.002642795439999998
348.8163757	2.1895160899999995e-05	348.9522705	-0.0003349494649999996
348.925293	0.00020563619909999998	349.0616455	0.0006626150461600001
349.0342102	-0.00012005891035000001	349.17099	0.00018314271999999958
349.1431274	0.0001450185082	349.280365	0.00035494659100000076
349.2520752	5.298567699999997e-05	349.3897095	0.0005522551949999998
349.3610229	-0.00021546054699999977	349.4990845	-0.0001481589860000002
349.4699707	-4.27032350000002e-05	349.60849	0.00043141562599999933
349.5789185	-0.00013319775500000028	349.717865	0.0003612963400000009
349.6878967	-2.714689000000081e-06	349.8272705	0.0002673589629999997
349.7968445	0.00021180952899999992	349.936676	-5.148537000000154e-05
349.9058228	-0.00023844186199999985	350.0460815	0.00010035931999999997
350.014801	-0.00012024375610000001	350.1554871	9.46642799999984e-05
350.1237793	0.00010397182629999999	350.2648926	0.0005730748962
350.2327881	6.85615232e-05	350.3743286	0.00010539172299999996
350.3417664	1.318682900000004e-05	350.4837646	-4.0536749999996874e-05
350.4507751	-0.00011954433300000004	350.5932007	-0.00022716913400000135
350.5597839	1.3152894099999982e-05	350.7026367	0.000729015912
350.6688232	0.00012040161500000016	350.8121033	-0.00022306223399999993
350.777832	-5.52162965e-05	350.9215393	0.00018499791599999992
350.8868713	7.151172000000017e-05	351.0310059	0.0005689761599999999
350.9959106	9.826361200000007e-05	351.1404724	2.4975511000000124e-05
351.10495	9.132176700000008e-05	351.249939	-9.993742999999874e-05
351.2139893	7.096159969999997e-05	351.359436	0.00023031607299999965
351.3230286	6.862112810000006e-05	351.4689026	0.0002182414760000008
351.4320984	0.00012144283399999995	351.5783997	0.0003982588532
351.5411682	-0.0001088018471	351.6878967	0.0003880194860000001
351.650238	0.00024591170949999995	351.7974243	-2.904800000000027e-06
351.7593079	2.6738969600000008e-05	351.9069214	3.8810079999999914e-05
351.8684082	3.932882100000001e-05	352.016449	0.0001859855839999999
351.9775085	0.00010209274399999987	352.1259766	0.00014762440699999995
352.0866089	0.00020127341849999992	352.2355042	0.0007082037610000001
352.1957092	0.0001090765	352.3450317	0.0004842309299999993
352.3048096	0.00013281026619999995	352.4545593	0.000314278296
352.4139099	-4.3648411499999954e-05	352.5641174	0.00015996291699999984
352.5230408	0.00015550322139999998	352.6736755	0.0002537381370000002
352.6321716	-0.00010894436899999975	352.7832336	9.077321999999971e-05
352.7413025	5.2786664999999924e-05	352.8927917	0.00047819979899999996
352.8504333	-3.4239841999999816e-05	353.0023804	0.00028131273600000024
352.9595947	0.00014290294999999998	353.1119385	0.0007486632089999997
353.0687561	8.604751200000003e-05	353.2215271	0.00013018120000000098
353.1779175	0.0001458987829999999	353.3311157	-0.00020554341609999992
353.2870789	-1.2231873999999894e-05	353.4407349	0.00042563443999999936
353.3962402	-8.091516800000018e-05	353.5503235	0.000680193305
353.5054321	-1.0859366799999986e-05	353.6599426	0.00041515381000000254
353.6145935	-2.2226478999999577e-05	353.7695618	0.00025010621099999953
353.7237854	-5.7687983000000685e-05	353.8791809	0.0004821462789999999
353.8329773	-4.350324200000019e-05	353.9888	0.0006405934689999995
353.9421997	-1.849199099999998e-05	354.0984192	0.0006118332970000001
354.0513916	5.358061799999982e-05	354.2080688	-8.963560699999998e-05
354.160614	-4.3929671000000035e-05	354.3177185	0.000594506506
354.2698364	2.3007857999999843e-05	354.4273682	0.00011864305000000054
354.3790588	3.143493099999964e-05	354.5370178	0.00021363236000000035
354.4882812	7.278542069999992e-05	354.646698	0.0007224400178999999
354.5975342	-1.0411487999999886e-05	354.7563477	5.322322199999979e-05
354.7067871	-7.60355033e-05	354.8660278	-0.0001683896409999993
354.81604	3.6914366999999705e-05	354.975708	0.000675952060000002
354.925293	-0.00014568248300000008	355.0854187	0.0002413198820000002
355.0345459	5.202402900000001e-05	355.1950989	-5.6676800000001e-06
355.1438293	-5.8085074999999955e-05	355.3048096	0.00048064627000000103
355.2530823	7.770198860000002e-06	355.4145203	-9.19876600000008e-05
355.3623657	-1.5484867000000076e-05	355.524231	-2.969987699999975e-05
355.4716797	-2.1950574000000056e-05	355.6339417	0.0007283799349999997
355.5809631	0.00019478541789999992	355.7436523	0.0007059443760000002
355.6902466	0.0001662236180000002	355.8533936	0.00032050907000000066
355.7995605	0.00013147480700000016	355.9631348	-6.336788699999986e-05
355.9088745	-1.7247512000000088e-05	356.072876	0.0003935811692
356.0181885	4.0783670559999995e-05	356.1826172	0.000348838047
356.127533	1.1943979000000144e-05	356.2923889	0.0006053042590000004
356.2368469	-5.898054300000014e-05	356.4021301	0.00025585060969999997
356.3461914	0.000111578265	356.5119019	0.0004179953835
356.4555359	7.245157029999998e-05	356.6216736	7.035723e-05
356.5648804	-9.254872570000001e-05	356.7314453	0.001023884862
356.6742249	0.00014660193100000008	356.8412476	0.00017673848199999988
356.7835999	0.00017687113354000002	356.9510498	0.000637049554
356.8929749	-5.519343600000003e-05	357.0608215	0.0006534699349999996
357.0023499	8.397147759999998e-05	357.1706238	-0.00015647522999999962
357.1117249	0.00015075884953	357.2804565	0.000221834751
357.2210999	0.00013796717400000008	357.3902588	0.0010718824339999997
357.3305054	9.085610600000028e-05	357.5000916	0.0003123306669999999
357.4398804	1.050921859999999e-05	357.6099243	0.00013514514999999998
357.5492859	-0.0001490034630000003	357.7197571	0.0001263492740000002
357.6586914	-6.514042600000002e-05	357.8295898	0.00026036391500000003
357.7681274	1.2553238799999956e-05	357.9394226	-9.703263699999999e-05
357.877533	0.00012695381884	358.0492859	0.0007195090869999993
357.986969	-2.353336000000144e-07	358.1591492	0.0006265465489999999
358.096405	-5.191366699999994e-05	358.2690125	0.00033735716700000013
358.2058411	7.8242505e-05	358.3788757	0.00016898754999999932
358.3153076	-4.4665649000000165e-05	358.488739	5.79654999999929e-06
358.4247437	-1.9070692999999988e-05	358.5986328	0.0002119112759999993
358.5342102	0.00015989705566	358.7085266	2.1689106000000093e-05
358.6436768	2.3375846999999826e-05	358.8184204	7.223337799999903e-05
358.7531433	9.653907949999999e-06	358.9283142	-4.337541799999921e-05
358.8626099	0.00013843504699999993	359.038208	0.000791979372
358.9721069	7.820245810000008e-05	359.1481323	0.00035615521499999993
359.081604	-9.069242499999989e-05	359.2580566	0.00014823040689999998
359.1910706	0.00021062373710000002	359.367981	0.00038587860800000026
359.3005981	0.00010401179269999992	359.4779053	0.0004657674580000001
359.4100952	0.0001604127464999999	359.5878296	0.00042790564449999994
359.5195923	8.092634299999998e-05	359.6977844	8.470937599999988e-05
359.6291199	0.00010621419639999998	359.8077393	0.0002990867939999999
359.7386475	-7.074250424000001e-05	359.9176941	0.000936561788
359.848175	9.40620084e-05	360.0276489	0.00012270541629999998
359.9577332	4.6650763000000064e-05	360.1376038	0.0006049703810000005
360.0672607	0.000149910338	360.2475891	0.0001417957200000007
360.1768188	6.658909800000019e-05	360.3575439	0.0005929905673900001
360.286377	0.00012259872160000004	360.4675293	0.0003696717319999999
360.3959351	9.129282258e-05	360.5775146	0.0008223275649999998
360.5054932	0.00015207403299999974	360.6875305	-0.0005049724100000021
360.6150818	5.096807036e-05	360.7975159	-0.000383165432
360.7246399	9.910901999999992e-05	360.9075317	0.0004258903210000002
360.8342285	-5.107256500000001e-05	361.0175476	0.0007780874140000003
360.9438171	0.00020476651899999998	361.1275635	0.00050770864
361.0534363	0.00021207949699999997	361.2375793	0.0005990825600000003
361.1630249	4.599228859999998e-05	361.3476257	0.00048727140530000005
361.272644	4.467905089999998e-05	361.4576721	-3.0178580000001648e-05
361.3822632	0.00013468670699999996	361.5677185	0.0003406153999999991
361.4918823	9.139068999999746e-06	361.6777649	-0.00038952939200000017
361.6015015	0.00019671447809999998	361.7878113	1.8900726000000215e-05
361.7111511	1.554895420000004e-05	361.8978882	0.0006525525820000001
361.8207703	7.788967919999999e-05	362.0079346	7.68816099999993e-05
361.9304199	0.0002828647266000001	362.1180115	0.0003611429129999999
362.0400696	0.000204276643	362.2280884	1.809187300000001e-05
362.1497498	0.00014785781900000013	362.3381653	8.311308999999975e-05
362.2593994	-3.582201309999998e-05	362.4482727	0.0002719685400000005
362.3690796	2.835469779999993e-05	362.5583801	0.00016440497699999994
362.4787598	0.00016096222699999991	362.6684875	-6.568906250000004e-05
362.5884399	3.5340199999998358e-06	362.778595	0.0004515387100000011
362.6981201	0.00027167948500000016	362.8887024	0.0009046350610000002
362.8078003	-7.759942699999984e-05	362.9988098	0.0005131340589999999
362.917511	-1.1543219399999939e-05	363.1089478	0.00019743526299999953
363.0272217	-5.8442790700000016e-05	363.2190857	0.00020508933799999983
363.1369324	7.616845000000009e-05	363.3292236	-0.00015707128000000056
363.2466431	-3.021287921e-05	363.4393616	0.0009208443810000001
363.3563843	-9.835220399999995e-05	363.5494995	-3.4047990000000104e-05
363.466095	-0.00010098819600000029	363.659668	9.350804599999978e-05
363.5758362	0.00012197688920000008	363.7698364	0.0008054142820000006
363.6855774	-4.017490000001768e-07	363.8800049	0.00021451129600000003
363.7953186	0.00018825576994	363.9901733	-0.0003509535450000002
363.9050903	-2.6635709300000033e-05	364.1003723	0.000373102719999999
364.0148315	5.130178800000001e-05	364.2105408	0.000293568709999999
364.1246033	-7.432885399999986e-05	364.3207397	0.0005642250179999997
364.234375	1.975474899999991e-05	364.4309387	0.0005230703390000004
364.3441467	8.776510370000004e-05	364.5411377	0.00034198258100000007
364.453949	0.0003458388238	364.6513367	0.00034338817899999974
364.5637207	3.0481547599999913e-05	364.7615662	0.000388774904
364.6735229	6.376742399999977e-05	364.8717957	0.0005138316190000007
364.7833252	0.00018306006700000025	364.9820251	0.00026393774000000106
364.8931274	-9.801809200000013e-05	365.0922546	-0.0003304127599999991
365.0029602	0.00016839918599999976	365.2024841	-0.00023983651799999988
365.1127625	1.1123425800000004e-05	365.3127441	0.000346220376287
365.2225952	0.000241144100577	365.4229736	0.000628662296
365.332428	2.282147759999993e-05	365.5332336	0.0003316169600000012
365.4422607	0.0001398219029999999	365.6435242	0.0009402250869999995
365.5520935	-7.547822309999998e-05	365.7537842	0.00050683297738
365.6619568	-8.621136999999559e-07	365.8640442	0.00025863759200000017
365.7718201	-6.165145889999995e-05	365.9743347	-0.0001252889600000008
365.8816833	7.111509329999995e-05	366.0846252	0.0003035329280000002
365.9915466	0.0002372643357	366.1949158	0.00027988990700000046
366.1014099	7.893069409999997e-05	366.3052063	0.0007812827820000007
366.2113037	0.00019062721182	366.4155273	3.060791700000044e-05
366.321167	6.96000639999997e-05	366.5258179	0.00028405155172
366.4310608	-3.2787211999999854e-05	366.6361389	-0.0007883978540000002
366.5409546	-0.00011619582070000007	366.74646	0.00017590634599999946
366.6508789	0.000187515805	366.8568115	-2.92807809999995e-05
366.7607727	4.4829328500000016e-05	366.9671326	0.00011453870699999996
366.870697	3.092200500000005e-05	367.0774841	0.0009233660530000003
366.9806213	0.00012602057540000002	367.1878052	0.0010470473210000006
367.0905457	1.70767310000001e-05	367.2981567	0.0002893106999999999
367.20047	4.4956920000000086e-05	367.4085388	0.0004435679879999999
367.3104248	1.5785218999999923e-05	367.5188904	0.0005437780630000002
367.4203491	-3.5895966000000024e-05	367.6292725	0.0005110185590000002
367.530304	-6.560515609999994e-05	367.739624	0.000202473952
367.6402588	-0.00012018904099999998	367.8500061	0.0006773858330000001
367.7502136	4.472851289999999e-05	367.9604187	0.0007158592349999996
367.860199	-6.428454000000083e-06	368.0708008	-0.0003111148199999997
367.9701538	1.1070166000000164e-05	368.1812134	0.00036001112399999986
368.0801392	7.287133500000036e-05	368.2915955	0.0003539850009999998
368.1901245	5.5750366300000016e-05	368.4020081	0.0006556753654000001
368.3001404	0.000129425666	368.5124207	-0.00013255514999999975
368.4101257	0.00013860221900000003	368.6228638	-4.743691999999945e-05
368.5201416	4.4148416e-05	368.7332764	0.00044157123179999996
368.630127	-9.482703199999989e-05	368.8437195	0.00033620069699999986
368.7401428	6.340706020000007e-05	368.9541626	0.0004307748749999996
368.8501892	-5.42921479999999e-05	369.0646057	0.00067870412
368.9602051	0.000238637207	369.1750488	0.0007040193300000006
369.0702209	-5.303300000000007e-06	369.2855225	4.371278999999945e-06
369.1802673	0.00024296977789999995	369.3959656	0.00034768972999999967
369.2903137	0.00015261769300000012	369.5064392	0.0006038933060000008
369.4003601	4.0221725999999925e-05	369.6169128	0.00030643772299999983
369.510437	2.8255512000000156e-05	369.727417	0.0008246342188
369.6204834	3.269547599999995e-05	369.8378906	0.0010303920199999997
369.7305603	-7.033254900000018e-05	369.9483948	-2.6458869999999163e-05
369.8406372	2.8314068999999928e-05	370.0588684	-5.4609031000000044e-05
369.9507141	4.733202500000009e-05	370.1693726	0.0006327382279999998
370.060791	0.0001446897513	370.2799072	-0.0001543979159999995
370.1708984	-0.0002392663155	370.3904114	-5.32604799999975e-05
370.2810059	0.0001072550658	370.500946	0.0006384677249999995
370.3910828	0.00025925971600000014	370.6114502	2.100178999999997e-05
370.5011902	3.525562349999999e-05	370.7219849	0.0003802604039999996
370.6113281	6.246659899999995e-05	370.8325195	0.0007059890800000003
370.7214355	-5.4963515e-05	370.9430847	-5.991198000000406e-06
370.8315735	3.19140380999999e-05	371.0536194	0.0005051877820000002
370.9417114	-2.9160786699999983e-05	371.1641846	0.004258759320000001
371.0518494	-3.7116929999999985e-05	371.2747498	0.00021350569999999992
371.1619873	0.0001302812889	371.3853149	0.00029041804400000044
371.2721252	0.0001004039805	371.4958801	0.001090063364
371.3822937	-7.044756700000008e-05	371.6064758	0.0003472501450000002
371.4924622	1.4777994000000037e-05	371.7170715	0.00021600164399999955
371.6026306	0.00039798719800000033	371.8276367	0.00032777595299999986
371.7127991	3.903894700000004e-05	371.9382629	0.00025610345999999874
371.8229675	0.00014136708299999998	372.0488586	-0.0005323421200000011
371.9331665	-9.880866999999877e-06	372.1594543	0.0001761852769999999
372.0433655	0.0002056213559999999	372.2700806	0.0006595815650999999
372.1535645	0.00025158895009999994	372.3807068	0.0006663484746200001
372.2637634	1.9872327999999762e-05	372.491333	0.000990593806
372.3739624	0.00039580627399999984	372.6019592	0.000885410235
372.4841919	0.00015279138470000004	372.7125854	-3.111665099999987e-05
372.5944214	-8.08271579999997e-05	372.8232422	0.00052108895
372.7046204	0.0001201676209999997	372.9338989	0.00034530600499999963
372.8148804	0.00021563883640000002	373.0445557	0.00030832225500000005
372.9251099	6.121094300000005e-05	373.1552124	0.00042537855900000006
373.0353394	0.00034311937600000003	373.2658691	0.0010589286690000001
373.1455994	0.0014310054644	373.3765564	0.001783875283
373.2558594	0.0015854917293	373.4872131	0.001429423224
373.3661194	0.0010928866108	373.5979004	0.0006802978459999999
373.4763794	0.00028757913242	373.7085876	0.0008698478340000001
373.5866699	3.1142204500000004e-05	373.8193054	0.0002640066700000006
373.6969299	0.0002120563293	373.9299927	-0.00018599907999999887
373.8072205	9.201013000000014e-05	374.0407104	-0.00020359782499999998
373.917511	0.00034011364899999997	374.1514282	0.0004343609319999997
374.0278015	0.0004514785688	374.262146	0.00025909674000000084
374.1381226	0.00028852117299999966	374.3728638	0.0007505994289999998
374.2484131	0.00021974160340000007	374.4835815	-3.396439999999931e-05
374.3587341	5.0161034000000253e-05	374.5943298	1.0585877999999549e-05
374.4690552	0.0002586592746	374.7050781	0.0004822192699999988
374.5793762	0.00010637624600000014	374.8158264	0.00017376989100000018
374.6897278	0.00019585667200000025	374.9265747	0.0005843554393999999
374.8000488	0.000127959647	375.037323	0.0010510024734999997
374.9104004	0.00016961339900000002	375.1481018	0.00039988942000000055
375.020752	0.000158494804053	375.2588806	0.0003822566999999999
375.1311035	8.336361499999985e-05	375.3696594	0.00042895093750000004
375.2414551	2.1655811000000102e-05	375.4804382	0.0007845468350000002
375.3518372	0.00010049343110000005	375.591217	0.00035241433000000183
375.4621887	0.00012518196308	375.7020264	-5.986541999999928e-06
375.5725708	7.9835299e-05	375.8128052	3.245123599999967e-05
375.6829529	0.00016107677899999994	375.9236145	0.00040141271940000005
375.7933655	0.00021585774090000003	376.0344238	0.00029510073000000095
375.9037476	0.00014016905340000002	376.1452332	0.0004740725269999999
376.0141602	0.0001377064037	376.256073	0.0005438359230000001
376.1245728	0.0001449874544	376.3669128	0.0007923296660000004
376.2349854	0.00022558617639999992	376.4777222	0.0009556896990000011
376.3453979	0.00015894370160000003	376.588562	0.00016311835999999885
376.4558105	0.00018335122149999998	376.6994324	0.000743581681
376.5662537	7.733225350000001e-05	376.8102722	0.0006608339020000003
376.6766968	0.0004176834918	376.9211121	0.0010174009900000003
376.7871399	0.0011490000322000001	377.0319824	0.0013353838589999995
376.897583	0.0009702130921	377.1428528	0.0006712890459999999
377.0080261	0.00053174713685	377.2537231	0.0002871467729999998
377.1184998	0.00014420883970000002	377.364624	0.00010307132999999927
377.2289429	0.0002507937609999998	377.4754944	0.001353441738
377.3394165	0.00034633686300000006	377.5863953	0.0010451953860000003
377.4498901	0.0003511546383	377.6972961	0.0004937544
377.5603943	0.0001014090231	377.808197	0.00022102891999999964
377.6708679	0.00013977900380000006	377.9190979	-0.0004433495899999994
377.7813721	0.00022515677900000015	378.0300293	0.0005234377449999999
377.8918762	0.0001232754439999999	378.1409302	0.000160269323
378.0023804	0.00022922862259	378.2518616	0.00040611717899999983
378.1128845	0.00018965540209999994	378.362793	-0.0001694988459999998
378.2233887	0.00031200516900000016	378.4737244	0.0015115338027999999
378.3339233	0.0007916027679999997	378.5846863	0.0012119340249999995
378.444458	0.0010285209862	378.6956177	0.0004510935399999992
378.5549927	0.00040492601600000027	378.8065796	0.00044399778999999924
378.6655273	0.00026883333339999994	378.9175415	0.0005950341580999999
378.776062	0.0001902130462	379.0285034	0.0010672278586000001
378.8866272	0.0005627253560000003	379.1394653	0.0009448146440000004
378.9971619	0.000494508048155	379.2504578	0.00025804526999999994
379.1077271	0.00012853532089999997	379.3614197	0.00041206617610000003
379.2182922	0.0003446766640000001	379.4724121	0.000368082663
379.3288879	0.00016171019500000033	379.5834045	0.0006426433099999997
379.4394531	0.00016699609109999992	379.6944275	-0.0003278739699999998
379.5500488	6.389519691000001e-05	379.8054199	0.000897223159
379.6606445	0.0001579255330000002	379.9164429	0.0007349313239999999
379.7712402	9.711791099999991e-05	380.0274658	0.0005831774399999989
379.8818359	0.00014925398900000018	380.1384888	0.00044075259899999976
379.9924622	0.0002891535404999999	380.2495117	0.00024435960299999996
380.1030579	0.00037007161899999994	380.3605347	0.00078248704087
380.2136841	0.00032052482854	380.4715881	0.00015834392899999935
380.3243103	0.00022822734900000002	380.5826111	0.0004770280799999988
380.4349365	0.00021045037999999983	380.6936646	0.0007914984599999998
380.5455627	0.00040204718240000005	380.804718	0.0007839989850000001
380.6562195	0.000528564443	380.915802	0.0005973130400000002
380.7668762	0.00038285471979999995	381.0268555	0.0006566345700000017
380.877533	2.9054237000000066e-05	381.1379395	0.0006776638329999999
380.9881897	4.709231999999817e-06	381.2490234	0.0008468282169999998
381.0988464	0.00045322987700000005	381.3601074	0.0008739018810000002
381.2095337	0.00093294718	381.4711914	0.0006097280420000002
381.3201904	0.000841584289	381.5822754	0.0012319835369999999
381.4308777	0.000376654556	381.6933899	0.0006326162250000003
381.5415649	0.0003162842477	381.8045044	0.0007604295380000004
381.6522522	3.691896569999999e-05	381.9156189	0.0007558688500000008
381.76297	1.4319090000003594e-06	382.0267334	0.0004510212450000001
381.8736572	2.6375753999999946e-05	382.1378479	0.0005857311189999999
381.984375	0.00014198521968	382.2489929	0.0008896496199999986
382.0950928	0.0001642074494	382.3601074	0.0007161227979999999
382.2058105	0.00011224660600000005	382.4712524	0.0001549804599999989
382.3165588	0.00024722819300000004	382.5823975	0.0009537382279999999
382.4272766	0.000242073322	382.693573	0.00044293282500000065
382.5380249	0.0005883541889999998	382.804718	0.0006608404220000003
382.6487732	4.0339466099999994e-05	382.9158936	0.0006976627040000002
382.7595215	0.00018785695999999998	383.0270386	0.0007625799600000007
382.8702698	0.00028132693899999986	383.1382141	0.000637359451
382.9810486	0.00048657552228	383.2494202	0.0009636627510000001
383.0917969	0.00050606874	383.3605957	0.0005106739700000001
383.2025757	0.0002629454249999997	383.4718018	0.0002450062899999996
383.3133545	0.0003768311579999998	383.5829773	0.0009223241370000003
383.4241333	0.00027204261280000004	383.6941833	0.0011161183899999986
383.5349426	0.00026371644340000003	383.8053894	0.0017438239879999998
383.6457214	0.0006937176809	383.916626	0.0034837652930000003
383.7565308	0.0015000108397	384.027832	0.002828766592000001
383.8673401	0.0013244230068000002	384.1390686	0.0005393708129999997
383.9781494	0.0003451577305585	384.2503052	0.0006015778050000001
384.0889893	0.00032931426499999985	384.3615417	0.00070960325
384.1997986	3.0510127000000012e-05	384.4727783	0.0004916228349999994
384.3106384	0.00021470663999999988	384.5840149	0.0006333515099999996
384.4214783	9.504263320000007e-05	384.695282	0.000868042116
384.5323181	0.0001870880369999996	384.8065491	0.000912670977
384.643158	0.00020669237699999987	384.9178162	0.0005629691290000008
384.7540283	0.0001920212520000004	385.0290833	0.0005796393380000011
384.8648682	0.0005170006186000001	385.1403503	0.0003282712419
384.9757385	0.00024302769500000009	385.2516174	0.0005211345850000002
385.0866089	0.00022254067154999998	385.362915	0.0006048139190000003
385.1974792	0.0006329761233	385.4742126	0.0012593381110000013
385.3083801	0.002761817305	385.5855103	0.002288847696
385.4192505	0.003824790358	385.6968079	0.0014835461626
385.5301514	0.001392920268	385.808136	0.00050047506
385.6410522	0.00029156742680000003	385.9194336	0.0003977613520000003
385.7519531	0.00021591977569999996	386.0307617	0.00020616780999999952
385.862854	0.0002796952030000001	386.1420898	0.0007429212565
385.9737854	0.00028497271700000004	386.253418	0.0006938488219999997
386.0846863	0.000238329056	386.3647461	0.00024249544400000052
386.1956177	8.861831159999998e-05	386.4761047	2.6583089000000023e-05
386.3065491	0.00010938884200000008	386.5874634	-0.00022728694599999984
386.4174805	0.00032310650559999994	386.698822	0.0005147494400000001
386.5284424	0.00018578208999999986	386.8101807	0.00024544727000000086
386.6393738	-2.4946640000000127e-05	386.9215393	0.0004920017818000001
386.7503357	6.886688100000028e-05	387.0328979	0.00012625032099999964
386.8612976	0.0002538476838	387.1442871	0.000904518878
386.9722595	0.0005343636734	387.2556763	0.000815128442
387.0832214	0.0007040748606	387.3670654	0.0006150053900000011
387.1942139	0.00102060847	387.4784546	0.000981707125
387.3052063	0.0006433853999000001	387.5898438	0.0006345978470000003
387.4161682	0.00024640001370000004	387.7012634	0.0005386290140000005
387.5271912	0.00033443713077	387.8126526	0.00047857570499999997
387.6381836	0.0001372576371	387.9240723	0.00016619730800000038
387.749176	0.00037959672049999994	388.0354919	0.001013107133
387.860199	0.0006386767492	388.1469421	0.00040918961200000006
387.9712219	0.0004301971203	388.2583618	0.000328632421
388.0822449	0.0002362356463	388.369812	0.0007020002812
388.1932678	0.00010012736309999992	388.4812317	0.00039302953499999963
388.3042908	0.00025022885499999996	388.5926819	0.0006602760409999998
388.4153442	0.0002772614829999998	388.7041626	0.0005041905680000002
388.5263672	0.00037439889199999987	388.8156128	0.0009670697620000001
388.6374207	0.00016388716199999993	388.927063	0.0005513210780000001
388.7484741	0.00014621694500000014	389.0385437	0.0007313378100000014
388.8595276	0.00012641187639999998	389.1500244	0.000469355611
388.9706116	0.00021960207910000004	389.2615051	0.0004504136740000001
389.081665	0.00018113618800000004	389.3729858	0.0009023890015999999
389.192749	0.0001438621548	389.4844971	0.0008175959809999999
389.303833	0.00018337368999999997	389.5959778	0.0008389200089999999
389.414917	0.0010193986529	389.707489	0.0014557818067
389.5260315	0.001513214564	389.8190002	0.0011027357540000001
389.6371155	0.0012446437503	389.9305115	0.0003765244000000015
389.74823	0.00046968547389999993	390.0420532	0.0006501741004999999
389.8593445	0.0005210082453999999	390.1535645	0.0006991066039999999
389.970459	0.000259253371	390.2651062	0.00021973764599999938
390.0815735	0.0002178672439	390.3766479	0.0012278161009999997
390.1927185	0.00015484029399999997	390.4881897	0.0013852654949999994
390.303833	0.00054865432682	390.5997314	0.0003183442169999995
390.414978	0.00019441755286000003	390.7112732	0.0006493506999999989
390.526123	0.00014806853200000016	390.8228455	-6.916373999999934e-05
390.6372681	0.00013636541599999948	390.9344177	0.0004255853130000001
390.7484436	0.00021192373300000004	391.04599	0.000480518676
390.8595886	0.00017379061299999977	391.1575623	0.00039792479899999986
390.9707642	0.00038761194449999997	391.2691345	-0.0002193879299999986
391.0819397	0.00044980998471699996	391.3807373	0.0004958861969999997
391.1931152	0.00030796756619999994	391.4923096	0.0008748227844
391.3042908	0.0002673796989	391.6039124	0.0007542148199999998
391.4154663	0.00020127836599999989	391.7155151	0.0010156454499999999
391.5266724	0.00037948560209999995	391.8271179	0.0005274205468999999
391.6378784	0.00028127082699999986	391.9387512	0.00035593006700000013
391.7490845	0.0004556039352000001	392.050354	0.0006772791960000003
391.8602905	0.0007607879810000002	392.1619873	0.0009639821900000005
391.9714966	0.00041297799900000005	392.2736206	0.0005340134812999999
392.0827332	0.00024032290099999993	392.3852539	0.0008012014439999996
392.1939697	0.00024918717149999985	392.4969177	0.001126921736
392.3052063	0.00019160681399999998	392.608551	0.0012197312899999996
392.4164429	0.0001032841389999998	392.7202148	0.0010606865402
392.5276794	2.2330779999998277e-06	392.8318787	0.000859996536
392.638916	0.00014863623109999998	392.9435425	0.0009182738100000001
392.7501831	0.00023997305106000002	393.0552063	0.0009620059300000008
392.8614502	0.0007004425859999997	393.1668701	0.0016386485660000003
392.9727173	0.0009326923170000002	393.2785645	0.001491056759999998
393.0839844	0.0019474643050000002	393.3902283	0.0017810338179999998
393.1952515	0.003172991099	393.5019226	0.0003813318900000029
393.3065491	0.0022307436450000003	393.6136169	0.001536217514
393.4178162	0.0008163978340000001	393.7253418	0.001018833369000001
393.5291138	0.0013131388113	393.8370361	0.0002536457030000005
393.6404114	0.0009446256882	393.948761	0.00032509024999999997
393.7517395	0.0005074721991999999	394.0604858	0.0005473644121000001
393.8630371	0.00024896673799999986	394.1722107	7.496215399999985e-05
393.9743652	0.00033700250064999996	394.2839355	0.00028107967
394.0856628	0.00018889305699999986	394.3956604	0.00020352379000000004
394.196991	0.0001994612394	394.5074158	0.00019906228399999958
394.3083191	0.00027462409300000007	394.6191406	0.0018509137440000005
394.4196777	0.00021571817400000011	394.730896	0.00011504627999999947
394.5310059	0.00020098406800000013	394.8426514	0.0016205213029999999
394.6423645	0.001006996492	394.9544373	0.0014981515729999995
394.7537231	0.0020888426226	395.0661926	0.00256097666
394.8650818	0.002188556595	395.1779785	0.005078743219999999
394.9764404	0.002333802288	395.2897339	0.011467989300999999
395.0877991	0.0043918337328	395.4015198	0.014499450565
395.1991882	0.008498623033	395.5133057	0.0072452621489999995
395.3105774	0.007147145225	395.6251221	0.0017300928010000006
395.4219666	0.0016585536653999998	395.736908	0.0006059967010000004
395.5333557	0.0006070837848000001	395.8487244	0.0005926359449999999
395.6447449	0.00046518107399999976	395.9605408	0.0007342956960000001
395.7561646	0.00020379805900000002	396.0723572	0.00019867811000000117
395.8675537	0.00040705303031	396.1841736	0.0012704627600000004
395.9789734	0.0001653311337	396.29599	0.0009631845169999998
396.0903931	0.000526180491	396.4078369	0.0005969469784999999
396.2018127	0.00034199859513	396.5196838	0.0002600341099999997
396.3132629	0.00015860312126	396.6315308	-4.241243000000037e-05
396.4246826	7.174094199999996e-05	396.7433777	0.0009024963949999998
396.5361328	0.00016654480800000005	396.8552246	0.001362668118
396.647583	0.00012363493500000002	396.9670715	0.0007019480690000001
396.7590332	0.0003388784535	397.078949	0.0005617914799999988
396.8704834	0.00013359217000000027	397.1908264	0.0012076138226999999
396.9819641	0.00041358638499999984	397.3027039	0.001319343922
397.0934143	0.0017029521430599998	397.4145813	0.0010510752909999995
397.204895	0.002584416419	397.5264587	0.0007268516350000011
397.3163757	0.001084128162	397.6383667	0.0001176856460000002
397.4278564	0.00042936007595000003	397.7502441	0.0005951090720000001
397.5393677	-1.800950000000693e-07	397.8621521	0.0009593116119999993
397.6508484	0.0004571408499999996	397.9740601	0.0011087311430000007
397.7623596	0.0006556832230000002	398.085968	0.0004679071720000002
397.8738708	0.0006013025998	398.1979065	0.0005547554459999999
397.9853821	0.00024331605529999997	398.3098145	0.0007463130169999997
398.0968933	0.00020484405100000005	398.4217529	0.0008517028799999993
398.2084045	0.000504039111	398.5336914	7.582968100000023e-05
398.3199463	0.0005498533140000002	398.6456299	0.0005193226970000003
398.431488	0.0003017112619999999	398.7575989	0.0007292819210000002
398.5430298	0.00022093439400000005	398.8695374	0.00023741834000000003
398.6545715	0.0003267555148	398.9815063	0.0006006250620000002
398.7661133	0.00016936170900000002	399.0934448	0.0008461531249999996
398.8776855	0.00029564194900000003	399.2054138	0.0005622403699999997
398.9892273	0.00013142591340000007	399.3174133	0.00043203821400000005
399.1007996	0.0002466285078	399.4293823	0.0005781673819999999
399.2123718	0.000244279392	399.5413513	0.00033927708599999946
399.3239441	3.591796900000014e-05	399.6533508	0.0007710754900000002
399.4355469	0.00044884800399999994	399.7653503	0.0014541489069999998
399.5471191	0.0012232580043	399.8773499	0.0009334399370000005
399.6587219	0.0009525957866	399.9893494	0.0015522380709
399.7703247	0.000937608537	400.1013794	0.0006051352250000001
399.8819275	0.0011517810344	400.2133789	0.000719104893999999
399.9935303	0.00045238365399999977	400.3254089	0.000587396324
400.1051636	0.00024336762800000007	400.437439	1.564295899999981e-05
400.2167664	0.00026955571900000004	400.549469	0.0005224393599999998
400.3283997	0.00037141162099	400.661499	0.0006405590099999997
400.440033	0.00022778194389999997	400.7735596	3.5585835e-05
400.5516663	0.0002817311319999998	400.8855896	0.000496054999
400.6632996	0.00041753024529999987	400.9976501	0.00021795368999999974
400.7749634	0.000130208907	401.1097107	0.0002198554500000005
400.8865967	0.00038217188560000007	401.2217712	0.0003746785199999995
400.9982605	9.909633079999998e-05	401.3338318	0.0001303968019999999
401.1099243	0.00017319643000000004	401.4459229	0.0012773810890000003
401.2216187	0.000434808666	401.5580139	0.0009964946599999996
401.3332825	0.0003005706240000001	401.6700745	0.0011909504828000001
401.4449463	0.00032929060399999996	401.782196	0.00342343084
401.5566406	0.0016511192666	401.8942871	0.004773769997
401.668335	0.007778905332	402.0063782	0.0027530356310000005
401.7800293	0.009754389786	402.1184998	0.000995461713
401.8917236	0.003418766894	402.2305908	0.001252906629
402.0034485	0.0008427804569999999	402.3427124	0.0012021139259999992
402.1151428	0.0003494436390000001	402.454834	0.0012949602699999993
402.2268677	0.000383915889	402.5669861	0.0007286300898
402.3385925	0.0005107761830000002	402.6791077	0.0011873780750000004
402.4503174	0.000360414618	402.7912598	0.0010617352089999999
402.5620728	0.0004277494740000001	402.9033813	0.0013974271710000012
402.6737976	0.00033307616839999997	403.0155334	0.0013923406368
402.785553	0.00040544581200000016	403.1276855	0.000729095424
402.8973083	0.0006024087779000001	403.2398682	0.0006048698000000012
403.0090637	0.000492996303	403.3520203	0.00048700533999999907
403.1208191	0.0004274859100000003	403.4642029	0.0010143765239999996
403.2325745	0.00047777475260000004	403.5763855	0.029243960999999985
403.3443604	0.0005119456907999999	403.6885681	0.0012044212780000004
403.4561157	0.000452414999	403.8007507	0.00103483163
403.5679016	0.0007004626100000004	403.9129333	0.0018341407410000002
403.6796875	0.0010141895610000003	404.0251465	0.0008447703440000003
403.7915039	0.0013326861078999997	404.1373291	0.0012055691339999995
403.9032898	0.001298883464	404.2495422	0.000863068736999999
404.0151062	0.0008078170949999998	404.3617554	0.0015361397528
404.1268921	0.001141126344462	404.4739685	0.001525609929
404.2387085	0.0017783026272	404.5862122	0.0010693022049999999
404.3505249	0.0011631014127399999	404.6984253	0.002802185718
404.4623718	0.0009724577675600001	404.8106689	0.0115927591675
404.5741882	0.0024012182842	404.9229126	0.023628835570999998
404.6860352	0.0091912249336	405.0351562	0.01733497995
404.7978821	0.013637405708	405.1473999	0.006439715620000001
404.909729	0.00916373485	405.2596741	0.0030928608100000005
405.0215759	0.00295437611163	405.3719177	0.001595416572
405.1334229	0.00085725391361	405.4841919	0.0012860046700000002
405.2453003	0.0004896880418	405.5964661	0.0014495700600000005
405.3571472	0.00042737639159999997	405.7087402	0.0022551473230000008
405.4690247	0.000727655599	405.8210144	0.003317589870000002
405.5809021	0.0020869668226	405.9333191	0.002650577579
405.6927795	0.0027647712272	406.0455933	0.0010773525570000001
405.8046875	0.0015669452844	406.1578979	0.0005700457899999994
405.9165649	0.0009095222919999998	406.2702026	0.0010785320740000007
406.0284729	0.0006181357312	406.3825073	0.0008958582769999996
406.1403809	0.0005408773432	406.4948425	0.0009736884300000012
406.2522888	0.0003002285959999998	406.6071472	0.0011424673720000006
406.3641968	0.00042609294219999997	406.7194824	0.0008610095830000001
406.4761353	0.000360340927	406.8318176	0.0005701184300000006
406.5880432	0.000425016391	406.9441528	0.0008565760219999994
406.6999817	0.0004133331819999998	407.056488	0.0006893111566999999
406.8119202	0.000372462264779	407.1688232	0.0005265357909999997
406.9238586	0.0004532532185	407.281189	0.0005812011660000001
407.0357971	0.00015351502200000025	407.3935242	0.0009941216599999997
407.1477661	0.00038100080610000006	407.5058899	0.001046030084
407.2597046	0.0003555715080000004	407.6182556	0.005091809665999999
407.3716736	0.0012283230317	407.7306519	0.007914788093
407.4836426	0.0074963576040000006	407.8430176	0.0038288156519999993
407.5956116	0.010837915992599999	407.9554138	0.0016339968429999996
407.7076111	0.004450740292	408.0677795	0.001656531124
407.8195801	0.0012525676575	408.1801758	0.0011455072099999988
407.9315796	0.0008871010510000002	408.292572	0.0010617086699999997
408.0435791	0.0012439793208	408.4049988	0.0011459551730000003
408.1555786	0.0008083465510000001	408.517395	0.00216790289
408.2675781	0.0010616202779999999	408.6298218	0.002305679489
408.3795776	0.0016592343449999998	408.742218	0.002450444740000002
408.4916077	0.0023565355806000002	408.8546448	0.001603408018
408.6036377	0.0028573255989999997	408.9670715	0.0011393984319999998
408.7156677	0.0020187261394	409.0795288	0.0005779368800000011
408.8276978	0.0006758240060000002	409.1919556	0.0006089489900000002
408.9397278	0.00042274896999999973	409.3044128	0.0006163120269999994
409.0517578	0.0005235259522799999	409.4168396	0.0004586847500000005
409.1638184	0.000355714059	409.5292969	0.00047513097499999983
409.2758789	0.000290999189	409.6417847	0.0002506263499999998
409.3879089	0.0001230326015	409.7542419	0.0014706068473
409.5	0.00036873467609999994	409.8666992	0.0005918671379999997
409.6120605	0.00036713137539999986	409.979187	0.00060335454
409.7241211	0.0002877570218000001	410.0916748	0.0010592599860000003
409.8362122	0.00013014022299999992	410.2041626	0.0010270462370000001
409.9483032	0.0003205989490000002	410.3166504	0.0010558720700000017
410.0603943	0.0005143397575000001	410.4291382	0.00107009022
410.1724854	0.0004774874540000001	410.5416565	0.0007133064789999997
410.2845764	0.0005375968750000004	410.6541443	0.001330706756
410.3966675	0.0005707536038	410.7666626	0.001940834802
410.5087891	0.0007538415959999999	410.8791809	0.004135282706
410.6209106	0.002405850217	410.9916992	0.002679179888
410.7330322	0.005306846928	411.104248	0.006043198866999999
410.8451538	0.0038176302329999997	411.2167664	0.0007844185893
410.9572754	0.0012528416700000001	411.3293152	0.000759225572
411.0694275	0.0003480007870000001	411.441864	0.0013382425529999999
411.1815796	0.00046965002499999996	411.5544128	0.0007063131780000002
411.2937012	0.00037471296678000005	411.6669617	0.0009411026550999999
411.4058533	0.0003247717399999998	411.7795105	0.0009738849500000001
411.5180359	0.0007262378926999999	411.8920898	0.00054662116
411.630188	0.0006419562270000003	412.0046692	0.0008783293598000001
411.7423401	0.00042551616200000014	412.1172485	0.0006102523770000002
411.8545227	0.00045200390699999993	412.2298279	0.00045449100400000043
411.9667053	0.00037426466599999996	412.3424072	0.0004878547000000018
412.0788879	0.00029081130556	412.4549866	0.0008159428829999996
412.1910706	0.00040380377300000027	412.5675964	0.0005858917720000002
412.3032837	0.00042628310620000003	412.6802063	0.0005266331139999999
412.4154663	0.0004213524510000002	412.7927856	0.0005689593960000001
412.5276794	0.0006429409262999999	412.9053955	0.0008654822590000001
412.6398926	0.00033388295560000004	413.0180359	0.0008869724407
412.7521057	0.000606929709	413.1306458	0.00046137440999999974
412.8643188	0.0006070148372	413.2432861	0.0009972639399999997
412.9765625	0.00058472596536	413.355896	0.0015475344839999995
413.0887756	0.000571751036	413.4685364	0.0009552589620000001
413.2010193	0.0008871900501	413.5811768	0.003500974738
413.3132629	0.0009162093047	413.6938477	0.005963259374
413.4255066	0.003013567068	413.806488	0.003793993965
413.5377502	0.005371002364	413.9191589	0.0017520864499999999
413.6499939	0.0038302450558000004	414.0317993	0.0010838080199999985
413.7622681	0.0013678383547	414.1444702	0.0012078369099999993
413.8745422	0.0006104032507000001	414.2571411	0.001339234179
413.9868164	0.0006385717571	414.3698425	0.0015230476900000012
414.0990906	0.0007606382711	414.4825134	0.0014986759000000013
414.2113647	0.0007829100360000002	414.5952148	0.0011098533900000002
414.3236694	0.0008359927597	414.7078857	0.0014192379898
414.4359436	0.0009573046120000001	414.8205872	0.0012783459967
414.5482483	0.000727957696	414.9333191	0.000818073745
414.660553	0.000979726785	415.0460205	0.0020886173009999997
414.7728577	0.000851021905	415.1587219	0.0010171800389999998
414.8851624	0.0008218756410000002	415.2714539	0.00218760688
414.9974976	0.0007934205929000001	415.3841858	0.0018749255679999998
415.1098022	0.0006976752193000001	415.4969177	0.0014354917230000007
415.2221375	0.00052589304691	415.6096497	0.001639080932
415.3344727	0.0006634835157	415.7223816	0.0018473112137800001
415.4468079	0.0008290027031	415.8351135	0.001238206401
415.5591736	0.0007784758929999999	415.947876	0.0015991311499999987
415.6715088	0.0007258680419999998	416.0606384	0.0029233980459999996
415.7838745	0.0009992965499999997	416.1734009	0.011148669061
415.8962402	0.0014000226437	416.2861633	0.08747731338
416.008606	0.0035605735614	416.3989258	0.12903767544
416.1209717	0.038478480683	416.5117188	0.056063483008
416.2333374	0.07265384495169999	416.6244812	0.013890682020000001
416.3457031	0.047494448021	416.7372742	0.007334647699999999
416.4580994	0.013460683924	416.8500671	0.016031072469999998
416.5704956	0.0039725961399999996	416.9628601	0.0195380186471
416.6828918	0.006921669003	417.0756531	0.0090882013026
416.7952881	0.011021604877	417.1884766	0.0036377306099999998
416.9076843	0.007147237891000001	417.3012695	0.0021263780100000008
417.0201111	0.0028774384991	417.414093	0.0020576028620000004
417.1325378	0.001600204967	417.5269165	0.0024025496099999996
417.2449341	0.001312382985	417.63974	0.0017958078529999987
417.3573608	0.001265287283	417.752594	0.0021256366749999997
417.4698181	0.0011863638649999998	417.8654175	0.00223983615842
417.5822449	0.00126847133839	417.9782715	0.0021437177750699998
417.6946716	0.001023886492	418.091095	0.0022962139899999987
417.8071289	0.0011067310111	418.203949	0.0014186808840000002
417.9195862	0.0011014962005799999	418.3168335	0.0015365656
418.0320435	0.00126927672	418.4296875	0.0024678669880000004
418.1445007	0.0014174739045000001	418.5425415	0.007133268169
418.256958	0.0019037262540000004	418.655426	0.02325519081
418.3694458	0.0029426360556	418.7683105	0.023100015244999998
418.4819336	0.010640583931000001	418.8811951	0.008144438495
418.5944214	0.0152694465391	418.9940796	0.004295334217000001
418.7069092	0.007791234595380001	419.1069641	0.0035508805899999996
418.819397	0.002934247444	419.2198792	0.0029197200200000006
418.9318848	0.001531498972	419.3327637	0.0037603497040000003
419.0444031	0.0013785061019	419.4456787	0.016174065415
419.1568909	0.0013430251274000001	419.5585938	0.05426788447
419.2694092	0.004292698694	419.6715088	0.0519391275018
419.3819275	0.022224601938	419.7844238	0.0158724878
419.4944458	0.032208727207	419.8973694	0.006493143739999999
419.6069946	0.0154802668213	420.0102844	0.004131650550000001
419.7195129	0.0049417943811	420.12323	0.006004950497999999
419.8320618	0.0020934556382	420.2361755	0.049752399795000006
419.9446106	0.002049311413	420.3491211	0.104458302236
420.0571594	0.014358815501700001	420.4620972	0.12245099342
420.1697083	0.045515215112999996	420.5750427	0.1677081749063
420.2822571	0.063171339452	420.6880188	0.1084029263354
420.3948364	0.082703542891	420.8009644	0.028257011435
420.5073853	0.084204374584	420.9139404	0.00976039655
420.6199646	0.0295609250945	421.0269165	0.005489053205
420.7325439	0.009139909171	421.1399231	0.003143413923999999
420.8451538	0.003127438831	421.2528992	0.002744199708
420.9577332	0.0018645884125	421.3659058	0.002263795580000002
421.0703125	0.0013557037167	421.4788818	0.0020623811140000003
421.1829224	0.0011202075622000001	421.5918884	0.0013066108807
421.2955322	0.00101643585002	421.704895	0.001349542756
421.4081421	0.0008746023232	421.8179321	0.0018680333159999995
421.520752	0.0007726960321000001	421.9309387	0.001442327164
421.6333618	0.00063645860787	422.0439758	0.0015218285840000005
421.7460022	0.0008534785590000001	422.1570129	0.0012464784099999997
421.8586426	0.0005684366916	422.2700195	0.001468239352
421.9712524	0.0009379094116000001	422.3830872	0.0013083607633
422.0838928	0.001043051015	422.4961243	0.0008269501800000009
422.1965637	0.0015065050392999999	422.6091614	0.0007432345299999976
422.3092041	0.0012418249972	422.722229	0.0011012535500000004
422.421875	0.0009136032020000001	422.8352661	0.001602034090000001
422.5345154	0.0007421937770000003	422.9483337	0.0017443709109999997
422.6471863	0.0008441739774	423.0614014	0.001552162692
422.7598572	0.0010344855258	423.1744995	0.002883877139
422.8725281	0.0008175936818999999	423.2875671	0.006805308862
422.9852295	0.0014031630710000002	423.4006653	0.006301718950239
423.0979004	0.007557676377800001	423.5137329	0.0033328207209999995
423.2106018	0.012121110687	423.6268311	0.0021078772800000017
423.3232727	0.007675254368	423.7399292	0.00128027702153
423.4359741	0.002985831117	423.8530579	0.0006751837210000004
423.5487061	0.0014833449389999999	423.966156	0.0016832379600000003
423.6614075	0.0010562129320000001	424.0792542	0.0013938178309999992
423.7741089	0.00102499531206	424.1923828	0.0020260931919999997
423.8868408	0.000995087088	424.3055115	0.0027066666512
423.9995728	0.0015549411767	424.4186401	0.0015795342600000012
424.1123047	0.0022987701230000003	424.5317688	0.0014468133450000007
424.2250366	0.001874127891	424.644928	0.0015020347199999997
424.3377686	0.001382359652	424.7580566	0.001393367478
424.450531	0.0010365110359999998	424.8712158	0.001759457402
424.5632629	0.0010584653356999999	424.984375	0.0011816527700000004
424.6760254	0.001070282655	425.0975342	0.0010490594429999997
424.7887878	0.0009912295500000001	425.2106934	0.0009037894199999995
424.9015503	0.0008497237000000002	425.3238525	0.0017523495480000007
425.0143433	0.0009566751250000001	425.4370422	0.002281188034
425.1271057	0.0011451498140000003	425.5502014	0.00877411757
425.2398987	0.0009632952861999999	425.6633911	0.012688832361
425.3526917	0.0025516111053	425.7765808	0.00731889065
425.4654541	0.0059956911716	425.8897705	0.0032868119869999997
425.5782776	0.006510469364	426.0029907	0.0014794813470000003
425.6910706	0.0028557049806	426.1161804	0.0024173390099999983
425.8038635	0.0017562047867000002	426.2294006	0.004812545612999999
425.916687	0.00136049524418	426.3426208	0.04312824458
426.0295105	0.001440912602	426.4558411	0.098475936767
426.142334	0.007634251844	426.5690613	0.065623972562
426.2551575	0.039974664806999995	426.6822815	0.018093538004
426.367981	0.055666043187	426.7955017	0.007057369221
426.4808044	0.024416688250999997	426.9087524	0.0048857703809
426.5936584	0.008102389748	427.0220032	0.013619666862200001
426.7065125	0.0029336896837	427.1352539	0.035451857834999996
426.8193665	0.0036657769811999997	427.2485046	0.028350857087000005
426.9322205	0.019106643274	427.3617554	0.009352992288
427.0450745	0.031827358762	427.4750366	0.0042238552199999994
427.1579285	0.018899142622	427.5882874	0.013693043960000002
427.270813	0.006915376754999999	427.7015686	0.049693575598
427.3836975	0.0034471258982	427.8148499	0.048112911168
427.496582	0.016854856052	427.9281311	0.0159370034795
427.6094666	0.0316574866873	428.0414124	0.00589287095
427.7223511	0.021728574222999997	428.1547241	0.007788542193
427.8352356	0.008060871682	428.2680054	0.01286481972
427.9481506	0.004019663436000001	428.3813171	0.009367859919
428.0610352	0.008784462346000001	428.4946289	0.004397763871
428.1739502	0.01266215283455	428.6079407	0.002858985681
428.2868652	0.0068548485576	428.7212524	0.002642262843
428.3998108	0.0029639610436	428.8345642	0.0028023570769999994
428.5127258	0.001699625281	428.9479065	0.0021493751519999996
428.6256409	0.002635486541	429.0612488	0.0016820011700000009
428.7385864	0.0027881551360000004	429.1745605	0.0017510335458000002
428.851532	0.0018484997055500001	429.2879028	0.0013246648100000008
428.9644775	0.0011887349542000001	429.4012756	0.001421605702
429.0774231	0.0010198418165	429.5146179	0.0017883568070000003
429.1903687	0.0008792985173000001	429.6279602	0.0018094921837
429.3033447	0.0009017040139	429.741333	0.0010071853179999994
429.4163208	0.0009637961043000001	429.8547058	0.0015219803899999985
429.5292664	0.0007108876020000001	429.9680786	0.001700068824000001
429.6422424	0.0007298015989999997	430.0814514	0.002084767912
429.7552185	0.0009692588350000001	430.1948242	0.0019745165480000004
429.8682251	0.0008957386010000003	430.3082275	0.0025374344550000002
429.9812012	0.000936687492033	430.4216003	0.020805046891000004
430.0942078	0.0009527867659999997	430.5350037	0.050093086440000004
430.2072144	0.002878255851	430.648407	0.034246264146
430.3202209	0.0189150739457	430.7618103	0.010051295161999999
430.4332275	0.029823170043	430.8752136	0.004146869762
430.5462341	0.01575682965	430.9886475	0.002855069702
430.6592407	0.0061254580510000005	431.1020508	0.0019261720589999996
430.7722778	0.0024578410085999997	431.2154846	0.001626922749999999
430.8853149	0.0012442935841	431.3289185	0.002922337510000001
430.9983521	0.001303211087	431.4423523	0.0033299105710000005
431.1113892	0.0022564011159	431.5557861	0.0020217746500000005
431.2244263	0.002902914304	431.6692505	0.001869300846
431.3374634	0.0020813517916000003	431.7826843	0.0024851414487
431.450531	0.0016088310296	431.8961487	0.0011870041054000001
431.5635986	0.001609806292	432.009613	0.001804870553
431.6766357	0.0014817995259999999	432.1230774	0.0013417694720000003
431.7897339	0.00163874601992	432.2365417	0.0012637287139999997
431.9028015	0.0015928684152000001	432.3500061	0.0013501001520000002
432.0158691	0.0016212199118	432.463501	0.0009886939100000013
432.1289673	0.0015361168771	432.5769653	0.00173621438
432.2420349	0.0013669053442	432.6904602	0.0020013451573
432.3551331	0.001223872648	432.8039551	0.0018550511450000002
432.4682312	0.0012883525342	432.91745	0.0016987379600000001
432.5813293	0.0011892709008	433.0309753	0.0019220244100000006
432.694458	0.0011066409643	433.1444702	0.0016575343900000002
432.8075562	0.001116845175	433.2579956	0.002107899985
432.9206848	0.0013633815691	433.3714905	0.002561077469999999
433.0338135	0.0013264389997000002	433.4850159	0.008196426559999997
433.1469116	0.0018849231416000001	433.5985413	0.015363015469
433.2600708	0.006804486970000001	433.7120972	0.042767525060381
433.3731995	0.018510269003999998	433.8256226	0.05654274207
433.4863281	0.027082475605	433.9391785	0.036146774890000004
433.5994873	0.033519395395	434.0527039	0.018889406690000003
433.7126465	0.0355840108205	434.1662598	0.0068468336249
433.8258057	0.022289386836	434.2798157	0.0038658957919999997
433.9389648	0.012116201686	434.3934021	0.0037343325079999996
434.052124	0.005007826722999999	434.506958	0.0038564049169999997
434.1652832	0.0026940678940000004	434.6205139	0.0026911679592
434.2784729	0.00251312094	434.7341003	0.0028924383199999976
434.3916626	0.0024572275579999997	434.8476868	0.012139627708999998
434.5048218	0.0019359666042000003	434.9612732	0.0190749524043
434.618042	0.002719758079	435.0748596	0.020839930747
434.7312317	0.0080551711145	435.188446	0.058933039658
434.8444214	0.012964995581200001	435.302063	0.05551184248
434.9576416	0.0539223567417	435.4156494	0.017316420092
435.0708313	0.13704348918749001	435.5292664	0.007370503158
435.1840515	0.129551993428	435.6428833	0.00670053763
435.2972717	0.049275610014	435.7565002	0.0035391822500000017
435.4104919	0.020852364890200002	435.8701172	0.002248718399
435.5237427	0.0120132551485	435.9837646	0.0022374787360000007
435.6369629	0.0070722704985	436.0973816	0.001976786180999999
435.7502136	0.003880349104	436.2110291	0.0015307618299999996
435.8634338	0.0024588704110000002	436.3246765	0.0016318210400000002
435.9766846	0.0017586556495000003	436.438324	0.0013051214629999997
436.0899353	0.0013540223010000002	436.5519714	0.002589396434
436.2032166	0.0010789479129999998	436.6656494	0.00229000207
436.3164673	0.0011661264579999999	436.7792969	0.00309709268214
436.4297485	0.0015782770935	436.8929749	0.0028069611870000003
436.5429993	0.002351745031	437.0066528	0.0018061976900000005
436.6562805	0.0024909201309000002	437.1203308	0.002001956571000001
436.7695618	0.002031416166	437.2340088	0.002660033526
436.8828735	0.0013359939326	437.3476868	0.003281288548
436.9961548	0.0017479748352	437.4613647	0.008323113430000001
437.109436	0.0023435006733	437.5750732	0.010682133957
437.2227478	0.0042007291924	437.6887817	0.004640675150999999
437.3360596	0.014244802525	437.8024902	0.0024800095712
437.4493713	0.020857825469	437.9161987	0.0025562932710000005
437.5626831	0.010973700323	438.0299072	0.00410595815
437.6759949	0.0049593760051	438.1436157	0.0024333614849999987
437.7893372	0.0043319255349999995	438.2573547	0.0032926006240000002
437.9026489	0.005211269251	438.3710938	0.007113933563
438.0159912	0.003891995409	438.4848328	0.005590414633
438.1293335	0.006745048336	438.5985718	0.0023513145280000002
438.2426758	0.014118800052	438.7123108	0.0021211755229999995
438.3560486	0.012506024909000001	438.8260498	0.0025921538469999995
438.4693909	0.005391699612	438.9398193	0.001987343650000001
438.5827637	0.0028482848425	439.0535583	0.0019892072309999993
438.696106	0.0024785422720000005	439.1673279	0.0010949266143
438.8094788	0.002802892006	439.2810974	0.0007402989999999998
438.9228516	0.0020110072802	439.3948669	0.0012684389900000006
439.0362244	0.0011381217049	439.5086365	0.0014026276770000004
439.1496277	0.0011861715467000001	439.6224365	0.0006443836030000001
439.2630005	0.0008752659924	439.7362061	0.001238734461999999
439.3764038	0.000979395001	439.8500061	0.0014003477900000009
439.4898071	0.0007762346069	439.9638062	0.0006541223269999992
439.6032104	0.000982387457	440.0776062	0.0004755915139999997
439.7166138	0.001139938191	440.1914062	0.0014150701460000003
439.8300171	0.0009715960187	440.3052368	0.0023134201700000002
439.9434509	0.0009948567019999997	440.4190369	0.0114993159087
440.0568542	0.0009578303439999997	440.5328674	0.019662720149
440.1702881	0.0055344803984	440.646698	0.011574550536
440.2837219	0.027173252309	440.760498	0.0035818926999999987
440.3971558	0.0463062707546	440.8743591	0.002063434338
440.5105896	0.03119428281	440.9881897	0.0017922313419999995
440.624054	0.012798743553	441.1020203	0.0016732336960000004
440.7374878	0.0047459022021	441.2158813	0.0013592890460000003
440.8509521	0.002059570979	441.3297424	0.001809087233
440.9644165	0.00196476295602	441.4436035	0.0004901308600000001
441.0778809	0.0014128377076	441.5574646	0.0013890564470000009
441.1913452	0.001495294749946	441.6713257	0.0012403051369999996
441.3048096	0.0013258724940000003	441.7851868	0.0008817208000000002
441.4183044	0.0012492676218400002	441.8990784	0.001465114299
441.5317688	0.0011650701054	442.0129395	0.0012180935589999999
441.6452637	0.001096823252	442.1268311	0.000996897
441.7587585	0.0011450368620000001	442.2407227	0.0010157218150000005
441.8722534	0.0009561111219999995	442.3546143	0.0009476434497
441.9857483	0.0009909970972	442.4685364	0.0013644546300000011
442.0992737	0.0008658766749999999	442.582428	0.002194284461
442.2127686	0.0011082512793	442.6963501	0.0009713447649999998
442.3262939	0.0021425304873	442.8102722	0.0023766651284
442.4398193	0.0025846653592	442.9241638	0.01598978229
442.5533447	0.0019776615085	443.0380859	0.035159009510000006
442.6668701	0.0030984996119999995	443.1520386	0.022587928597
442.780426	0.029324603038	443.2659607	0.007521155756
442.8939514	0.067598994936	443.3799133	0.008038197639000001
443.0075073	0.05502249329477	443.4938354	0.0146312099
443.1210632	0.024266206125499998	443.6077881	0.009797409526
443.2345886	0.021146541457	443.7217407	0.004321813002
443.348175	0.031563552389699996	443.8356934	0.0028947619699999996
443.461731	0.02521699788684	443.9496765	0.0017319526499999984
443.5752869	0.0116327009788	444.0636292	0.0016113012099999995
443.6888733	0.005428833887	444.1776123	0.0014838408669999997
443.8024597	0.002627575654	444.2915649	0.0014984398149999996
443.9160461	0.0014215590343	444.4055481	0.0015994734130000002
444.0296326	0.001034754911	444.5195312	0.0013822913754
444.143219	0.0010873358112	444.6335449	0.0011896968935
444.2568054	0.0014476621293000001	444.7475281	0.0009864792199999993
444.3704224	0.0010789351077	444.8615112	0.000724167559999999
444.4840088	0.0008786494140000001	444.9755249	0.0007084881359999998
444.5976257	0.0005951109340000004	445.0895386	0.0009592156800000001
444.7112427	0.0005220602029	445.2035522	0.001319407485
444.8248596	0.0006656242769999998	445.3175659	0.0016601299900000002
444.9384766	0.0005284591459999999	445.4315796	0.0012797052916
445.052124	0.0008117567634	445.5456238	0.0023168984340000004
445.165741	0.001345325101	445.6596375	0.0007571028599999991
445.2793884	0.0013794852133	445.7736816	0.000444382430000001
445.3930359	0.00095232067571	445.8877258	0.0015319379449
445.5066833	0.0005338913760000001	446.00177	0.0007860865400000014
445.6203308	0.0005478712266999999	446.1158142	0.0012232661250000006
445.7340088	0.0006164498629999998	446.2298889	0.001048214736000001
445.8476562	0.0005080129485999999	446.3439331	0.0006938873557000001
445.9613342	0.0005326368991	446.4580078	0.00142898650959
446.0750122	0.0005342450459999998	446.5720825	0.001648446540000001
446.1886902	0.0006491432440000001	446.6861572	0.0006812820299999991
446.3023682	0.0019590544979999997	446.8002319	0.000988532207
446.4160461	0.0025090532143	446.9143066	0.00104269385
446.5297241	0.0015276214690000001	447.0283813	0.0013734307139999999
446.6434326	0.0009125885549999997	447.1424866	0.0015902593699999995
446.7571411	0.00081086534187	447.2565918	0.000678409124
446.8708496	0.0005912890920000001	447.370697	0.0008415626299999989
446.9845581	0.00040343473600000014	447.4848022	0.001056677663000001
447.0982666	0.0006101021863	447.5989075	0.0008650766699999993
447.2119751	0.0004436731693	447.7130127	0.0008627241469999999
447.3257141	0.0005149875065000001	447.8271484	0.002255028987
447.4394226	0.0006576483137999999	447.9412537	0.0030240002090000002
447.5531616	0.0004728497009999998	448.0553894	0.0020425287080000007
447.6669006	0.0013903560172	448.1695251	0.0009021251459999996
447.7806396	0.00266957264827	448.2836609	0.001040063449
447.8943787	0.0020932967892	448.3977966	0.0014726459050000001
448.0081482	0.0010955340402999999	448.5119629	0.0031859488230000007
448.1218872	0.0007269148336	448.6260986	0.007634469541
448.2356567	0.0004953617026	448.7402649	0.005239628021999999
448.3494263	0.0030622065239	448.8544312	0.0015997141650000001
448.4631958	0.008518109329	448.9685974	0.0010210210410000007
448.5769653	0.009086112026	449.0827637	0.001247525564
448.6907654	0.00377408741	449.1969299	0.0012016100809999998
448.8045349	0.0018462876325999998	449.3111267	0.0012952946090000004
448.918335	0.0007566345149999998	449.425293	0.0007903631799999998
449.0321045	0.00047045198149999997	449.5394897	0.0017359524500000002
449.1459045	0.0005757201000000001	449.6536865	0.0015477379810000004
449.2597046	0.0006539611204	449.7678833	0.0010057324539999996
449.3735352	0.0005614301194	449.8820801	0.00040341820999999917
449.4873352	0.0008990392382	449.9963074	0.0010737000848
449.6011658	0.0006621396169999997	450.1105042	0.0010380212915
449.7149658	0.0007812829572000001	450.2247314	0.00134125771
449.8287964	0.0007060541539999998	450.3389587	0.0011698585000000008
449.942627	0.0006374912627	450.4531555	0.001078673639
450.0564575	0.00076023337896	450.5674133	0.0014105356531
450.1703186	0.00058341230033	450.6816406	0.0016330247739999998
450.2841492	0.0006458246500000001	450.7958679	0.0008037015799999998
450.3980103	0.00042984320319999997	450.9101257	0.0013723699389999993
450.5118408	0.0007804453489000001	451.0243835	0.0011951932680000004
450.6257019	0.0008207412316	451.1386108	0.0013033170249999995
450.739563	0.00075268347065	451.2528687	0.0018610907720000005
450.8534241	0.0007040632044999999	451.367157	0.008771895434000001
450.9673157	0.0006055872649999999	451.4814148	0.041089840229999994
451.0811768	0.0005198572760000001	451.5956726	0.04389662389
451.1950684	0.002404719126	451.7099609	0.015008277721
451.30896	0.015734449493	451.8242493	0.0054353396370000005
451.4228516	0.02573317096475	451.9385376	0.0033242029897
451.5367432	0.01480265421896	452.0528259	0.0022741304709999995
451.6506348	0.006925416411999999	452.1671143	0.0015569999799999994
451.7645264	0.002516773297	452.2814026	0.0015811066260000002
451.8784485	0.0011229319500000003	452.3957214	0.001744783483
451.9923706	0.0008406331471999999	452.5100098	0.002375092360000001
452.1062927	0.0007734482645999999	452.6243286	0.010077778715000003
452.2202148	0.000724359474	452.7386475	0.011672523804
452.334137	0.001051427796	452.8529663	0.005783902485000001
452.4480591	0.0033950455836	452.9672852	0.0026996089129999994
452.5620117	0.006254657869999999	453.0816345	0.0014837291089999996
452.6759338	0.004463860998	453.1959534	0.001308876861
452.7898865	0.002203022247	453.3103027	0.0013114846081000002
452.9038391	0.001421880326	453.4246521	0.0014354959100000009
453.0177917	0.0009783624556	453.5390015	0.0012868782499999998
453.1317444	0.0008423749532000001	453.6533508	0.0012071159439999998
453.245697	0.000738865929	453.7677002	0.0013104761020000001
453.3596802	0.0009219177881	453.8820801	0.001362087671
453.4736633	0.0009001402938000001	453.9964294	0.0018004849560000003
453.587616	0.0007813032935	454.1108093	0.0012834877700000002
453.7015991	0.000524858013	454.2251892	0.000765756704
453.8155823	0.0005184491746999999	454.3395691	0.0012885965410000004
453.9295959	0.0005943638970000002	454.453949	0.0011974591699999999
454.0435791	0.0007447859972000001	454.5683594	0.0012091454119999992
454.1575928	0.0004803360794000001	454.6827393	0.0016764262699999997
454.2715759	0.00034358817999999985	454.7971497	0.0037006903440000008
454.3855896	0.000684163766	454.9115295	0.011774281501999998
454.4996033	0.0006472879177000001	455.0259399	0.014532086443000001
454.6136169	0.001580552693	455.1403503	0.006509766681
454.7276611	0.0103086602759	455.2547913	0.0027020433899999988
454.8416748	0.0203032427783	455.3692017	0.00200615264
454.955719	0.013829881327	455.4836426	0.0018016138347
455.0697327	0.006931922399000001	455.598053	0.0013334555549999998
455.1837769	0.0032108126910000002	455.7124939	0.0017054574599999987
455.297821	0.0015356936489999999	455.8269348	0.0015516802699999978
455.4118652	0.0009460999860999999	455.9413757	0.0012992958655
455.5259399	0.0010391927499	456.0558167	0.001451413613
455.6399841	0.0008773476001999999	456.1702881	0.0018730200829999996
455.7540588	0.0007855896256	456.284729	0.0012350873999999994
455.8681335	0.0006005379109	456.3992004	0.0015633541619999997
455.9822083	0.000706446779	456.5136719	0.002044914058
456.096283	0.0006661869120000003	456.6281433	0.0015251925199999995
456.2103577	0.0006931919197	456.7426147	0.001383415419999999
456.3244324	0.00074346761538	456.8570862	0.0017325635999999997
456.4385376	0.0008179535216	456.9715881	0.0016346955670000001
456.5526123	0.0008781110518	457.0860596	0.0012821494599999997
456.6667175	0.0008930327311999998	457.2005615	0.0025926069400000005
456.7808228	0.0012129618555000003	457.3150635	0.0015514111150000003
456.894928	0.0012410241764	457.4295654	0.0007818690499999999
457.0090637	0.00085585831035	457.5440674	0.00200694427
457.1231689	0.0008132054940000002	457.6585693	0.0012124972400000007
457.2373047	0.0007213796489999999	457.7731018	0.00152050611
457.3514099	0.0009737107909999999	457.8876038	0.0022912284763
457.4655457	0.0010072335138000001	458.0021362	0.001430833712000001
457.5796814	0.0009323511039999999	458.1166687	0.0020070401950000004
457.6938171	0.0010712392833	458.2312012	0.0026646400810000003
457.8079834	0.0009759818200000001	458.3457336	0.0085168016373
457.9221191	0.0009317822256	458.4602966	0.009450677780000003
458.0362854	0.0015365784928	458.5748291	0.0040753222969999985
458.1504211	0.007874768023800001	458.6893921	0.0025675713546
458.2645874	0.017372564803500003	458.8039246	0.0018925978809999997
458.3787537	0.013719467109069999	458.9184875	0.0024353154040000005
458.4929199	0.006562852534	459.0330505	0.0019125803369999996
458.6071167	0.003479892505	459.147644	0.0024014087370000017
458.721283	0.0017622032025999999	459.262207	0.0029888395220000006
458.8354797	0.0011570927745	459.3768005	0.01140197367
458.9496765	0.0011797642215999999	459.4913635	0.01657761913
459.0638733	0.0014058551749999999	459.605957	0.0085159383013
459.1780701	0.007830163871	459.7205505	0.0035835849139999997
459.2922668	0.022918957166	459.835144	0.0021473476700000008
459.4064636	0.023971999181	459.9497375	0.004132688046
459.5206909	0.011061295871999999	460.0643616	0.009354944339000002
459.6348877	0.005478227046000001	460.1789551	0.007861791643
459.749115	0.0031803280291000002	460.2935791	0.0038662348000000017
459.8633423	0.004458634532	460.4082031	0.0031608976419999994
459.9775696	0.0042170793167	460.5228271	0.0011851154299999996
460.0917969	0.0035101638643000002	460.6374512	0.0001314114799999995
460.2060547	0.0023670897787	460.7520752	0.0001775547860000011
460.320282	0.0013250705079999997	460.8666992	0.0013593295589999998
460.4345398	0.0008553847725000001	460.9813538	0.0017968480239
460.5487976	0.0009597754218100001	461.0960083	0.0014809640200000012
460.6630554	0.00074653518824	461.2106323	0.014298117721000002
460.7773132	0.000806759141	461.3252869	0.029334009389
460.891571	0.0012019631545000002	461.4399414	0.0181907279177
461.0058289	0.007898020325	461.5546265	0.005716665178
461.1201172	0.035909390072	461.669281	0.0030869776340000012
461.2344055	0.05011994252	461.7839661	0.002498871181
461.3486633	0.0248489905468	461.8986206	0.0018757516500000002
461.4629517	0.011993816122	462.0133057	0.0010058498
461.57724	0.005271406612	462.1279907	0.0015632798899999998
461.6915588	0.0025727688332999998	462.2426758	0.0014127987966
461.8058472	0.0013584896806	462.3573914	0.0008889123568000001
461.920166	0.0009839076665000002	462.4720764	0.0012236251499999993
462.0344543	0.0008124426676	462.586792	0.0012463918010000002
462.1487732	0.0009518707228	462.7014771	0.0015097756109
462.263092	0.0007961846713	462.8161926	0.00123716332
462.3774109	0.0007499106432	462.9309082	0.0016793692499999981
462.4917603	0.0006064823464999999	463.0456238	0.0020411740999999994
462.6060791	0.0006374323859999999	463.1603699	0.0054446284190000005
462.7204285	0.0004029503616	463.2750854	0.0064651407329999995
462.8347473	0.0007986584678000001	463.3898315	0.0022911643599999986
462.9490967	0.0018942384633	463.5045471	0.0018031960370000003
463.063446	0.003737347084	463.6192932	0.0009331752090000001
463.1777954	0.003256205237	463.7340393	0.001098670531
463.2921753	0.001764112268	463.8487854	0.0014343699439999993
463.4065247	0.0010952872690000001	463.963562	0.0021058786659999993
463.5209045	0.0008072712372	464.0783081	0.0029750490211999997
463.6352539	0.0007564114935	464.1930847	0.0017173448569999996
463.7496338	0.0008159199500000001	464.3078308	0.00129559263
463.8640137	0.0021595229624	464.4226074	0.0015621697489999996
463.9783936	0.0034371693033	464.537384	0.0013970244909999997
464.092804	0.0022740865826	464.6521606	0.00129540729954
464.2071838	0.0012040003209999998	464.7669678	0.0008005909619999991
464.3215942	0.0010754563554	464.8817444	0.0010575139889999995
464.4360046	0.0010451864071	464.9965515	0.0011024544940000003
464.5503845	0.000699696015	465.1113281	0.001183605754999999
464.6647949	0.0007351684619999999	465.2261353	0.0019982988010000006
464.7792358	0.0005873089539	465.3409424	0.0009052297100000002
464.8936462	0.00107732168002	465.4557495	0.0017159100387
465.0080566	0.0006347149610000003	465.5705872	0.0010975321931999999
465.1224976	0.000576770631	465.6853943	0.0015628091060000005
465.2369385	0.00071791525988	465.8002319	0.001244550569999999
465.3513794	0.0006205625253	465.9150391	0.0012167209059999998
465.4658203	0.00054038519287	466.0298767	0.004818246697
465.5802612	0.0007088691056	466.1447144	0.014215518254999998
465.6947021	0.0005527667526	466.259552	0.010417218786999999
465.8091736	0.0015627917019	466.3744202	0.004265413153999999
465.9236145	0.0110386385975	466.4892578	0.0026074595510000003
466.0380859	0.021642115087	466.604126	0.001915317960000001
466.1525574	0.014741033087000002	466.7189941	0.0009740237150000011
466.2670288	0.007469161414	466.8338318	0.0015173153949999997
466.3815002	0.0036757813068000003	466.9487	0.00132916707071
466.4959717	0.0018831215564	467.0635986	0.0010816697040000002
466.6104736	0.0011029984747999999	467.1784668	0.00110664498
466.7249451	0.00077471872559	467.293335	0.0011918254889999999
466.839447	0.0007676378600000001	467.4082336	0.00116596776162
466.953949	0.0006727154668599999	467.5231323	0.0015612207400000008
467.0684509	0.0005837591600000001	467.6380005	0.001485282555
467.1829529	0.000718352153	467.7528992	0.0011673681400000014
467.2974854	0.0006640672509400001	467.8678284	0.0015725813571
467.4119873	0.0004644452713999999	467.9827271	0.0008657779500000004
467.5265198	0.0005977799887000001	468.0976257	0.001866189064
467.6410217	0.000531403668	468.2125549	0.0010747970079999997
467.7555542	0.000640104875	468.3274536	0.0017064240238
467.8700867	0.0006059237348	468.4423828	0.000979437027
467.9846191	0.0005089846381	468.557312	0.0009421994900000001
468.0991821	0.0006314325037	468.6722412	0.0018313521865
468.2137146	0.0007139983136200001	468.7872009	0.0008264272470000006
468.3282776	0.0007144958072	468.9021301	0.00170699833
468.4428406	0.0006655094910000001	469.0170898	0.0010865628700000001
468.557373	0.0010334039249	469.132019	0.0012243908136
468.671936	0.0008208570071	469.2469788	0.001246157102
468.7865295	0.0006416661189999999	469.3619385	0.0020390585990000005
468.9010925	0.0005874143679999999	469.4768982	0.000977129909
469.0156555	0.000693294685	469.5918884	0.00064646732
469.130249	0.0008501975681	469.7068481	0.0010940153150000003
469.2448425	0.0005498763931	469.8218079	0.0007700174999999993
469.359436	0.00080647940194	469.9367981	0.0016897115849999998
469.4740295	0.0006990510738	470.0517883	0.0014372828880000002
469.588623	0.0006541573966	470.1667786	0.0016283304429999994
469.7032166	0.0006717160578000001	470.2817688	0.0018744906379999995
469.8178101	0.0006335938524999998	470.396759	0.0015584398000000003
469.9324341	0.0008187766648000001	470.5117798	0.008553906810000001
470.0470581	0.0005211705866	470.62677	0.016170012531
470.1616821	0.0006877541310000001	470.7417908	0.009720050260000002
470.2763062	0.0014649181392	470.8568115	0.0044203950120000005
470.3909302	0.005517260636999999	470.9718323	0.00199592144922
470.5055542	0.009403920470900001	471.086853	0.0019483068030000002
470.6201782	0.005930870073	471.2018738	0.0012516267599999992
470.7348328	0.003329677253	471.3168945	0.0017426833499999995
470.8494873	0.00185358724743	471.4319458	0.0017132558859999994
470.9641418	0.0013058307231	471.5469666	0.0015955036499999999
471.0787964	0.0010459382316	471.6620178	0.0012994129199999996
471.1934509	0.0010706936013	471.7770691	0.0009523145899999995
471.3081055	0.0010631540213000001	471.8921204	0.0009118313909999998
471.42276	0.0011814869649	472.0071716	0.001403478906
471.5374451	0.0009695498739999999	472.1222534	0.001740138978
471.6521301	0.0011171955850000001	472.2373047	0.001550322397999999
471.7667847	0.0009012508680000001	472.3523865	0.0019321164589999997
471.8814697	0.0010250790507	472.4674377	0.0018958714789999989
471.9961548	0.0010696592511	472.5825195	0.00166030042
472.1108704	0.00097654412094	472.6976013	0.0018657352699999984
472.2255554	0.0009974967693	472.8127136	0.0013550845899999997
472.340271	0.0010217204690000001	472.9277954	0.004675802426000001
472.4549561	0.0014487581212999999	473.0428772	0.012742605524
472.5696716	0.0014345241362999999	473.1579895	0.012147711589999999
472.6843872	0.00156257299067	473.2731018	0.0050956760973
472.7991028	0.00772129238578	473.3881836	0.0028981803919999995
472.9138184	0.0208282260877	473.5032959	0.002817959521999999
473.0285645	0.0200819274735	473.6184387	0.00253921933
473.14328	0.009804189204900001	473.733551	0.00219583651
473.2580261	0.0057315936429	473.8486633	0.0071876037399999995
473.3727722	0.0037078124003	473.9638062	0.01676519681
473.4875183	0.0031131589779999995	474.078949	0.012933816759999998
473.6022644	0.0029099087768	474.1940613	0.005252165721000001
473.7170105	0.017460438303000002	474.3092041	0.0030062436119999997
473.8317566	0.042132778908000004	474.4243469	0.002132857451
473.9465332	0.036734551338	474.5395203	0.0017313147
474.0612793	0.017345051401	474.6546631	0.0013210191394
474.1760559	0.009673327677999999	474.7698364	0.0010665506119999996
474.2908325	0.0044602013661	474.8849792	0.0015104366469999991
474.4056091	0.002195114154	475.0001526	0.0008759060899999997
474.5203857	0.0016596839414	475.1153259	-0.005145474806
474.6351624	0.0012966534709	475.2304993	0.0015908010247000003
474.7499695	0.001077116729	475.3456726	0.0006930159869999999
474.8647461	0.0011276421724	475.4608765	0.0019269464600000005
474.9795532	0.0009946392963	475.5760498	0.0010463260109999997
475.0943604	0.0009407610192	475.6912537	0.0034345975150000003
475.2091675	0.0008735968444	475.8064575	0.0021073846139999988
475.3239746	0.0010161966780000001	475.9216614	0.0016261003899999994
475.4388123	0.0012056204138	476.0368652	0.00120911511479
475.5536194	0.001430468983	476.1520691	0.0010367282666
475.668457	0.0012560558971	476.2672729	0.0012220377100000002
475.7832642	0.0010494584713	476.3824768	0.0015318179510000005
475.8981018	0.0008487676386000001	476.4977112	0.001273874775
476.0129395	0.0006744744030000001	476.6129456	0.001163551118
476.1277771	0.0006876287520000001	476.7281799	0.004707325714999999
476.2426147	0.0007435199221000001	476.8434143	0.018232120200000004
476.3574829	0.0005431764293	476.9586487	0.017748276472000002
476.4723206	0.0009170793926	477.0738831	0.007658368908
476.5871887	0.007414894295	477.1891479	0.00441366248
476.7020569	0.025252974131	477.3043823	0.004052549599
476.816925	0.030393589084500003	477.4196472	0.002423901111
476.9317932	0.015062798858	477.5349121	0.0019739423879999995
477.0466614	0.008750230656	477.650177	0.0015418990509999996
477.1615295	0.0049155748566	477.7654419	0.0017320355399999994
477.2764282	0.0026870305883	477.8807068	0.0010970857835
477.3912964	0.0016494200103	477.9959717	0.0017445230044
477.5061951	0.0014460595415	478.1112671	0.001025821080000001
477.6210938	0.0009152367710000002	478.226532	0.0013887491100000003
477.7359924	0.0009735778440000001	478.3418274	0.0016475617930000012
477.8508911	0.0008949558833000001	478.4571228	0.0014318618920000003
477.9658203	0.000858490734	478.5724182	0.0012325281239999996
478.080719	0.0008563380106	478.6877136	0.0012979460879999991
478.1956482	0.0007653038489999998	478.8030396	0.000543264671999999
478.3105469	0.0009926639032	478.918335	0.0009033712559999999
478.4254761	0.0008605398470000001	479.0336609	0.0020238393919999997
478.5404053	0.000901211286	479.1489563	0.0013010678800000012
478.6553345	0.0008157276313999999	479.2642822	0.0009499870355
478.7702942	0.000889730989	479.3796082	0.0011426340789999993
478.8852234	0.0008869305024	479.4949341	0.0016040783369999992
479.0001831	0.0009508660876999999	479.6102905	0.0011267447900000001
479.1151123	0.0010394965356000001	479.7256165	0.0017477766083000001
479.230072	0.00099495540096	479.8409729	0.0018431474450000002
479.3450317	0.0011886457220000003	479.9562988	0.0014503924189999996
479.4599915	0.00134849840872	480.0716553	0.0009333859199999999
479.5749512	0.0015603858040000003	480.1870117	0.0015052674857999999
479.6899414	0.0013999475636	480.3023682	0.0010174317280000006
479.8049011	0.0011960336703999998	480.4177246	0.001204777043
479.9198914	0.0013590283343	480.5331116	0.001310367137
480.0348816	0.0011114098599999999	480.648468	-0.00013347202900000025
480.1498413	0.0010014004069999998	480.763855	0.0022958773768
480.2648621	0.0009324456330000001	480.8792419	0.015445286874
480.3798523	0.0008470399779999995	480.9946289	0.04335837998
480.4948425	0.0009446958431	481.1100159	0.033920493443
480.6098328	0.002642473555	481.2254028	0.012992797187
480.7248535	0.0325576998537	481.3407898	0.006505090276
480.8398743	0.1009746923685	481.4562073	0.004921777169999999
480.954895	0.105762726367	481.5715942	0.0038142218258
481.0699158	0.051451859995	481.6870117	0.0026120616819999996
481.1849365	0.0289962901177	481.8024292	0.00148724672
481.2999573	0.014316983344800001	481.9178467	0.0016038483000000003
481.414978	0.00654456811	482.0332642	0.00188529084
481.5300293	0.0034992942819999998	482.1486816	0.0014811852019999995
481.6450806	0.0023051745669	482.2640991	0.001310787164
481.7601013	0.0019070342536	482.3795471	0.00120590068
481.8751526	0.0015797959059000001	482.4949951	0.0011053584740000001
481.9902039	0.0016107399718999999	482.6104126	0.0013137569765999998
482.1052856	0.0012029796489999999	482.7258606	0.0017289901150000005
482.2203369	0.0011752739374	482.8413086	0.0014213118710000002
482.3353882	0.0010132301395	482.9567871	0.0013965567452899998
482.45047	0.0008627341590000002	483.0722351	0.001229161397
482.5655518	0.0008429312142999999	483.1876831	0.001028640190000001
482.6806335	0.0009724674739999997	483.3031616	0.0012861918680000008
482.7957153	0.0008406070410000001	483.4186401	0.0012845958110000006
482.9107971	0.0006983675989999999	483.5341187	0.0011464088460999998
483.0258789	0.0007941920780000001	483.6495972	0.0009614983600000002
483.1409912	0.0007571757299999998	483.7650757	0.00036847031999999967
483.256073	0.000585449161	483.8805542	0.0009418334800000011
483.3711853	0.0007057831390000001	483.9960327	0.001684186281
483.4862976	0.0008173935934000001	484.1115417	0.0022409018099999994
483.6014099	0.000999515818	484.2270203	0.0017450442499999993
483.7165222	0.0008452875479	484.3425293	0.0012502316390000001
483.8316345	0.0012523087206999998	484.4580383	0.001025761245
483.9467468	0.0012172893039	484.5735474	0.0014688689260000005
484.0618896	0.0010640756226000002	484.6890564	0.0012216726319999992
484.177002	0.0009491262604000001	484.8045959	0.001333845314
484.2921448	0.0009076389578900001	484.920105	0.0005544380979999998
484.4072876	0.0008612265809999999	485.0356445	0.003082003449999999
484.5224304	0.0005463089330000001	485.1511841	0.011023587549999998
484.6375732	0.000723071396	485.2666931	0.012331471782599999
484.7527161	0.000939239632	485.3822327	0.0051802123343
484.8678894	0.0036876104421000003	485.4978027	0.00269220117
484.9830322	0.0192704663538	485.6133423	0.0014608856300000004
485.0982056	0.031069630987	485.7288818	0.0017510912151
485.2133789	0.0179654108379	485.8444519	0.0018192019779999999
485.3285522	0.010088267387	485.9599915	0.001241768711000001
485.4437256	0.0055657255583000005	486.0755615	0.0011030733500000008
485.5588989	0.0028361835280000004	486.1911316	0.0018212447170000002
485.6741028	0.0018662069629	486.3067017	0.0013546142690000016
485.7892761	0.0013811333924000002	486.4222717	0.0037037795420000012
485.90448	0.001325836638	486.5378723	0.008913606399999996
486.0196838	0.0011619063735000001	486.6534424	0.007759279571
486.1348572	0.0012791430855699998	486.769043	0.004120704485
486.250061	0.0019496298628	486.884613	0.0019983020609999997
486.3652954	0.004931471427	487.0002136	0.0023312186899999993
486.4804993	0.0057368776759999995	487.1158142	0.002293762748
486.5957031	0.00358540632059	487.2314148	0.0020396987678
486.7109375	0.0025980694331	487.3470154	0.0012937150899999996
486.8261719	0.0026721367610000003	487.4626465	0.001267126759999999
486.9413757	0.002693402348	487.5782471	0.0016986238190999999
487.0566101	0.0024088943610000003	487.6938782	0.001704864437
487.1718445	0.0018579098391000002	487.8095093	0.001984996719999998
487.2871094	0.0011152764780000004	487.9251404	0.002778262830000001
487.4023438	0.0012048465432	488.0407715	0.005460537033999999
487.5175781	0.001273963833	488.1564026	0.0052528111269999995
487.632843	0.0012591925042	488.2720337	0.016187607309
487.7481079	0.001331251813	488.3876953	0.049964703616
487.8633728	0.0025384963371	488.5033264	0.043223681863999996
487.9786377	0.0036996528064999995	488.618988	0.017022230659
488.0939026	0.017377101818	488.7346497	0.007790335449999998
488.2091675	0.075745736477	488.8503113	0.0042685736000000005
488.3244629	0.1090702255389	488.9659729	0.0031776143004
488.4397278	0.059514953056000006	489.0816345	0.004341908032
488.5550232	0.033901054291999994	489.1972961	0.006379941013999999
488.6703186	0.018376414312000003	489.3129883	0.006915122273
488.785614	0.008680245256999999	489.4286499	0.0053655877129
488.9009094	0.0046767086602000005	489.544342	0.0027190349059999994
489.0162048	0.004693716066	489.6600342	0.002840716394000001
489.1315002	0.007247232716	489.7757263	0.0019452432200000001
489.2468262	0.007654305431	489.8914185	0.0030384575949999994
489.3621216	0.0028779377041200003	490.0071106	0.0016115547619999998
489.4774475	0.0019705551096999997	490.1228333	0.0020904587580000003
489.5927734	0.0017073744679	490.2385254	0.0014406419942000002
489.7080994	0.0018173370040000004	490.354248	0.0015079360460000003
489.8234253	0.0013261269780000002	490.4699707	0.0009335866200000003
489.9387512	0.001211066265	490.5856934	0.0012236312000000003
490.0540771	0.000896058853902	490.701416	0.0019329113422
490.1694336	0.00084283342221	490.8171387	0.00309861206909
490.28479	0.0006938432340000001	490.9328613	0.0017898576300000007
490.400116	0.0007064499223000001	491.048584	0.002500439069999999
490.5154724	0.0014893146585	491.1643372	0.0019803480239999997
490.6308289	0.003047710052	491.2800903	0.0021026628089999997
490.7461853	0.0028782987427	491.3958435	0.0011573014700000002
490.8615723	0.0016273758957	491.5115662	0.0018564062199999997
490.9769287	0.0011127305625	491.6273499	0.001808844506
491.0923157	0.0010735092655	491.743103	0.0015075523410000005
491.2076721	0.0007653210779999999	491.8588562	0.0013941293600000012
491.3230591	0.0009845334570999999	491.9746399	0.0015617324970000003
491.438446	0.0006734620547000001	492.0903931	0.001930169878
491.553833	0.0004480610878	492.2061768	0.0013359752483
491.66922	0.0006147874519999998	492.3219604	0.0018847342579999997
491.7846375	0.0007011463166999999	492.4377441	0.0017912951300000004
491.9000244	0.0006481150630000001	492.5535278	0.00142329721319
492.0154419	0.0007619039966000001	492.6693115	0.0018527277279999999
492.1308594	0.000724490208	492.7850952	0.001380864531
492.2462463	0.0009115774301000001	492.9009094	0.0013587428260000006
492.3616638	0.0007960319060000001	493.0167236	0.0019248421008899999
492.4771118	0.0006369845940000002	493.1325073	0.001735983183
492.5925293	0.00079877262029	493.2483215	0.0015438441200000003
492.7079468	0.0008223777111999999	493.3641357	0.000635958273
492.8233948	0.0006357748647	493.47995	0.0023114339564999998
492.9388123	0.0006663200909	493.5957947	0.0046186580436
493.0542603	0.0005584065810000003	493.7116089	0.005166575780000001
493.1697083	0.000646565808	493.8274536	0.0022937795200000007
493.2851562	0.0011179090939999999	493.9432678	0.0020718812009999994
493.4006042	0.006400258615	494.0591125	0.0014630184156000001
493.5160522	0.01253831407902	494.1749573	0.0011802576479999997
493.6315308	0.009038321936	494.290802	0.0013077664189999998
493.7469788	0.005014895811	494.4066467	0.000956231029
493.8624573	0.0034359436249	494.522522	0.0008179104191000001
493.9779358	0.0019479205953	494.6383667	0.0017347345100000005
494.0934143	0.0012162760830000002	494.7542419	0.0013661602280000001
494.2088928	0.0009727466382999999	494.8700867	0.0017376020550000002
494.3243713	0.0007230610350000002	494.9859619	0.0015344683195
494.4398499	0.0007846287048000002	495.1018372	-1.9905159999999977e-05
494.5553589	0.0008506450108	495.2177124	0.0007281880830000004
494.6708374	0.0007346868520000001	495.3335876	0.0013557065397000003
494.7863464	0.0005211895340000001	495.4494934	0.0012800742698
494.9018555	0.0007447722312	495.5653687	0.0009729559530000003
495.0173645	0.0006857419797000001	495.6812744	0.0005850996900000002
495.1328735	0.0005276601587000001	495.7971497	0.0013547390700000004
495.2483826	0.0006721522659999999	495.9130554	0.002083017488000001
495.3638916	0.0006234530588999999	496.0289612	0.0025147092530000007
495.4794312	0.0006858219274000001	496.1448669	0.00205836725
495.5949402	0.0009077675640000002	496.2607727	0.001979316236
495.7104797	0.00084444019	496.376709	0.000997540425
495.8260193	0.0012166157830000002	496.4926147	0.0010573789399999992
495.9415588	0.0008393322928	496.608551	0.0014749309100000017
496.0570984	0.0010080780044	496.7244873	0.0049459194564
496.1726379	0.0007592735637999999	496.8403931	0.010704290592
496.288208	0.0006999632459999999	496.9563293	0.008395267655
496.4037476	0.00047872648424999997	497.0722961	0.003495305770000002
496.5193176	0.0028904250359000003	497.1882324	0.002038644626
496.6348877	0.011832195795	497.3041687	0.0026648072520000007
496.7504272	0.0169227840369	497.4201355	0.0015874374699999996
496.8659973	0.0097534529636	497.5360718	0.0032318998129999997
496.9815979	0.0056486395190999995	497.6520386	0.0035535390492000005
497.097168	0.0032794766599999995	497.7680054	0.001368844880000001
497.212738	0.002330829157	497.8839722	0.0013717617900000003
497.3283386	0.00332270877	497.999939	0.0007197819600000006
497.4439087	0.0048290336562000005	498.1159058	0.00110326072928
497.5595093	0.002916946309	498.2319031	0.002006764698
497.6751099	0.001950530684	498.3478699	0.0012214665770000003
497.7907104	0.0012276873455999999	498.4638672	0.0012700716039999987
497.906311	0.0009491069647	498.5798645	0.001344406512
498.0219116	0.0007938542407	498.6958313	0.0010541034860000005
498.1375427	0.0008473456260000001	498.8118286	0.0016450583900000024
498.2531433	0.0006175304297	498.9278564	0.001605745871
498.3687744	0.0006849827478	499.0438538	0.0012985017389999997
498.4844055	0.0005785499306899999	499.1598511	0.0012519699954
498.6000366	0.0008147035115	499.2758789	0.002250262536
498.7156677	0.00045449123699999993	499.3918762	0.0014888644220000004
498.8312988	0.0006512684776	499.5079041	0.0019715502860000005
498.9469299	0.0007138530496	499.6239319	0.0010829361272
499.0625916	0.0005288794639999998	499.7399597	0.0009505227199999994
499.1782227	0.0008485342843000001	499.8559875	0.0005592121740000001
499.2938843	0.0007760424629999999	499.9720459	0.0012769487220000001
499.4095459	0.0008181360031	500.0880737	0.0014522435083000002
499.5252075	0.00064196741002	500.2041016	0.0016905628100000007
499.6408691	0.0006812404610000002	500.3201599	0.0016239285399999998
499.7565308	0.000645058229	500.4362183	0.0010567316789999994
499.8721924	0.0007462569049999999	500.5522766	0.0016522027291
499.987854	0.0008417703646000001	500.668335	0.0012009376700000008
500.1035461	0.0007786995268	500.7843933	0.002277200110999999
500.2192383	0.000737835187	500.9004517	0.001151548466
500.3348999	0.0006701986999999999	501.0165405	0.0013099253991999999
500.450592	0.0007284886669999997	501.1325989	0.0032152459099999975
500.5662842	0.0007833917043	501.2486877	0.009723545056
500.6820068	0.000553740887	501.3647766	0.009098584182
500.797699	0.0005707701199999999	501.480835	0.004512434476
500.9133911	0.0018062171875	501.5969238	0.0020220149299999997
501.0291138	0.011339970634	501.7130432	0.001558771355999999
501.1448364	0.023800244555	501.8291321	0.0013202350529
501.2605286	0.0181213967489	501.9452209	0.003488079994
501.3762512	0.009875606161600001	502.0613403	0.006848869849999998
501.4919739	0.00605498174279	502.1774292	0.005394237115999999
501.6077271	0.00349608704	502.2935486	0.0031961613563000002
501.7234497	0.0028445865614	502.409668	0.0016332915693000002
501.8391724	0.007351141540000001	502.5257874	0.0012871548600000005
501.9549255	0.011319349058	502.6419067	0.0008266540199999995
502.0706787	0.0074478905885	502.7580566	0.001097613713
502.1864014	0.004451722139	502.874176	0.0015787882730000004
502.3021545	0.0027910119389999996	502.9902954	0.0018126145050000007
502.4179077	0.0015077160790999999	503.1064453	0.0001860186499999996
502.5336609	0.001003399608	503.2225952	0.0010572672475
502.6494446	0.0007669723119999999	503.3387451	0.0007921187209999998
502.7651978	0.00074010945905	503.454895	0.0012235771860000001
502.8809814	0.000611680444	503.5710449	0.0015877089460000007
502.9967346	0.0005492099154	503.6871948	0.0019754510142
503.1125183	0.000486852834	503.8033752	0.0016514235180000005
503.228302	0.000460115028	503.9195251	0.0006345883019999998
503.3440857	0.0008475059585	504.0357056	0.0004986021699999975
503.4598694	0.0010643136629	504.1518555	0.0008362727099
503.5756836	0.0007144286646	504.2680359	0.0015211690334
503.6914673	0.0006377766840000001	504.3842163	0.0012201843800000011
503.8072815	0.0006619726769999999	504.5003967	0.002022520639999999
503.9230652	0.0005211095559999998	504.6166077	0.0011792890730000002
504.0388794	0.0006849518969999999	504.7327881	0.0016592495081
504.1546936	0.0005767568939999998	504.848999	0.0016753198599999998
504.2705078	0.0007289044297	504.9651794	0.0020671747599999984
504.386322	0.0007910180134	505.0813904	0.002282610047
504.5021667	0.0007834878487999999	505.1976013	0.004426322761
504.617981	0.0009232487641999999	505.3138123	0.003905455116000001
504.7337952	0.0007012712302	505.4300232	0.002750676130000001
504.8496399	0.0009345466824	505.5462341	0.0028180198280000003
504.9654846	0.0013979370710000003	505.6624451	0.0028699717366000004
505.0813293	0.0022615097698999997	505.7786865	0.003687237855
505.1971741	0.0021729600268	505.894928	0.0033464767
505.3130188	0.0014962735589999993	506.0111389	0.0024158442400000002
505.4288635	0.0012862842707000001	506.1273804	0.0020213305541999997
505.5447388	0.001636847854	506.2436218	0.0034542763579999986
505.6605835	0.0021842570864	506.3598633	0.004976678640000001
505.7764587	0.00167874794	506.4761047	0.0074168280690000005
505.892334	0.0014909172898	506.5923767	0.009101381530000001
506.0081787	0.001333923522571	506.7086182	0.006441141478000001
506.124054	0.00190345	506.8248901	0.0033047236500000007
506.2399597	0.0053186264999	506.9411316	0.0022227662852
506.355835	0.015146963535999999	507.0574036	0.0018092058600000004
506.4717102	0.020940189253	507.1736755	0.0019039525650000003
506.587616	0.012077115942	507.2899475	0.00209452957
506.7034912	0.007446571019999999	507.4062195	0.002285471419
506.819397	0.004458805662	507.522522	0.002349055023
506.9353027	0.0028399645673	507.6387939	0.002983034590000001
507.0512085	0.0018537297149999999	507.7550964	0.002471580170000001
507.1671143	0.0013005235230000001	507.8713684	0.0025280155240000003
507.28302	0.001537927659	507.9876709	0.002216624969
507.3989563	0.0017156951652	508.1039734	0.0023466497599999997
507.5148621	0.001841842197	508.2202759	0.0018908167299999997
507.6307983	0.0016702917060000002	508.3365784	0.0018389667390000001
507.7467346	0.0012748697191000001	508.4529114	0.0022779448773
507.8626404	0.0011753256545	508.5692139	0.0020865267200000006
507.9785767	0.0012017193658	508.6855469	0.00214689597
508.0945129	0.0011951035119999998	508.8018494	0.0016563671529000001
508.2104797	0.0010836229779	508.9181824	0.0017267697256000002
508.326416	0.0010221393313	509.0345154	0.002331184222
508.4423523	0.0009729458256	509.1508484	0.002573680598000001
508.5583191	0.0012208610717	509.2671814	0.0028983849329
508.6742859	0.001068365643	509.3835144	0.00317568238833
508.7902527	0.0010418668390000003	509.4998779	0.0023270659100000004
508.9062195	0.0013755615216000001	509.6162109	0.002481918789999999
509.0221863	0.0014584151215	509.7325745	0.0016180466629999999
509.1381531	0.0013006185179999996	509.848938	0.0012314645570000002
509.2541199	0.0019061849304	509.965271	0.0014000693299999999
509.3700867	0.0017989695770000002	510.0816345	0.0015610102499999997
509.486084	0.0015182385101	510.197998	0.0014860988590000004
509.6020813	0.001233351184	510.3143921	0.0017853640020000002
509.7180786	0.0007782957113	510.4307556	0.0016126632700000018
509.8340454	0.0010371483518	510.5471497	0.0016966089649999988
509.9500427	0.0009197460019999999	510.6635132	0.0015826225280000006
510.0660706	0.0008697128215	510.7799072	0.0018589587999
510.1820679	0.0008448563606	510.8963013	0.001190744340000001
510.2980652	0.0007885613009999998	511.0126953	0.0016060685799999998
510.414093	0.0006724714770000003	511.1290894	0.001155076549
510.5300903	0.0005234853597	511.2454834	0.001513262745
510.6461182	0.0007132029859	511.3618774	0.00067210849
510.762146	0.0006809281189999999	511.478302	0.000757930799999999
510.8781738	0.00067294410469	511.594696	0.0014214316029999999
510.9942017	0.0007133244069999997	511.7111206	0.0005432767790000004
511.1102295	0.0006571568079999997	511.8275452	0.0012176320889999998
511.2262878	0.00071831989774	511.9439392	0.00143598952
511.3423157	0.0009252812599	512.0603638	0.001996976329999999
511.458374	0.0005816656627000001	512.1768188	0.0030297785413
511.5744324	0.00065940454078	512.2932129	0.002596504058
511.6904602	0.0005922128147799999	512.409668	0.0018530264499999997
511.8065186	0.0007767902575000001	512.526123	0.0012395069930000004
511.9225769	0.0009669783029999999	512.6425781	0.0014978297989
512.0386353	0.001291364547	512.7590332	0.0016505299100000002
512.1547241	0.0014583102022	512.8754272	0.0017766002529999991
512.270813	0.0012532454670599999	512.9918823	0.0018990957179999997
512.3868408	0.00087141999756	513.1083374	0.0017033678019999997
512.5029297	0.00063813699	513.2248535	0.0015063481400000005
512.6190186	0.00110710001159	513.3413086	0.0012982101180000006
512.7351074	0.00107634585227	513.4577637	0.00186361601695
512.8511963	0.0012104270280000001	513.5742188	0.00155090529
512.9672852	0.001040376723	513.6907349	0.0013367980799999998
513.083374	0.0010245688318	513.8071899	0.0016014454930000002
513.1995239	0.0009365319280000002	513.923645	0.001428326825
513.3156128	0.000713512301	514.0401611	0.0013695333619999999
513.4317017	0.0008669634113	514.1566772	0.0017392057919999992
513.5478516	0.0008988816404000001	514.2731323	0.001766078176
513.6639404	0.0006684741239	514.3896484	0.0022750029458999997
513.7800903	0.0008976114913999999	514.5061646	0.004105449649
513.8961792	0.0008035213687	514.6226807	0.003963198519999999
514.0123291	0.0008688580126	514.7391357	0.003046785485
514.128418	0.0009842813598	514.8556519	0.005485414761
514.2445679	0.0019429335380000004	514.972168	0.0057334408045
514.3607178	0.005434844176999999	515.0886841	0.0032218038100000007
514.4768677	0.0071356704068300005	515.2052612	0.0029300530430000004
514.5930176	0.006064261018500001	515.3217773	0.002884302754
514.7091675	0.011097955282	515.4382935	0.005475030397
514.8253174	0.0134954519998	515.5548096	0.00850710459
514.9414673	0.007849885384	515.6713867	0.00522733014
515.0576172	0.004671805829399999	515.7879028	0.0041220078713000005
515.1737671	0.0033777131467	515.9044189	0.0025486503141999997
515.289917	0.0041972953766	516.0209961	0.0019400166349999998
515.4061279	0.0049632323204999995	516.1375732	0.0019155009650000006
515.5222778	0.003537939978	516.2540894	0.0009957192230000001
515.6384888	0.002158127609	516.3706665	0.0021642671198
515.7546387	0.0017969943582000002	516.4872437	0.008210186849999999
515.8708496	0.001165812486	516.6037598	0.018822089769999998
515.9869995	0.0010793727702199999	516.7203369	0.016384444433
516.1032104	0.0008983503209000001	516.8369141	0.0081673404781
516.2194214	0.0008840074299999996	516.9534912	0.004197931847
516.3355713	0.0041462566591	517.0700684	0.002249279063000001
516.4517822	0.0101685490351	517.1866455	0.00233135093
516.5679932	0.00970328297	517.3032837	0.001248492859
516.6842041	0.0057341792559	517.4198608	0.001552899370000001
516.800415	0.0038424743110000003	517.536438	0.0011552749199999993
516.916626	0.0027822619301	517.6530762	0.0011782904618999998
517.0328369	0.0019748098852000002	517.7696533	0.001553872833
517.1491089	0.00134214228413	517.8862305	0.0012936172999999992
517.2653198	0.0010018636826	518.0028687	0.0025704223599999996
517.3815308	0.0007753514220000001	518.1194458	0.002684792504
517.4978027	0.0007671692879	518.236084	0.001977993641
517.6140137	0.000842252513	518.3527222	0.0021438254040000004
517.7302856	0.000789520214	518.4693604	0.001368944530000001
517.8464966	0.0014775821469999997	518.5859375	0.00147768722677
517.9627686	0.0019264276490999997	518.7025757	0.0012624626980000005
518.0789795	0.0016132136800000002	518.8192139	0.0013859746899999997
518.1952515	0.0011992138457999999	518.9358521	0.002188682552999999
518.3115234	0.0009988853856	519.0524902	0.010556180966
518.4277954	0.000556164887	519.1691284	0.0245857571133
518.5440674	0.0007124929111	519.2858276	0.018905672249999998
518.6603394	0.000756734283	519.4024658	0.008931255896
518.7766113	0.0009647405823000001	519.519104	0.004704190069
518.8928833	0.005260329694	519.6357422	0.0029891228770000003
519.0091553	0.012020831108	519.7524414	0.0017150593919999998
519.1254272	0.0066708626688	519.8690796	0.0014805680840000001
519.2416992	0.004459459101000001	519.9857788	0.0013220431279999997
519.3580322	0.0030376966464	520.102417	0.0013105710959999996
519.4743042	0.00212975635447	520.2191162	0.0015358459200000008
519.5906372	0.0013504502712999998	520.3358154	0.0012043518949999997
519.7069092	0.0010581141110000002	520.4524536	0.0011891628968999997
519.8232422	0.0008462228147	520.5691528	0.0005567949270000004
519.9395142	0.0007284994930000001	520.6858521	0.0014337934500000017
520.0558472	0.0006926060884000001	520.8025513	0.0009801145649999997
520.1721802	0.000423134305	520.9192505	0.0007905284873999999
520.2884521	0.0006274792831	521.0359497	0.0016035086010000002
520.4047852	0.000767214224	521.1526489	0.0011195270400000002
520.5211182	0.0005532476355000002	521.2693481	0.001062322408
520.6374512	0.00044898810299	521.3860474	0.0024972546966999997
520.7537842	0.00028553698199999984	521.5028076	0.0013715419920000008
520.8701172	0.000573332538	521.6195068	0.0008377898499999994
520.9864502	0.00064259781357	521.7362061	0.001919733826000001
521.1027832	0.0008998921257000001	521.8529663	0.0018134507697
521.2191772	0.0008358252240000001	521.9696655	0.001916006207
521.3355103	0.0010469148401	522.0864258	0.002017091494
521.4518433	0.0008412288008	522.203125	0.0018893696254000001
521.5682373	0.0009674274188	522.3198853	0.0060352192379
521.6845703	0.0012999086466	522.4366455	0.011184270492000001
521.8009644	0.0011093280337	522.5534058	0.007665534974
521.9172974	0.0009790268955000001	522.670105	0.00477512728
522.0336914	0.0010120583459999998	522.7868652	0.0024537201969999996
522.1500854	0.002939186059	522.9036255	0.0016641160499999991
522.2664185	0.0053004945514999995	523.0203857	0.0016609763259999998
522.3828125	0.004741238081	523.137146	0.0011747616810000002
522.4992065	0.00308457436	523.2539062	0.0019612117323
522.6156006	0.00208055356	523.3707275	0.0019413540100000001
522.7319946	0.0013951575966	523.4874878	0.0011105034499999996
522.8483887	0.0009676754700000002	523.604248	0.0012489093939999998
522.9647827	0.0008129697527	523.7210083	0.0004852814600000005
523.0811768	0.0008249215314000001	523.8378296	0.0014761341729999993
523.1976318	0.00047399592500000027	523.9545898	0.0011932673000000001
523.3140259	0.0005230039824000001	524.0714111	0.00116176494355
523.4304199	0.000497996341	524.1881714	0.0014225475020000003
523.546875	0.0006820357812	524.3049927	0.0014511421400000002
523.663269	0.0007405384531	524.421814	0.0020630797399999994
523.7797241	0.0005898249216	524.5385742	0.0020657198333
523.8961182	0.0007617131340000001	524.6553955	0.0014215498229999996
524.0125732	0.0006562602359	524.7722168	0.0014446098300000005
524.1289673	0.000691163819	524.8890381	0.0013620275959999994
524.2454224	0.0009843955049	525.0058594	0.0015557022413
524.3618774	0.001047097845	525.1226807	0.001434159582
524.4783325	0.0005775028840000001	525.239502	0.0013709398909999993
524.5947876	0.0007953863821	525.3563232	0.0010487893600000017
524.7112427	0.0007868168764000001	525.4731445	0.0036164505868999997
524.8276978	0.00093955566258	525.5900269	0.0071976574251
524.9441528	0.000811953214	525.7068481	0.005838315940000002
525.0606079	0.000712111127	525.8236694	0.004744120880000001
525.177063	0.0008684120256999999	525.9405518	0.0027400238613
525.2935181	0.0015654772868	526.057373	0.0023337280438
525.4100342	0.003072250402	526.1742554	0.0019426867399999995
525.5264893	0.0033919884883	526.2910767	0.0012055467819999995
525.6429443	0.002601493965	526.407959	0.0018835167870000001
525.7594604	0.0018693867599999998	526.5248413	0.000871773809
525.8759155	0.0014015866323	526.6417236	0.0015396065970000004
525.9924316	0.0011779768390000002	526.7585449	0.00150019396
526.1089478	0.0007225985180000002	526.8754272	0.00154775826333
526.2254028	0.0008010835445	526.9923096	0.001154602506
526.3419189	0.0006836764510000002	527.1091919	0.0013599982499999993
526.4584351	0.0005856275675	527.2260742	0.0013810186649999999
526.5749512	0.00047581258699999976	527.3429565	0.0007361698076999999
526.6914673	0.0005541173744000001	527.4598389	0.0010900752966999999
526.8079834	0.00069865333352	527.5767822	0.001227056609999999
526.9244995	0.0007731798109999999	527.6936646	0.001918302383
527.0410156	0.0008643490144999999	527.8105469	0.0012293790347
527.1575317	0.0004914179439999998	527.9274902	0.0015744667621
527.2740479	0.00041414680889999994	528.0443726	0.001095117536
527.390564	0.0006397989925000001	528.1613159	0.0010650083499999987
527.5071411	0.0006002587615	528.2781982	-0.001699160319
527.6236572	0.00039690616500000003	528.3951416	0.0019743658483
527.7401733	0.0005777990450000002	528.5120239	0.0009324829999999996
527.8567505	0.000634433004	528.6289673	0.0011651492680000005
527.9732666	0.0006968803061999999	528.7459106	0.0009545243815
528.0898438	0.00068116602779	528.862854	0.0017324704699999988
528.2064209	0.0008498611278	528.9797974	0.0017246948600000006
528.322937	0.0011853131581999999	529.0966797	0.001582399009999999
528.4395142	0.0007588661391	529.213623	0.0013800411250000002
528.5560913	0.000678773009	529.3306274	0.001147942152000001
528.6726685	0.0009736985669000001	529.4475708	0.0006439657899999993
528.7892456	0.0014247658546	529.5645142	0.0013135974300000006
528.9058228	0.0009085459159999998	529.6814575	0.0012955319253
529.0223999	0.0010405206130000002	529.7984009	0.0013233509380000002
529.1389771	0.0010299638965000002	529.9154053	0.00146971085
529.2555542	0.0007143774999999997	530.0323486	0.0005646785720000002
529.3721313	0.0007710533099000001	530.149292	0.0008180823644999999
529.4887085	0.0006858890420000001	530.2662964	0.0013652982880000002
529.6053467	0.0005607896891999999	530.3832397	0.0012155007600000017
529.7219238	0.0006492534739899999	530.5002441	0.0007889531509999992
529.838562	0.0006903885517999999	530.6172485	0.0003615439637
529.9551392	0.000571945835	530.7341919	0.0010266066529999998
530.0717773	0.0007374830310999999	530.8511963	0.00181084592
530.1883545	0.00084364883151	530.9682007	0.001479034778
530.3049927	0.00049307663	531.0852051	0.000967678147999999
530.4216309	0.0005318668264000001	531.2022095	0.0016441876070000007
530.538208	0.00039409845999999974	531.3192139	0.0012205727399999984
530.6548462	0.0005033851630000001	531.4362183	0.0016024746000000006
530.7714844	0.00048182714815999994	531.5532227	0.001241502817
530.8881226	0.0005451538599999999	531.6702271	0.0012094928534
531.0047607	0.000748721548	531.7872314	0.0011643888499999998
531.1213989	0.0008256370209999996	531.9042969	0.0015098918199999995
531.2380371	0.0008179903958	532.0213013	0.0010870128026
531.3546753	0.0008258972229	532.1383057	0.0021846636670000003
531.4713135	0.00076678046	532.2553711	0.001752820799999999
531.5880127	0.0005955738012000001	532.3723755	0.0018382454300000014
531.7046509	0.0006226106779	532.4894409	0.001633682405
531.8212891	0.00060699624	532.6064453	0.0015218793419999998
531.9379883	0.0007018396864	532.7235107	0.0011096252099999995
532.0546265	0.0008071897319000001	532.8405762	0.0015201680399999987
532.1713257	0.0007064030510000002	532.9575806	0.00117005859614
532.2879639	0.0007155445640000002	533.074646	0.0010585175769
532.4046631	0.0006404782175000001	533.1917114	0.001015702260000001
532.5213623	0.0008692422420000004	533.3087769	0.0014810524900000024
532.6380005	0.000451433006	533.4258423	0.0016866271908999998
532.7546997	0.00032769748899999984	533.5429077	0.0011529533661
532.8713989	0.000557202147	533.6599731	0.0017676157899999996
532.9880981	0.0005833008329999998	533.7770386	0.0017212797000000016
533.1047974	0.00078539826424	533.894104	0.0011491053740000003
533.2214966	0.0008914419451999998	534.0112305	0.0014678523880000006
533.3381958	0.0009620625061	534.1282959	0.0016147429130000004
533.454895	0.0007031465648	534.2453613	0.00165630877
533.5715942	0.0008191158999999999	534.3624878	0.001319612959
533.6883545	0.000673330796	534.4795532	0.0015416815869999994
533.8050537	0.0006362167184999999	534.5966797	0.001170459669
533.9217529	0.0007945413236	534.7137451	0.001328861340000001
534.0385132	0.0006557744930000002	534.8308716	0.0012486041528
534.1552124	0.0006899788277	534.947998	0.0018259983039999998
534.2719727	0.0007081603398	535.0650635	0.0020227329800000006
534.3886719	0.0007539178192000002	535.1821899	0.0014875829199999992
534.5054321	0.0004831529732	535.2993164	0.0013990704899999999
534.6221924	0.0008912225894999999	535.4164429	0.0015660496286
534.7388916	0.0009920562155	535.5335693	0.0015390003099999983
534.8556519	0.0009516098069999998	535.6506958	0.0015878006799999976
534.9724121	0.0009842094729999998	535.7678223	0.0017495607020000005
535.0891724	0.001019117888	535.8849487	0.0012598594189999997
535.2059326	0.0008083277494	536.0020752	0.0016327183699999994
535.3226929	0.0009105958739999997	536.1192017	0.0017275428400000004
535.4394531	0.001034658766	536.2363892	0.00167117943
535.5562134	0.0007952209559999998	536.3535156	0.0020323259530000003
535.6729736	0.0008647101932	536.4706421	0.0016975612380000001
535.7897339	0.0008351915749999998	536.5878296	0.00144352484
535.9065552	0.0009572558339	536.7049561	0.001883018762
536.0233154	0.0008758812038	536.8221436	0.002050762297
536.1400757	0.0008166427730000002	536.93927	0.0012533478499999993
536.256897	0.000909258495	537.0564575	0.002505963659999999
536.3736572	0.0007702532459999999	537.173645	0.0011004125700000006
536.4904785	0.0009387831669999999	537.2908325	0.0013111520090000003
536.6072388	0.000863036257	537.407959	0.001386418934000001
536.7240601	0.00082304990425	537.5251465	0.0023196982219999994
536.8408813	0.0010136144701	537.642334	0.005876559356699999
536.9576416	0.000596560887	537.7595215	0.0030337395150000007
537.0744629	0.0006520644965	537.876709	0.002065089065
537.1912842	0.0008588334459	537.9938965	0.0013319645099999985
537.3081055	0.0008285932710000001	538.111084	0.0015874817039999998
537.4249268	0.0012623144428	538.2283325	0.001187292859
537.541748	0.00164629193	538.34552	0.0016263755969999991
537.6585693	0.0014029847225	538.4627075	0.0012190043900000003
537.7753906	0.0012513386027	538.579895	0.001337067224
537.8922119	0.000856703031	538.6971436	0.0010325335900000002
538.0090942	0.0007582507099999998	538.8143311	0.0014071082700000005
538.1259155	0.0007004672660000004	538.9315796	0.0010598041099999997
538.2427368	0.0006141829217	539.0487671	0.001036371104
538.3596191	0.0005988731283	539.1660156	0.0016462791534999999
538.4764404	0.0007221193513999999	539.2832642	0.0014877701099999998
538.5933228	0.0007427514064999999	539.4004517	0.002388023770000001
538.710144	0.0007153924080000001	539.5177002	0.0020106355659999997
538.8270264	0.0005447259168	539.6349487	0.002101474907
538.9439087	0.0007114184549999998	539.7521973	0.001989559279999999
539.06073	0.0009189952543	539.8694458	0.002383566464
539.1776123	0.0008105192974	539.9866943	0.00120506878
539.2944946	0.0007512990850000001	540.1039429	0.001155171543
539.411377	0.0007684645822	540.2211914	0.0015293089599999997
539.5282593	0.0010896865281	540.3384399	0.0013953531199999997
539.6451416	0.00097945940027	540.4556885	0.0016593327305
539.7620239	0.0010368167423000002	540.572937	0.0015040189029999996
539.8789062	0.0012556312136	540.6902466	0.0015372638590000001
539.9957886	0.0009508919899999999	540.8074951	0.0010770685040000002
540.1126709	0.0008995910175000001	540.9248047	0.0018089399679999995
540.2295532	0.000930231995	541.0420532	0.0017777155150000001
540.3464966	0.000865648559	541.1593628	0.0013325642800000002
540.4633789	0.000949887094	541.2766113	0.0017419215299999992
540.5802612	0.00074404967	541.3939209	0.003674376988
540.6972046	0.0006113250280000001	541.5111694	0.0026692499235999997
540.8140869	0.0008152143417999998	541.628479	0.0025403201600000015
540.9310303	0.00092712235712	541.7457886	0.0018906299950000004
541.0479736	0.0010283092269999998	541.8630981	0.0018674544990000003
541.164856	0.0015973967966000002	541.9804077	0.0012446297335
541.2817993	0.001985089039	542.0976562	0.00141455792
541.3987427	0.001425381285	542.2149658	0.001522881910000001
541.515686	0.0013696018143	542.3323364	0.003684078343
541.6325684	0.0011787838309999998	542.449646	0.0077223172702
541.7495117	0.0010863597563	542.5669556	0.008304611781
541.8664551	0.00082497873523	542.6842651	0.00497311726
541.9833984	0.0007925279791999998	542.8015747	0.00306313415
542.1004028	0.00100394964444	542.9188843	0.0022071693089999998
542.2173462	0.0022671904880000003	543.0362549	0.00171814673
542.3342896	0.004529313912	543.1535645	0.0016163531700000011
542.4512329	0.00378129608	543.2709351	0.0021551590761000002
542.5681763	0.0025786606423	543.3882446	0.0014748438260000002
542.6851807	0.001926732016	543.5056152	0.0017704740099999984
542.802124	0.00147874793	543.6229248	0.001423671839999998
542.9191284	0.0011773040171999998	543.7402954	0.0016313958909999994
543.0360718	0.0010717060651	543.857666	0.0015172837297
543.1530762	0.0011024191050000001	543.9750366	0.001499646339999999
543.2700195	0.0008144651070000003	544.0923462	0.001411490139999999
543.3870239	0.0008054708014	544.2097168	0.0020598072438
543.5040283	0.000739701907	544.3270874	0.004289619333899999
543.6209717	0.0006317473019999999	544.444458	0.004926261031
543.7379761	0.0007746964689999999	544.5618286	0.004873908127999999
543.8549805	0.0010343489286100001	544.6791992	0.005097703542
543.9719849	0.000966475228	544.7965698	0.003696655505
544.0889893	0.0015844397126	544.9140015	0.0017281901099999997
544.2059937	0.0027516871929999997	545.0313721	0.0016018338500000014
544.322998	0.0029774340803	545.1487427	0.002202630276
544.4400024	0.003021524055	545.2661133	0.0024180172767
544.5570068	0.0032590433254	545.3835449	0.006526153532000001
544.6740723	0.0023973112696	545.5009155	0.014579697510000001
544.7910767	0.0015455280664	545.6183472	0.013074120041
544.9080811	0.0013890424453	545.7357178	0.009031096706
545.0251465	0.0011082403360000003	545.8531494	0.005345334299999999
545.1421509	0.001403617789	545.9705811	0.004976194348
545.2592163	0.004645633977	546.0879517	0.006321043882200001
545.3762207	0.009349024857	546.2053833	0.005125043448
545.4932861	0.008066584824	546.3228149	0.004399700089999998
545.6102905	0.0051021842812	546.4402466	0.002888917930000002
545.727356	0.004052866366	546.5576782	0.002324364381
545.8444214	0.0034293540373	546.6750488	0.0019946016830000002
545.9614868	0.003891606815	546.7924805	0.0020015966200000006
546.0785522	0.003187041962	546.9099731	0.002117204480000001
546.1956177	0.002402246348	547.0274048	0.0027052715890000002
546.3126221	0.0017821619990000001	547.1448364	0.0026889858999999995
546.4296875	0.0014340683703	547.2622681	0.002858801749999999
546.546814	0.001086930278	547.3796997	0.002137930139999999
546.6638794	0.0008894588100000001	547.4971924	0.001604203601
546.7809448	0.0010638142414	547.614624	0.003628204344
546.8980103	0.0014482314875	547.7320557	0.002847322269999999
547.0150757	0.0016703043072	547.8495483	0.003124704580000002
547.1322021	0.0013340241855	547.96698	0.0025778377315999997
547.2492676	0.0013612382169	548.0844727	0.0022954293983
547.366333	0.0012131221589999999	548.2019653	0.001643636260000001
547.4834595	0.0016374322590000006	548.319397	0.0009953007100000008
547.6005249	0.0021824752626	548.4368896	0.0015112557450000005
547.7176514	0.0018275463949999995	548.5543823	0.001959676854
547.8347778	0.0013140595106	548.671875	0.0015114070899999998
547.9518433	0.0012581576736	548.7893066	0.0013494081800000009
548.0689697	0.0010529537977	548.9067993	0.0013361502206
548.1860962	0.0009404014564	549.024292	0.0019383034669999996
548.3032227	0.0008539870032	549.1417847	0.0030351513990000004
548.4203491	0.0008205553162999999	549.2592773	0.0021075867100000013
548.5374146	0.0008975833725	549.3768311	0.0023657085258
548.654541	0.0009644455861000001	549.4943237	0.002991780639
548.7716675	0.0008883645638	549.6118164	0.00262218994
548.888855	0.00084224157	549.7293091	0.016268547389
549.0059814	0.0011778646876	549.8468628	0.032684118773500005
549.1231079	0.0012483667815	549.9643555	0.026414112190000005
549.2402344	0.0015463143940000002	550.0818481	0.01749331691
549.3573608	0.0013385099592	550.1994019	0.009622668615
549.4745483	0.0026024276156000003	550.3168945	0.006286511547
549.5916748	0.011113655400700001	550.4344482	0.004043436609999999
549.7088623	0.0209435188439	550.552002	0.002748340359999997
549.8259888	0.016988316317	550.6694946	0.00326709980118
549.9431763	0.0109173775445	550.7870483	0.006960079772
550.0603027	0.00753770275297	550.9046021	0.008487207819999999
550.1774902	0.0051601290469	551.0221558	0.006059736950000002
550.2946167	0.003321568714	551.1397095	0.004667746830000001
550.4118042	0.002251530066	551.2572021	0.003274489195
550.5289917	0.002317892911	551.3747559	0.0028430502859999995
550.6461792	0.0042223559	551.4923096	0.00216563046
550.7633667	0.005667215679	551.6099243	0.0019499645570000002
550.8805542	0.004230889375	551.727478	0.0024966860649999994
550.9977417	0.002931786934	551.8450317	0.0018199384209999989
551.1149292	0.002476518101	551.9625854	0.0019828518900000015
551.2321167	0.00167332153405	552.0801392	0.0022250618789
551.3493042	0.001308492792	552.1977539	0.0021374525965
551.4664917	0.0011942835992	552.3153076	0.0017623649949999997
551.5836792	0.0010102865637	552.4329224	0.00144802965
551.7009277	0.00097656055	552.5504761	0.0017873160540000013
551.8181152	0.0010357815769999994	552.6680908	0.00368598360397
551.9353027	0.0009057304705000001	552.7856445	0.004000008109999998
552.0525513	0.0008121654389999999	552.9032593	0.0038474956599999985
552.1697388	0.0010065145324	553.020813	0.00289554568
552.2869873	0.0008730604893000001	553.1384277	0.0025468878479999995
552.4041748	0.000963248895	553.2560425	0.00263244193
552.5214233	0.0018795195499999996	553.3736572	0.002052787688000001
552.6386719	0.0031775694808	553.491272	0.0021273305170000003
552.7559204	0.0026773217828	553.6088867	0.0024573673725
552.8731079	0.00186058202946	553.7265015	0.0020693168099999992
552.9903564	0.0016024347859999997	553.8441162	0.0023796185900000003
553.107605	0.0015011987419999999	553.961731	0.00210619997
553.2248535	0.0011475861064900001	554.0793457	0.0009545374199999997
553.3421021	0.0011148449265000002	554.1969604	0.0019483855000000001
553.4593506	0.001024428464	554.3145752	0.0014100419360000005
553.5765991	0.0012717570645	554.432251	0.002059823831999999
553.6938477	0.0012660210782	554.5498657	0.0013825313659999998
553.8110962	0.0011735283769999999	554.6674805	0.0014141779399999988
553.9284058	0.00101983111381	554.7851562	0.0018802220000000008
554.0456543	0.0009527271033999999	554.902771	0.001771379029
554.1629028	0.001180384774	555.0204468	0.001190521755
554.2802124	0.000897206599	555.1380615	0.001315690575999999
554.3974609	0.0006862403830000001	555.2557373	0.0016673719500000014
554.5147705	0.0010022991342	555.3734131	0.001869313420000001
554.632019	0.0008218484873000001	555.4910278	0.0009470731020000001
554.7493286	0.0008508737669999998	555.6087036	0.0024045025899999996
554.8665771	0.0008749031696999999	555.7263794	0.0018736831800000003
554.9838867	0.000716292299	555.8440552	0.0019686608579999997
555.1011963	0.001009929591	555.961731	0.0068816425050000005
555.2185059	0.0008483908313999999	556.0794067	0.02826872654
555.3357544	0.0009371195341999999	556.1970825	0.03752196813
555.453064	0.0010462528734999999	556.3147583	0.027381628749999998
555.5703735	0.0011664407790000003	556.4324341	0.019332147438000002
555.6876831	0.0010849589009999999	556.5501099	0.010127930899999998
555.8049927	0.004285548697	556.6677856	0.00633071736
555.9223022	0.017077380446	556.7854614	0.0038904500547
556.0396118	0.027628418986200002	556.9031982	0.0027575129640000006
556.1569824	0.020520847988	557.020874	0.0021454310039999997
556.274292	0.013154678107900001	557.1386108	0.001468053090000001
556.3916016	0.00856015551432	557.2562866	0.0016006729570000001
556.5089111	0.0058339312093	557.3740234	0.005049357656000001
556.6262817	0.00382233709217	557.4916992	0.012744505888000001
556.7435913	0.002323967172	557.609436	0.013319663708
556.8609619	0.0012623663057	557.7271118	0.009695533604800001
556.9782715	0.0013112537559999997	557.8448486	0.0064181836789999995
557.0956421	0.001121372101	557.9625854	0.004181562927000001
557.2129517	0.0027838617679	558.0803223	0.0026670880599999995
557.3303223	0.007451203536	558.197998	0.0020477954529999997
557.4476929	0.009613015456	558.3157349	0.0022515896710000004
557.5650024	0.006862152775600001	558.4334717	0.002523989419999999
557.682373	0.004458424170000001	558.5512085	0.002182587980000001
557.7997437	0.003434064332	558.6689453	0.001990938792
557.9171143	0.0024834604699999997	558.7866821	0.0018793329370000002
558.0344849	0.0019283576108999998	558.9044189	0.0017866110430000007
558.1518555	0.0017558450339999997	559.0222168	0.002537367869999998
558.2692261	0.0015150806580000002	559.1399536	0.003283575179999998
558.3865967	0.0013683537404	559.2576904	0.003322863719
558.5039673	0.001185475499	559.3754883	0.0017846589900000001
558.6213379	0.0009558207817	559.4932251	0.0019534472399999996
558.7387695	0.0009513051262	559.6109619	0.0019248893365000001
558.8561401	0.0012419682903	559.7287598	0.0014018135259899998
558.9735107	0.0020244988262	559.8464966	0.0014586066850000006
559.0909424	0.002198810223	559.9642944	0.002832975239
559.208313	0.0017424119869999999	560.0820923	0.0040307176537
559.3257446	0.00101296167076	560.1998291	0.003803609987
559.4431152	0.0010958098573	560.317627	0.003896096719999999
559.5605469	0.0009005286555999999	560.4354248	0.0039662495299999986
559.6779175	0.0006890757939999998	560.5531616	0.003525649314
559.7953491	0.0016875788569	560.6709595	0.00307712215
559.9127808	0.0022874137507	560.7887573	0.009310583590000001
560.0301514	0.002131900284	560.9065552	0.03449002002
560.147583	0.0023612471195	561.024353	0.038485296998000004
560.2650146	0.0024113883843000002	561.1421509	0.026858955623
560.3824463	0.0020860951044	561.2599487	0.018686996777000003
560.4998779	0.0019787091296	561.3777466	0.011272694920000001
560.6173096	0.0048179241129999995	561.4956055	0.006075009707999999
560.7347412	0.018492922075	561.6134033	0.003973699058
560.8521729	0.0298031531825	561.7312012	0.0025082845299999983
560.9696045	0.0225988818553	561.8490601	0.0019254237400000013
561.0870361	0.014248455871	561.9668579	0.0019124434329999998
561.2045288	0.009479283006	562.0846558	0.0032339459871
561.3219604	0.006421918283	562.2025146	0.0026059141400000003
561.4393921	0.00407838379	562.3203125	0.0027123391699999996
561.5568848	0.0022360951987	562.4381714	0.002418599558
561.6743164	0.00167824491	562.5560303	0.00252731191
561.7918091	0.0013504379899999999	562.6738281	0.0032234368840000005
561.9092407	0.0016517527402	562.791687	0.0022362889709999986
562.0267334	0.0017696043940000003	562.9095459	0.0016465811050000003
562.144165	0.0018259852660000003	563.0273438	0.0017469716254
562.2616577	0.0018350083843	563.1452026	0.001342053519999999
562.3791504	0.0014481105609999998	563.2630615	0.0010294113300000005
562.4966431	0.0014466318540000001	563.3809204	0.0013593388730000003
562.6140747	0.001534066454	563.4987793	0.0009407818725
562.7315674	0.00112315944685	563.6166382	0.0014124242599999996
562.8490601	0.0010171155737	563.7344971	0.001702182
562.9665527	0.0007267282342	563.852356	0.0025921305639999997
563.0840454	0.0008559789275000001	563.9702759	0.002489845269999999
563.2015381	0.0007258285114	564.0881348	0.002572915983000001
563.3190308	0.0007674041845	564.2059937	0.0027492186039999988
563.4365234	0.0005239774472999999	564.3239136	0.0026030833829999997
563.5540771	0.0008227981161000001	564.4417725	0.0031296447564
563.6715698	0.0013114656320999999	564.5596313	0.00276256259
563.7890625	0.0015859492120000001	564.6775513	0.0016404828059999998
563.9066162	0.0013172734036	564.7954102	0.0014366153043999998
564.0241089	0.0015500490550999998	564.9133301	0.001003235112
564.1416016	0.0016945745446999999	565.031189	0.0023633185700000017
564.2591553	0.0015829518382	565.1491089	0.00471402984
564.3766479	0.0016561517985	565.2670288	0.013131187297
564.4942017	0.0011444731356	565.3849487	0.021072556612
564.6117554	0.0010042712090000002	565.5028076	0.016485312023
564.729248	0.00088438997	565.6207275	0.011796298439999998
564.8468018	0.0010581200480000003	565.7386475	0.007792868423
564.9643555	0.0020313054554	565.8565674	0.004405432032
565.0818481	0.006272503291	565.9744873	0.0029370700919999996
565.1994019	0.013407715714999999	566.0924072	0.003323704008
565.3169556	0.014073909497	566.2103271	0.0045773497551
565.4345093	0.0096509261054	566.3282471	0.003768663388
565.552063	0.0060403279499999995	566.446167	0.003562570549999998
565.6696167	0.0042119072169000005	566.5641479	0.0023415945469999998
565.7871704	0.0027817056398	566.6820679	0.0020505306309999997
565.9047241	0.0021042516455000004	566.7999878	0.0016183007391
566.0223389	0.0025501641797999997	566.9179688	0.002037171273
566.1398926	0.0024933648519999997	567.0358887	0.0015614414590000006
566.2574463	0.0018238339546000001	567.1538086	0.0023797846229
566.375	0.0014687570510999999	567.2717896	0.0015234376769999998
566.4926147	0.00135750231833	567.3897095	0.001855852083
566.6101685	0.00123500372826	567.5076904	0.0019018282180000004
566.7277832	0.0009262057718	567.6256714	0.0018900432915
566.8453369	0.00098599820195	567.7435913	0.0016035261799999998
566.9629517	0.0010472892320000002	567.8615723	0.002680821347
567.0805054	0.0007745084513	567.9795532	0.0022542383470000003
567.1981201	0.0007511334261	568.0975342	0.0015923329630000002
567.3157349	0.0009547937077	568.2155151	0.0017298011810000001
567.4332886	0.0010029458792	568.3334351	0.00274298154
567.5509033	0.0010503695812	568.451416	0.00446725077
567.6685181	0.0010791267268	568.569397	0.004261421739
567.7861328	0.0009539576709999998	568.6873779	0.00383522641
567.9037476	0.0009208339029999999	568.8054199	0.00350608304
568.0213623	0.0008885761203000001	568.9234009	0.003084264700000002
568.1389771	0.0012065881746999999	569.0413818	0.005121715368
568.2565918	0.0019687926685	569.1593628	0.0030759568323
568.3742065	0.0029706063509000002	569.2773438	0.004444817085
568.4918213	0.0027965627955000003	569.3953857	0.004555406039999998
568.609436	0.0021356632933	569.5133667	0.0038644653106999997
568.7270508	0.0019146002598000001	569.6313477	0.002417110605
568.8447266	0.0013940413558	569.7493896	0.0025896541799999995
568.9623413	0.0015228919219999995	569.8673706	0.0018917145199999989
569.0799561	0.0024380984546	569.9854126	0.0016628048029000003
569.1976318	0.0030889352780000003	570.1034546	0.001880803611
569.3152466	0.0024628133686	570.2214355	0.0013360567390000005
569.4329224	0.001854245784	570.3394775	0.002701172140999999
569.5505371	0.0014057259540000001	570.4575195	0.0024851851049
569.6682129	0.0013659015530000003	570.5755005	0.0020389244890000003
569.7858887	0.0010886724701	570.6935425	0.001979775730000001
569.9035034	0.0009784540160000003	570.8115845	0.001779295504
570.0211792	0.000915200741	570.9296265	0.0015737938230000002
570.138855	0.0010803180628	571.0476685	0.0015997038572000003
570.2565308	0.0015871452630000001	571.1657104	0.00124323275
570.3742065	0.0012813382779999997	571.2837524	0.0015457472769999994
570.4918213	0.0010366438074	571.4017944	0.0008060077669000001
570.6094971	0.0009478343419999998	571.5198364	0.0016929968260000002
570.7271729	0.00077409388173	571.6378784	0.0011313306099999983
570.8449097	0.0008310524863	571.7559814	0.001695775430000001
570.9625854	0.0007777267019	571.8740234	0.0015624384400000002
571.0802612	0.0008015454949999999	571.9920654	0.000889744726
571.197937	0.0007283568840000003	572.1101685	0.0015924279579999992
571.3156128	0.0007832601552	572.2282104	0.0014869132970000004
571.4332886	0.0009960229217000002	572.3463135	0.0009723780680000009
571.5510254	0.0008350651041999999	572.4643555	0.0011678747840000005
571.6687012	0.0008685212810000001	572.5824585	0.0009405110029999993
571.786438	0.000760556339642	572.7005005	0.0013867095109999991
571.9041138	0.0007313935790000002	572.8186035	0.0014046164579
572.0218506	0.0007309475477	572.9367065	0.0011530526679999998
572.1395264	0.0008194663096	573.0547485	0.0009112413999999985
572.2572632	0.0008438643990000001	573.1728516	0.0015314831400000005
572.374939	0.000505527481	573.2909546	0.0012034420000000007
572.4926758	0.0008039514069999999	573.4090576	0.0011642414609999998
572.6104126	0.0006811071658	573.5271606	0.0016398150469999987
572.7281494	0.000655542012	573.6452637	0.0006918422900000012
572.8458252	0.00046852933881	573.7633667	0.0009973329729999999
572.963562	0.00064287005808	573.8814697	0.001279768999
573.0812988	0.0007050521998800001	573.9995728	0.00162697025
573.1990356	0.0006001332949	574.1176758	0.00360349846
573.3167725	0.0005043930150000001	574.2357788	0.011745750903999999
573.4345093	0.0006769103055999999	574.3538818	0.012216245872503
573.5522461	0.000663930551	574.4719849	0.008477078746
573.6699829	0.0005333948063999999	574.5901489	0.006466425958999999
573.7877808	0.0007567151911	574.708252	0.003992758807000001
573.9055176	0.0014851030428	574.826416	0.0028727839814
574.0232544	0.0045905353616	574.944519	0.0019932938739999993
574.1409912	0.008155214833	575.0626221	0.0020873257900000004
574.2587891	0.007240128704	575.1807861	0.0017631262888
574.3765259	0.0049365377631	575.2989502	0.001377053093
574.4943237	0.0031250716419999997	575.4170532	0.0011870721400000003
574.6120605	0.0023276013452	575.5352173	0.001217717305000001
574.7298584	0.001431736979	575.6533813	0.0013158959921
574.8475952	0.0012137102890000004	575.7714844	0.0008335994931999999
574.9653931	0.001008235035	575.8896484	0.0012638331389999997
575.0831909	0.0008363333769999999	576.0078125	0.0013400055460000004
575.2009277	0.0006338030362	576.1259766	0.0014217597780999999
575.3187256	0.0005718883476	576.2441406	0.0013128984719999997
575.4365234	0.0008085377050000002	576.3623047	0.001358449460000001
575.5543213	0.0006082281468999999	576.4804688	0.0010202843699999992
575.6721191	0.000787963974	576.5986328	0.001918793481
575.789856	0.0004375320859999997	576.7167969	0.0007942158260000002
575.9076538	0.00051731139318	576.8349609	0.0016562901439999998
576.0254517	0.0007374055277	576.953125	0.0011474881329999994
576.1433105	0.0006289826710000001	577.0712891	0.0012113142289999997
576.2611084	0.0005935707599999999	577.1895142	0.0015398075629
576.3789062	0.0005304842780000001	577.3076782	0.0018681883809999996
576.4967041	0.0006951647810000002	577.4258423	0.00265648961
576.614502	0.0007248526673999999	577.5440674	0.004051856690000001
576.7323608	0.0005246402000000001	577.6622314	0.004447286367
576.8501587	0.0007465307429	577.7804565	0.004376898517999999
576.9679565	0.0005698353050000002	577.8986206	0.0022181679960000004
577.0858154	0.0008132903167	578.0168457	0.0026891815361
577.2036133	0.0009488586223	578.1350708	0.0013265577149999999
577.3214722	0.0022342352019	578.2532349	0.0011923527299999986
577.43927	0.003532623173	578.37146	0.00142914429
577.5571289	0.0032368597463	578.4896851	0.0017131606579999996
577.6749268	0.002417258104	578.6079102	0.001504929737
577.7927856	0.00167794492177	578.7260742	0.0022384892219999997
577.9106445	0.001372440398	578.8442993	0.001415980980000002
578.0285034	0.0010841728067000002	578.9625244	0.0015248819249999998
578.1463013	0.0009299567607	579.0807495	0.0009887893686
578.2641602	0.00082744465904	579.1989746	0.0018301280200000002
578.382019	0.0009047373607	579.3171997	0.0021158661720000003
578.4998779	0.00117047560021	579.4354248	0.0018794839270000001
578.6177368	0.0012091132810000006	579.5537109	0.001271070907999999
578.7355957	0.0010841249026	579.671936	0.0015392824959999992
578.8534546	0.0009601790219999999	579.7901611	0.0001874370499999993
578.9713135	0.0010864691243799999	579.9083862	0.0007116514315999999
579.0891724	0.001031466526	580.0266724	0.0007187528599999996
579.2070923	0.0008854793704000001	580.1448975	0.0009953361000000008
579.3249512	0.0008787720731000001	580.2631226	0.0016006287190000004
579.4428101	0.0007479078923	580.3814087	0.0033886013549999996
579.5606689	0.0006094035347000001	580.4996338	0.004011444749999999
579.6785889	0.0006999924079999999	580.6179199	0.002920811070000001
579.7964478	0.0004865245719	580.736145	0.0022336748515
579.9143677	0.0005521973944	580.8544312	0.0017796610490000003
580.0322266	0.0005063938439999996	580.9727173	0.0016196221120000007
580.1501465	0.0013626196879999997	581.0909424	0.0014045499259999995
580.2680054	0.0025890385739999995	581.2092285	0.0016621558459999995
580.3859253	0.0029086902793	581.3275146	0.00130413752
580.5038452	0.0019015349975	581.4458008	0.0006043529099999997
580.6217041	0.00155182048187	581.5640869	0.0007658610199999995
580.739624	0.0011078712118000001	581.682373	0.0016216260849999998
580.8575439	0.0008392456800000001	581.8006592	0.0012066804339999995
580.9754639	0.0007976623892	581.9189453	0.0010404232799999993
581.0933838	0.0005589493080000001	582.0372314	0.0008901813999999987
581.2113037	0.0004961401283	582.1555176	0.0018823871797
581.3292236	0.0006015737017	582.2738037	0.000666745821
581.4471436	0.00051227665247	582.3920898	0.0005517359830000002
581.5650635	0.0005417908540000004	582.510376	0.0009321719400000004
581.6829834	0.0006534596910000002	582.6287231	0.000714515219
581.8009033	0.0005491725160000002	582.7470093	0.0011049815220000002
581.9188232	0.000338139245	582.8652954	0.0009743785489999997
582.0367432	0.0006552864797399999	582.9836426	0.0005187345600000011
582.1547241	0.0003969667009999997	583.1019287	0.0009509554946999999
582.272644	0.0005877207731999999	583.2202759	0.0005900692200000003
582.390564	0.0004938518979999999	583.338562	0.0001828074499999957
582.5085449	0.0005915926594	583.4569092	0.0013100448949999993
582.6264648	0.0005812320157000001	583.5751953	0.00532211177
582.7444458	0.0004666641475999999	583.6935425	0.0072118548559
582.8623657	0.0006495227208	583.8118896	0.005102876569999998
582.9803467	0.0005069099425	583.9301758	0.004133326927999999
583.0982666	0.000480996794	584.0485229	0.0041100418313
583.2162476	0.0004687649190000002	584.1668701	0.022994874281999998
583.3342285	0.0013018051390000002	584.2852173	0.001293352805
583.4521484	0.00347418501	584.4035645	0.0012778155500000003
583.5701294	0.005033269058999999	584.5219116	0.0008652079849999997
583.6881104	0.003995497944	584.6402588	0.0009186137471
583.8060913	0.00263786628766	584.758606	0.0010070530660000014
583.9240723	0.0018914272654999998	584.8769531	0.0012130979399999995
584.0420532	0.0015522023168999999	584.9953003	0.0007868316029999997
584.1600342	0.0009044112812000001	585.1136475	0.0010353639081
584.2780151	0.0007659638941	585.2319946	0.0008127973410000002
584.3959961	0.0007187492443000001	585.3503418	0.0004436364400000007
584.5139771	0.0007132128819999999	585.46875	0.000785275478
584.631958	0.0006316510553	585.5870972	0.0008807880800000001
584.749939	0.0005465123686	585.7054443	0.0007520839499999994
584.8679199	0.0006949576778	585.8238525	0.001420880670000001
584.9859619	0.0005001845421	585.9421997	0.0011666230850000004
585.1039429	0.0004928106209999999	586.0606079	0.001255699899
585.2219238	0.000495513319	586.1789551	0.005135586486
585.3399658	0.0003945979989999999	586.2973633	0.007575770840000001
585.4579468	0.0005914313950000001	586.4157104	0.006117602111999999
585.5759888	0.0005201497120000003	586.5341187	0.0047829005635
585.6939697	0.0004934745369999998	586.6525269	0.004293347710000001
585.8120117	0.0007448051765	586.7709351	0.0021398300400000004
585.9299927	0.0009970746470000002	586.8892822	0.0011105507139999998
586.0480347	0.0035514367628	587.0076904	0.001574894413
586.1660767	0.0060830328726	587.1260986	0.0017062248660000001
586.2841187	0.0049818140689999995	587.2445068	0.0017457474019999999
586.4020996	0.0031074790750000004	587.362915	0.000868507894
586.5201416	0.002055422868	587.4813232	0.0018336675130000007
586.6381836	0.0016259353140000003	587.5997314	0.0017868147699999998
586.7562256	0.0012912430102	587.7181396	0.0006913254039999997
586.8742676	0.0009438669079999999	587.8365479	0.001063568983
586.9923096	0.0009479383009999998	587.9549561	0.001107917575
587.1103516	0.0010271831416	588.0733643	0.0007511079299999997
587.2283936	0.000781337498	588.1918335	0.0013056592999999995
587.3464355	0.000929146134245	588.3102417	0.002285158727
587.4644775	0.00067739308	588.4286499	0.007035263348
587.5825195	0.0005798599450000002	588.5471191	0.009685058149999998
587.7006226	0.0006676295309999999	588.6655273	0.007396924307
587.8186646	0.00067406628293	588.7839355	0.005862847436
587.9367065	0.00039518391700000014	588.9024048	0.006461716838999999
588.0548096	0.0008555397798999999	589.020813	0.01897459663
588.1728516	0.0015356632064	589.1392822	0.029030762609999997
588.2908936	0.004921064712	589.2577515	0.022386485944
588.4089966	0.008090565564	589.3761597	0.01635613525
588.5270386	0.006409846479	589.4946289	0.010956523939999999
588.6451416	0.004350161646	589.6130981	0.006768303925000002
588.7632446	0.0048178187863000006	589.7315063	0.0045875387146
588.8812866	0.012357405037	589.8499756	0.0032296613789999998
588.9993896	0.01954038528	589.9684448	0.0013649202900000018
589.1174927	0.0164751902382	590.0869141	0.0024038888509999995
589.2355347	0.0107635306778	590.2053833	0.002429839457
589.3536377	0.0071114371527	590.3238525	0.0022013643759000003
589.4717407	0.0048878118394	590.4423218	0.0021494887770000005
589.5898438	0.0035502628305999996	590.560791	0.0010595852509999995
589.7079468	0.002387087909	590.6792603	0.0018591603730000001
589.8260498	0.0018512843522999999	590.7977295	0.0012197387400000002
589.9441528	0.0016182146505	590.9161987	0.0014885812999999998
590.0622559	0.001093661878	591.034729	0.0013045249510000006
590.1803589	0.0010280859133	591.1531982	0.0016322074807
590.2984619	0.0008770294949999998	591.2716675	0.00502384314
590.4165649	0.0009204940875000001	591.3901978	0.025183500253
590.534729	0.0006446003099	591.508667	0.037633100063
590.652832	0.0007216344819999999	591.6271362	0.027418228968
590.7709351	0.0006924229679999999	591.7456665	0.020940221356
590.8890381	0.0006710714806	591.8641357	0.013600430453999997
591.0072021	0.0007678191179999998	591.982666	0.008583529849999999
591.1253052	0.003751055105	592.1011353	0.0056208448946
591.2434692	0.016187384494	592.2196655	0.0038472244050000003
591.3615723	0.026784526422	592.3381958	0.003000421450000002
591.4797363	0.022073167607700003	592.456665	0.0026391632819999997
591.5978394	0.014232064944999998	592.5751953	0.0018475006799999996
591.7160034	0.009601031894999999	592.6937256	0.0013104230170000002
591.8341675	0.0068914600999	592.8122559	0.0017042746769999999
591.9522705	0.004447282292000001	592.9307861	0.00370281003
592.0704346	0.0028495336879999994	593.0492554	0.011058342643
592.1885986	0.0021082380850000002	593.1677856	0.017609616277
592.3067627	0.001585944206	593.2863159	0.014184733851000001
592.4248657	0.0009700629161000001	593.4048462	0.010597761720000001
592.5430298	0.0009476116684	593.5233765	0.006394396536
592.6611938	0.0011883139086	593.6419678	0.004049423034
592.7793579	0.002329388459	593.760498	0.0028451904609999995
592.897522	0.006686322158	593.8790283	0.0026577701820000004
593.015686	0.011448585195999998	593.9975586	0.0010894523
593.1338501	0.0100555080538	594.1160889	0.0012676925694
593.2520752	0.006752254791	594.2346802	0.0015799701199999995
593.3702393	0.004376656609000001	594.3532104	0.0027103070200000003
593.4884033	0.0028538578769	594.4717407	0.005695442669999998
593.6065674	0.0021188558896000002	594.590332	0.005993522238
593.7247314	0.0015615378502000002	594.7088623	0.00476221181
593.8429565	0.0012269163280000002	594.8274536	0.0034210891470000003
593.9611206	0.0006726107099999999	594.9459839	0.003064490738
594.0793457	0.0009579369798	595.0645752	0.002720457604
594.1975098	0.0014639201106	595.1831665	0.003229259979000001
594.3157349	0.003051275038	595.3016968	0.002224449997
594.4338989	0.0041109508599999995	595.4202881	0.0021293997993
594.552124	0.0036865418080000005	595.5388794	0.00121548124264
594.6702881	0.00254893268	595.6574097	0.0010076500500000012
594.7885132	0.0015320258097	595.776001	0.0005032061589999998
594.9067383	0.0014791963036	595.8945923	0.0016065563249
595.0249023	0.0016337769485300002	596.0131836	0.0006441920414
595.1431274	0.0013973434689999998	596.1317749	0.00047598220000000073
595.2613525	0.0010253076903	596.2503662	0.00120751373
595.3795776	0.0009191580466999999	596.3689575	0.0016638729719999999
595.4978027	0.0007385965440000002	596.4875488	0.0012244436075
595.6160278	0.0004885630911	596.6061401	0.00180416368
595.7341919	0.0004633257630000001	596.7247314	0.0012652156899999982
595.852417	0.00016859121389999998	596.8433228	0.001312889741
595.9707031	0.00025945832	596.9619141	0.001484680222
596.0889282	0.00045683427011	597.0805664	0.0018326886930000001
596.2071533	0.0003621713259000001	597.1991577	0.0017612418200000004
596.3253784	0.00041912903541	597.317749	0.002998734359
596.4436035	0.000489668921	597.4364014	0.003871440654
596.5618286	0.0008504715952000001	597.5549927	0.0040454194
596.6801147	0.0009534766430000001	597.673645	0.0029800240890000005
596.7983398	0.0008835904300000001	597.7922363	0.0020774830777
596.9165649	0.00107713649	597.9108887	0.0019537072655000003
597.0348511	0.001315952861	598.02948	0.0013969512660000011
597.1530762	0.0015597098395	598.1481323	0.000548485667
597.2713623	0.0025339176649999996	598.2667236	0.0016689030450000005
597.3895874	0.00242089447556	598.385376	0.0016343230389999994
597.5078735	0.0019576682826999998	598.5040283	0.0015424713499999996
597.6260986	0.0014495531214	598.6226196	0.0013161106029999994
597.7443848	0.0010293460797	598.741272	0.0015375623499999987
597.8626099	0.0008089852050000002	598.8599243	0.0032748646918
597.980896	0.0009637806790000001	598.9785767	0.005837406034999999
598.0991821	0.0007195922663000001	599.097229	0.006217636634
598.2174683	0.0007865448860999999	599.2158813	0.005212863092
598.3357544	0.0007918272169999997	599.3345337	0.003984597395
598.4539795	0.0009670505530000001	599.453186	0.0030542397900000014
598.5722656	0.0007752390809999999	599.5718384	0.00268252194
598.6905518	0.0013385516359999997	599.6904907	0.00213898811
598.8088379	0.00318342364356	599.8091431	0.00198880001
598.927124	0.0044156315267	599.9277954	0.0018729139200000001
599.0454102	0.003682600567	600.0464478	0.002547129990000001
599.1636963	0.0027521485460000003	600.1651611	0.004724380094
599.2819824	0.0019176392809999998	600.2838135	0.00480516022
599.4003296	0.0015421881401	600.4024658	0.0039250310480000005
599.5186157	0.0013062715659	600.5211792	0.003401567224999999
599.6369019	0.001216406468	600.6398315	0.0018557766449999995
599.755188	0.0010972254679999997	600.7585449	0.0027712853186
599.8735352	0.0016296085668	600.8771973	0.0019026063400000015
599.9918213	0.002709956374	600.9959106	0.0025943182409999994
600.1101074	0.003306679427	601.114563	0.0027687544940000006
600.2284546	0.0027382333940000002	601.2332764	0.0029160955452000002
600.3467407	0.00210381404	601.3519287	0.0019259843999999988
600.4650879	0.001643005351	601.4706421	0.002367992880000001
600.583374	0.001677755266	601.5893555	0.004133604583
600.7017212	0.001954632229	601.7080078	0.004894651469999999
600.8200073	0.0017064325512	601.8267212	0.003614201676000001
600.9383545	0.0014107106839000001	601.9454346	0.0030353264899999986
601.0567017	0.0012899375287000001	602.0641479	0.0032805164807
601.1750488	0.0012301311072	602.1828613	0.0029811798305
601.293335	0.0014938533857	602.3015747	0.0019504791109999989
601.4116821	0.00214697211	602.4202881	0.001958230513
601.5300293	0.0030924616585	602.5390015	0.002306224662
601.6483765	0.0028221062966	602.6577148	0.0035803068608
601.7667236	0.0024756171622000002	602.7764282	0.00714654476
601.8850708	0.0017789967246	602.8951416	0.007394832549999999
602.003418	0.0017585372550999998	603.013855	0.005960795563
602.1217651	0.001474063145	603.1325684	0.0042289306875
602.2401123	0.0011978676193	603.2513428	0.005566461481
602.3584595	0.0010312348599999998	603.3700562	0.02902906574
602.4768066	0.0014532736966	603.4887695	0.08429384604
602.5951538	0.0033699423659999997	603.6075439	0.08234878466800001
602.713562	0.0049123357169	603.7262573	0.058409048240000004
602.8319092	0.0040672302127	603.8449707	0.04231722001
602.9502563	0.002899307292	603.9637451	0.0250320035875
603.0686035	0.0028844125916	604.0824585	0.0144533598687
603.1870117	0.012432858469	604.2012329	0.010233000852
603.3053589	0.043648793015600006	604.3199463	0.00728950649
603.4237671	0.06292481010499999	604.4387207	0.009709025739999998
603.5421143	0.050163769399999995	604.5574951	0.028280112195000002
603.6605225	0.0328025840525	604.6762085	0.03768926393
603.7788696	0.0213884240319	604.7949829	0.02753859013
603.8972778	0.0144086541661	604.9137573	0.020687468817999998
604.015625	0.009389509913	605.0325317	0.013870330645000001
604.1340332	0.0063505924483	605.1512451	0.008860516361
604.2524414	0.005864021602	605.2700195	0.0058163152999999995
604.3708496	0.0141976590651	605.3887939	0.005324274068
604.4891968	0.025563718870000002	605.5075684	0.008490222039999998
604.607605	0.024047010459	605.6263428	0.00996447634
604.7260132	0.017220968034	605.7451172	0.007927169096
604.8444214	0.0108919593574	605.8638916	0.006037766578
604.9628296	0.007767630507999999	605.982666	0.0049431862424
605.0812378	0.0055983539206	606.1014404	0.007696683519999999
605.199646	0.004146677209	606.2202759	0.017680355349999996
605.3180542	0.004982636078	606.3390503	0.016707289266
605.4364624	0.0073210612174	606.4578247	0.012516986228
605.5548706	0.0068955789321	606.5765991	0.009933626748999998
605.6732788	0.004953926429	606.6954346	0.006196372209999999
605.791687	0.0034476194995999997	606.814209	0.004736706731
605.9101562	0.004387233755	606.9329834	0.0032408512200000003
606.0285645	0.010021377468000001	607.0518188	0.002673896961999999
606.1469727	0.0141089181874	607.1705933	0.0026981597770000003
606.2653809	0.01122920018643	607.2894287	0.0015156180600000005
606.3838501	0.007769085932	607.4082031	0.0013453289899999984
606.5022583	0.0051905425496	607.5270386	0.002146614715
606.6207275	0.004218348767	607.645813	0.0011116712129999999
606.7391357	0.003395439125	607.7646484	0.0007929615599999995
606.857605	0.002499234164	607.8834839	0.0012857131639999984
606.9760132	0.0017253487599000002	608.0023193	0.0008365637619999998
607.0944824	0.0012532816183	608.1210938	0.0011817649939999996
607.2128906	0.001052450854	608.2399292	0.0011960444970000005
607.3313599	0.0007668128240000001	608.3587646	0.001066773198
607.4498291	0.000825760654	608.4776001	0.0018894262609999999
607.5682373	0.0008225224446	608.5964355	0.0011637341200000009
607.6867065	0.0008344126035000001	608.715271	0.001867325289886
607.8051758	0.0007907130928	608.8341064	0.001092932653
607.923645	0.0008338175250000002	608.9529419	0.0014663906700000014
608.0421143	0.0007796551800000001	609.0717773	0.0006150305299999995
608.1605835	0.0008609645301	609.1906128	0.0015867967130000007
608.2790527	0.0011606385818	609.3094482	0.0024557135762
608.397522	0.0009918038412000002	609.4282837	0.0036370027800000024
608.5159912	0.0007658458783999999	609.5471191	0.003171913791
608.6344604	0.000801039554	609.6659546	0.002644929100999999
608.7529297	0.0009302045209999997	609.7848511	0.0021520853040000003
608.8713989	0.0008277021702	609.9036865	0.0017927107400000008
608.9898682	0.0006925938069	610.022522	0.002282634375
609.1083374	0.0012092264947	610.1414185	0.007233055773
609.2268066	0.002438639058	610.2602539	0.007916561320000001
609.3453369	0.0020614897359999998	610.3790894	0.006718264423999999
609.4638062	0.0013346637133	610.4979858	0.005145186092000001
609.5822754	0.0010415122379999998	610.6168213	0.0070254162419999995
609.7008057	0.0011902301635	610.7357178	0.013740951200000002
609.8192749	0.0028153473980000003	610.8546143	0.012640628039999999
609.9378052	0.0055709847951	610.9734497	0.0100107777103
610.0562744	0.005868904991	611.0923462	0.006653678606
610.1748047	0.004958676989	611.2112427	0.004386262032
610.2932739	0.0037462225878	611.3300781	0.0029756268519999986
610.4118042	0.0040496037686	611.4489746	0.0027020270939999997
610.5302734	0.007230316055999999	611.5678711	0.0046560810909999995
610.6488037	0.010327473515000001	611.6867676	0.0076402155690000004
610.767334	0.008636728861999999	611.805603	0.0064779100919999996
610.8858032	0.005876595853	611.9244995	0.004359814804
611.0043335	0.0038273861867	612.043396	0.0037368140189999993
611.1228638	0.0026731617979999997	612.1622925	0.0034313537200000004
611.241394	0.002047999675	612.281189	0.002444702200000001
611.3599243	0.0033742571691	612.4000854	0.0018910742360000003
611.4784546	0.008925725475999999	612.5189819	0.0019926356620000004
611.5969849	0.01363778518219	612.6379395	0.0016949512050000014
611.7155151	0.011418732465	612.7568359	0.0015071248600000003
611.8340454	0.007338206982	612.8757324	0.003101811745999999
611.9525757	0.0052253598109999995	612.9946289	0.0042094028322
612.071106	0.003857226693	613.1135254	0.0041551292
612.1896362	0.0030446821107000003	613.2324829	0.002854125570000001
612.3081665	0.0024097645078	613.3513794	0.0022918537720000003
612.4266968	0.0020259805020000007	613.4702759	0.002036178019
612.5452271	0.0014851820885	613.5892334	0.001172078773
612.6638184	0.0019941245554	613.7081299	0.0016888128599999996
612.7823486	0.0025034120913	613.8270874	0.0011790589197
612.9008789	0.003086206736	613.9459839	0.0014489796009999997
613.0194702	0.002598483348	614.0649414	0.00101579261
613.1380005	0.0018681404471	614.1838379	0.0016414551000000013
613.2565918	0.0015833802464	614.3027954	0.0010965907136
613.3751221	0.0009829328046	614.4216919	0.0014988790489999999
613.4937134	0.0010311585503	614.5406494	0.002237455454000001
613.6122437	0.0008561876600000002	614.6596069	0.006337956530000001
613.730835	0.0008493697970000001	614.7785645	0.010616831714
613.8493652	0.0008959519618	614.8974609	0.008415222160000006
613.9679565	0.0010082992666	615.0164185	0.00620131474
614.0865479	0.0016061214844999999	615.135376	0.004746149294
614.2050781	0.0007422592022000001	615.2543335	0.003146575065
614.3236694	0.0008704420758000001	615.373291	0.0020634678946000002
614.4422607	0.0019173700132	615.4922485	0.0020958534450000003
614.5608521	0.0055753543564	615.6112061	0.0030760141100000006
614.6793823	0.0075262899626	615.7301636	0.005341597829999999
614.7979736	0.005932155065	615.8491211	0.005857571962
614.9165649	0.003894563531	615.9680786	0.00422147568
615.0351562	0.0028238728988	616.0870361	0.0036390612359999998
615.1537476	0.0018483552266000001	616.2059937	0.003054767850000001
615.2723389	0.0013999332439999998	616.3249512	0.00178207324607
615.3909302	0.0014549377955	616.4439697	0.0014226650799999997
615.5095215	0.0025155387119999996	616.5629272	0.0012814318699999987
615.6281738	0.00437159394	616.6818848	0.0022131851433999997
615.7467651	0.0039573243698	616.8009033	0.0020683160979999998
615.8653564	0.0028309438202	616.9198608	0.0017253235000000006
615.9839478	0.00179732261301	617.0388184	0.0023206267500000006
616.1025391	0.0015570390968000002	617.1578369	0.0073641854101999995
616.2211914	0.0009075434063	617.2767944	0.011022860068
616.3397827	0.000839793356	617.395813	0.013783819269999999
616.458374	0.0010870708065000001	617.5147705	0.017715283669999998
616.5770264	0.0013927374963	617.6337891	0.0153879733562
616.6956177	0.0013566570120000002	617.7527466	0.010723174545
616.81427	0.0010216337395000002	617.8717651	0.007681339048
616.9328613	0.0022093597221	617.9907837	0.004785315134
617.0515137	0.005553504452	618.1097412	0.0037480840469800002
617.170105	0.0094686269589	618.2287598	0.002801552881
617.2887573	0.015249121298	618.3477783	0.0016810055800000005
617.4073486	0.0179373241295	618.4667969	0.0017465502019999996
617.526001	0.0144841626768	618.5858154	0.0011795619499999997
617.6446533	0.0097506974706	618.7047729	0.0021194808649999996
617.7633057	0.006343664136	618.8237915	0.0013759615829999992
617.881897	0.0043271620523	618.9428101	0.0013200617400000005
618.0005493	0.0030480610444	619.0618286	0.0005794614549999993
618.1192017	0.0022717162500000003	619.1808472	0.0014408188870000003
618.237854	0.00149461778346	619.2998657	0.0006803879500000016
618.3565063	0.0012547138610000002	619.4188843	0.0007408168200000002
618.4751587	0.0007758507271	619.5379639	0.0003167726099999983
618.593811	0.0006723105325	619.6569824	0.0009480807929999994
618.7124634	0.0006330965552	619.776001	0.00046839844000000005
618.8311157	0.0007942433009999999	619.8950195	0.0005787080160000006
618.9497681	0.000645188033	620.0140381	0.0003966391099999994
619.0684204	0.0006604885563000001	620.1331177	0.0013189483429999998
619.1870728	0.000442216864	620.2521362	0.0012944676020000007
619.3057251	0.0004216294029999999	620.3711548	0.0009748786700000019
619.4243774	0.00045473186730000004	620.4902344	0.000615629367000001
619.5430908	0.00040826976324	620.6092529	0.0007607401350000001
619.6617432	0.0004447908144999999	620.7282715	0.0015784762800000011
619.7803955	0.000382273116	620.8473511	0.001372186002
619.8991089	0.0005490825279	620.9663696	0.0009006629700000005
620.0177612	0.00022121146299999925	621.0854492	0.0006480435256000001
620.1364136	0.0006774539370000001	621.2045288	0.001381234260000001
620.255127	0.0006108475499	621.3235474	0.003122539261
620.3737793	0.0007316381379	621.442627	0.008039721170999999
620.4924927	0.0005281002523	621.5617065	0.009366119335800002
620.611145	0.0005044953440000001	621.6807251	0.009089015419999999
620.7298584	0.0003645054525999999	621.7998047	0.01031799428
620.8485718	0.00040152826070000006	621.9188843	0.008871603992
620.9672241	0.00044136843700000013	622.0379639	0.005892640911
621.0859375	0.0009004319723	622.1569824	0.004717148844000001
621.2046509	0.0024662462529999995	622.276062	0.002750519659999999
621.3233032	0.0056756155975	622.3951416	0.0019997442139999995
621.4420166	0.006788471015	622.5142212	0.002264356240000001
621.56073	0.006471545377	622.6333008	0.0013528075040000007
621.6794434	0.007124471361799999	622.7523804	0.0017711338579999994
621.7981567	0.0063531805644	622.87146	0.0010210464824999999
621.9168091	0.0047210640618999995	622.9905396	0.0009671996809999996
622.0355225	0.0031960585041000003	623.1096191	0.001030406915
622.1542358	0.0019169249569999996	623.2286987	0.0008898600979999997
622.2729492	0.0015538110891	623.3478394	0.001123131282
622.3916626	0.0009682832749999997	623.4669189	0.0010382649490000007
622.510376	0.0010443664508	623.5859985	0.0007633101189999988
622.6291504	0.0008476131479	623.7050781	0.0008474616300000008
622.7478638	0.00067248420968	623.8242188	0.00082929403284
622.8665771	0.00039448170000000015	623.9432983	0.0006114856228
622.9852905	0.00019376585299999988	624.0623779	0.001079048970000003
623.1040039	0.000611687079	624.1815186	0.0010494682899999993
623.2227173	0.0007101781669999999	624.3005981	0.0016486160400000002
623.3414917	0.0007138310470000001	624.4197388	0.0017296884615
623.4602051	0.000488182647	624.5388184	0.0024282867049999993
623.5789185	0.0006772495112000001	624.657959	0.0023578749980000015
623.6976929	0.00039325788360000007	624.7770386	0.0022470718250000004
623.8164062	0.0005518029795000001	624.8961792	0.0020539053949
623.9351807	0.0004864790825999999	625.0152588	0.0029323771599999993
624.053894	0.000465746853	625.1343994	0.00294197165
624.1726685	0.0008654869160000002	625.25354	0.00250183046
624.2913818	0.0017741130434	625.3726807	0.0021868634499999998
624.4101562	0.0038576450898	625.4917603	0.0023306501099999996
624.5288696	0.0041716912824	625.6109009	0.0011999122780000007
624.647644	0.0031237891524999997	625.7300415	0.0012494684189999997
624.7664185	0.0022486111847000003	625.8491821	0.0013069463899999991
624.8851318	0.0024751654126	625.9683228	0.0013737417799999999
625.0039062	0.002389142988	626.0874634	0.001515051350000001
625.1226807	0.0020200962611	626.206604	0.0017297356389999999
625.2414551	0.001730415737	626.3257446	0.0014550238899999988
625.3602295	0.0012068842334	626.4448853	0.0008532917119999997
625.4789429	0.001050769701	626.5640259	0.0009191445999999995
625.5977173	0.0007777537679999999	626.6831665	0.0005860906089999998
625.7164917	0.0006831604551	626.8023071	0.0013497711629999998
625.8352661	0.000617574784	626.9214478	0.0009245965630000005
625.9540405	0.0006738868539999999	627.0405884	0.0010893139969999997
626.0728149	0.0007699197158000001	627.159729	0.00088976857662
626.1915894	0.0007391424736999999	627.2788696	0.001374818385
626.3103638	0.0008697648299999998	627.3980713	0.0010703876610000003
626.4291992	0.000777815934	627.5172119	0.001489757558
626.5479736	0.0007724690945000001	627.6363525	0.0011033238839999997
626.666748	0.000578681356	627.7555542	0.0009313644800000003
626.7855225	0.0005924989821999999	627.8746948	0.00090595521
626.9042969	0.0005010908940000002	627.9938965	0.0013561220809999996
627.0231323	0.0007205608418	628.1130371	0.0015923785980000004
627.1419067	0.00052118053285	628.2322388	0.0018966549539999999
627.2606812	0.000623754924	628.3513794	0.0014074426150000006
627.3795166	0.00062275934	628.4705811	0.00108201057
627.498291	0.0006029895735	628.5897217	0.0010639764369999999
627.6171265	0.0006361134873999999	628.7089233	0.0014596939874
627.7359009	0.000814289088	628.828064	0.0012104706840000007
627.8546753	0.0007730049256	628.9472656	0.001327916049999999
627.9735107	0.0008358147897000001	629.0664673	0.0009923176840000002
628.0923462	0.0008074993088999999	629.1856689	0.0006813127540000012
628.2111206	0.0008382119700000002	629.3048096	0.00138401799
628.3299561	0.0006456419359999999	629.4240112	0.0012757200799999972
628.4487305	0.0005250669492000001	629.5432129	0.0013095162569999998
628.5675659	0.0007530094589999999	629.6624146	0.001123870723
628.6864014	0.0003380029224999999	629.7816162	0.0024733976459999996
628.8052368	0.0005151624211000001	629.9008179	0.00803276524
628.9240112	0.00047886557900000005	630.0200195	0.009629812089
629.0428467	0.000706496794	630.1392212	0.007596736770000001
629.1616821	0.00068557522898	630.2584229	0.004863260312999999
629.2805176	0.0005354595905	630.3776245	0.003888241950000003
629.399353	0.00048205710489999996	630.4968262	0.0027379077797
629.5181885	0.0008296545129999997	630.6160278	0.0023871154408
629.6370239	0.0014772809223	630.7352295	0.0015879557470000003
629.7558594	0.0048382406315000005	630.8544312	0.0031692362440000005
629.8746948	0.006524168188	630.9736328	0.010014282305999999
629.9935303	0.005383533658	631.0928955	0.0125031819646
630.1123657	0.0038384808574000004	631.2120972	0.009325912220000001
630.2312012	0.0025975306486999998	631.3312988	0.007359473029999999
630.3500366	0.0019253757202999998	631.4505615	0.005546165863
630.4688721	0.0014713745332	631.5697632	0.003181953453
630.5877075	0.0009675554757000002	631.6889648	0.003270321526
630.706604	0.0022059833577	631.8082275	0.002278207800000001
630.8254395	0.006039970671000001	631.9274292	0.0013663605790000003
630.9442749	0.00955127017	632.0466919	0.0012288205300000007
631.0631714	0.008406020937	632.1658936	0.0018034083759999998
631.1820068	0.0060861644740000005	632.2851562	0.0013945717399999995
631.3008423	0.0040761796995	632.4043579	0.0012010328939999998
631.4197388	0.0030061266149999997	632.5236206	0.0009578000750000001
631.5385742	0.0021238894549	632.6428833	0.0009842636099999993
631.6574707	0.0015131561960999998	632.762085	0.0006960611800000006
631.7763062	0.0009703619289000001	632.8813477	0.0009959472808
631.8952026	0.0008145445024	633.0006104	0.0001262389119999997
632.0140381	0.0006357185770000003	633.119812	0.0008488404569999995
632.1329346	0.0006574043074999999	633.2390747	0.000869891607
632.2518311	0.0006885263429	633.3583374	0.000929334433
632.3706665	0.00042102276400000005	633.4776001	0.0010049873959999999
632.489563	0.00054798869	633.5968628	0.00101663917
632.6084595	0.000625637127	633.7161255	0.0010789171789999993
632.7272949	0.000470349929	633.8353882	0.0007672286590000004
632.8461914	0.0004194247888	633.9545898	0.0006013896780000002
632.9650879	0.0005109877093000001	634.0738525	0.0005848258699999997
633.0839844	0.0005601100271999999	634.1931763	0.0008417395850000009
633.2028809	0.0003278871882	634.312439	0.0014265044590000006
633.3217773	0.0003769365139999997	634.4317017	0.000776425935
633.4406738	0.0006018020796999999	634.5509644	0.00046836585000000104
633.5595703	0.0006112457486	634.6702271	0.0006934274000000018
633.6784668	0.00033909850800000006	634.7894897	0.0009693442849999998
633.7973633	0.000486448873	634.9087524	0.0010290890929999996
633.9162598	0.0006943820627	635.0280762	0.001091943120000001
634.0351562	0.00041986128800000004	635.1473389	0.00081772544
634.1540527	0.0003202264189999999	635.2666016	0.0006424521559999998
634.2729492	0.00035074609299999993	635.3858643	0.0007140077599999961
634.3918457	0.0003110435794000001	635.505188	0.001282505691
634.5107422	0.0004947903135935001	635.6244507	0.0009012390000000016
634.6296997	0.000623408821	635.7437744	0.000741751108
634.7485962	0.0005682468180000001	635.8630371	0.0006132897690000001
634.8674927	0.0004822331103	635.9823608	0.00020426418000000016
634.9863892	0.0006840294229999999	636.1016235	0.0011131111529999998
635.1053467	0.0006251404994	636.2209473	0.00015456811499999987
635.2242432	0.0004702939186	636.34021	0.0011980673300000001
635.3432007	0.00042474165099999996	636.4595337	0.0008957944810000004
635.4620972	0.0005187154749999997	636.5787964	0.0019123880199999992
635.5809937	0.0002701798219999999	636.6981201	0.002049644476999999
635.6999512	0.000530691002	636.8174438	0.0031326689060000006
635.8189087	0.0005213990808	636.9367065	0.002808546650000001
635.9378052	0.0005977214320000001	637.0560303	0.0027752816690000005
636.0567627	0.0005028054590000002	637.175354	0.005001173588
636.1756592	0.0004177433440000001	637.2946777	0.007002755766
636.2946167	0.0005159597494999999	637.4140015	0.00527213002
636.4135742	0.0005112321820000001	637.5332642	0.004919022787
636.5324707	0.0011844617548	637.6525879	0.0033407333539999997
636.6514282	0.0021025923491	637.7719116	0.00202711206
636.7703857	0.0020443092076	637.8912354	0.002053207718000001
636.8893433	0.0018739703810000002	638.0105591	0.0015933923399999994
637.0082397	0.0032009959109	638.1298828	0.0012699568466
637.1271973	0.0052020924927	638.2492065	0.0010966912380000002
637.2461548	0.0046691600587	638.3685303	0.001567944889999999
637.3651123	0.0034458572050000006	638.487854	0.0014974419000000003
637.4840698	0.0025350720684	638.6071777	0.004190708511000001
637.6030273	0.0016950443389999997	638.7265625	0.012139112221999999
637.7219849	0.0013026788366	638.8458862	0.01325840224
637.8409424	0.0010197300000000002	638.96521	0.010253964461000003
637.9598999	0.0008298497706000001	639.0845337	0.007606078871999999
638.0788574	0.0006908206270000001	639.2039185	0.005077055073
638.1978149	0.00079310746516	639.3232422	0.0033854618689999998
638.3167725	0.0007984532564	639.4425659	0.0021855272299999996
638.43573	0.0019774698596	639.5618896	0.0020627893976
638.5547485	0.00726606371197	639.6812744	0.00164647121
638.6737061	0.011220949236000002	639.8005981	0.0021057268600000005
638.7926636	0.009521065977999999	639.9199829	0.001249676570999999
638.9116211	0.0068992351293	640.0393066	0.0012659477099999997
639.0306396	0.004398359219	640.1586914	0.0011813072490000007
639.1495972	0.0032437316838999997	640.2780151	0.0020056432099999997
639.2685547	0.00232461518303	640.3973999	0.0013835947030000004
639.3875732	0.0015369637400000002	640.5167236	0.0011839571527999999
639.5065308	0.0013988038989999998	640.6361084	0.001554971328
639.6255493	0.0010136553314999998	640.7554932	0.0016623726100000007
639.7445068	0.000890651092	640.8748169	0.0010026310340000002
639.8635254	0.0011063679119999999	640.9942017	0.00022936239999999872
639.9824829	0.0015600433831000002	641.1135864	0.0008780332300000002
640.1015015	0.0012381258419999997	641.2329102	0.00123043917
640.220459	0.001207077177	641.3522949	0.0015719432850000003
640.3394775	0.001025140518	641.4716797	0.0009075449780000001
640.4584961	0.0008579475110000001	641.5910645	0.005242848770000001
640.5774536	0.0009517100406000001	641.7104492	0.02647635713
640.6964722	0.0008761836502000001	641.829834	0.050334942293
640.8154907	0.0008696410222	641.9492188	0.04240394081
640.9344482	0.0007630331966	642.0686035	0.032302970069
641.0534668	0.000697733951	642.1879272	0.0221617762
641.1724854	0.000634967815	642.307373	0.014681123197
641.2915039	0.0007142091639999999	642.4267578	0.009912335776
641.4105225	0.0016496898899	642.5461426	0.006756697780000001
641.529541	0.011506915555999999	642.6655273	0.0047721266700000015
641.6485596	0.034361921304199995	642.7849121	0.003334133885
641.7675781	0.042688354618	642.9042969	0.0026271432869999995
641.8865356	0.032711267004	643.0236816	0.0025154957570000004
642.0055542	0.022153325376	643.1430664	0.0022563193930000003
642.1246338	0.0140380203418	643.2625122	0.00307631227448
642.2436523	0.009941212597	643.381897	0.0030046416793
642.3626709	0.007032434222999999	643.5012817	0.0031949290999999987
642.4816895	0.0046774467045	643.6206665	0.00199286825
642.600708	0.0034483077470000003	643.7401123	0.0018348782319999998
642.7197266	0.0025461221235	643.8594971	0.0022682426510000006
642.8387451	0.0018078885619	643.9789429	0.0020352453000000003
642.9578247	0.0014749028055	644.0983276	0.0017816536199999986
643.0768433	0.0015863421722	644.2177124	0.0014572851379999995
643.1958618	0.002070900518	644.3371582	0.0013324506579999989
643.3148804	0.0022922745559	644.456543	0.0013142367819999994
643.43396	0.0016712012002999999	644.5759888	0.0013901218790000006
643.5529785	0.0009588777611	644.6954346	0.0010684536537
643.6720581	0.001231159433	644.8148193	0.001270983368
643.7910767	0.0010121020751	644.9342651	0.0008312445100000024
643.9100952	0.0012351892368999999	645.0536499	0.0009687719799999998
644.0291748	0.001089571895	645.1730957	0.0015607369130000003
644.1481934	0.000992880901	645.2925415	0.0019349568463999998
644.2672729	0.0009008741475	645.4119263	0.0009587719099999996
644.3862915	0.0006987082310000001	645.5313721	0.0006863498130000008
644.5053711	0.0010440941550999999	645.6508179	0.0015122862537
644.6244507	0.0007531806186	645.7702637	0.0014415942572
644.7434692	0.000801115762	645.8897095	0.0017661387100000002
644.8625488	0.0007429684627	646.0091553	0.0009205825600000009
644.9816284	0.0006163374059999999	646.12854	0.001038771937
645.100647	0.0008416557690000001	646.2479858	0.0008818837819999999
645.2197266	0.001028866216	646.3674316	0.0006037345150000008
645.3388062	0.0007661721904000001	646.4868774	0.0015995437270000003
645.4578857	0.0008335556489999999	646.6063232	0.0014878645887999998
645.5769653	0.0009023891769999997	646.725769	0.0022303960289999994
645.6959839	0.0007291602670000002	646.8452148	0.00425655395
645.8150635	0.0007854180873	646.9646606	0.003922961652
645.9341431	0.0009109413659	647.0841675	0.002570204786
646.0532227	0.000757983653	647.2036133	0.0020079673269999994
646.1723022	0.0008195235276000001	647.3230591	0.0022532073780000004
646.2913818	0.0005840191443	647.4425049	0.0013298243200000007
646.4104614	0.0006647187989999997	647.5619507	0.0014695997820000002
646.529541	0.0009377618553	647.6814575	0.001484365669
646.6486206	0.00193942903889	647.8009033	0.0016073361099999996
646.7677002	0.0025065651279	647.9203491	0.0013434207000000004
646.8867798	0.0021579956524	648.0397949	0.0014241160819999992
647.0059204	0.0018395073423	648.1593018	0.0014518182720000001
647.125	0.0014148366170000002	648.2787476	0.002557284199999999
647.2440796	0.0010535907677299999	648.3982544	0.002347678875
647.3631592	0.0009604665683999999	648.5177002	0.0027670217679999993
647.4822388	0.0010426644294	648.637146	0.00279558900359
647.6013794	0.0009880453582999998	648.7566528	0.002131100740000001
647.720459	0.00080681211691	648.8760986	0.001895011403
647.8395386	0.0010009822148100002	648.9956055	0.001955688465
647.9586792	0.0008572908119999999	649.1151123	0.0004904484380000001
648.0777588	0.00089543499	649.2345581	0.0011230204300000015
648.1968994	0.0015360655956999998	649.3540649	0.0011154292100000011
648.315979	0.0025907254599	649.4735107	0.0011630207300000004
648.4350586	0.0032246925404	649.5930176	0.0023736922309999997
648.5541992	0.00248815852177	649.7125244	0.0005921991599999992
648.6732788	0.0019114571619	649.8319702	0.0016976119919999994
648.7924194	0.0014835992768	649.9514771	0.0011384398679999998
648.9115601	0.0009404490699999998	650.0709839	0.002050152514
649.0306396	0.0008932559282	650.1904907	0.0017657661800000012
649.1497803	0.0008729444820000003	650.3099976	0.0017220787699999997
649.2688599	0.0009453186071	650.4294434	0.0017396889593999999
649.3880005	0.0011243891785	650.5489502	0.0014993657241
649.5071411	0.0014729747779999999	650.668457	0.0011820001530000006
649.6262817	0.001123952796	650.7879639	0.0010955808700000014
649.7453613	0.001085839001	650.9074707	0.001169383520000001
649.864502	0.0010465570959999999	651.0269775	0.0008958186960000001
649.9836426	0.0010610889002999999	651.1464844	0.0011125300100000013
650.1027832	0.0010745833209	651.2659912	0.0012770388299999987
650.2219238	0.0007546423582000001	651.385498	0.0011723223139999996
650.3410034	0.0008563040319	651.5050049	0.000908465130000001
650.460144	0.0007558721114999999	651.6245117	0.0015703127720000003
650.5792847	0.00046948180500000014	651.7440796	0.001681570890000001
650.6984253	0.0004750587398999999	651.8635864	0.0012810705229999997
650.8175659	0.000602913555	651.9830933	0.0014400489308999999
650.9367065	0.0005474158674000001	652.1026001	0.0015424937000000014
651.0558472	0.000610919430552	652.2221069	0.001311474013999999
651.1749878	0.0006101242618999999	652.3416748	0.001232139417
651.2941284	0.000702956924	652.4611816	0.0007536926999999998
651.4133301	0.0008549410849	652.5806885	0.0009146165100000006
651.5324707	0.0009663955569999999	652.7002563	0.00086589158
651.6516113	0.0008173706010000002	652.8197632	0.00133081805
651.770752	0.000895179881	652.93927	0.0005652597200000008
651.8898926	0.0008114734079	653.0588379	0.0009626592509999997
652.0090332	0.0005109791089999999	653.1783447	0.0014213528529999995
652.1282349	0.000759008613281	653.2979126	0.00146167037746
652.2473755	0.000685572159	653.4174194	0.0009457017300000007
652.3665161	0.0005122397559999999	653.5369873	0.0012020487300000004
652.4857178	0.0005086620222199999	653.6564941	0.0010209800669999988
652.6048584	0.0006530440880000001	653.776062	0.0013306842889999999
652.723999	0.0005651802639	653.8956299	0.0025962318760000005
652.8432007	0.0006055253911	654.0151367	0.005109077318
652.9623413	0.0007473082516000001	654.1347046	0.005196975542
653.081543	0.0008078719838	654.2542114	0.0034021795720000003
653.2006836	0.0006766303704	654.3737793	0.0028257146449999996
653.3198853	0.000742816949	654.4933472	0.0023181438399999983
653.4390259	0.0004926508991	654.612915	0.0021656937909999997
653.5582275	0.0006131519913	654.7324219	0.001733193756
653.6773682	0.0009069429069999999	654.8519897	0.0021196487359999997
653.7965698	0.002243527444	654.9715576	0.0017951736300000007
653.9157715	0.0040349664629999995	655.0911255	0.0014490568999999988
654.0349121	0.0039016906227000003	655.2106934	0.0014955885709999998
654.1541138	0.0030053992519999996	655.3302612	0.0016945390960000006
654.2733154	0.0022881601469	655.4498291	0.0015397239500000003
654.3925171	0.0017727012748	655.569397	0.002119459209999999
654.5116577	0.0014096362575	655.6889648	0.0010180909889000002
654.6308594	0.0012796352239	655.8085327	0.0008203419859999991
654.750061	0.00101030844599	655.9281006	0.001275524489999999
654.8692627	0.0008308542889000001	656.0476685	0.0009205397300000012
654.9884644	0.0006569165269999996	656.1672363	0.0010625162831
655.107605	0.0007716406832999999	656.2868042	0.002836662111
655.2268066	0.000578673673	656.4063721	0.010377530944
655.3460083	0.0005924483990000001	656.5259399	0.018695835030000003
655.46521	0.0006745572900000003	656.6455078	0.01564321993
655.5844116	0.00055832897215	656.7650757	0.011905761669
655.7036133	0.0006722389949999998	656.8847046	0.00888442341
655.8228149	0.0005511686902	657.0042725	0.005986858154000001
655.9420166	0.0007080428477	657.1238403	0.0040370514600000015
656.0612183	0.0012411868665	657.2434692	0.0031106686219999997
656.180481	0.0024168817329999997	657.3630371	0.00307285134
656.2996826	0.009221933855	657.482605	0.0028952280990000006
656.4188843	0.0156731220788	657.6022339	0.0019867829980000002
656.5380859	0.014008474073999999	657.7218018	0.0016237308736000002
656.6572876	0.010797710161799999	657.8413696	0.0008795419699999998
656.7764893	0.0068789600049000005	657.9609985	0.00158990826
656.895752	0.004498013528	658.0805664	0.0010270567150000003
657.0149536	0.0034050272666	658.2001953	0.0007861759510000002
657.1341553	0.002417070907	658.3197632	0.0010555703190000005
657.253418	0.001907820464	658.4393921	0.0013759238660000003
657.3726196	0.0013752629740000002	658.55896	0.001001209719
657.4918213	0.0010705197057	658.6785889	0.001391696744
657.611084	0.0008742344793999999	658.7982178	0.001208430622
657.7302856	0.0007204853460000002	658.9177856	0.0005482728589999994
657.8495483	0.0006610792475	659.0374146	0.0011447430590000003
657.96875	0.0006269165314	659.1570435	0.0012477729470000004
658.0880127	0.0006904877958	659.2766113	0.00090819317
658.2072144	0.0007135681809999996	659.3962402	0.0012739030700000004
658.3264771	0.000497658606	659.5158691	0.000547520362291
658.4456787	0.000636906712	659.635498	0.001426597359
658.5649414	0.000552119222	659.7550659	0.001259410750000002
658.6841431	0.00029442715400000014	659.8746948	0.0018039690299999998
658.8034058	0.0005295794836	659.9943237	0.0021922881710000003
658.9226685	2.7963891599999983e-05	660.1139526	0.0023915365454
659.0418701	0.0004819587339999999	660.2335815	0.0016554212200000015
659.1611328	0.000547134026	660.3532104	0.0015045683860000006
659.2803955	0.0006515099376	660.4728394	0.001330257859
659.3996582	0.0004832465200000002	660.5924683	0.003763563934
659.5188599	0.00077549936397	660.7120972	0.007825726639999999
659.6381226	0.0007634592184499999	660.8317261	0.008707324050000001
659.7573853	0.001129082288	660.951355	0.0060394008180000005
659.8766479	0.0010656237129999999	661.0709839	0.004838286899
659.9959106	0.0014201285082	661.1906128	0.003173317759
660.1151733	0.0011661507307	661.3102417	0.00223966129
660.234436	0.0009172454014999999	661.4298706	0.0018176264129999998
660.3536377	0.0011586688636999998	661.5494995	0.00159859219229
660.4729004	0.002738914219	661.6691895	0.0018632588899999986
660.5921631	0.006243124837	661.7888184	0.0015228586280000003
660.7114258	0.006832972168999999	661.9084473	0.0010382360779999998
660.8306885	0.005375929991	662.0280762	0.00027839001300000027
660.9500122	0.0038874992753	662.1477661	0.00037605129199999934
661.0692749	0.0025291168131	662.267395	0.0009379154080000011
661.1885376	0.001899538795	662.3870239	0.000987545587
661.3078003	0.0014158183476000001	662.5067139	0.0011858248035
661.427063	0.001083055511	662.6263428	0.000713936985
661.5463257	0.00090014391748	662.7459717	0.001010771839999999
661.6655884	0.00065061939	662.8656616	0.0005324725099999997
661.7849121	0.0005448345035999999	662.9852905	0.0007101010994
661.9041748	0.00044935615709999993	663.1049805	0.0014133297370000006
662.0234375	0.00051475260985	663.2246094	0.0005166055629999989
662.1427002	0.0003621770593	663.3442993	0.0005466409489999998
662.2620239	0.000453047222	663.4639282	0.0017749440159999998
662.3812866	0.0005411892343699999	663.5836182	0.001112955157
662.5005493	0.000429224363833	663.7032471	0.00061111711
662.619873	0.0005027797379000001	663.822937	0.001180950668
662.7391357	0.0005327168619	663.942627	0.0011200782324000001
662.8584595	0.0005200768350000001	664.0622559	0.0012786518799999987
662.9777222	0.00044365087500000027	664.1819458	0.002430053429999999
663.0969849	0.0002678124	664.3016357	0.0016920585189999999
663.2163086	0.0006301411482	664.4212646	0.0024867999016
663.3355713	0.00072736348922	664.5409546	0.00440648198
663.454895	0.0003309941379999999	664.6606445	0.006089370702
663.5742188	0.0006609825214	664.7803345	0.0048588518544
663.6934814	0.000540086301	664.8999634	0.0032639913838
663.8128052	0.0015720118822	665.0196533	0.003141413439999999
663.9320679	0.003588722553	665.1393433	0.0023740390300000004
664.0513916	0.0053551910096	665.2590332	0.0013574871700000003
664.1707153	0.005294351838	665.3787231	0.001826680731
664.289978	0.0053285540776	665.4984131	0.0013633100299999985
664.4093018	0.01155089983	665.618103	0.0007413392800000012
664.5286255	0.018469177592	665.737793	0.0013434728025
664.6479492	0.016786686613	665.8574829	0.00119274226
664.7672119	0.0128172854843	665.9771729	0.0017252089499999994
664.8865356	0.0086954128347	666.0968628	0.001055769619999999
665.0058594	0.0056607303563	666.2165527	0.002577295992
665.1251831	0.0042007780871000005	666.3362427	0.004988572211000001
665.2445068	0.0027819731622	666.4559326	0.004076963289999996
665.3638306	0.00196723643991	666.5756226	0.00505662523
665.4831543	0.0014111826314	666.6953125	0.006501229014
665.602417	0.001100508961	666.8150635	0.005850292273
665.7217407	0.0010750055080000001	666.9347534	0.00800822023
665.8410645	0.0010813371627	667.0544434	0.003497904159999999
665.9603882	0.0011691397958	667.1741333	0.002233546227
666.0797119	0.001975464402	667.2938232	0.002247689758
666.1990356	0.00334291457	667.4135742	0.0015876758880000001
666.3184204	0.0037290379403000003	667.5332642	0.0016517238700000016
666.4377441	0.004341220367	667.6529541	0.0016292594369999996
666.5570679	0.005380776129	667.7727051	0.0019504874939999996
666.6763916	0.005216068704	667.892395	0.008893487969999999
666.7957153	0.00460342085	668.012085	0.016981682739999997
666.9150391	0.0036457586686	668.1318359	0.0148797533461
667.0343628	0.0026475621853	668.2515259	0.01123985171589
667.1537476	0.0019003170310000002	668.3712769	0.008488747290000001
667.2730713	0.0013948171400000008	668.4909668	0.006000623110000002
667.392395	0.001129798271	668.6107178	0.005614966794599999
667.5117188	0.0010794823760000001	668.7304077	0.005789200193
667.6311035	0.00163232896	668.8501587	0.005084567700000001
667.7504272	0.0071327750337	668.9698486	0.004362860226
667.869751	0.016515222609	669.0895996	0.0031390149378
667.9891357	0.0181776888832	669.2093506	0.0022466259539999996
668.1084595	0.014230940258	669.3290405	0.002130663960000001
668.2278442	0.0101006546461	669.4487915	0.0018318723899999993
668.347168	0.0068662988489999995	669.5685425	0.0015602577470000003
668.4665527	0.008021116141	669.6882324	0.0013856089210000002
668.5858765	0.010798814703	669.8079834	0.001745189539999999
668.7052002	0.010396742728	669.9277344	0.001129143406
668.824585	0.007905308154	670.0474243	0.0025158118225
668.9439697	0.005533096381	670.1671753	0.003483230015
669.0632935	0.0038049209109	670.2869263	0.0033542243700000005
669.1826782	0.0028405663329999996	670.4066772	0.0026431279249999997
669.302002	0.0018992485126	670.5264282	0.0017973901699999996
669.4213867	0.0015268063872	670.6461792	0.0020832473241
669.5407715	0.001371468883	670.7658691	0.0014940574759999999
669.6600952	0.0009120971660000002	670.8856201	0.0009754635399999998
669.77948	0.0008432286560000001	671.0053711	0.001340772491
669.8988647	0.00130460062	671.1251221	0.001372078899
670.0181885	0.002841395326	671.244873	0.0012888554499999975
670.1375732	0.00246444303068	671.364624	0.00082936947
670.256958	0.0020071116164	671.484375	0.0009682638339999999
670.3763428	0.0013053328729	671.604126	0.0014724112110000003
670.4957275	0.0009804562141	671.723877	0.0008412543690000003
670.6150513	0.0007516978658	671.8436279	0.00090448387345
670.734436	0.0008130935020000001	671.9634399	0.0020186842890000003
670.8538208	0.0007382009352999999	672.0831909	0.00332718622
670.9732056	0.00040569028299999995	672.2029419	0.00306139234
671.0925903	0.00061130984708	672.3226929	0.0026702014729999995
671.2119751	0.00046230223899999985	672.4424438	0.002911810647
671.3313599	0.00040084262580000003	672.5621948	0.0021094018500000013
671.4507446	0.00043137453030000003	672.6820068	0.002157897689000001
671.5701294	0.00055751792384	672.8017578	0.0013243546710000002
671.6895142	0.0005882887049000001	672.9215088	0.001247968292
671.8088989	0.0011130081839	673.0412598	0.000799242407
671.9282837	0.0023115311048	673.1610718	0.0007961485540000004
672.0476685	0.0027439495314	673.2808228	0.0007734466339999998
672.1670532	0.0025066829108	673.4005737	0.0007994775660000002
672.286438	0.002151895082	673.5203857	0.0012109791859999993
672.4058228	0.00171739154058	673.6401367	0.0009377496299999982
672.5252686	0.00145359477	673.7599487	0.0011735478474
672.6446533	0.001212173142	673.8796997	0.0008667800579999999
672.7640381	0.0008266788063	673.9994507	0.0009358525299999997
672.8834229	0.000874616206	674.1192627	0.000947014429
673.0028076	0.000701234443	674.2390137	0.0004266399189999997
673.1222534	0.0005696467130000002	674.3588257	0.0014501670370000008
673.2416382	0.0006269962032	674.4785767	0.000947069376999999
673.3610229	0.0006216589830000002	674.5983887	0.00115228444
673.4804688	0.0005010993922000001	674.7182007	0.0016062418875
673.5998535	0.0006588258549999999	674.8379517	0.0012219650670000004
673.7192383	0.0004022379870000001	674.9577637	0.001084339339000001
673.8386841	0.0005625894988000001	675.0775146	0.0009405910999999989
673.9580688	0.0005046793813	675.1973267	0.0041746173524
674.0775146	0.00045820524975	675.3171387	0.025928285437
674.1968994	0.0006701184321	675.4368896	0.0724133579
674.3162842	0.00047088856800000015	675.5567017	0.079822678357
674.43573	0.0006052101962000001	675.6765137	0.062452297192
674.5551147	0.0007589075250000001	675.7963257	0.04905945063099999
674.6745605	0.0007097651539	675.9160767	0.03374310304
674.7939453	0.000422304729	676.0358887	0.023172716608
674.9133911	0.0004914327290000001	676.1557007	0.015944134908
675.0328369	0.0011605592449999997	676.2755127	0.011065159925
675.1522217	0.011124901417600001	676.3953247	0.008681704289999998
675.2716675	0.0484818259705	676.5151367	0.0066480841500000006
675.3910522	0.077061856168	676.6349487	0.005492648809
675.510498	0.0682009806065	676.7546997	0.0085407260919
675.6299438	0.0557823258002	676.8745117	0.010853621641
675.7493896	0.0400698826974	676.9943237	0.009029582147999999
675.8687744	0.026865900495	677.1141357	0.0070108928479999996
675.9882202	0.0186629801217	677.2339478	0.0051083684089
676.107666	0.0128460255257	677.3537598	0.0037308046600000016
676.2271118	0.00868579722	677.4735718	0.0031657070000000002
676.3464966	0.0060341184432	677.5933838	0.0028664639680000006
676.4659424	0.004323940957	677.7132568	0.0019246747834000002
676.5853882	0.004708890105	677.8330688	0.0019116103700000005
676.704834	0.007658169372	677.9528809	0.0010938951740000003
676.8242798	0.008158248151	678.0726929	0.0016522118829999997
676.9437256	0.006123774452	678.1925049	0.00148636871
677.0631714	0.0047320417365	678.3123169	0.0005076564799999968
677.1825562	0.0034073867132	678.4321289	0.0008866637949999992
677.302002	0.00248550938	678.552002	0.0014940965940000005
677.4214478	0.001904194825	678.671814	0.0004843417599999997
677.5408936	0.0013198736997	678.791626	0.0016314294200000003
677.6603394	0.00123359201875	678.911438	0.001575552858
677.7797852	0.000663155573	679.031311	0.0013658832759
677.899292	0.0007397390439999999	679.151123	0.0012881460130000004
678.0187378	0.0009326423459999999	679.2709351	0.0008105412100000015
678.1381836	0.0008374208120000002	679.3908081	0.0009247548860000007
678.2576294	0.0008308846732000001	679.5106201	0.00108510442
678.3770752	0.0008079073159999999	679.6304321	0.0011060675609999996
678.496521	0.0004258348493999999	679.7503052	0.0010652020599999992
678.6159668	0.0006853840314	679.8701172	2.011097999999982e-05
678.7354126	0.0005711510320000001	679.9899902	0.0009700659430000001
678.8549194	0.0004841694610000001	680.1098022	0.0008748657999999997
678.9743652	0.0006140531040000001	680.2296753	0.0009951926799999997
679.093811	0.0005448670999999999	680.3494873	0.0005107857299999977
679.2132568	0.00042189896340000005	680.4693604	0.0011494215579999998
679.3327637	0.0004319605214	680.5891724	0.0008618137789999998
679.4522095	0.0003567604581	680.7090454	0.0002605817279999999
679.5716553	0.00040239014926000006	680.8288574	0.0005920445599999994
679.6911621	0.00041067099599999984	680.9487305	0.0005681617179999999
679.8106079	0.00044065265680000006	681.0686035	0.0011915853239999998
679.9300537	0.0006197997573	681.1884155	0.0013736770490000005
680.0495605	0.0003477937425	681.3082886	0.0011086370799999997
680.1690063	0.0002855616912999999	681.4281006	0.0007941932420000002
680.2884521	0.00036318591439999997	681.5479736	0.0011419407095000001
680.407959	0.00032659841219999993	681.6678467	0.0005939016120000001
680.5274048	0.0006468889191	681.7877197	0.0012189913599999994
680.6469116	0.00031854939890000006	681.9075317	0.0011448953299999995
680.7663574	0.00016115506879999994	682.0274048	0.0009121019399999999
680.8858643	0.0006417615800000001	682.1472778	0.0011746566700000013
681.0053101	0.00077019493798	682.2671509	0.00071209855
681.1248169	0.0006216415782000001	682.3869629	0.0010798191649999999
681.2442627	0.0003174348969999998	682.5068359	0.0013031554399999994
681.3637695	0.0005671510010000001	682.626709	0.00127995853
681.4832764	0.0005367876730000001	682.746582	0.0015391753980000013
681.6027222	0.00037006352749999996	682.8664551	0.002788817045
681.722229	0.000604742673	682.9863281	0.003707446623
681.8417358	0.0008229791415	683.1062012	0.0019387640000000008
681.9611816	0.0011148793568000002	683.2260742	0.0019902046799999996
682.0806885	0.001154006226	683.3459473	0.0019898768510000003
682.2001953	0.0008324780510000002	683.4658203	0.0010549367869999997
682.3196411	0.0006430835564600001	683.5856934	0.0009232838640000005
682.4391479	0.0006406039469999999	683.7055664	0.0005454588599999987
682.5586548	0.000719897915	683.8254395	0.0012289619770000002
682.6781616	0.0012529758969	683.9453125	0.0011293608699999985
682.7976685	0.0025581898076	684.0651855	0.001540943040000001
682.9171143	0.0025455312571000003	684.1850586	0.0011219689599999989
683.0366211	0.0019101820652999999	684.3049316	0.0009968318039999995
683.1561279	0.0014991253266	684.4248047	0.001078265603
683.2756348	0.00113117098256	684.5446777	0.0010316367260000004
683.3951416	0.0010309686914	684.6646118	0.001111892049
683.5146484	0.0008796784678	684.7844849	0.0006817255630000001
683.6341553	0.0006028537537000001	684.9043579	0.0011062957349999999
683.7536621	0.0006487565406	685.024231	0.0012413719660000003
683.8731689	0.0006078808219	685.144104	0.0006594089790000002
683.9926758	0.00040314529545	685.2640381	0.0010122403039999994
684.1121826	0.000523302413	685.3839111	0.002014159691
684.2316895	0.00039576523709999997	685.5037842	0.0022790264370000004
684.3511963	0.0006268027359	685.6237183	0.0016325414199999996
684.4707031	0.0004056689800000001	685.7435913	0.0004970976160000003
684.59021	0.000428525789	685.8634644	0.0008126339817
684.7097168	0.0003077049333	685.9833984	0.0012955050900000029
684.8292236	0.0005745088274	686.1032715	0.0014671795060000013
684.9487305	0.00045838998629999997	686.2231445	0.0017331874116
685.0682373	0.00039590895199999993	686.3430786	0.00047265971100000047
685.1877441	0.0008351881989999998	686.4629517	0.0016771350100000006
685.307312	0.0010156406785	686.5828857	0.0014808280399999998
685.4268188	0.00075485833075	686.7027588	0.0012443391610000003
685.5463257	0.000861273613	686.8226929	0.0010661942649999997
685.6658325	0.0008377213379	686.9425659	0.001280918136
685.7853394	0.0005772404840000004	687.0625	0.0030093044049999997
685.9049072	0.0006183387018	687.182373	0.018462611365
686.0244141	0.000583306653	687.3023071	0.06290670844799999
686.1439209	0.00064569924504	687.4221802	0.076760115104
686.2634277	0.0015183830978000002	687.5421143	0.061895322982
686.3829956	0.0021996434657	687.6619873	0.046122109746
686.5025024	0.0023936025683999997	687.7819214	0.031215023481999997
686.6220703	0.0020497118825000002	687.9018555	0.021722835024999998
686.7415771	0.0016526526310000002	688.0217285	0.016392220282
686.861084	0.0015968788650000002	688.1416626	0.014784449714
686.9806519	0.0036351918239999996	688.2615967	0.01281043189
687.1001587	0.02407254232	688.3814697	0.009395828469
687.2197266	0.0634942170559	688.5014038	0.007056079810000001
687.3392334	0.0723482525802	688.6213379	0.006172804628
687.4588013	0.0577803530309	688.741272	0.005154701876
687.5783081	0.0430262788415	688.861145	0.006553891110000001
687.697876	0.0284895866065	688.9810791	0.011192746463999998
687.8173828	0.019323526419000002	689.1010132	0.0123814830414
687.9369507	0.014909526096	689.2209473	0.010385168253
688.0564575	0.012109357163	689.3408813	0.007193821945
688.1760254	0.009258129746	689.4608154	0.005839896390000002
688.2955322	0.006183585326600001	689.5806885	0.0037264267450000006
688.4151001	0.0042784353131999995	689.7006226	0.0031000284939999997
688.534668	0.002941182582	689.8205566	0.0025454033200000004
688.6541748	0.0034335680543	689.9404907	0.00201994646
688.7737427	0.0064939415024999995	690.0604248	0.0016600927310000003
688.8933105	0.0103949501938	690.1803589	0.0015385029800000002
689.0128174	0.0107818799413	690.300293	0.0019314824599999999
689.1323853	0.008360202653	690.4202271	0.001217692159
689.2519531	0.006279535708	690.5401611	0.0013999956429999998
689.37146	0.0043270302702	690.6600952	0.0013609584400000006
689.4910278	0.0034694949867999994	690.7800293	0.0009775934699999995
689.6105957	0.0024023359879999998	690.8999634	0.0013352474199999995
689.7301636	0.001640155911	691.0198975	0.0012608929245999999
689.8497314	0.0009817091337	691.1398315	0.00098876562
689.9692383	0.0009464665198999999	691.2598267	0.0006371904100000002
690.0888062	0.0008224921769999999	691.3797607	0.0011882008999999985
690.208374	0.00099393387064	691.4996948	0.0011974588269
690.3279419	0.0008514263900000001	691.6196289	0.0014413679020000001
690.4475098	0.0006989946120000002	691.739563	0.000955826600000001
690.5670776	0.000490400475	691.8594971	0.001398286781999999
690.6866455	0.0007484533562	691.9794922	0.00178376527
690.8062134	0.0004874295559999999	692.0994263	0.0009117294100000001
690.9257202	0.0008291073608999999	692.2193604	0.0007137488600000002
691.0452881	0.00076478943812	692.3392944	0.0012220079100000013
691.164856	0.0007749868099999999	692.4592896	0.0010228706550000008
691.2844238	0.0007073853922	692.5792236	0.0015834518700000005
691.4039917	0.0007462587679999996	692.6991577	0.0020670778999999986
691.5235596	0.0008649483498000001	692.8190918	0.0028751045460000003
691.6431274	0.0008352199799999999	692.9390869	0.0024235360319999994
691.7627563	0.000681830104	693.059021	0.0019185359119999997
691.8823242	0.0007366281940000001	693.1790161	0.001715138560000001
692.0018921	0.00044642232389999995	693.2989502	0.0011303760140000015
692.12146	0.0006706732673	693.4188843	0.0016107424749
692.2410278	0.0007109716539999999	693.5388794	0.0015813355567
692.3605957	0.0007727842891	693.6588135	0.001253742726
692.4801636	0.0010268408809999997	693.7788086	0.004067326899000001
692.5997314	0.0013684758449999997	693.8987427	0.016583163529
692.7193604	0.0018281514057	694.0187378	0.034325179177999994
692.8389282	0.0014204737381	694.1386719	0.031137214969999997
692.9584961	0.00152589710003	694.258667	0.024469746280000003
693.078064	0.000969048357	694.3786011	0.0179853693095
693.1976318	0.0009534278650000002	694.4985962	0.012332925026199999
693.3172607	0.0009397311953000001	694.6185303	0.00880400185
693.4368286	0.0009408558835	694.7385254	0.006816273550000002
693.5563965	0.0009239676727	694.8584595	0.0057414111220000005
693.6760254	0.0030298568311	694.9784546	0.0043556508610000004
693.7955933	0.014273469803000002	695.0984497	0.0038631064789999992
693.9151611	0.029110433999	695.2183838	0.004264931194
694.03479	0.028141919752000002	695.3383789	0.007497922983
694.1543579	0.021925520499	695.458374	0.008127007165000002
694.2739258	0.015861412156999998	695.5783081	0.007280118300000001
694.3935547	0.0111750384055	695.6983032	0.0059641348100000005
694.5131226	0.007566741086000001	695.8182983	0.004307982512
694.6327515	0.005052318564	695.9382324	0.003797210055
694.7523193	0.0031263815466999996	696.0582275	0.00372947752
694.8718872	0.0021244941750000004	696.1782227	0.006477478896
694.9915161	0.0015879753623	696.2982178	0.008547696281000002
695.111084	0.002315095393	696.4181519	0.009573863003899999
695.2307129	0.004649976036	696.538147	0.029488532809999995
695.3502808	0.0063679993621	696.6581421	0.20364552778699999
695.4699097	0.0049421901353	696.7781372	0.549078293653
695.5894775	0.0044745270857	696.8981323	0.569625534826
695.7091064	0.00362124911	697.0181274	0.439617942071
695.8287354	0.0027259342028	697.1380615	0.32607264817
695.9483032	0.0026891909653999997	697.2580566	0.2160462321824
696.0679321	0.004486830789	697.3780518	0.150744735222
696.1875	0.0068392904944	697.4980469	0.10831701194000001
696.3071289	0.007189820521	697.618042	0.0786084095
696.4267578	0.0254466619806	697.7380371	0.0595136368981
696.5463257	0.199209898045	697.8580322	0.045107021930000005
696.6659546	0.570522002082	697.9780273	0.033678398463
696.7855835	0.6765889134640001	698.0980225	0.02439621557
696.9051514	0.512951395613	698.2180176	0.018771758536
697.0247803	0.402954139349922	698.3380127	0.013682942367
697.1444092	0.283615576566	698.4580078	0.010442366826999998
697.2640381	0.181319437425	698.5780029	0.00786875468
697.383606	0.11107321300209999	698.697998	0.0065287784891
697.5032349	0.061263734471	698.8179932	0.0057299407209999995
697.6228638	0.034846130759	698.9379883	0.004764599730000003
697.7424927	0.021820298517	699.0580444	0.0034331977379999986
697.8621216	0.014036313538800001	699.1780396	0.003063242881000001
697.9816895	0.010122286509	699.2980347	0.0035900321672999998
698.1013184	0.0077674849021	699.4180298	0.004689220340000001
698.2209473	0.006571703183	699.5380249	0.00518225506
698.3405762	0.0056987702839999994	699.65802	0.0044710978399999995
698.4602051	0.0050641302222	699.7780762	0.0037003507022
698.579834	0.004057873273	699.8980713	0.0025677028999999997
698.6994629	0.0036637138109999997	700.0180664	0.002755949275000001
698.8190918	0.0030981885500000004	700.1380615	0.003121936112
698.9387207	0.0028689532776	700.2580566	0.002206437174
699.0583496	0.0028616421619999995	700.3781128	0.0022594463100000014
699.1779785	0.002929827432	700.4981079	0.001969503229999999
699.2975464	0.0037111872799999997	700.618103	0.0011135726240000003
699.4171753	0.0043786788012	700.7381592	0.0012011597870000001
699.5368042	0.0038214217639999997	700.8581543	0.0019504977400000012
699.6564941	0.003090400598	700.9781494	0.00198423583
699.776123	0.0029438229391	701.0982056	0.0016383513569999998
699.895752	0.0021089879227499998	701.2182007	0.0011718624886
700.0153809	0.0018940534209	701.3381958	0.0014706174840000003
700.1350098	0.0014561682474	701.458252	0.0013927081599999997
700.2546387	0.0015891619837999998	701.5782471	0.001738232677
700.3742676	0.0018541713944	701.6983032	0.0010138583600000002
700.4938965	0.0016104453249999998	701.8182983	0.0017024450930000004
700.6135254	0.0015019826819999999	701.9383545	0.0019498793400000002
700.7331543	0.0014133884099999995	702.0583496	0.0009149257100000002
700.8528442	0.0012526322971	702.1784058	0.0008193408140000002
700.9724731	0.001042109099	702.2984009	0.001570097171
701.0921021	0.0013791987875999999	702.418457	0.0015106750660000001
701.211731	0.0009818320973	702.5384521	0.001473887067
701.3313599	0.0010713207158	702.6585083	0.0016698180690000002
701.4510498	0.00109698181	702.7785034	0.002207465005000001
701.5706787	0.0010777452114000001	702.8985596	0.0036470788759999997
701.6903076	0.0008173214739	703.0185547	0.019319589251
701.8099365	0.0009448995119999998	703.1386108	0.062525657468
701.9296265	0.0011375407339	703.258606	0.07537700236
702.0492554	0.0010160506932000001	703.3786621	0.059515619181000005
702.1688843	0.001031748718	703.4987183	0.046151835934999996
702.2885742	0.00099012698	703.6187134	0.031725529578
702.4082031	0.0010127728164	703.7387695	0.0217813002
702.527832	0.0013720548020000002	703.8588257	0.01592345409921
702.647522	0.0015257870831999999	703.9788208	0.012255096578999999
702.7671509	0.0017377536280000002	704.098877	0.00933461729
702.8867798	0.008982402737	704.2189331	0.0071829916029999994
703.0064697	0.036319644543	704.3389893	0.005577770992999999
703.1260986	0.054436348609	704.4589844	0.004363717045
703.2457886	0.04281211622456001	704.5790405	0.0033507850099999993
703.3654175	0.037827195954000005	704.6990967	0.002819398420000001
703.4850464	0.028491468986000003	704.8191528	0.0024174943100000006
703.6047363	0.01722152905701	704.9391479	0.0017747166569999995
703.7243652	0.00978256128253	705.0592041	0.001664161685999999
703.8440552	0.005715445382999999	705.1792603	0.0018386188909999997
703.9636841	0.0039261606873999995	705.2993164	0.0019256500529999995
704.083374	0.0029147699825	705.4193726	0.0017779013139999997
704.2030029	0.0020995279771	705.5394287	0.0019322978400000013
704.3226929	0.0017655763079	705.6594238	0.002530283289999999
704.4423218	0.0016385251659999998	705.77948	0.002711449051
704.5620117	0.0016873066054	705.8995361	0.0017345924860000003
704.6817017	0.0011761761852	706.0195923	0.0018432112409999995
704.8013306	0.0013572051745329998	706.1396484	0.0010654777300000001
704.9210205	0.0012634543817	706.2597046	0.001497346675
705.0406494	0.0011936455270000002	706.3797607	0.001610232634
705.1603394	0.001066746307	706.4998169	0.0026470422700000003
705.2800293	0.0010217206436	706.619873	0.01474915072
705.3996582	0.0010108771967	706.7399292	0.12741189261000002
705.5193481	0.0012440123830000003	706.8599854	0.39825468934200003
705.6390381	0.0013676621745	706.9800415	0.469686861114
705.758667	0.0011430233720000002	707.1000977	0.39187525775000004
705.8783569	0.0012620119961	707.2201538	0.298106238262
705.9980469	0.0014457710789	707.34021	0.203393908703
706.1177368	0.001531865290748	707.4602661	0.140998695082
706.2373657	0.0015951350216	707.5803223	0.10140008477
706.3570557	0.001645489013	707.7003784	0.07363976725
706.4767456	0.00629427284	707.8204346	0.054887332723000004
706.5964355	0.0681461673211	707.9404907	0.04093134962
706.7160645	0.32177039198040003	708.0605469	0.030696936880000004
706.8357544	0.49021869790829997	708.1806641	0.022485904865
706.9554443	0.415314855707	708.3007202	0.016317179430000002
707.0751343	0.379474388432	708.4207764	0.01233517937
707.1948242	0.28585294094999997	708.5408325	0.00913372543
707.3144531	0.159490584529	708.6608887	0.006910208149
707.4341431	0.08590265122200001	708.7809448	0.006615602407
707.553833	0.047441244587999996	708.901062	0.007034861944
707.6735229	0.0277445041042	709.0211182	0.005552263461
707.7932129	0.017513122877999998	709.1411743	0.004602311412
707.9129028	0.012293664545360001	709.2612305	0.0039316954939
708.0325928	0.009656013687	709.3813477	0.0029848972399999993
708.1522827	0.007408745935999999	709.5014038	0.0024204803670000007
708.2719727	0.0063947000892	709.62146	0.0025179806400000004
708.3916626	0.0056115821940000005	709.7415161	0.0018434729419999994
708.5113525	0.0050204698919999995	709.8616333	0.0016711419400000007
708.6309814	0.0047909895946	709.9816895	0.001443187706000001
708.7506714	0.0048005052373	710.1017456	0.001473179087
708.8703613	0.0041060181106	710.2218628	0.0013889514379999998
708.9900513	0.0036974322285999997	710.3419189	0.0015982473270000006
709.1097412	0.0033039159027	710.4619751	0.0015811002810000004
709.2294922	0.002700848621	710.5820923	0.0010165874555
709.3491821	0.002327510621	710.7021484	0.0018410282200000006
709.4688721	0.0020788696130000003	710.8222656	0.006537786689999998
709.588562	0.0017195675168999998	710.9423218	0.013080772939999999
709.708252	0.001606412465	711.0623779	0.011720076903
709.8279419	0.0014146069879000002	711.1824951	0.0101764535392
709.9476318	0.00151878735	711.3025513	0.007351695094999999
710.0673218	0.0015015486913899998	711.4226685	0.005311746150999999
710.1870117	0.0009746607393	711.5427246	0.0033639352769999995
710.3067017	0.00100659484767	711.6628418	0.0038012508307999995
710.4263916	0.00131107547351	711.7828979	0.002661663806
710.5461426	0.001400576788	711.9030151	0.0016782125500000005
710.6658325	0.002940259758	712.0230713	0.001754248282
710.7855225	0.0069451903694999996	712.1431885	0.0009682634840000003
710.9052124	0.0080153995081	712.2632446	0.0009570969310000003
711.0249023	0.0066922899857999995	712.3833618	0.0010737497300000003
711.1446533	0.0061124380877999995	712.503418	0.0012755466160000004
711.2643433	0.0042710343259999995	712.6235352	0.0030347110588999997
711.3840332	0.002460124553	712.7436523	0.007648158820000001
711.5037231	0.0014193253595	712.8637085	0.007945305659999999
711.6234131	0.0012009299819999994	712.9838257	0.006810871884
711.7431641	0.0011008389995999998	713.1038818	0.005340039725999999
711.862854	0.0010794445989	713.223999	0.004026407370999999
711.9825439	0.0009649691636000001	713.3441162	0.0028544524690000007
712.1022949	0.0007896781316999999	713.4641724	0.002509812359
712.2219849	0.0009546905785	713.5842896	0.001845272258
712.3416748	0.0008790878350000001	713.7044067	0.0017979657270000005
712.4614258	0.001422748901	713.8244629	0.00156195183
712.5811157	0.0034664785778	713.9445801	0.001509662135
712.7008057	0.005536572193	714.0646973	0.0011932309719999996
712.8205566	0.0047183241696	714.1847534	0.0007011163980000009
712.9402466	0.004187922925	714.3048706	0.0009811948980000002
713.0599365	0.00339520285376	714.4249878	0.001002784353
713.1796875	0.0020375358291	714.545105	0.00145868398
713.2993774	0.0013217310773	714.6651611	0.004394409244000001
713.4191284	0.0011074874199	714.7852783	0.024778255261
713.5388184	0.0009117540899999999	714.9053955	0.05425956473
713.6585083	0.0007917297772	715.0255127	0.051359159409
713.7782593	0.0008590089563	715.1456299	0.041303432540000004
713.8979492	0.0006573707978	715.265686	0.030508753848
714.0177002	0.0008692820553	715.3858032	0.02000324707
714.1373901	0.000719116797	715.5059204	0.015535510377999998
714.2571411	0.0007458485200000004	715.6260376	0.010920210278000001
714.3768311	0.0005745186356999999	715.7461548	0.008317437959000001
714.496582	0.001243580482	715.866272	0.006679011044
714.616272	0.008838083014	715.9863281	0.009183523244999998
714.7360229	0.0336573241257	716.1064453	0.010960445739999998
714.8557129	0.048973608417	716.2265625	0.010166511869999999
714.9754639	0.042299531285	716.3466797	0.008454439234000001
715.0951538	0.038106058378999996	716.4667969	0.007102856414999999
715.2149048	0.024672628732599997	716.5869141	0.005308249030000002
715.3345947	0.0123484582242	716.7070312	0.004740393254000001
715.4543457	0.006098930608	716.8271484	0.004106232431
715.5740967	0.0042442345295	716.9472656	0.0028435103589999995
715.6937866	0.002795659705	717.0673828	0.0028057070470000004
715.8135376	0.0030654981965	717.1875	0.001726733519999999
715.9332275	0.0050072418818	717.3076172	0.0017231680974000001
716.0529785	0.006070393254	717.4277344	0.0014900669920000003
716.1727295	0.00531737229942	717.5478516	0.0009568510600000014
716.2924194	0.0050931840083	717.6679688	0.00117835868
716.4121704	0.00391052336598	717.7880859	0.0012254512328
716.5319214	0.00256805783288	717.9082031	0.0010738145792
716.6516113	0.0020077363584	718.0283203	0.0004184325229999999
716.7713623	0.001314239343	718.1484375	0.0014907922599999984
716.8911133	0.0010984813559000001	718.2685547	0.00031480971660000003
717.0108032	0.0008552044170000001	718.3886719	0.0011521126722
717.1305542	0.0007314866230999999	718.5087891	0.0009756702900000011
717.2503052	0.0009488226787	718.6289062	0.0004464210940000003
717.3700562	0.0005057179369999994	718.7490234	0.0007542674429999998
717.4897461	0.0006276930219999998	718.8692017	0.0008540046410000003
717.6094971	0.0006057914582000001	718.9893188	0.000928369351
717.729248	0.000879037543	719.109436	0.0004958603529999998
717.848999	0.0006083805634	719.2295532	0.0013690168270000002
717.968689	0.0006117114974	719.3496704	0.001090316335
718.0884399	0.00075765769	719.4697876	0.0005086232020000015
718.2081909	0.00065395922502	719.5899048	0.0007505263200000001
718.3279419	0.0004365220670000001	719.710083	0.0013051913120000003
718.4476929	0.0005531159986999999	719.8302002	0.00099713876233
718.5674438	0.0006641534564999999	719.9503174	0.0008778050600000004
718.6871338	0.00067271308578	720.0704346	0.0007533719760000005
718.8068848	0.0003500753080000001	720.1906128	0.00107649461277
718.9266357	0.0006354580399999998	720.31073	0.0010733943199999999
719.0463867	0.0006917913563	720.4308472	0.0018848581209999996
719.1661377	0.00022580288300000015	720.5509644	0.0014079846400000002
719.2858887	0.0006020329889999999	720.6711426	0.0025181386155
719.4056396	0.00035105831900000004	720.7912598	0.009492119545999999
719.5253296	0.00035408546700000016	720.911377	0.021480441557
719.6450806	0.0005170232252999999	721.0314941	0.02077510395
719.7648315	0.000292329118	721.1516724	0.016230759447
719.8845825	0.0003636030014	721.2717896	0.012508147317100001
720.0043335	0.00045445051730999997	721.3919067	0.00865411293
720.1240845	0.00041251699499999985	721.512085	0.006411561750000001
720.2438354	0.0004983086841000001	721.6322021	0.00540981791
720.3635864	0.0006363010031	721.7523193	0.003865512787
720.4833374	0.000706025399	721.8724976	0.0036894520740000008
720.6030884	0.0016873118004000001	721.9926147	0.002507220959999999
720.7228394	0.006699755133100001	722.1127319	0.0020978462410000003
720.8425903	0.0127095083	722.2329102	0.0015967050570000001
720.9623413	0.011956473927	722.3530273	0.0014901542999999993
721.0820923	0.0097117606343	722.4732056	0.0010999534200000008
721.2018433	0.0065406034115	722.5933228	0.001598709728
721.3215942	0.0035581190610000004	722.7134399	0.001078802044
721.4413452	0.0018662875667	722.8336182	0.0013244841240000003
721.5610962	0.0013045425945200002	722.9537354	0.0012547569299999999
721.6808472	0.0009227737025	723.0739136	0.00112979209352
721.8005981	0.0009798690879	723.1940308	0.0018655906318000002
721.9203491	0.0007707430049999999	723.314209	0.0015387618899999986
722.0401001	0.00046701810789999995	723.4343262	0.0017124759100000005
722.1598511	0.0005261262409999999	723.5545044	0.0015631243590000007
722.2796631	0.000536440144	723.6746216	0.0015881031284
722.3994141	0.0005797969649999997	723.7947998	0.001262974
722.519165	0.0006085302448	723.914917	0.0011766869580000002
722.638916	0.0003630055580000004	724.0350952	0.001601946075
722.758667	0.0005720386983999999	724.1552124	0.0016929930999999999
722.878418	0.00046956224800000007	724.2753906	0.0016111079600000001
722.9981689	0.0007182600677000001	724.3955078	0.0013657063250000004
723.1179199	0.0011606168115	724.515686	0.0012919040748
723.2377319	0.001186768873	724.6358032	0.0007403283379999997
723.3574829	0.000845014817	724.7559814	0.000824216753
723.4772339	0.0010603726839999998	724.8760986	0.0010552182800000007
723.5969849	0.000789461424	724.9962769	0.00106537449064
723.7167358	0.0007213699869999999	725.1164551	0.00143651315051
723.8365479	0.00065627752337	725.2365723	0.00080616679
723.9562988	0.00075578589896	725.3567505	0.0006925165699999992
724.0760498	0.00041401153410000006	725.4768677	0.001793841133
724.1958008	0.0005412416060000002	725.5970459	0.0011299920730000004
724.3155518	0.0006263281685	725.7172241	0.0006272634500000002
724.4353638	0.0005488091849999998	725.8373413	0.0015492415989999996
724.5551147	0.00042366691920000003	725.9575195	0.0014133848306
724.6748657	0.00030560651800000047	726.0776978	0.0010887336679999999
724.7946167	0.0005918453681999999	726.1978149	0.0016930708700000005
724.9144287	0.0006781932897	726.3179932	0.0018420070400000012
725.0341797	0.0006688502619999997	726.4381714	0.0015296835920000002
725.1539307	0.0004557563229999999	726.5582886	0.002060541418
725.2737427	0.0005300116028	726.6784668	0.003896683451000001
725.3934937	0.0005771012509999999	726.798645	0.005623406730000001
725.5132446	0.000700785662	726.9187622	0.004566240124
725.6330566	0.0006065597262	727.0389404	0.003989624325
725.7528076	0.0005107805773	727.1591187	0.00410763454
725.8725586	0.00041071857775	727.2792969	0.010955438948000001
725.9923706	0.0004346909705000001	727.3994141	0.0431439614639
726.1121216	0.0004925809914	727.5195923	0.106508629668
726.2318726	0.00044792784320000004	727.6397705	0.107050516601
726.3516846	0.00043760809059999997	727.7599487	0.083467119373
726.4714355	0.0009802049026	727.8800659	0.05870464948228
726.5911865	0.0020649367939999997	728.0002441	0.041032443759000004
726.7109985	0.002946660389	728.1204224	0.031058548479000005
726.8307495	0.002456246875	728.2406006	0.0238648355
726.9505005	0.0022693098290000003	728.3607178	0.017684693914
727.0703125	0.0026356198359999998	728.480896	0.014059714974999998
727.1900635	0.0060166215987	728.6010742	0.010966272094000001
727.3098755	0.030485531547	728.7212524	0.009811274708
727.4296265	0.07739971877400001	728.8414307	0.008636001735
727.5494385	0.0852208391592	728.9616089	0.006050967614000001
727.6691895	0.063724496516	729.0817261	0.004436778835999999
727.7889404	0.045803360934000004	729.2019043	0.0042640161709999996
727.9087524	0.0267237201289	729.3220825	0.004003928160000001
728.0285034	0.012768045422	729.4422607	0.0029022018419999998
728.1483154	0.006730162542	729.562439	0.002416000701000001
728.2680664	0.005169849028	729.6826172	0.0021439082999999987
728.3878784	0.0039956145923	729.8027954	0.0015190795529999995
728.5076294	0.0029972752089999994	729.9229736	0.0018853020159999999
728.6274414	0.0031339720009	730.0430908	0.0021060323380000003
728.7471924	0.0031459149318	730.163269	0.0012806793699999992
728.8670044	0.002841737122	730.2834473	0.0013879134779999996
728.9867554	0.0023481028329	730.4036255	0.0015056083208000001
729.1065674	0.0018957785943	730.5238037	0.0011103004249999986
729.2263184	0.001559337136	730.6439819	0.0013913800899999999
729.3461304	0.001265787636	730.7641602	0.000830345787
729.4658813	0.00096885267676	730.8843384	0.0009343288839999998
729.5856934	0.001158905914	731.0045166	0.0013696509410000002
729.7054443	0.0010107952111	731.1246948	0.0015491470699999996
729.8252563	0.0009911654048999998	731.244873	0.003289381971
729.9450684	0.0009008228226	731.3650513	0.011269809674
730.0648193	0.0010458230971000001	731.4852295	0.015782956496
730.1846313	0.0009604999790999999	731.6054077	0.012766259727
730.3043823	0.0008791520630899999	731.7255859	0.0122360196
730.4241943	0.0008637441780000002	731.8457642	0.013910476638599999
730.5439453	0.0008433958574	731.9659424	0.012120932339999998
730.6637573	0.0007821069447	732.0861206	0.009059609850000002
730.7835693	0.0007624351127999999	732.2062988	0.006963494230000001
730.9033203	0.0006487921349999999	732.3264771	0.0056875787563999995
731.0231323	0.0007893345320000001	732.4466553	0.00397809036
731.1429443	0.0015744855629999995	732.5668335	0.002977606839999999
731.2626953	0.0053121868989999994	732.6870117	0.0031547515533999998
731.3825073	0.006697847974	732.8071899	0.0022113397800000018
731.5022583	0.0058673050951000005	732.9273682	0.0019059311579999998
731.6220703	0.006403654406100001	733.0475464	0.0012798841340000001
731.7418823	0.005421212176	733.1677246	0.0007749171929999996
731.8616333	0.00379555521	733.2879028	0.001527663319999999
731.9814453	0.0028695773797	733.4081421	0.00033949594999999923
732.1012573	0.0019263114666999998	733.5283203	0.0015173195859999999
732.2210083	0.0015119949829999996	733.6484985	0.001154394006
732.3408203	0.0009983122586	733.7686768	0.001550691202
732.4606323	0.0007975320330000004	733.888855	0.0005267784000000005
732.5803833	0.0009502406174	734.0090332	0.0006574522700000009
732.7001953	0.0008007485299000001	734.1292114	0.0008580853459999999
732.8200073	0.0007136042258599999	734.2493896	0.0008679330400000011
732.9398193	0.0006584310900000002	734.3696289	0.0011276640000000004
733.0595703	0.0006479707080000001	734.4898071	0.0038775992600000005
733.1793823	0.0006627130845099999	734.6099854	0.0014660824139999997
733.2991943	0.000616715523	734.7301636	0.0014817398099999986
733.4189453	0.0004932863522	734.8503418	0.0015217149700000009
733.5387573	0.0005976711400000004	734.97052	0.001913537271
733.6585693	0.0006266484852	735.0906982	0.0016548796560000006
733.7783813	0.0006160918419	735.2109375	0.004856835120000002
733.8981323	0.00066679884091	735.3311157	0.00947151798
734.0179443	0.0006688004942	735.4512939	0.02663415729
734.1377563	0.0005737367319	735.5714722	0.0285191511525
734.2575684	0.0005695934232999999	735.6916504	0.021048115569999998
734.3773804	0.0006689025318999999	735.8118896	0.014932326039999999
734.4971313	0.000915201497	735.9320679	0.011185126375
734.6169434	0.0009361802370000001	736.0522461	0.008828754072000001
734.7367554	0.00104441444323	736.1724243	0.006595359186
734.8565674	0.0009901905440000002	736.2926636	0.005635383539999999
734.9763794	0.0011587978807	736.4128418	0.005380807913
735.0961304	0.0018531262180000003	736.53302	0.004572660429
735.2159424	0.004076300188000001	736.6531982	0.0033375462499999984
735.3357544	0.010808883122	736.7734375	0.00342998374
735.4555664	0.013643605755	736.8936157	0.0029312284890999998
735.5753784	0.010144450007	737.0137939	0.0036012395280000005
735.6951294	0.007643909601	737.1339722	0.008826484909999998
735.8149414	0.0051511286289	737.2542114	0.036884847090000006
735.9347534	0.0031564238595	737.3743896	0.07780452678199999
736.0545654	0.0021230338606	737.4945679	0.067512174132
736.1743774	0.001642139236	737.6148071	0.049018185582
736.2941895	0.0016605678252	737.7349854	0.0352960499
736.4140015	0.0014313731809	737.8551636	0.025723807044999998
736.5337524	0.0013582266402	737.9753418	0.020607140375999998
736.6535645	0.0012969135132	738.0955811	0.016688794825
736.7733765	0.0013904635853	738.2157593	0.017697644420000002
736.8931885	0.0014829553258	738.3359375	0.066980922131
737.0130005	0.0025060533667	738.4561768	0.328388324953
737.1328125	0.010910845502299999	738.576355	0.641106470525
737.2526245	0.028981968528	738.6965332	0.52515417153
737.3724365	0.032110430768	738.8167725	0.37342168799119996
737.4921875	0.023469120382145	738.9369507	0.26556298760799996
737.6119995	0.017850861423	739.0571289	0.19238002411
737.7318115	0.0122136277535	739.1773682	0.15230366777
737.8516235	0.007524966670200001	739.2975464	0.11918897416899998
737.9714355	0.005481622881	739.4177856	0.09787077630999999
738.0912476	0.005933586508	739.5379639	0.078971668144
738.2110596	0.01841114926311	739.6581421	0.06385092996
738.3308716	0.13283631917949998	739.7783813	0.047770952102999996
738.4506836	0.364054806436	739.8985596	0.037618263969000004
738.5704956	0.3935899696549	740.0187378	0.02913595084
738.6903076	0.28372750160579996	740.1389771	0.02252005413
738.8101196	0.20706295590248	740.2591553	0.017943901941
738.9299316	0.133034004111	740.3793945	0.013622474853
739.0497437	0.0724824162856	740.4995728	0.011083653189999999
739.1695557	0.037664437084	740.619812	0.009933899159
739.2893677	0.02729316873582	740.7399902	0.007978898934
739.4091797	0.0228530671424	740.8601685	0.007157204206999999
739.5289917	0.018163017461369998	740.9804077	0.006383673286000001
739.6488037	0.014396768534	741.1005859	0.004938482309999999
739.7685547	0.012080630057	741.2208252	0.004521876573
739.8883667	0.00986381547218	741.3410034	0.007849297489999999
740.0081787	0.008769055013	741.4612427	0.009279515589999999
740.1279907	0.007917065406	741.5814209	0.007121050726000002
740.2478027	0.0071784853645	741.7016602	0.0053410585899999995
740.3676147	0.0061672645969	741.8218384	0.004607331474
740.4874268	0.005691252998	741.9420166	0.004393676289999999
740.6072388	0.0044612844649	742.0622559	0.0036628032130000005
740.7270508	0.0037930676476999998	742.1824341	0.0035098463999999998
740.8469238	0.0033448259931	742.3026733	0.0034013977269999997
740.9667358	0.0032993635398000003	742.4228516	0.0037195449599999996
741.0865479	0.0031412665260000003	742.5430908	0.004569650632000001
741.2063599	0.0038022533408999994	742.663269	0.0065631226604999995
741.3261719	0.004635258955700001	742.7835083	0.0069556653615
741.4459839	0.0042622078177	742.9036865	0.005476770920000002
741.5657959	0.0033164230989000004	743.0239258	0.004081275320000001
741.6856079	0.0027555078847	743.144104	0.0036209463139999995
741.8054199	0.002401331439	743.2643433	0.002988666064
741.9252319	0.0020693103146	743.3845215	0.0034174057659999988
742.0450439	0.0010758298306999998	743.5047607	0.0018370253999999975
742.164856	0.0005332035940000006	743.624939	0.00036596507000000167
742.284668	0.00031874887599999974	743.7451782	0.0002682432500000012
742.40448	0.00032139569499999975	743.8653564	0.00045613944000000295
742.524292	0.0003724489359999998	743.9855957	0.00012082978999999883
742.644104	0.0004137787040000007	744.105835	0.0001036412999999986
742.763916	0.00037394650300000016	744.2260132	0.0003367550599999991
