Wellenlänge 1	Intensität 1	Wellenlänge 2	Intensität 2
321.4651794	-0.0018256725749999994	321.4895935	0.0013521416200000021
321.5724487	-0.0046461315363000005	321.5973206	0.0007857587189999994
321.6797485	-0.00023673102299999992	321.7050476	-0.0008150141219999997
321.7870483	-2.6470980999999776e-05	321.8128052	0.0012468360299999967
321.8943481	0.0006035622209999997	321.9205627	-0.0033822078300000044
322.0016785	-0.0005133151999999995	322.0283203	-0.0007171500399999996
322.1089783	-0.00029651049411	322.1360779	0.001740749692
322.2163086	-0.00024826079600000044	322.2438354	-0.0007698051699999986
322.3236389	0.0009364560250000008	322.3516235	-0.0018492564600000039
322.4309692	0.0009227958510000002	322.4594116	0.0007167644799999998
322.5383301	0.0018254164599999997	322.5671997	-0.0003127327655000001
322.6456909	0.0014905468559999998	322.6750183	0.00044217519000000136
322.7530518	-0.0009022541349999998	322.7828064	-5.78984599999971e-05
322.8604126	-0.0007682014259999996	322.890625	-0.0005014529449999996
322.9677734	0.0005526556629999999	322.9984436	-6.910366899999998e-05
323.0751648	-0.00038115121500000015	323.1062622	-0.0005635395700000004
323.1825256	-0.000780389877	323.2141113	0.002116781659999999
323.289917	-0.0018831896600000004	323.3219299	-0.0011881671379999998
323.3973389	-0.0004998526765	323.4297791	-0.0006142174899999991
323.5047302	0.0003675415649999998	323.5376282	-0.00265983679
323.6121521	-0.0013546849369999998	323.6455078	0.0002203285699999974
323.719574	0.0020288680679999994	323.7533569	2.1190382000000133e-05
323.8269958	-0.0005323775099999994	323.8612366	-0.00048171170100000035
323.9344177	-0.00046884315099999987	323.9691162	-0.0018319748299999994
324.0418701	-0.001457289798	324.0769958	0.000457625829999999
324.149292	-0.0014667329379999998	324.1848755	0.00013367412600000066
324.2567444	-0.0015018274717	324.2927856	-0.00021609384000000065
324.3641968	-0.000986806582	324.4006958	-0.0007013650600000004
324.4716797	-0.00210144464	324.508606	0.000586630769999999
324.5791321	-0.0012245186369	324.6165161	-0.001220103349999998
324.686615	0.0007074191240000003	324.7244263	0.00023131910000000026
324.7940979	0.000186644145	324.8323669	0.0006815604900000001
324.9016113	-0.0001683209560000001	324.9403076	0.0018420442899999973
325.0090942	0.00033776182699999996	325.0482483	-0.00012434180800000028
325.1166077	-0.0009142677299999995	325.156189	-0.0011436659799999999
325.2241211	-0.0006002173760000003	325.2641602	-9.557233000000165e-05
325.3316345	-0.0007391459069999999	325.3721313	-0.0017053522200000011
325.4391479	-0.0021870065973000003	325.4801025	-0.00017816293999999878
325.5466919	0.0009307451500000005	325.5880737	-0.00012836605299999977
325.6542358	-0.0019497119359999995	325.6960449	-0.0032541472499999988
325.7617798	-0.0018557381110000002	325.8040466	-0.001189989038
325.8693237	0.00047513097499999983	325.9120483	-0.00042935833000000076
325.9768677	-0.0009720488449999993	326.02005	-5.455781000000132e-05
326.0844421	3.55044609999999e-05	326.1280518	0.002281731926
326.1920166	0.0009337319069999996	326.2360535	-0.0012425323980000003
326.2995911	-0.0033644982620000003	326.3440857	0.0006381315180000002
326.4071655	-0.0011549009939999999	326.4521179	0.0001926436089999999
326.5147705	0.0013406583990000012	326.5601501	-0.001128293570000001
326.622345	0.00017875945200000048	326.6681824	0.0005526822100000023
326.72995	-0.0009817774116	326.7762451	-0.0007601198303
326.8375549	-0.0010786941280000002	326.8843079	0.0008495282400000012
326.9451904	-0.000951317139	326.9923706	-0.00032799225999999987
327.0527954	0.0023874570615	327.1004333	0.0007333690300000001
327.1604309	-0.0017000753399999992	327.2084961	-0.002925639041
327.2680664	-0.0005047724120000002	327.3165894	-0.0029069560110000004
327.3757324	-0.0011685606443	327.4246826	-0.0019891769630000005
327.4833679	-0.0005067489109999998	327.5327759	-0.00045935343999999913
327.5910339	0.0013278112749999993	327.6408691	-0.0017855726180000002
327.6987	0.001243566629	327.7489624	-0.0007814252740000003
327.806366	0.0015204363156000001	327.8570862	-0.0018971578689999996
327.914032	-0.0024449232152	327.96521	0.0008346810900000043
328.0217285	-0.0011407360429999992	328.0733337	-0.0032384926469999995
328.1293945	-0.000650926376	328.1814575	0.0007127560679999999
328.2370911	-0.0014199106960000006	328.2896118	-0.0018383571900000006
328.3447876	0.0006468487558000001	328.3977661	0.0004617162000000036
328.4525146	0.0013702409634	328.5059204	-0.0005757017060000003
328.5602112	-0.0019328673370000004	328.6140747	0.003381234128
328.6679382	0.0005513818470000002	328.722229	-0.0013142097700000015
328.7756653	-0.00133338291	328.8304138	-0.0024115890200000004
328.8834229	-0.0008623506880000003	328.9385986	-0.00014106464000000069
328.9911499	-0.0017265386410000002	329.0467834	-0.0016556435148
329.0989075	-0.0017426141999000002	329.1549683	-0.0012803706340000004
329.206665	0.00047205667900000053	329.2631531	0.00029062666000000126
329.3144226	-0.0001298880525	329.3713684	-0.0005739874901999999
329.4221802	0.0003855500839999998	329.4795837	-0.0010554147900000005
329.5299683	-0.002523106639	329.5877991	-0.0008482281100000016
329.6377258	-0.00024200184230000008	329.6960144	-0.00023563951200000072
329.7455139	-0.0010611908509999997	329.8042603	0.0020405305509999996
329.8533325	-0.0005197059359	329.9124756	-0.000613909210000001
329.9611206	0.0001673828899999997	330.0207214	-0.0012449808129
330.0689392	0.00019681220800000024	330.1289673	0.0012542308829
330.1767273	8.355639899999996e-05	330.2372437	0.0009011419019999997
330.2845459	0.0006159488100000009	330.3454895	0.00011908169799999986
330.392395	-0.0019489433619999997	330.4537659	0.0011461824199999991
330.5002136	0.0001677571563	330.5620422	0.0012365947479999998
330.6080627	-0.0014385571689999998	330.6703186	-0.0005911150949999998
330.7159119	-0.0006735250359999993	330.7786255	-0.0008157942795000001
330.823761	0.0013620275999999994	330.8869019	-0.00064589642
330.9316101	0.001882824115	330.9952087	-0.0023067886940000004
331.0394897	0.0004544211550000007	331.1035156	0.0030454248200000034
331.1473694	7.261952799999995e-05	331.211853	-0.0016194784549999996
331.2552185	-0.0007179314300000007	331.3201599	-0.003365393729999999
331.3631287	-0.0011302376224	331.4284973	-0.0009601879800000025
331.4710083	-0.000873506768	331.5368347	0.00019406060999999954
331.5789185	-2.561463099999984e-05	331.6451721	-0.00033344328500000027
331.6868286	0.0019582179379999997	331.7535095	-0.0016089715000000004
331.7947388	-0.0002671699040000001	331.8618774	-0.003407969372
331.9026489	-0.0006141189950000002	331.9702148	0.000954321585
332.0105591	-9.422248700000015e-05	332.0785828	0.00019641779000000026
332.1184998	-0.0007168557500000002	332.1869507	0.004316300619
332.2264404	-0.0011717888989999994	332.2953491	0.0006609680199999995
332.3343811	0.0008809152060000004	332.403717	0.0005536880300000026
332.4423218	7.202662499999988e-05	332.5121155	0.00019635633000000124
332.550293	0.00048641953999999966	332.6205139	0.0013855397699999994
332.6582642	-0.0007663569409999994	332.7289124	-0.0007133707400000036
332.7662048	-0.00034111458800000025	332.8373413	-0.0003694749899999998
332.8742065	-0.0014848950090000001	332.9457703	1.9688159999999705e-06
332.9821777	-0.00013542221900000005	333.0541687	-0.001766279107
333.0901794	-0.00021749268999999953	333.1625977	0.0021100230599999936
333.1981506	1.8638056640000002e-05	333.2710571	0.0022841803699999996
333.3061523	-0.0009353067729999994	333.3794861	-0.0002740526099999996
333.4141846	0.00019433069899999975	333.4879456	0.0006054677099999999
333.5221863	0.001641949173	333.596405	-8.743256399999962e-05
333.6302185	-0.00203889776435	333.7048645	0.0003633480500000001
333.7382507	-0.0008381707589999996	333.813324	-0.0017584078000000003
333.846283	0.0018241642969999998	333.921814	-0.0012604556999999995
333.9543152	-0.00017526093900000015	334.030304	0.0023439154000000004
334.0623779	0.00016531930300000002	334.1387939	0.000433752517
334.1704102	0.0013586888059999996	334.2472839	-0.0025823749600000015
334.2784729	0.0006811085619999996	334.3557739	-0.0018996163269999998
334.3865356	-7.579673500000004e-05	334.4642944	2.7770179999997424e-05
334.4946289	-0.0024996513380000003	334.5728149	0.0013321870900000008
334.6026917	-0.0017851316369999993	334.6813354	-0.0014705378570000005
334.7107849	-0.0005907076409999998	334.789856	0.0011431489839999998
334.8188782	-0.001341661904	334.8983765	-0.0005694087599999991
334.9269714	0.000336597674	335.0069275	-0.0030180019098
335.0350952	0.0006003780290000007	335.1154785	-0.0019482597699999986
335.1431885	-0.0015434888189999997	335.2240295	0.0036359690199999975
335.2513123	0.0009253435128	335.3325806	-0.0036471132199999996
335.359436	-0.0012612823046	335.4411621	-0.0008754059699999997
335.4675598	0.0012154118159999998	335.5497131	-0.0025532976720000003
335.5757141	-0.0015037602279999998	335.6582947	0.0005819799840000002
335.6838379	0.0028688765593	335.7668762	0.00024657812900000025
335.7919922	0.0004269036580999999	335.8754883	-0.0018187444700000013
335.9001465	0.000863499474	335.9840698	0.000855140380000001
336.0083313	-1.674192000000003e-05	336.0926819	0.0006492287000000041
336.1164856	0.0013882713978000001	336.2012939	0.00060990826
336.2246704	0.0019954650200000004	336.309906	-0.0008911372858
336.3328552	-0.000169397098	336.4185181	0.0012371493500000002
336.44104	0.0005561475555000001	336.5271606	0.0009228326399999993
336.5492249	-0.0005589514039999999	336.6358032	-0.0025487854140000005
336.6574402	-0.0004680084530000006	336.7444458	-0.00101974234
336.7656555	-0.00011611869499999952	336.8530884	-0.0010217030647
336.8738708	0.0013674737420000002	336.961731	-0.0018783668060000005
336.9820862	-0.00072221359	337.0704041	-0.00090524648
337.0903015	0.00034312019100000025	337.1790771	0.00202176068
337.1985474	-0.0016913118300000002	337.2877502	0.0006224666720000003
337.3067932	-0.000707301777	337.3964233	-0.0012781433799999992
337.4150391	0.0003273733889999995	337.5050964	-0.0023623653679999993
337.5232849	-0.0023407377299999995	337.6138	0.0007845265800000001
337.6315613	0.00039857300000000016	337.7225037	-0.0017872718160000002
337.7398071	0.000781056006	337.8312073	0.00010155885999999989
337.8480835	0.003661469556	337.9399109	0.0020419266100000014
337.9563599	-0.001188194263	338.048645	-0.001518804579999998
338.0646667	-0.0011182250450000007	338.1573486	0.00037769822668
338.1729431	-0.000422416022	338.2660828	0.001915698870000003
338.28125	-0.00024621887099999986	338.3748169	-0.0018416629755000002
338.3895569	0.0005542148139999999	338.4835815	0.00045421673
338.4978638	-0.00020993826900000002	338.5923157	-0.0010960605286
338.6061707	0.0034017297439999997	338.7010803	0.0011083288099999998
338.7145081	-0.0003995979199999996	338.809845	0.0005690567199999989
338.8228455	-0.0008543783330000002	338.9186096	2.085138199999989e-05
338.9311829	0.0011788457630000004	339.0274048	-0.001449739794
339.0395203	-0.0018478985900000008	339.1361694	-0.0003230087400000019
339.1478577	-0.00025860482129999997	339.2449646	-0.0015037506790000002
339.2562256	-0.001619344111	339.3537598	-0.0008511329070000004
339.3645935	-0.0021359459500000003	339.4625549	-0.0014160694600000006
339.4729614	-0.00020811520500000008	339.5713501	0.002173954619999998
339.5813293	0.00032594613700000045	339.6801758	-0.0009942837099999983
339.6896973	-0.0017874385230000006	339.7890015	0.0002329554399999982
339.7980957	0.0012066273480000002	339.8978271	-0.005577176800000028
339.9064941	0.0010506780819999999	340.0066528	-0.0028787460199999997
340.0148926	-0.0009496256239999996	340.115509	0.0009213341400000005
340.123291	-0.0027853716159999993	340.2243347	0.0011256462900000007
340.23172	-0.0010183434900000003	340.3331909	-0.003291703759999997
340.3401489	0.0005784386309999998	340.4420471	-0.0006478264690000001
340.4485474	-0.0003877608106	340.5509033	0.0022087702479999995
340.5570068	-0.000588247785	340.65979	-0.0011359360059999997
340.6654358	-0.0013573202300000003	340.7686768	0.0025018882
340.7738647	-0.0015076911079999998	340.877533	0.0006041182200000016
340.8823242	0.001515560783	340.9864502	-0.0031592491999999986
340.9907837	0.00016136607200000017	341.0953369	0.00217936933
341.0992432	0.0009272322644	341.2042236	0.0007191728800000005
341.2077332	-0.0001018429169999998	341.3131409	0.002565914769999997
341.3161926	-0.0007750091609999999	341.4220581	0.00106343255
341.4246826	0.0004447145184	341.5309753	0.0001742583700000003
341.5331726	-0.0006390674970000003	341.6398926	-0.0014668777589999992
341.6416626	-0.00012112595099999894	341.7488403	-0.002266420049999999
341.7501831	0.0005435626980000007	341.8577881	-0.0017622392599999995
341.8586731	-0.00033243966709999993	341.9667358	-0.001264408231
341.9671936	-0.0011901706460000004	342.0756836	0.00036387518000000063
342.0757141	0.0012522195470000006	342.1846313	0.0010147951540000009
342.1842346	5.3447089999999944e-05	342.2936096	-0.0023186132300000023
342.2927856	-7.254630300000003e-05	342.4025574	-0.002867362113
342.4013367	-8.086999900000068e-05	342.5115356	0.000416942872
342.5098572	0.00013040046910000008	342.6205444	-0.0015972331159999995
342.6184082	0.0008133393710000002	342.7295227	-0.003015337976999999
342.7269897	0.00030550034699999926	342.8385315	0.0012876857000000009
342.8355408	-0.00017559016100000043	342.9475098	-0.00018330664000000552
342.9441223	-0.0003359753170000001	343.0565186	0.0005888212499999997
343.0527039	0.0005074148070000001	343.1655579	0.0005144439599999995
343.1612854	-0.0008933602359999997	343.2745667	-0.002228375519999999
343.2698669	-0.0012116054999999999	343.383606	-0.0024930853400000003
343.378479	-0.0010918499899999993	343.4926453	-0.002528901220000001
343.4870911	-0.0007660272530000001	343.6016846	-0.0032935822400000005
343.5956726	-0.0018419246189999997	343.7107239	-0.003445551149
343.7043152	-0.0013240925039999995	343.8197632	-0.0014279820000000013
343.8129272	-0.0010232850909999997	343.928833	-0.000217428431
343.9215698	-0.0012625561800000001	344.0379028	0.000917956466
344.0301819	-0.0004745526240000006	344.1469727	-0.0018509030299999965
344.1388245	-0.0001370916149999995	344.2560425	-0.00022015418000000033
344.247467	-0.0024748574949999998	344.3651428	-0.001545387786
344.3561401	0.0009787098969999998	344.4742126	-0.0008526213930000002
344.4647827	0.00022351759219999998	344.583313	-0.0013761111770999998
344.5734558	0.0013139754591	344.6924133	-0.0006847099869999999
344.6821289	-0.0020199668649	344.8015137	0.0008152928200000006
344.790802	0.0005844118999999998	344.9106445	-0.001820608976000001
344.8995056	-0.0017032589651990002	345.0197754	0.0014516077999999974
345.0081787	-0.0009335498330000002	345.1289062	0.0030180811900000007
345.1168823	0.0005281022749999992	345.2380371	0.00039525190399999997
345.2255859	-8.983002099999986e-05	345.347168	-0.00027349824099999996
345.3343201	-0.000979141914	345.4562988	0.002302451989999999
345.4430237	0.0020115622319999997	345.5654602	-0.0019747284239999994
345.5517578	-0.0008701906445	345.6746216	-0.001359445509
345.6604919	-0.0012849122300000008	345.783783	-0.0006094747220000002
345.7692261	-0.0018518509749	345.8929749	-0.0007767756469999991
345.8779602	-0.0004183538260000008	346.0021362	-0.0013792477600000005
345.9866943	0.000874151243	346.1113281	0.0008569024500000022
346.095459	0.0011979960829999999	346.22052	0.0002317810400000002
346.2042236	0.00017419177999999924	346.3297119	-0.000605229290000002
346.3129883	-0.001173567958	346.4389038	-0.0008902391409999998
346.4217529	6.519630500000009e-05	346.5481262	-0.0012294854899999996
346.5305481	0.0027368876620000003	346.6573486	-0.0016742084412
346.6393433	-6.593670699999929e-05	346.766571	0.00099464925
346.7481079	0.0009602184869999999	346.8757935	0.0006374232470000001
346.8569336	-0.0012783025741	346.9850159	-0.001151468139
346.9657288	0.001784172839999999	347.0942688	-0.005864024159999998
347.0745239	0.0005188348005	347.2034912	-0.0009296894999999998
347.1833496	-0.00059562712	347.3127441	0.0026362938810000004
347.2921753	-0.0007653902289999999	347.4220276	-0.0015796897930000003
347.401001	-0.0009564124009999991	347.5312805	2.183718600000037e-05
347.5098572	-0.0007727909800000002	347.6405334	0.0006382856519999997
347.6186829	-0.0002962030176	347.7498169	2.1293294000000046e-05
347.7275391	8.315778999999981e-06	347.8591003	0.0013664574362
347.8363953	0.0015941392192	347.9683838	1.514703000000256e-05
347.9452515	-9.035703299999998e-05	348.0776978	0.0006371410560000006
348.0541077	0.0005659423769999996	348.1869812	-0.00221717218
348.1629944	0.0008750737179999998	348.2962952	-0.002526663240000001
348.2718811	0.000347820111	348.4056091	-0.0010192389599999992
348.3807678	-0.0010787597860000002	348.5149231	4.260428200000008e-05
348.4896545	-0.00018806429599999962	348.6242676	-0.0013403566550000004
348.5985413	-0.0009243040120000001	348.7336121	-0.0007413649146
348.7074585	-0.000767608639	348.842926	0.01504841074
348.8163757	0.0005047356240000002	348.9522705	0.001013773959
348.925293	-0.0005400204100000001	349.0616455	0.00041392492099999977
349.0342102	-3.850599800000001e-05	349.17099	-0.002021513879999999
349.1431274	0.0012194747099999997	349.280365	-0.0009057652200000002
349.2520752	-0.0005720403280000002	349.3897095	-0.00226742588
349.3610229	0.00023375125599999977	349.4990845	0.00023252981999999887
349.4699707	-0.0012545408600000002	349.60849	-0.001169093419
349.5789185	-0.0013243346469999995	349.717865	0.00213969126
349.6878967	0.000696481671	349.8272705	7.486342999999882e-05
349.7968445	0.0002707783130000002	349.936676	-0.0011622775399999993
349.9058228	0.00042380578999999877	350.0460815	0.00046597048000000113
350.014801	-0.001929045888	350.1554871	-0.00013889745000000148
350.1237793	-0.0015378444218999998	350.2648926	0.0010671641210000002
350.2327881	-0.0007062695220000001	350.3743286	-0.0012479536230000001
350.3417664	-0.00018933811299999981	350.4837646	0.0013943798899999985
350.4507751	-2.8645619000001316e-05	350.5932007	-0.000926245004
350.5597839	-0.0007786768401	350.7026367	-0.0006097005679999998
350.6688232	0.00012042978799999948	350.8121033	-0.002064627595
350.777832	-0.0005015218045	350.9215393	-0.002529942900999999
350.8868713	-0.0008367213880000001	351.0310059	-0.0013960618519999997
350.9959106	-0.0011726017109999999	351.1404724	-0.002422818448
351.10495	-0.0013205129659999999	351.249939	-0.0005466565400000026
351.2139893	-0.0012016125260000002	351.359436	0.0002645221539999999
351.3230286	0.0016727838659999997	351.4689026	-0.002847796306
351.4320984	0.00021506240600000035	351.5783997	-0.0008899515959999997
351.5411682	2.0021688999999907e-05	351.6878967	-0.0017275521520000014
351.650238	-0.00037021352181	351.7974243	-0.0007580560630000011
351.7593079	0.0015721118540000002	351.9069214	-0.001262504141
351.8684082	0.000700720586	352.016449	0.0005054101299999999
351.9775085	-0.002311396645	352.1259766	0.00024504819899999995
352.0866089	-0.0032443684756000004	352.2355042	-0.00014143808999999945
352.1957092	-8.950056500000008e-05	352.3450317	-0.0017464924600000004
352.3048096	0.0018899397113	352.4545593	-0.003411373123999999
352.4139099	0.0013136679775	352.5641174	0.0008080191909999998
352.5230408	0.0012786173029	352.6736755	-0.0018242991070000002
352.6321716	0.00047524087100000046	352.7832336	-0.0026940610199999993
352.7413025	0.001125039765	352.8927917	-0.000835878541
352.8504333	0.0018610376870000006	353.0023804	-0.0003111618569999995
352.9595947	0.000446273829	353.1119385	-0.0005943644790000003
353.0687561	9.115505899999986e-05	353.2215271	-0.0009405445299999968
353.1779175	-0.000525811688	353.3311157	-0.0016930608545
353.2870789	-0.0007828497330000001	353.4407349	-0.0006822049699999992
353.3962402	0.0018980866299999994	353.5503235	0.00026895105999999967
353.5054321	-0.0020201644217	353.6599426	-0.002896387129999997
353.6145935	0.00048661697000000094	353.7695618	-0.00438196165
353.7237854	-0.00244303513	353.8791809	0.0012549494856000003
353.8329773	0.0007859310140000009	353.9888	-0.00012356135999999976
353.9421997	0.001123787835	354.0984192	-0.0008905675495000001
354.0513916	0.00089949416	354.2080688	-0.0007376540499999997
354.160614	-0.00027955626200000007	354.3177185	-0.00311065244
354.2698364	0.0005133002990000005	354.4273682	0.0005132630399999998
354.3790588	0.000157610513	354.5370178	-0.001947067680000001
354.4882812	-0.00024424190600000036	354.646698	-5.329493400000034e-05
354.5975342	0.0006588394749999999	354.7563477	-0.0031084553329999995
354.7067871	0.000892576762	354.8660278	-0.0011852616399999991
354.81604	-0.00028755050199999986	354.975708	-0.0016301907600000005
354.925293	-0.0017639170399999997	355.0854187	0.0003214231700000001
355.0345459	-0.0010954506000000002	355.1950989	-0.00292323681
355.1438293	0.00038425414899999994	355.3048096	6.422399999999988e-05
355.2530823	0.0008699124296000001	355.4145203	-0.0015214541999999994
355.3623657	-0.0009330669409999999	355.524231	-0.0003648400300000007
355.4716797	0.0008621159940000005	355.6339417	0.0012780204399999995
355.5809631	-0.0019593744069999995	355.7436523	-0.0005888054199999996
355.6902466	0.0011759032490000002	355.8533936	0.0003454145099999993
355.7995605	-0.003471209668	355.9631348	-0.0003893328830000004
355.9088745	-0.0010694696109999997	356.072876	-0.0017114103106
356.0181885	-0.00022148975400000008	356.1826172	-0.0006500747979999999
356.127533	-0.002950632246	356.2923889	-0.0042854467464
356.2368469	0.001320190495	356.4021301	-0.00016194908000000032
356.3461914	0.0020439773769999996	356.5119019	-0.0001642948489999998
356.4555359	0.00033209554339999994	356.6216736	-0.0005535692909999996
356.5648804	-0.00281752325819	356.7314453	-0.0031079212200000005
356.6742249	0.0009201164359999995	356.8412476	-0.0026375241600000016
356.7835999	-0.0006676171324	356.9510498	-0.001114132814
356.8929749	3.130966800000013e-05	357.0608215	-0.0016719084230000002
357.0023499	-0.00020176824200000007	357.1706238	0.0035167075699999994
357.1117249	-0.00033331807937	357.2804565	-0.0015782779129999997
357.2210999	-0.00011515198300000038	357.3902588	-0.001205957029
357.3305054	-0.000699307770000001	357.5000916	0.0014442950500000006
357.4398804	0.00021971808800000034	357.6099243	-0.0011653210999999983
357.5492859	6.679957700000006e-05	357.7197571	0.0022851247399999983
357.6586914	3.0189752000000375e-05	357.8295898	0.0016082847720000001
357.7681274	-0.0017398468914000002	357.9394226	-0.00195098948
357.877533	-0.00111091140567	358.0492859	-0.0009277693466999999
357.986969	0.00013044447400000002	358.1591492	0.0021854317749999998
358.096405	-0.00011592079000000057	358.2690125	0.002431422006
358.2058411	0.0006213732990000007	358.3788757	-0.001357700327
358.3153076	6.8973749e-05	358.488739	0.0019175223999999963
358.4247437	0.0005124439489999997	358.5986328	0.0032180398700000015
358.5342102	-0.00205512713018	358.7085266	0.0021144621999999993
358.6436768	0.00024394201999999995	358.8184204	-0.0003093546200000005
358.7531433	-0.0006846812321	358.9283142	0.0026726487629700002
358.8626099	0.0007514734750000002	359.038208	0.0017942581329999999
358.9721069	-0.0009671510200000002	359.1481323	-0.0014891028409999996
359.081604	0.0016224035059999994	359.2580566	-0.0005576238040000004
359.1910706	-0.0013525107061	359.367981	6.343331000000126e-05
359.3005981	-0.00023809284899999972	359.4779053	-0.0016196221119999998
359.4100952	0.0004054252060000001	359.5878296	0.0018312702890000004
359.5195923	-0.001359912102	359.6977844	0.0011415884359999998
359.6291199	-0.00042208679999999974	359.8077393	-0.00044187158399999933
359.7386475	-0.0008165385810000001	359.9176941	-0.0007589394220000002
359.848175	-0.0008483605930000001	360.0276489	0.0013661956473
359.9577332	0.0007355073470000006	360.1376038	0.001108410760000001
360.0672607	-0.00038262178	360.2475891	8.98577200000028e-05
360.1768188	0.0019291182999999993	360.3575439	-0.002959719859
360.286377	0.001035502646	360.4675293	-6.809784099999928e-05
360.3959351	-0.00013076653700000006	360.5775146	0.0007687280889999999
360.5054932	-0.00019605830300000078	360.6875305	-0.0036790966900000013
360.6150818	-0.0015934730761	360.7975159	0.0006734756710000001
360.7246399	0.0001603779389999999	360.9075317	-0.0005945749589999997
360.8342285	-0.0006593158470000002	361.0175476	0.0036240777408999996
360.9438171	-0.00040041049899999966	361.1275635	-0.0004961555799999993
361.0534363	-0.0007471842689999999	361.2375793	0.000626696270000001
361.1630249	0.000483345008	361.3476257	-0.0005365803367999999
361.272644	-0.0001526402770000001	361.4576721	0.001691676670000003
361.3822632	-0.0006401650599999996	361.5677185	-0.00213539787
361.4918823	-0.00302837696	361.6777649	6.348453000000129e-05
361.6015015	-0.0007180848629999999	361.7878113	-0.003519790713
361.7111511	-0.0011467307925000002	361.8978882	-0.001430543605
361.8207703	-0.0011672868277	362.0079346	-0.0005512498299999995
361.9304199	-0.0033508379998999998	362.1180115	0.00069197826
362.0400696	0.00286681205	362.2280884	-0.0010057045100000002
362.1497498	-0.0009513609110000003	362.3381653	-0.0003230497300000003
362.2593994	-7.43911805e-05	362.4482727	-0.0004393663299999996
362.3690796	-0.0006084744820000001	362.5583801	0.00036285445000000006
362.4787598	0.0016625276760000003	362.6684875	-0.0018618192990000003
362.5884399	-0.0006947396320000007	362.778595	-0.00012089125999999867
362.6981201	-0.0022341138680000002	362.8887024	-0.000125388848
362.8078003	-0.00038128253100000106	362.9988098	0.0011408077560000002
362.917511	-0.0014589801429999998	363.1089478	-0.0034822651650000002
363.0272217	-0.00011372449800000012	363.2190857	6.075016999999849e-06
363.1369324	-0.001769802533000001	363.3292236	-0.0021318960899999982
363.2466431	-0.0009635493042	363.4393616	-0.0033162429756
363.3563843	-0.0012809600449999999	363.5494995	0.0009514931600000005
363.466095	0.000488834455	363.659668	0.0006010582440000001
363.5758362	-0.0001062354999999994	363.7698364	0.0016670133919999995
363.6855774	0.0014489735469999997	363.8800049	-0.00012859143300000125
363.7953186	0.00018633669280000004	363.9901733	-0.001522173176000001
363.9050903	0.00023748516100000018	364.1003723	0.0008880328400000005
364.0148315	-0.0022851093669999994	364.2105408	0.00015545729600000002
364.1246033	0.0017150375059999997	364.3207397	0.005117951427
364.234375	0.0008990112699999997	364.4309387	-0.0031803846400000023
364.3441467	-0.0016473228457999998	364.5411377	-0.0009083112230000002
364.453949	-0.0008135297100000001	364.6513367	0.0016832017568
364.5637207	-0.000504289055	364.7615662	-0.000648165299112
364.6735229	0.002307274844	364.8717957	0.00026852637500000137
364.7833252	-0.0023482274300000005	364.9820251	-0.0019686557399999985
364.8931274	-0.00013772863900000064	365.0922546	-0.0016638077799999984
365.0029602	0.0008050161409999994	365.2024841	6.652809999999759e-05
365.1127625	3.554834899999995e-05	365.3127441	0.0001716867549999999
365.2225952	0.0008535730885	365.4229736	-0.000910785515
365.332428	0.0017632434610000002	365.5332336	0.0007749088099999989
365.4422607	-0.0010607293809999996	365.6435242	1.1578199999997402e-05
365.5520935	0.00022178256769999998	365.7537842	-0.0039694257425
365.6619568	0.0018359142704000003	365.8640442	-0.0013578441
365.7718201	0.0004052496509999999	365.9743347	0.0011999458000000046
365.8816833	9.704101800000033e-05	366.0846252	0.0008854353799999989
365.9915466	-0.0013519616332	366.1949158	-0.0011314400470000003
366.1014099	-0.00015184958499999974	366.3052063	0.0008110431899999975
366.2113037	0.0005002772814	366.4155273	-0.0007953913890000009
366.321167	-2.8513371999999357e-05	366.5258179	0.00041395029999999984
366.4310608	-0.0012392986685000002	366.6361389	-0.0035760244359999997
366.5409546	-0.0015789784949999997	366.74646	-0.0007208031599999993
366.6508789	0.0024459626879	366.8568115	0.00047055899599999997
366.7607727	-0.0006693082400000001	366.9671326	-0.0005557457920000002
366.870697	0.0006790221670000002	367.0774841	-0.00042337318899999957
366.9806213	-0.0004052860890000002	367.1878052	-0.000982088503
367.0905457	-0.002100939397	367.2981567	-0.00011971221000000101
367.20047	-0.0006339282270000001	367.4085388	-0.0029821037320000004
367.3104248	-0.0003420594139999997	367.5188904	0.0011426869023
367.4203491	0.0017575332900000003	367.6292725	0.0015890782239999998
367.530304	-0.0008166703626000001	367.739624	-0.00010926229899999983
367.6402588	-0.001099667512	367.8500061	-0.0011496460069999994
367.7502136	0.0013149637379	367.9604187	-0.0024132709900000007
367.860199	-0.0001816074360000003	368.0708008	-0.003626067190000002
367.9701538	-0.000375330681	368.1812134	0.0008460371749999997
368.0801392	0.0008791149590000004	368.2915955	-0.00014120806000000007
368.1901245	-0.000700954581	368.4020081	-0.0014153667720000008
368.3001404	0.0008069262840000001	368.5124207	-0.00114819314
368.4101257	-0.0010985913679999997	368.6228638	0.0007375013099999994
368.5201416	-0.0006747990850000003	368.7332764	-0.000778977439
368.630127	-0.0014174296520000004	368.8437195	-0.0004026275099999997
368.7401428	0.000624030829	368.9541626	-0.001263125101
368.8501892	0.00026509071999999967	369.0646057	0.000328712170000002
368.9602051	-3.837421499999988e-05	369.1750488	-0.0011263992599999974
369.0702209	-0.000605092384	369.2855225	0.00101243949
369.1802673	0.0004285287580000001	369.3959656	-2.6963649999999645e-05
369.2903137	-0.0014542140989999997	369.5064392	-0.00010593095799999938
369.4003601	0.0003475123080000004	369.6169128	-5.3968280999999035e-05
369.510437	-0.00185696804	369.727417	0.0010483372020000004
369.6204834	0.002716880292	369.8378906	0.00018011034000000106
369.7305603	-8.904003000000105e-05	369.9483948	-0.0014590509200000032
369.8406372	-8.748379000000049e-06	370.0588684	0.0013516442799999997
369.9507141	0.0015145284119999999	370.1693726	-0.0031065866300000015
370.060791	0.0005127289329999998	370.2799072	-0.0010943822559999995
370.1708984	0.00011370982999999975	370.3904114	0.0015666261399999992
370.2810059	-0.0009059001459999999	370.500946	-0.00021360441999999924
370.3910828	0.00043838936800000023	370.6114502	-0.0007402664050000004
370.5011902	-0.00042443664299999986	370.7219849	-6.738398299999983e-05
370.6113281	-0.003586244766	370.8325195	0.0004215221900000024
370.7214355	0.0017152568329999998	370.9430847	-0.0010561076919999995
370.8315735	-0.0010202979905	371.0536194	-0.0007424582719999999
370.9417114	-0.0022222548144	371.1641846	-0.002076514069999997
371.0518494	0.0005033072099999997	371.2747498	-8.803326699999975e-05
371.1619873	-0.0024616578599	371.3853149	0.0004576575099999973
371.2721252	0.0003318758679999999	371.4958801	-0.0005754451259999994
371.3822937	0.0006209998389999994	371.6064758	-1.0990540000000229e-05
371.4924622	-0.00028445385400000054	371.7170715	-0.000959942109999997
371.6026306	-0.001565691549	371.8276367	0.0010664458389999997
371.7127991	-0.0015824045989999997	371.9382629	0.0023278929299999987
371.8229675	-0.0010142363609999998	372.0488586	0.0010782741000000054
371.9331665	0.0022075036599999986	372.1594543	-0.0022156112681
372.0433655	-0.001421997091	372.2700806	0.0008608344949999997
372.1535645	-7.419351097e-05	372.3807068	0.0006370330230000007
372.2637634	0.0013410756359999998	372.491333	-0.0005523683509999992
372.3739624	-0.0008456814100000001	372.6019592	0.0016280559936999999
372.4841919	0.0001619150870000004	372.7125854	-0.00027376553099999965
372.5944214	0.0013217274130000005	372.8232422	-0.0007227948299
372.7046204	0.000504867170000001	372.9338989	-0.00046035973400000013
372.8148804	-0.0008474385829999997	373.0445557	0.00034187687500000005
372.9251099	-0.0015246015970000002	373.1552124	0.0007724855100000004
373.0353394	0.0008678699369999998	373.2658691	0.00252642296
373.1455994	-0.0014967322349999997	373.3765564	0.00120055303
373.2558594	0.0021685222311999997	373.4872131	0.000585233793
373.3661194	0.001691561193	373.5979004	-0.000537345185
373.4763794	-0.000886881375	373.7085876	0.001967543740000001
373.5866699	-3.791303609999993e-05	373.8193054	-0.0002886857800000024
373.6969299	0.00010780198500000022	373.9299927	0.001241544259999998
373.8072205	-0.00083305362931	374.0407104	0.0031966622909999996
373.917511	-0.0002845195120000001	374.1514282	-0.0002175876869999994
374.0278015	-0.0010949674760000001	374.262146	-0.0004554111500000013
374.1381226	6.339512699999987e-05	374.3728638	2.4106120999999817e-05
374.2484131	-0.0008852342140000004	374.4835815	-0.001684017480000001
374.3587341	-0.0008061733099999991	374.5943298	0.0008672867000000008
374.4690552	0.0012215392195	374.7050781	0.0030876752000000007
374.5793762	0.000899625942	374.8158264	0.0007357355199999992
374.6897278	-0.0012476663109999998	374.9265747	-0.001151247299
374.8000488	-0.00046688853699999996	375.037323	0.001736838374999999
374.9104004	-0.001043819356	375.1481018	0.00021828710999999973
375.020752	-0.0011118997354	375.2588806	-0.0014667287469999997
375.1311035	0.000528892968	375.3696594	-0.0016368218345
375.2414551	0.00018291047299999995	375.4804382	-0.0015060352452
375.3518372	0.00029498047700000007	375.591217	0.0007237121399999991
375.4621887	0.0017587411307	375.7020264	0.0002470811596
375.5725708	0.0010815775010000004	375.8128052	0.0006979797099999994
375.6829529	0.0019936640749999993	375.9236145	4.166003799999985e-05
375.7933655	-0.001076036482	376.0344238	-0.0010896399599999995
375.9037476	-0.00209446038941	376.1452332	0.0007332921960000001
376.0141602	-0.0003524027125	376.256073	-0.0010987455019999988
376.1245728	-0.0007755141699999999	376.3669128	-0.00038413797000000013
376.2349854	-0.0009437399860999999	376.4777222	-0.0005347118709999998
376.3453979	-0.0014123560389999999	376.588562	-0.0010914858500000006
376.4558105	0.00013266271000000017	376.6994324	-0.0009447583000000001
376.5662537	0.0012273809400000003	376.8102722	1.2172390000002309e-05
376.6766968	0.00023785838799999983	376.9211121	0.0004594176999999991
376.7871399	0.0015008026098	377.0319824	0.0022809310612000003
376.897583	0.001572638866	377.1428528	0.00024808221499999974
377.0080261	-3.622192879999993e-05	377.2537231	0.0008835983460000005
377.1184998	-0.0007225649897	377.364624	0.002196781340000002
377.2289429	0.0003248699939999997	377.4754944	0.0003034023687999999
377.3394165	0.002663667663	377.5863953	0.0011941669500000005
377.4498901	-0.00023861974399999987	377.6972961	-0.0005733355647
377.5603943	-0.0020380631317	377.808197	-0.00124058128
377.6708679	-0.0013005938379999997	377.9190979	-0.0012606149599999998
377.7813721	0.0008612154059999995	378.0300293	-0.0008010426600000009
377.8918762	-0.0004561934579999996	378.1409302	0.002370984292999999
378.0023804	-0.001521636848	378.2518616	0.0002645887440000001
378.1128845	-0.00015033432300000002	378.362793	0.0006050364999999995
378.2233887	-0.00044929725200000027	378.4737244	-5.249446200000004e-05
378.3339233	0.0006548641220000002	378.5846863	0.0008643507030000001
378.444458	-0.0010777495339999998	378.6956177	-0.0003441050600000023
378.5549927	0.0009546838700000004	378.8065796	-0.0008108876699999996
378.6655273	0.000539215282	378.9175415	0.0011798887572
378.776062	-0.00042474409599999995	379.0285034	-0.0001455864399999996
378.8866272	-0.0029197549420000007	379.1394653	0.0009207953700000006
378.9971619	-0.0011110432242	379.2504578	-0.00036099367000000035
379.1077271	-0.0007397389271	379.3614197	0.0021149758249999996
379.2182922	0.001679503824	379.4724121	0.002243893454
379.3288879	-0.002066371497	379.5834045	-0.00043934118000000036
379.4394531	0.001664020819	379.6944275	0.00020631775000000407
379.5500488	0.0013138437065999997	379.8054199	0.0007318445715
379.6606445	-0.0008768448609999995	379.9164429	-0.0008858703099999983
379.7712402	-0.000690676738	380.0274658	0.0008372664499999988
379.8818359	0.0009889435040000005	380.1384888	-0.0004980233500000001
379.9924622	0.0003495329289999998	380.2495117	5.7960860999999725e-05
380.1030579	0.0003877900311	380.3605347	0.0010681857243000001
380.2136841	0.00011089860349999998	380.4715881	-0.0015787864109999992
380.3243103	0.000524369068	380.5826111	0.0002136668199999997
380.4349365	0.0003730100580000002	380.6936646	0.000602695393
380.5455627	0.000626226887	380.804718	-0.0002349819999999999
380.6562195	0.0007732815570000002	380.915802	0.00027271919000000297
380.7668762	-0.0008364578239999998	381.0268555	0.0005540996700000023
380.877533	0.0011040223759999999	381.1379395	0.0009611230300000002
380.9881897	-0.0005992073569999999	381.2490234	0.0021867510516
381.0988464	0.0014956193049999998	381.3601074	-0.000946601273512
381.2095337	-0.0006865480100999999	381.4711914	0.0007696059547000001
381.3201904	0.000803346743	381.5822754	0.0003053685650000002
381.4308777	0.0010728592749	381.6933899	-0.0007942831199999993
381.5415649	-0.0026669107612	381.8045044	0.0011611851805
381.6522522	0.0009609430560000001	381.9156189	-0.0008640363799999988
381.76297	-0.0012488085780000008	382.0267334	2.4102629999998154e-06
381.8736572	-0.00037598935900000005	382.1378479	-0.0003311796681
381.984375	-0.0017985063022	382.2489929	-0.00036048143999999754
382.0950928	-0.0012033696746000001	382.3601074	-0.0002930436749999997
382.2058105	-0.0005530654460000001	382.4712524	-0.00287357345
382.3165588	-0.0016735671079999995	382.5823975	0.0033809570597
382.4272766	-0.0018111998209999996	382.693573	-0.0018612699350999999
382.5380249	0.0018204087399999996	382.804718	-0.0006102139600000001
382.6487732	-7.726834100000007e-05	382.9158936	0.001143210451
382.7595215	0.00227103848	383.0270386	-0.0002853814500000003
382.8702698	0.0009190845300000002	383.1382141	-0.0015423647120000007
382.9810486	-0.0005938262327	383.2494202	-0.0006487402130000001
383.0917969	0.000651812414	383.3605957	-0.0002699885499999992
383.2025757	0.002363452688	383.4718018	0.0015574405
383.3133545	-6.242236200000063e-05	383.5829773	-0.0005531795319999996
383.4241333	-0.0017789385745	383.6941833	-7.64430000000163e-06
383.5349426	-0.0019112130400000002	383.8053894	0.0029480448000000006
383.6457214	0.0012022789448999998	383.916626	0.006648391018
383.7565308	0.003889408894	384.027832	0.0036630663090000005
383.8673401	0.003422088455	384.1390686	0.003982827989999998
383.9781494	-0.00161268948385	384.2503052	-0.0008755857200000005
384.0889893	0.0006638469640000001	384.3615417	-0.0020477616927
384.1997986	-0.0024960497400000007	384.4727783	-0.00278896
384.3106384	0.0003737118099999999	384.5840149	0.0017274189699999984
384.4214783	-0.00041090859999999996	384.695282	-0.0027774991419999995
384.5323181	-0.0004329360090000005	384.8065491	-0.0009989030600000004
384.643158	-9.736045999999589e-06	384.9178162	-0.0013931519349999998
384.7540283	-0.0009032655500000007	385.0290833	0.0023574903609999993
384.8648682	0.0006704796099999996	385.1403503	-0.00016425387000000005
384.9757385	0.001233749557	385.2516174	0.0002309642729999995
385.0866089	-0.0019103345698999999	385.362915	-0.0010785015770000002
385.1974792	-0.0017439539079999998	385.4742126	0.0016840642200999997
385.3083801	-0.00032025109899999973	385.5855103	0.0022689979500000006
385.4192505	0.002923275577	385.6968079	0.0003204578530000002
385.5301514	-0.0020850826989999996	385.808136	-0.0006990153299999968
385.6410522	-0.0012953226690000002	385.9194336	-0.0009268657299999995
385.7519531	-9.154313010000003e-05	386.0307617	0.0009604813599999977
385.862854	-0.00039019866410000006	386.1420898	-0.0001460993660000005
385.9737854	-0.001432802528	386.253418	0.0013090376740000007
386.0846863	-0.0005444129930000001	386.3647461	-0.00085214898
386.1956177	0.00011500553299999966	386.4761047	-0.0008004736099999996
386.3065491	0.00016220053699999995	386.5874634	0.0005279427859999999
386.4174805	0.0007573154289999997	386.698822	-0.0008614175000000029
386.5284424	0.000548482407	386.8101807	0.001261129980000001
386.6393738	-0.0004701828579999996	386.9215393	-0.00012643612000000012
386.7503357	0.0004170425239999999	387.0328979	-0.0009266198620000001
386.8612976	5.162414100000042e-05	387.1442871	-0.0012832758950000003
386.9722595	0.0007928272240000003	387.2556763	0.000507873832
387.0832214	0.0015599890610000005	387.3670654	-0.00013485179000000125
387.1942139	0.0007296651599999985	387.4784546	0.0017264913699999995
387.3052063	-0.0003739690880000001	387.5898438	-0.0010745497380000007
387.4161682	-0.0013094660829999997	387.7012634	0.0003052041869999996
387.5271912	0.0012045190378	387.8126526	-0.00048227095999999955
387.6381836	-0.0011470821336	387.9240723	-0.001241013400000001
387.749176	0.0012764430141	388.0354919	-0.0003855861719999996
387.860199	0.0004420351470000002	388.1469421	0.0008447847800000003
387.9712219	0.0008520577394	388.2583618	-0.0013031037520000004
388.0822449	0.0006153120200000002	388.369812	-0.00029685814
388.1932678	-0.0008756152820000003	388.4812317	-0.002701488789
388.3042908	0.0006454212119999998	388.5926819	9.878701499999986e-05
388.4153442	-0.0005625747099999995	388.7041626	0.004039477560000001
388.5263672	-0.0005407233249999999	388.8156128	-0.0009278412614
388.6374207	0.0013209152900000003	388.927063	-0.001339104376
388.7484741	0.00045363092799999977	389.0385437	-0.0010728500700000025
388.8595276	0.0019082336801	389.1500244	0.0018902863379999992
388.9706116	-0.00011161604199999998	389.2615051	-0.001320303301
389.081665	0.00041374890100000054	389.3729858	-0.0009865546599999997
389.192749	-0.0012625781810000002	389.4844971	0.0019642945839999995
389.303833	0.0007540872319999996	389.5959778	0.002692117356
389.414917	-0.0017054771161	389.707489	0.0021478552380000005
389.5260315	7.661664799999985e-05	389.8190002	0.0006971526889999989
389.6371155	0.0007076165629999998	389.9305115	0.0005436353399999941
389.74823	0.0011829087740000003	390.0420532	0.0004903611259999999
389.8593445	0.0010367106047	390.1535645	-0.000704224687
389.970459	0.0014655762350000003	390.2651062	-0.00038688490160000005
390.0815735	-0.0011092423229999999	390.3766479	-0.0009464576146
390.1927185	0.0007681204000000007	390.4881897	-0.000759031623
390.303833	0.001538444684676	390.5997314	-0.0013891067399999998
390.414978	0.0023503200502999998	390.7112732	-0.0014646146400000004
390.526123	-2.4802517000000086e-05	390.8228455	-0.0015319846500000053
390.6372681	-0.000359233003	390.9344177	-0.0016898419699999997
390.7484436	-0.0008370068390000001	391.04599	0.000492312013999999
390.8595886	-0.0006764014250000006	391.1575623	2.4506821999999845e-05
390.9707642	0.0025731859638	391.2691345	0.0008695814799999993
391.0819397	0.0007234727379	391.3807373	-0.001130598596000001
391.1931152	-0.0011310062841999998	391.4923096	5.8782286999999565e-05
391.3042908	0.0014823548841	391.6039124	0.0015030186700000017
391.4154663	0.0008013695399999993	391.7155151	-0.0013148021000000017
391.5266724	0.0015762625265999999	391.8271179	-0.0011346740649999998
391.6378784	-0.000706796767	391.9387512	-0.00107273087
391.7490845	-0.0002639417070000004	392.050354	0.0037767039600000007
391.8602905	0.0002722721550000003	392.1619873	0.0012588808400000005
391.9714966	0.00036571850099999985	392.2736206	-0.0014900267120000008
392.0827332	-0.000539866742	392.3852539	0.0034599090000000006
392.1939697	0.0002621039750000001	392.4969177	-0.0019503533799999986
392.3052063	-0.0009103805060000001	392.608551	-0.0011315941810000002
392.4164429	0.0004731984809999996	392.7202148	-0.0003309333115
392.5276794	0.0023504077112	392.8318787	0.0005267930969
392.638916	0.0011805589310000001	392.9435425	0.0008348859799999983
392.7501831	0.0004813024752	393.0552063	0.004487831139999999
392.8614502	0.0015123542399999995	393.1668701	0.0023970380499999996
392.9727173	0.002105953638	393.2785645	0.002479895950000005
393.0839844	0.001771149225	393.3902283	-0.0010564620609999995
393.1952515	0.000525445682000001	393.5019226	0.0007208976899999997
393.3065491	0.0025298334659999994	393.6136169	0.0016330815899999983
393.4178162	0.0019766658079999997	393.7253418	0.0012226030200000008
393.5291138	-0.0012600085757	393.8370361	0.002805308902
393.6404114	0.0011667670624	393.948761	-0.0016139959900000004
393.7517395	0.001189365517	394.0604858	0.0015337372900000002
393.8630371	-0.001486959634	394.1722107	0.0017416225749999998
393.9743652	-0.0015220101920000002	394.2839355	-0.0016139550099999993
394.0856628	-0.00046912860099999985	394.3956604	0.0010910732600000004
394.196991	0.0016633181369999999	394.5074158	-0.00023251772000000212
394.3083191	0.0029804193475999998	394.6191406	0.0043582134000000015
394.4196777	0.0001906189130000003	394.730896	0.0012404341200000016
394.5310059	-0.0007857913149999993	394.8426514	0.001069340389
394.6423645	0.00045725423900000017	394.9544373	0.0021374057999999987
394.7537231	0.001947544864	395.0661926	0.00385121536
394.8650818	0.0018934533000000003	395.1779785	0.005848649879999999
394.9764404	0.0028286208399999997	395.2897339	0.015433165244
395.0877991	0.006994049995000001	395.4015198	0.01775086857
395.1991882	0.013658683745	395.5133057	0.008294263859999998
395.3105774	0.009029338605999998	395.6251221	0.00245155767
395.4219666	0.0032394781591	395.736908	0.0024877940299999996
395.5333557	-8.941278799999997e-05	395.8487244	-0.0004222746940000001
395.6447449	-0.0005605984479999998	395.9605408	-0.0017660069279999994
395.7561646	-0.0011240662999999988	396.0723572	-0.0013699885399999986
395.8675537	0.0018716895715	396.1841736	0.00047633797000000075
395.9789734	-0.0007586257993999999	396.29599	0.0007226467100000036
396.0903931	0.0007540206430000007	396.4078369	-0.0004618891689
396.2018127	-0.0013171964089	396.5196838	-0.0011144201857
396.3132629	0.0001486944674	396.6315308	-0.001300557749
396.4246826	-0.000467261998	396.7433777	0.0003046598279999998
396.5361328	-0.0008197231219999996	396.8552246	-4.9450434999999925e-05
396.647583	0.0004758555439999994	396.9670715	0.00013416167400000017
396.7590332	-0.0007047541435	397.078949	0.00219249912
396.8704834	-0.001101336441	397.1908264	-0.0010421522890000003
396.9819641	0.0005879695519999998	397.3027039	0.0004362622280000006
397.0934143	-4.9222726000000376e-05	397.4145813	0.002487039892
397.204895	0.00039259902999999943	397.5264587	0.000417040661
397.3163757	-0.000395535491	397.6383667	0.0012003886509999997
397.4278564	-0.001775336685	397.7502441	-0.0010554864999999993
397.5393677	-0.002033780794	397.8621521	0.0011429794833
397.6508484	0.0020416062400000004	397.9740601	-0.0017674645642
397.7623596	0.0013157101400000006	398.085968	0.0015926919870000002
397.8738708	0.0015986633950000003	398.1979065	0.00179346744
397.9853821	-0.0013019773179999998	398.3098145	0.0006951970867000001
398.0968933	0.001510619185000001	398.4217529	0.0015578716999999978
398.2084045	0.003099122085	398.5336914	0.0012151505800000002
398.3199463	0.00010854843999999995	398.6456299	-0.002121056663
398.431488	0.0018233517180000006	398.7575989	0.0014035514617000001
398.5430298	-0.0024331738239999996	398.8695374	-0.0007954891769999996
398.6545715	0.001874171198	398.9815063	0.001853356138
398.7661133	-0.0011352011930000003	399.0934448	5.808193000000038e-06
398.8776855	-0.0001243534489999993	399.2054138	0.0019495375499999981
398.9892273	-0.001607967773	399.3174133	0.0013096691110000003
399.1007996	9.324154239999995e-05	399.4293823	-0.0008717253803
399.2123718	-0.0006873826500000001	399.5413513	-0.00022962316999999843
399.3239441	-6.365217200000016e-05	399.6533508	0.000664135439999998
399.4355469	0.0007175430659999999	399.7653503	-0.001694272272
399.5471191	0.0021298039353	399.8773499	0.0005413638400000014
399.6587219	0.0010723541490000002	399.9893494	0.0035288711079999994
399.7703247	0.00305792037	400.1013794	0.00022883445499999994
399.8819275	0.0004267938784	400.2133789	0.0013113063760000002
399.9935303	0.001438804902	400.3254089	0.0005321670299999991
400.1051636	8.704792700000002e-05	400.437439	-0.0005713393920000007
400.2167664	0.0013740404970000002	400.549469	0.001842703670000001
400.3283997	0.0017032661944	400.661499	-0.0006260229299999993
400.440033	-0.001355277956	400.7735596	0.002338309306
400.5516663	4.428811400000038e-05	400.8855896	0.0017623435700000016
400.6632996	0.001298756106	400.9976501	0.000494776290000002
400.7749634	0.0014526410959999998	401.1097107	0.002006603410000002
400.8865967	-0.0005887530279999999	401.2217712	0.0004841126500000001
400.9982605	0.00313054875	401.3338318	0.0013148784600000001
401.1099243	0.001193318982	401.4459229	-0.0001439589540000001
401.2216187	0.0006759250530000002	401.5580139	0.0019658599050000006
401.3332825	-0.002228975296	401.6700745	0.0009547630330000003
401.4449463	0.00024394201999999995	401.782196	0.0002614986100000008
401.5566406	0.0023513741322999998	401.8942871	0.0037016440200000004
401.668335	0.001485187793	402.0063782	-0.0007230052433
401.7800293	0.003293174086	402.1184998	-0.0014490624890000003
401.8917236	0.001032625558	402.2305908	-0.00027877465000000073
402.0034485	0.00026862602600000087	402.3427124	0.00244957651
402.1151428	-0.00017864257000000001	402.454834	-0.00032420457000000014
402.2268677	-0.0007762829769999999	402.5669861	0.004126954474400001
402.3385925	0.0004554092880000001	402.6791077	0.0007350370320000008
402.4503174	0.0002488167959999992	402.7912598	0.0035520810610000005
402.5620728	0.002311096527	402.9033813	-0.0010764328760000004
402.6737976	-0.0015025301838999998	403.0155334	0.0002836722409999999
402.785553	7.088435799999966e-05	403.1276855	0.0024485599715
402.8973083	5.6851190000000015e-05	403.2398682	-0.0027965493499999966
403.0090637	0.0008309306579999999	403.3520203	0.0009457767000000013
403.1208191	0.0003990340049999999	403.4642029	-0.0010719112999999988
403.2325745	0.0015932607349	403.5763855	-0.0687752962
403.3443604	-0.001033804147	403.6885681	0.00041639897999999967
403.4561157	0.00033277634069999996	403.8007507	-0.00011148676000000135
403.5679016	0.0027132784020000005	403.9129333	0.002296359276
403.6796875	0.0025492254640000003	404.0251465	0.0006975680550000002
403.7915039	0.002143134363	404.1373291	0.002247305579999999
403.9032898	0.0017354176379999996	404.2495422	-0.0014288080900000007
404.0151062	0.001637578947	404.3617554	0.0015532571050999998
404.1268921	-0.0005555911339000001	404.4739685	0.000974241761
404.2387085	0.0012579733738	404.5862122	0.00045299506700000004
404.3505249	0.00044339674089999997	404.6984253	0.0006201056239
404.4623718	0.00020658527499999978	404.8106689	0.0154904254918
404.5741882	0.0028733568908999997	404.9229126	0.028064275621
404.6860352	0.01227578602	405.0351562	0.01915545948
404.7978821	0.022064147052	405.1473999	0.0055668940729999995
404.909729	0.012507963927999998	405.2596741	0.004144292319999993
405.0215759	0.0052774242937	405.3719177	0.00377395819
405.1334229	0.001498848025	405.4841919	0.0014429143630000007
405.2453003	0.0013700213984	405.5964661	0.0030513349900000014
405.3571472	0.001484551118	405.7087402	0.007584571839999998
405.4690247	0.0011990068020000001	405.8210144	0.005784016109999998
405.5809021	0.0047359177839999995	405.9333191	0.0033860988999999987
405.6927795	0.006555565517	406.0455933	0.003644685727
405.8046875	0.0014811689181	406.1578979	0.0016184896199999965
405.9165649	0.0016628128939999995	406.2702026	0.0018198043099999991
406.0284729	0.0007230335177	406.3825073	-0.0001429375260000006
406.1403809	-0.0006318197119999998	406.4948425	0.002341650429999998
406.2522888	0.001329392194	406.6071472	0.00023190397999999987
406.3641968	-0.00024178228340000004	406.7194824	0.000870201729999999
406.4761353	0.0005426192660000001	406.8318176	0.002265517600000001
406.5880432	0.0004760096780000002	406.9441528	0.0017968555910000007
406.6999817	0.000755690271	407.056488	-0.0005947444579999985
406.8119202	0.0003176231399999998	407.1688232	0.0008649104279999991
406.9238586	-0.0021711285219999997	407.281189	-0.0005552222713999999
407.0357971	0.0031421226450000003	407.3935242	0.00062390417
407.1477661	-5.038687999999944e-05	407.5058899	0.002169299871
407.2597046	0.0002063419599999984	407.6182556	0.009414222099999998
407.3716736	0.0006627489350000001	407.7306519	0.009765062476999998
407.4836426	0.007938507944	407.8430176	0.005602529970999999
407.5956116	0.012047363445	407.9554138	-0.0008576111899999996
407.7076111	0.006177848208	408.0677795	0.0018156357109999997
407.8195801	-0.000776941772	408.1801758	0.003033118330000001
407.9315796	0.0013993177560000002	408.292572	0.0033121686400000017
408.0435791	0.0009958837180000005	408.4049988	-2.4413690000002486e-05
408.1555786	0.001365058124	408.517395	0.0031834300600000025
408.2675781	0.002201464377	408.6298218	0.0014968948093
408.3795776	0.0026681259628	408.742218	0.001597907400000001
408.4916077	0.00139007237915	408.8546448	3.898749000000052e-06
408.6036377	0.004768727812	408.9670715	0.0030459556732
408.7156677	0.0019312056249999997	409.0795288	-0.0013334229600000004
408.8276978	0.001113487409999999	409.1919556	-0.0002902718299999992
408.9397278	0.00023072119799999978	409.3044128	0.0012575061900000004
409.0517578	0.0004999698067	409.4168396	-0.0009611733200000014
409.1638184	-0.002578515676	409.5292969	-0.0017478060909999994
409.2758789	0.0003618532790000007	409.6417847	-4.439428999999939e-05
409.3879089	-0.000762491022	409.7542419	-0.0005204025649999996
409.5	0.0015927556673	409.8666992	0.0005295025190000004
409.6120605	0.0006321785040000001	409.979187	0.0009278617800000041
409.7241211	0.001274927752	410.0916748	0.0004875427110000007
409.8362122	0.000589682721	410.2041626	0.0002835027400000002
409.9483032	0.0002706907690000005	410.3166504	-0.003542792059999994
410.0603943	0.0001300930453	410.4291382	0.0013101567748
410.1724854	0.0010055254679999996	410.5416565	-0.0003320677210000003
410.2845764	0.0001412271520000001	410.6541443	-0.0015835547780000004
410.3966675	-0.0003107632509999998	410.7666626	0.0036087976799999994
410.5087891	-0.0012695621700000003	410.8791809	0.007395754570000001
410.6209106	0.0028403699410000007	410.9916992	0.0046875280099
410.7330322	0.006077176658	411.104248	-0.0007243091239999997
410.8451538	0.003619852472999999	411.2167664	-0.0010402987828999999
410.9572754	0.0016947006809999998	411.3293152	-0.000798266149
411.0694275	0.0012228563500000008	411.441864	0.0018902863379999992
411.1815796	-0.0017186319449999997	411.5544128	0.0014445409199999992
411.2937012	-0.000444860928824	411.6669617	3.947876399999946e-05
411.4058533	0.00013747159400000035	411.7795105	0.0005336720499999996
411.5180359	0.0011649222580000001	411.8920898	0.0015948060900000012
411.630188	-0.0020665689369999997	412.0046692	-0.0004094382699999996
411.7423401	-0.0005993167870000007	412.1172485	-0.0020793620499999985
411.8545227	-0.0010079122150000001	412.2298279	-0.0005695931600000013
411.9667053	0.002161472104	412.3424072	-0.001456629480000006
412.0788879	-0.0012404627303	412.4549866	-0.0007734969300000026
412.1910706	-0.0011534071530000002	412.5675964	0.00034459214999999974
412.3032837	0.001590339816	412.6802063	-0.00034878985000000003
412.4154663	0.0015255305899999991	412.7927856	-0.0003864383330000002
412.5276794	0.0005414113399999998	412.9053955	-0.0016918394250000001
412.6398926	1.6946928000000083e-05	413.0180359	0.0012516444559999996
412.7521057	0.0005668862720000006	413.1306458	0.0014609969219999998
412.8643188	-0.0005711179689999999	413.2432861	0.0029433034299999952
412.9765625	-0.00048412836599999996	413.355896	-0.0006065899499999999
413.0887756	0.001382890623	413.4685364	-0.000572385733
413.2010193	-0.0014862564860000003	413.5811768	0.01062398963
413.3132629	0.0010691038329999998	413.6938477	0.01418600464
413.4255066	0.005674862303	413.806488	0.010190311819
413.5377502	0.008799335453	413.9191589	0.0018165605139999997
413.6499939	0.007288620802999999	414.0317993	0.0032150270419999995
413.7622681	0.00209462141354	414.1444702	-0.0008285585799999995
413.8745422	3.3681514000000363e-05	414.2571411	-0.0004579369000000007
413.9868164	0.00046412856360000007	414.3698425	-0.0016712360100000004
414.0990906	0.0003368393519999997	414.4825134	0.0024561155599999995
414.2113647	0.0028089871630000004	414.5952148	0.0011996959799999997
414.3236694	0.0020000330111	414.7078857	-0.001971889986
414.4359436	0.0018471362999999998	414.8205872	0.0021863814910000005
414.5482483	0.0022349115459999996	414.9333191	0.001220015809999999
414.660553	0.0013846259099999998	415.0460205	-0.0005195140840000001
414.7728577	0.0012610481933	415.1587219	0.00028415978799999986
414.8851624	-0.00012068636699999989	415.2714539	-0.001778775829999999
414.9974976	0.00047699781099999963	415.3841858	0.0015154342397
415.1098022	0.000374064082	415.4969177	-0.001060639974
415.2221375	-7.14045019999999e-05	415.6096497	0.0015928102659999999
415.3344727	0.00010995421280000006	415.7223816	-0.0010970102150000003
415.4468079	8.625769999999998e-05	415.8351135	0.0005271267
415.5591736	0.0025878124880000003	415.947876	0.0010099671700000007
415.6715088	0.0028506045050999997	416.0606384	0.0025236001239
415.7838745	0.00027297483700000017	416.1734009	0.012152174957000002
415.8962402	0.0032952166078	416.2861633	0.10485097764000001
416.008606	0.005756076309	416.3989258	0.14432463795
416.1209717	0.050725247596	416.5117188	0.05857447442
416.2333374	0.09594049723300001	416.6244812	0.014930995877000001
416.3457031	0.060542773227	416.7372742	0.00616672821
416.4580994	0.0179761968288	416.8500671	0.018572367729999997
416.5704956	0.006983201252	416.9628601	0.024892185815
416.6828918	0.012161980966999998	417.0756531	0.010675480589
416.7952881	0.015932980928000003	417.1884766	0.0046311351470000005
416.9076843	0.012359986546999999	417.3012695	0.0035222619800000035
417.0201111	0.0038324624763	417.414093	0.0017256401400000017
417.1325378	0.00023792427999999978	417.5269165	-0.005625503139999998
417.2449341	0.0026938202790000006	417.63974	0.0040178843760000004
417.3573608	0.003513009287	417.752594	-0.00167285325
417.4698181	0.0031990469430000002	417.8654175	0.0022397302100000006
417.5822449	0.0008200816810000002	417.9782715	0.0013840112369999996
417.6946716	0.0031592305749999997	418.091095	0.0005174130200000029
417.8071289	-0.0002259698230000001	418.203949	0.0021130864042
417.9195862	0.0029803975483	418.3168335	-8.635968000000015e-05
418.0320435	0.0019030724659999999	418.4296875	0.00029090977999999754
418.1445007	4.169787299999981e-05	418.5425415	0.005842145066999999
418.256958	0.0012564137499999975	418.655426	0.02810732276
418.3694458	0.006539709634	418.7683105	0.023773139339
418.4819336	0.015157408543	418.8811951	0.011592699676
418.5944214	0.021477904170999998	418.9940796	0.005062277428
418.7069092	0.011608900851599999	419.1069641	0.0028047799130000006
418.819397	0.00416713499	419.2198792	0.0033103106500000003
418.9318848	0.002603470812999999	419.3327637	0.0027106977069999995
419.0444031	0.0006671632873099999	419.4456787	0.019911060108999998
419.1568909	-0.0011462256079999998	419.5585938	0.06853372871
419.2694092	0.006475427653	419.6715088	0.058365042063
419.3819275	0.031675430599	419.7844238	0.015111815179999995
419.4944458	0.046793466431	419.8973694	0.007572151720000003
419.6069946	0.022366007442	420.0102844	0.004456363620000001
419.7195129	0.009922032479999999	420.12323	0.00784439314
419.8320618	0.001348345307	420.2361755	0.06639290228
419.9446106	0.0043927022193	420.3491211	0.131559904684
420.0571594	0.023195298156	420.4620972	0.1487291828
420.1697083	0.06931461772	420.5750427	0.20053230458000001
420.2822571	0.092173825949	420.6880188	0.118833323453
420.3948364	0.117697037776	420.8009644	0.029671827326
420.5073853	0.11220357104100001	420.9139404	0.012003435285
420.6199646	0.038450289049	421.0269165	0.007356252289
420.7325439	0.013805980796	421.1399231	0.003908712419999998
420.8451538	0.003167641931	421.2528992	0.00013543973909999995
420.9577332	0.002429842949	421.3659058	0.0031279549000000004
421.0703125	0.0047050837889999995	421.4788818	0.0010496515316
421.1829224	0.0019496094900000004	421.5918884	0.0011224537159999996
421.2955322	-0.0012255510080000003	421.704895	-0.00017946213499999905
421.4081421	0.0011514819930000001	421.8179321	0.0006943553450000002
421.520752	0.00022525247199999985	421.9309387	0.0013316320249999996
421.6333618	-0.00029449001800000004	422.0439758	-0.00047828303699999977
421.7460022	-0.0008406746199999997	422.1570129	0.0020427443100000005
421.8586426	0.00042387284299999993	422.2700195	0.0009212112050000013
421.9712524	0.002968824003	422.3830872	0.0025771027429999996
422.0838928	0.004311136668	422.4961243	0.0022144969599999995
422.1965637	0.0017432583265000001	422.6091614	-0.0025797784299999987
422.3092041	0.0013357395076000003	422.722229	0.0038386620599999977
422.421875	0.000461646822	422.8352661	0.004399307079999998
422.5345154	0.00200521574	422.9483337	0.000853687530000001
422.6471863	0.0011489562312	423.0614014	-0.00034870253800000023
422.7598572	0.0012188379189999998	423.1744995	0.0037727364099999997
422.8725281	0.0014060823017999998	423.2875671	0.008103287309999999
422.9852295	0.0016998841889999997	423.4006653	0.005133005558000001
423.0979004	0.0070915376422	423.5137329	0.003923119511
423.2106018	0.010804250372	423.6268311	0.00269752182
423.3232727	0.006226098281	423.7399292	0.001048511825
423.4359741	0.0023113384380000004	423.8530579	0.001798847689999999
423.5487061	0.002378210427	423.966156	0.002713304940000001
423.6614075	0.0004553436300000005	424.0792542	0.00332601124
423.7741089	0.0009986073128	424.1923828	0.0023393668269999987
423.8868408	0.0005532265640000001	424.3055115	0.002334706019
423.9995728	0.0028898719469999997	424.4186401	0.002363711600000002
424.1123047	0.005845042876	424.5317688	-1.071394000000045e-05
424.2250366	0.003579376260000001	424.644928	-0.0016174458439999996
424.3377686	0.00032886699800000006	424.7580566	0.0013100746442
424.450531	0.003140848596	424.8712158	-0.0007227178139
424.5632629	-0.000187910627	424.984375	0.0014608530329999997
424.6760254	0.0008266260849999997	425.0975342	0.0017799129700000003
424.7887878	0.001218859804	425.2106934	-0.0001606959850000006
424.9015503	-0.0005791562150000004	425.3238525	0.00032281945500000015
425.0143433	0.0019289653280000001	425.4370422	0.002410331624
425.1271057	0.00032491423199999987	425.5502014	0.011002413930000003
425.2398987	0.002024696209	425.6633911	0.012861155437000001
425.3526917	0.0039040353149999998	425.7765808	0.007044071340000003
425.4654541	0.009722072864	425.8897705	0.0025607712013
425.5782776	0.009993606011	426.0029907	0.0005304068299999999
425.6910706	0.004594792612	426.1161804	0.004439208659999999
425.8038635	0.0029628940389	426.2294006	-0.001970812211999999
425.916687	0.0026114211652	426.3426208	0.055005081020000006
426.0295105	0.00353275286	426.4558411	0.132306888686
426.142334	0.013901073717000001	426.5690613	0.07838648091799999
426.2551575	0.061654708344	426.6822815	0.0195200914749
426.367981	0.083379735709	426.7955017	0.006122165243000001
426.4808044	0.035429365465	426.9087524	0.004445521394
426.5936584	0.013250000772999999	427.0220032	0.018232322062
426.7065125	0.005629973137	427.1352539	0.04069676064
426.8193665	0.0046287671428	427.2485046	0.031368185647
426.9322205	0.017729459795999998	427.3617554	0.010138009675
427.0450745	0.030005254315999996	427.4750366	0.0011585280300000014
427.1579285	0.019370208031	427.5882874	0.017811639230000002
427.270813	0.007008171174000001	427.7015686	0.06573481205390001
427.3836975	0.0034791885409999994	427.8148499	0.062805510419
427.496582	0.022878678751999997	427.9281311	0.017800517384
427.6094666	0.046040517275000005	428.0414124	0.0077559258699999994
427.7223511	0.0303431752286	428.1547241	0.016984340271
427.8352356	0.012462393844	428.2680054	0.030691206449999994
427.9481506	0.005472420716	428.3813171	0.023311528379999998
428.0610352	0.016987837851	428.4946289	0.007933697546
428.1739502	0.0234376880695	428.6079407	0.0038292576792
428.2868652	0.0127547901382	428.7212524	0.0075055372439999995
428.3998108	0.005858307762299999	428.8345642	0.003309541384000001
428.5127258	0.001879024319	428.9479065	0.0015411079000000015
428.6256409	0.0032892432060000008	429.0612488	0.00269620307
428.7385864	0.0015016591356	429.1745605	-8.99629669999999e-05
428.851532	0.0025743939912	429.2879028	-0.0010073706499999988
428.9644775	-0.0015707644639999995	429.4012756	0.0017050569910000007
429.0774231	0.001201070845	429.5146179	0.0021691305447000004
429.1903687	0.001219826052	429.6279602	0.00033974181899999994
429.3033447	0.001164636691	429.741333	0.001516543096
429.4163208	0.00214289315	429.8547058	0.00118385069
429.5292664	0.0018630800769999997	429.9680786	0.0005841255180000001
429.6422424	0.0012911572120000003	430.0814514	0.0030122231700000016
429.7552185	0.000940606463	430.1948242	0.002227494493
429.8682251	0.0003200815999999992	430.3082275	0.0018350277099999993
429.9812012	3.669044240000002e-05	430.4216003	0.028942855312
430.0942078	0.0012522852050000002	430.5350037	0.06195018906000001
430.2072144	0.0066292026309999995	430.648407	0.040100341432
430.3202209	0.026434038065	430.7618103	0.00928307511
430.4332275	0.044402974193999994	430.8752136	0.005360117648
430.5462341	0.023966369685	430.9886475	0.0003382945429999994
430.6592407	0.008641827154	431.1020508	0.0013326788299999996
430.7722778	0.0033372513713	431.2154846	0.0006240624900000005
430.8853149	-0.0018100799060000003	431.3289185	0.006714526569999997
430.9983521	0.0004939958450000002	431.4423523	0.00431381585
431.1113892	0.002745299135	431.5557861	0.001686440777
431.2244263	0.005458364961	431.6692505	-0.0004055731115
431.3374634	0.0026097738882	431.7826843	0.001963971066
431.450531	0.00146425847573	431.8961487	-0.0002961792050000002
431.5635986	-0.0003343722783	432.009613	-0.001281746198
431.6766357	0.0034376373510000002	432.1230774	0.0020385697134
431.7897339	0.0014979913830000002	432.2365417	0.0019825925119
431.9028015	0.0008694512658	432.3500061	0.0031594960020000003
432.0158691	0.0009836294920000002	432.463501	0.0011743865899999997
432.1289673	-0.0014055697249999999	432.5769653	0.0002235844700000031
432.2420349	0.0006103267076	432.6904602	0.0019982419929999995
432.3551331	0.002327721566	432.8039551	0.0009948345829999998
432.4682312	0.0019644113198	432.91745	0.0026400815699999976
432.5813293	-0.0013670711770000002	433.0309753	-0.0006035007499999995
432.694458	0.0011996873650000003	433.1444702	-0.0020261835279999987
432.8075562	0.0010523251260000002	433.2579956	0.002819156735
432.9206848	-0.00031280587399999996	433.3714905	0.0002348292599999996
433.0338135	-5.653646079999998e-05	433.4850159	0.0066786482899999985
433.1469116	0.001590471482	433.5985413	0.016048843038
433.2600708	0.004695024345	433.7120972	0.05181495519
433.3731995	0.010912674482999998	433.8256226	0.06700934098
433.4863281	0.020415842997	433.9391785	0.04231223091
433.5994873	0.037634022762	434.0527039	0.027160596109999997
433.7126465	0.044713883192	434.1662598	0.008138384437
433.8258057	0.02812698949	434.2798157	0.004931665489
433.9389648	0.015210840856	434.3934021	0.004316392357999999
434.052124	0.006381168496	434.506958	0.003868092317000001
434.1652832	0.005330944608499999	434.6205139	0.0020192861552999998
434.2784729	0.0055008393249999996	434.7341003	0.0032594762799999996
434.3916626	0.0022530299620000006	434.8476868	0.0129339997655
434.5048218	0.0052011733644	434.9612732	0.021740772642
434.618042	0.004293260048	435.0748596	0.018511325122
434.7312317	0.010678938357000001	435.188446	0.03823290695
434.8444214	0.016049024878	435.302063	0.034099468970000005
434.9576416	0.028124594832999998	435.4156494	0.01271697879
435.0708313	0.050432765971	435.5292664	0.00698478892
435.1840515	0.042852420826	435.6428833	0.005135916057
435.2972717	0.018675694944	435.7565002	-0.00024905429000000173
435.4104919	0.007166646303999999	435.8701172	0.0014667417799999992
435.5237427	0.008112838957	435.9837646	-0.0010183975099999996
435.6369629	0.004001347115	436.0973816	0.0022663893199999993
435.7502136	0.003578718519	436.2110291	0.00022961990899999975
435.8634338	0.0010691694910000002	436.3246765	0.000547570176
435.9766846	0.0017743117639999998	436.438324	0.0028796507980000004
436.0899353	0.001919851173	436.5519714	0.0016994979269999988
436.2032166	0.0010122451929999998	436.6656494	0.0043532042770000005
436.3164673	0.0005152330259999998	436.7792969	0.005301066441
436.4297485	0.00070339981172	436.8929749	0.0011248970410000004
436.5429993	0.003531105816	437.0066528	0.0003641694799999991
436.6562805	0.001836814802	437.1203308	0.004184219986
436.7695618	0.003088558093	437.2340088	0.004499599104500001
436.8828735	0.002370963921	437.3476868	0.004817821784
436.9961548	0.0029247467751	437.4613647	0.010364608840000001
437.109436	0.005965304560999999	437.5750732	0.013793112011
437.2227478	0.0035362886992999997	437.6887817	0.006410721690000003
437.3360596	0.011566471074	437.8024902	0.0012141643099999998
437.4493713	0.015214924464000001	437.9161987	0.0030478755900000005
437.5626831	0.0068078818749999995	438.0299072	0.006408555430000001
437.6759949	0.0015138038429999999	438.1436157	0.004899458960000002
437.7893372	0.004330199329	438.2573547	0.0028615370400000006
437.9026489	0.0031363461150000008	438.3710938	0.007224608795
438.0159912	0.0015473831439999997	438.4848328	0.008385986089999999
438.1293335	0.004749731629	438.5985718	0.0013143606499999988
438.2426758	0.011031882957	438.7123108	0.0021667536340000005
438.3560486	0.007708833785	438.8260498	0.0025060717009999997
438.4693909	0.004399312196	438.9398193	0.008644659542999998
438.5827637	9.409803899999999e-05	439.0535583	0.003458281508999999
438.696106	0.003181389533	439.1673279	-0.0006866503969999997
438.8094788	0.00265064465959	439.2810974	0.0007751136999999998
438.9228516	0.0030157993309999995	439.3948669	0.0010756794300000004
439.0362244	0.0027408627795	439.5086365	0.0009969491500000007
439.1496277	0.0009820921986	439.6224365	0.00011296291000000014
439.2630005	-0.00029418244999999976	439.7362061	9.956723099999957e-05
439.3764038	0.0012153247409999995	439.8500061	0.003819629550000002
439.4898071	0.0002838904040000003	439.9638062	0.0023415740600000005
439.6032104	0.0011816348419999997	440.0776062	0.0006054779499999989
439.7166138	-0.0014453422917	440.1914062	-0.0002208775839999998
439.8300171	-0.0006097923030999999	440.3052368	0.00019693561000000068
439.9434509	0.0002848561860000001	440.4190369	0.008417382836
440.0568542	0.0011272800620000002	440.5328674	0.010906627399999997
440.1702881	0.0013870196409999998	440.646698	0.011706369930000002
440.2837219	0.008654191163	440.760498	0.003353767089999994
440.3971558	0.017177718928	440.8743591	0.0028241770339999996
440.5105896	0.010346901137999999	440.9881897	0.0021121779576
440.624054	0.006025675688	441.1020203	-0.0007029925479999999
440.7374878	0.0032619010598	441.2158813	0.0013102234806999999
440.8509521	0.0008098916150000007	441.3297424	0.0004729102360000008
440.9644165	0.0013147221766	441.4436035	0.0023825448000000006
441.0778809	0.0006105682987	441.5574646	0.0015942929299999995
441.1913452	0.0011729164980000002	441.6713257	0.000715625472
441.3048096	0.0002942557910000001	441.7851868	0.002226873301000001
441.4183044	0.0007095714100000001	441.8990784	0.0001405980499999994
441.5317688	0.0023157964461	442.0129395	0.0020378871119
441.6452637	0.0002828138000000001	442.1268311	-0.00012391060599999983
441.7587585	0.00113301212	442.2407227	0.0026619117699999972
441.8722534	0.0012160264889999996	442.3546143	-0.0010045133530000002
441.9857483	0.00027532479700000025	442.4685364	-0.00058552064
442.0992737	0.0006610578860000004	442.582428	0.003755100537
442.2127686	0.0028704579454999998	442.6963501	-0.001052478330000002
442.3262939	0.00014783797089999996	442.8102722	0.0028577188489999996
442.4398193	0.0025919632535899998	442.9241638	0.015180360519999998
442.5533447	0.0007366933859999998	443.0380859	0.032454766339999996
442.6668701	0.002534731059	443.1520386	0.018847563774
442.780426	0.013730300586	443.2659607	0.004068200475999999
442.8939514	0.032608753537	443.3799133	0.008700713983
443.0075073	0.0240488138495	443.4938354	0.012271441519999995
443.1210632	0.012184272291	443.6077881	0.008137958357
443.2345886	0.011086062065	443.7217407	0.00377516402
443.348175	0.011249960865	443.8356934	0.004115689550000003
443.461731	0.010163016737799999	443.9496765	0.0022647064149999997
443.5752869	0.0035184998411	444.0636292	-0.0009078183209999995
443.6888733	0.004847723991	444.1776123	-0.00015926454000000055
443.8024597	0.002077491605	444.2915649	0.00108858291
443.9160461	0.0016712464860000002	444.4055481	0.0008466783909999998
444.0296326	0.0014153723599999992	444.5195312	0.0017561838029999995
444.143219	0.0008163262978	444.6335449	0.001458466518
444.2568054	0.002124159596	444.7475281	-0.000902758909999999
444.3704224	0.0031632273450000006	444.8615112	0.0006088409600000025
444.4840088	0.001253339462	444.9755249	-1.4142715400000064e-05
444.5976257	-0.0020052965260000002	445.0895386	0.001171246170000001
444.7112427	0.0015236428000000002	445.2035522	0.000526207732
444.8248596	0.003995834385000001	445.3175659	0.0040182033570000004
444.9384766	-0.0008533022487999999	445.4315796	0.0020941775293
445.052124	0.00120484839462	445.5456238	0.0018339548259999998
445.165741	0.0004610099130000001	445.6596375	-0.0004193112300000003
445.2793884	0.00311016831282	445.7736816	-0.0009734332599999965
445.3930359	0.0013160837405900001	445.8877258	0.002036352176
445.5066833	0.0028857209260000002	446.00177	0.0029853321599999996
445.6203308	0.00023730937400000002	446.1158142	0.00047400314000000006
445.7340088	0.000563130714	446.2298889	-0.000683683436
445.8476562	-0.0002941605629999998	446.3439331	-0.00109752873
445.9613342	-0.0001468423290000001	446.4580078	0.0008054268550000002
446.0750122	0.0018584467440000002	446.5720825	0.0038806013700000003
446.1886902	0.0018442156719999997	446.6861572	-0.0005677044299999996
446.3023682	0.00038533029199999983	446.8002319	6.195483700000004e-05
446.4160461	-0.0006249677390000002	446.9143066	-0.0010500252300000013
446.5297241	-0.0004428842809999999	447.0283813	-0.001042685469
446.6434326	0.002251558471	447.1424866	-0.0014803148799999999
446.7571411	0.001502735308	447.2565918	-0.00029353128050000005
446.8708496	0.000205816585	447.370697	0.00206573308
446.9845581	0.0003762166019999997	447.4848022	0.0022840574400000008
447.0982666	0.0002782018855	447.5989075	-0.0002308152599999995
447.2119751	-0.002071027178	447.7130127	0.0026179035190000005
447.3257141	-0.0009648011761	447.8271484	0.006680362396000001
447.4394226	0.000687060529	447.9412537	0.008457520739
447.5531616	0.0022311126820000002	448.0553894	0.007058232552
447.6669006	0.0016658657695	448.1695251	0.0024911425999999993
447.7806396	0.0035171822531	448.2836609	0.0013629924499999994
447.8943787	0.0014249912053000001	448.3977966	-0.0007020481860000004
448.0081482	0.002704384504	448.5119629	0.0051912775959
448.1218872	9.308778679999999e-05	448.6260986	0.012227112888999999
448.2356567	-0.00018417701359999992	448.7402649	0.009015841177
448.3494263	0.00301777604159	448.8544312	0.003178708258999999
448.4631958	0.009485325769999999	448.9685974	0.0017997054400000004
448.5769653	0.010781542863	449.0827637	0.0019084662199999997
448.6907654	0.0046259779479999995	449.1969299	0.0017234524760000001
448.8045349	0.0038862244690000005	449.3111267	0.0006791520800000003
448.918335	0.003142210189	449.425293	0.0029810816099999984
449.0321045	0.0003934344269999998	449.5394897	0.0006538480500000009
449.1459045	0.0022353949029999994	449.6536865	0.002005793159999998
449.2597046	0.0025902059860000003	449.7678833	-0.00036467611999999906
449.3735352	0.0018302041569999996	449.8820801	0.00364922732
449.4873352	0.00048518995699999967	449.9963074	-0.001900221687
449.6011658	0.0008249133819999994	450.1105042	-0.0008747028180000008
449.7149658	0.00026094005499999987	450.2247314	0.00013573234899999986
449.8287964	0.0025867363439999996	450.3389587	0.0017281603099999973
449.942627	-0.0006101656473	450.4531555	0.00118338875
450.0564575	0.0003160636986000001	450.5674133	0.0020556256639999997
450.1703186	0.0007953529713	450.6816406	0.0011448478330000006
450.2841492	0.0017556666860000002	450.7958679	0.002756368369999998
450.3980103	0.0013870635299999998	450.9101257	0.000704508270000001
450.5118408	-0.0010343533939999997	451.0243835	-0.0003095353000000002
450.6257019	0.002275101375	451.1386108	0.0004897246545
450.739563	0.0014830796284	451.2528687	0.0018878220580000001
450.8534241	-0.0029982887789	451.367157	0.01334927603
450.9673157	0.0007945182739999999	451.4814148	0.05581980199000001
451.0811768	0.0012479373250000002	451.5956726	0.054078742859999994
451.1950684	0.004606256494	451.7099609	0.0198746634423
451.30896	0.026723535735	451.8242493	0.005664395170000003
451.4228516	0.0397490736808	451.9385376	0.0045555611143999995
451.5367432	0.020362101733	452.0528259	0.001947402959
451.6506348	0.012706255074	452.1671143	0.0016319472400000024
451.7645264	0.005198516417000001	452.2814026	-1.4645745999999817e-05
451.8784485	0.0017375699240000002	452.3957214	0.0014073084999999992
451.9923706	0.0003346211738000001	452.5100098	0.002790465950000001
452.1062927	0.00028345081899999996	452.6243286	0.013177254006
452.2202148	0.0014307233510000004	452.7386475	0.012502466794
452.334137	0.002604393289	452.8529663	0.007865959780000004
452.4480591	0.007703672513	452.9672852	0.0022818548609999994
452.5620117	0.009647337604	453.0816345	0.001350201667000001
452.6759338	0.006696558554	453.1959534	0.0034925521173
452.7898865	0.0036251230640000002	453.3103027	-0.0005757329060000005
452.9038391	0.004532245919	453.4246521	0.0027150809699999987
453.0177917	-0.0012518824080000003	453.5390015	0.0008110310900000008
453.1317444	-0.0008107626350000001	453.6533508	0.00013318611299999953
453.245697	0.00183288339708	453.7677002	0.0013661339761
453.3596802	0.002338285325	453.8820801	0.0016663358550000002
453.4736633	-3.898912099999986e-05	453.9964294	0.0027290367279999995
453.587616	0.0016299365673	454.1108093	0.0016836124705
453.7015991	0.0024227492979999998	454.2251892	-0.0005706604599999988
453.8155823	-0.0005173120880000001	454.3395691	0.0009949216619999993
453.9295959	0.0013255272069999996	454.453949	0.0007940083700000017
454.0435791	0.001627344987	454.5683594	-0.00334825553
454.1575928	0.0011479459276	454.6827393	-0.0005058795200000021
454.2715759	-0.0009720050729999999	454.7971497	0.004836448468
454.3855896	0.0011741020719999995	454.9115295	0.02491189155
454.4996033	0.0013880078917999999	455.0259399	0.02890626946
454.6136169	-0.00020251493020000003	455.1403503	0.0122407402368
454.7276611	0.011332624825	455.2547913	0.004036809317999999
454.8416748	0.024527949747	455.3692017	0.003461139280000001
454.955719	0.014906123513999999	455.4836426	-0.0007982302930000002
455.0697327	0.007919752502	455.598053	0.0014622798179999997
455.1837769	0.0020463494590000006	455.7124939	0.002939594909999999
455.297821	0.0015090378000000007	455.8269348	0.0011526867700000012
455.4118652	0.003940843045	455.9413757	-0.00016359169900000007
455.5259399	-3.327894900000041e-05	456.0558167	0.0013665190199000001
455.6399841	0.0011650540400000003	456.1702881	0.0008645611819999999
455.7540588	-0.000590290293	456.284729	-0.0009751096299999984
455.8681335	0.0018156436275	456.3992004	0.0028590738072
455.9822083	0.0011502519481000001	456.5136719	0.0016103172669999994
456.096283	0.0013178186500000001	456.6281433	-0.0002703964799999972
456.2103577	-0.0006289647426	456.7426147	0.00085067749
456.3244324	0.001389676996	456.8570862	0.0007459428199999979
456.4385376	0.003928083345	456.9715881	0.001143251546
456.5526123	0.0011428724969999998	457.0860596	0.003326386446
456.6667175	0.0041345440554	457.2005615	-0.0008707707749999998
456.7808228	0.002701749094	457.3150635	0.002600087780999999
456.894928	6.223190599999925e-05	457.4295654	0.0009606089399999997
457.0090637	-0.00046021188600000023	457.5440674	0.002495225519999998
457.1231689	0.0013473788280000004	457.6585693	0.00030783749999999804
457.2373047	-0.0009677442719999998	457.7731018	0.0031489208300000057
457.3514099	0.002103405538999999	457.8876038	0.0008618663989999999
457.4655457	0.0013297216499999999	458.0021362	0.0005672751000000004
457.5796814	0.004588401411	458.1166687	0.0018160878679999992
457.6938171	0.0037767240177	458.2312012	0.0033488273600000007
457.8079834	0.000751166139	458.3457336	0.011402985081
457.9221191	0.00047873286599999995	458.4602966	0.01348505169
458.0362854	0.001777935657	458.5748291	0.00790000707
458.1504211	0.01024089288	458.6893921	0.0027464005980999996
458.2645874	0.013259379664	458.8039246	0.002861922611
458.3787537	0.009495340988	458.9184875	0.00334784202
458.4929199	0.005001102579999998	459.0330505	0.0006757492669999998
458.6071167	0.0032851581930000004	459.147644	0.00014198384999999925
458.721283	0.0010196904184	459.262207	0.001739589672
458.8354797	0.0030201480261	459.3768005	0.020624922589999997
458.9496765	0.0019589867440000003	459.4913635	0.03051588498
459.0638733	0.0017928255250000001	459.605957	0.013137398288
459.1780701	0.007996925268800002	459.7205505	0.006444822070000002
459.2922668	0.022369105373	459.835144	0.003388578070000002
459.4064636	0.022339895836	459.9497375	0.004946560599
459.5206909	0.009530699341000001	460.0643616	0.013126835230000002
459.6348877	0.006460054778	460.1789551	0.009559923780999999
459.749115	0.004052868811	460.2935791	0.007942218329999997
459.8633423	0.0077764531013000005	460.4082031	0.0057886473954
459.9775696	0.004926697933	460.5228271	-0.0006403215200000006
460.0917969	0.006666537258	460.6374512	-0.0006425399300000016
460.2060547	0.005109461955300001	460.7520752	0.00013567064800000007
460.320282	0.0012764871358	460.8666992	0.0025810045189999997
460.4345398	-0.00033507496099999994	460.9813538	-0.0005568135530000006
460.5487976	0.0022369325169999997	461.0960083	0.0033528711599999997
460.6630554	-0.00013026144010000001	461.2106323	0.024541942399999996
460.7773132	0.0012274470650000002	461.3252869	0.042839398610999994
460.891571	0.0024641029883	461.4399414	0.029014447702999997
461.0058289	0.008999251645	461.5546265	0.009537698469
461.1201172	0.031374338078999996	461.669281	0.003233638126
461.2344055	0.040542085657	461.7839661	0.0016049640200000003
461.3486633	0.020996066622	461.8986206	0.004793290050000003
461.4629517	0.011538797989999999	462.0133057	0.0025502145300000043
461.57724	0.0070240719943	462.1279907	0.00023347883999999888
461.6915588	0.002950639464	462.2426758	0.0025225633874999998
461.8058472	0.0026902633259999996	462.3573914	0.0013088425619999997
461.920166	0.0020888457070000004	462.4720764	0.0026733109260000006
462.0344543	-9.382725689999986e-05	462.586792	0.00036106305100000024
462.1487732	0.00242356176	462.7014771	0.0009172228170000003
462.263092	2.0373147000000025e-05	462.8161926	-0.00014166533999999953
462.3774109	0.0015586273520000003	462.9309082	-0.0011800974600000014
462.4917603	-0.000964361912	463.0456238	0.0012973342099999972
462.6060791	0.0005174512038999999	463.1603699	0.007281895259999999
462.7204285	0.00025999572250000005	463.2750854	0.005232129239999999
462.8347473	0.0021100385348	463.3898315	0.003612430770000001
462.9490967	0.004237258108	463.5045471	0.00110868737
463.063446	0.006117300741900001	463.6192932	0.001983424183
463.1777954	0.0016444532660000004	463.7340393	0.001293147449
463.2921753	0.004956477322	463.8487854	-0.001352515070000001
463.4065247	0.0028350999344999997	463.963562	0.0036416162039000005
463.5209045	0.0007601046382000001	464.0783081	0.0019635656204
463.6352539	0.000740229327	464.1930847	0.0005486374700000001
463.7496338	4.42457379999997e-05	464.3078308	0.0028094612099999992
463.8640137	0.0013677811949999999	464.4226074	-0.0003303585109999999
463.9783936	0.0031855186681	464.537384	0.0018889874041000002
464.092804	-0.00016544386790000006	464.6521606	-0.0009108572270000006
464.2071838	0.0010465928349999995	464.7669678	-0.0002899737999999992
464.3215942	0.000942956657	464.8817444	0.0003970589019999999
464.4360046	0.0005410599989999999	464.9965515	-0.0015846798200000005
464.5503845	-0.000586447306	465.1113281	0.0009409412799999996
464.6647949	0.00037595303700000034	465.2261353	0.0016088545957999999
464.7792358	0.0012251409940000001	465.3409424	0.0008671991500000011
464.8936462	0.0021348111330000002	465.4557495	0.00039351639000000105
465.0080566	0.0019590745210000004	465.5705872	0.0018874323000000002
465.1224976	-6.182957399999967e-05	465.6853943	0.0013492424039999997
465.2369385	-0.0008892972547	465.8002319	0.002361126249999998
465.3513794	0.002004337497	465.9150391	0.0019074753507000001
465.4658203	-0.0006649377749999999	466.0298767	0.007155127819999999
465.5802612	0.002016108716	466.1447144	0.027060417461999997
465.6947021	-0.001057984191	466.259552	0.0209752899818
465.8091736	-0.00020031863899999973	466.3744202	0.006185179579999998
465.9236145	0.0141082817621	466.4892578	0.00108733587
466.0380859	0.021573283712	466.604126	0.0007197223599999976
466.1525574	0.015839315482000002	466.7189941	0.0005076788370000002
466.2670288	0.009636181523	466.8338318	0.0006801234599999994
466.3815002	0.00205935142	466.9487	-0.0013969494020000008
466.4959717	0.00118569794	467.0635986	0.001460478409
466.6104736	0.0029625207825999997	467.1784668	0.000956944423
466.7249451	0.0014094644577999998	467.293335	0.0015132585539999986
466.839447	-0.0007239924745999999	467.4082336	0.0003203917299999994
466.953949	0.0007792331746000001	467.5231323	0.0007230229599999999
467.0684509	0.0014371797439999999	467.6380005	-1.5107914000000132e-05
467.1829529	-0.0002232686966	467.7528992	0.002796024080000001
467.2974854	-9.29706439e-05	467.8678284	-0.000687820837000001
467.4119873	0.0010383796761	467.9827271	0.00018151848999999748
467.5265198	0.0024493669619999998	468.0976257	-0.0006117129239999997
467.6410217	-0.00018224422799999977	468.2125549	-0.00032747351000000056
467.7555542	-7.638975500000008e-05	468.3274536	-0.0005547807668
467.8700867	-0.0025206907155000003	468.4423828	0.0011819722129999995
467.9846191	-0.00048274459529999995	468.557312	0.0016341991800000004
468.0991821	-0.0011661228196	468.6722412	-0.0012442879379999995
468.2137146	0.000539983856	468.7872009	-0.00025299842999999995
468.3282776	0.001965773117	468.9021301	-0.0005576703669999995
468.4428406	0.002401995473	469.0170898	0.0011668521900000013
468.557373	0.002058890066	469.132019	-0.0028490897819
468.671936	-0.0003860038710000002	469.2469788	-0.000924381430000001
468.7865295	-0.00045603979400000126	469.3619385	0.000507617369
468.9010925	0.0005498002279999996	469.4768982	-0.0003870748332
469.0156555	0.004085305613000001	469.5918884	0.00011095777999999695
469.130249	0.0010751653385400002	469.7068481	-0.00014479574739999993
469.2448425	0.0017804611711000002	469.8218079	0.00040163658999999713
469.359436	-0.0015381299312	469.9367981	0.0013692239310000003
469.4740295	-0.00014565629000000023	470.0517883	0.0013667603194000002
469.588623	0.0010738036594	470.1667786	0.0021918434699999996
469.7032166	0.0007093297320000004	470.2817688	-0.0010553635699999987
469.8178101	-0.0002987287000000003	470.396759	0.0020440630599999968
469.9324341	0.0005982699810000002	470.5117798	0.010659604803999998
470.0470581	-0.0005005774437900001	470.62677	0.016759743453000003
470.1616821	0.0014417038770000003	470.7417908	0.011981800665
470.2763062	0.0017376358149999997	470.8568115	0.003457546698999999
470.3909302	0.008440659381	470.9718323	0.002968102691999999
470.5055542	0.0130901214412	471.086853	0.0005110204220000001
470.6201782	0.009169256314999999	471.2018738	0.00017757901000000145
470.7348328	0.0051279098264999995	471.3168945	0.0017904527499999975
470.8494873	0.004020278109	471.4319458	0.00223062559
470.9641418	0.0006510436070000002	471.5469666	-0.00011319295000000035
471.0787964	0.001485407585	471.6620178	0.0015573483000000006
471.1934509	-0.00029987073500000036	471.7770691	-0.0005828887200000007
471.3081055	0.0006095359559999999	471.8921204	0.0007359823299999992
471.42276	0.001187564805	472.0071716	-1.246947800000002e-05
471.5374451	8.860742700000012e-05	472.1222534	0.0015149004760000003
471.6521301	0.0002923668360000002	472.2373047	-0.0003867361229999999
471.7667847	0.0010546311972000001	472.3523865	0.0026179393750000004
471.8814697	0.0007975271726	472.4674377	0.0027326345400000007
471.9961548	0.0018752473399999995	472.5825195	0.002324596039999998
472.1108704	0.0002403181279	472.6976013	0.0004030745500000002
472.2255554	0.0016350320080000002	472.8127136	0.0029789023200000007
472.340271	0.0005104015580000001	472.9277954	0.006886050567
472.4549561	0.0011077562819999998	473.0428772	0.0213301908252
472.5696716	-0.001357561909	473.1579895	0.02081272193
472.6843872	0.001652776963	473.2731018	0.00403403712
472.7991028	0.00761138997	473.3881836	0.0022810181835
472.9138184	0.019974832068999998	473.5032959	0.009408169131400001
473.0285645	0.019981508611	473.6184387	0.00657657348
473.14328	0.010204919847	473.733551	0.002750024197
473.2580261	0.004038637853	473.8486633	0.006365183449699999
473.3727722	0.0060913199266	473.9638062	0.012360511349999999
473.4875183	0.0060090515769999995	474.078949	0.009142346680000003
473.6022644	0.0037808748016	474.1940613	0.005924100050000002
473.7170105	0.008994134607	474.3092041	0.005547440613999999
473.8317566	0.0161552541	474.4243469	0.0005453939082999999
473.9465332	0.014013275856999999	474.5395203	-8.418410999999973e-05
474.0612793	0.0054989723726	474.6546631	0.002427320924
474.1760559	0.004866303178	474.7698364	-0.0016510542500000024
474.2908325	0.002994760405	474.8849792	0.0004901045460000001
474.4056091	0.00023432262300000003	475.0001526	0.002569712700000004
474.5203857	0.001762760338	475.1153259	0.0012412760399999993
474.6351624	0.0020384877574	475.2304993	0.0016471447890000004
474.7499695	0.00012783089200000012	475.3456726	0.0008794097230000004
474.8647461	0.0006799008699999998	475.4608765	0.001502573489999999
474.9795532	0.001145376358	475.5760498	0.0006406111649999999
475.0943604	0.001335761277	475.6912537	0.0036613002302999997
475.2091675	-0.0006088699439999999	475.8064575	0.0008477205399999993
475.3239746	0.0029359702019999996	475.9216614	-0.00047590024000000036
475.4388123	0.0016266203019999997	476.0368652	0.0026540120133700003
475.5536194	0.001725293929	476.1520691	0.002690987895
475.668457	0.001656268723	476.2672729	0.0025784122407000003
475.7832642	0.00027776262869	476.3824768	0.0006202493532000001
475.8981018	0.0017959440301	476.4977112	0.002259316851999999
476.0129395	0.0023874129981	476.6129456	0.0002846833667
476.1277771	0.0004928321580000006	476.7281799	0.008678965969
476.2426147	0.001460481086	476.8434143	0.03389794006999999
476.3574829	0.0025947743709	476.9586487	0.035773527804000005
476.4723206	0.0008900512189	477.0738831	0.013006185182
476.5871887	0.008409232134000001	477.1891479	0.008986826980000005
476.7020569	0.027727707754999997	477.3043823	0.007936283948999999
476.816925	0.032211314654000005	477.4196472	0.0004714778620000001
476.9317932	0.018459901791	477.5349121	0.002002343535
477.0466614	0.009276779834	477.650177	-0.00027497654080000007
477.1615295	0.0070366337889999995	477.7654419	0.0019158758200000028
477.2764282	0.0017995458330000002	477.8807068	0.0013096025209999996
477.3912964	0.0003369492479999999	477.9959717	0.0008625849443
477.5061951	0.0023919593082	478.1112671	0.0027165804100000024
477.6210938	-6.090848999999905e-06	478.226532	-0.001577533780000001
477.7359924	0.0029962756670000004	478.3418274	0.0004980359200000006
477.8508911	0.0006284888955	478.4571228	-0.000971013679999997
477.9658203	3.196857900000013e-05	478.5724182	-0.0003649834600000009
478.080719	0.0005201086174	478.6877136	0.0021504164905
478.1956482	0.002200849587	478.8030396	0.0010775513900000006
478.3105469	0.0008223438629999993	478.918335	0.0011081742169999995
478.4254761	0.0008839680809999998	479.0336609	-0.0010964353569999999
478.5404053	0.00030053592999999997	479.1489563	-0.0008482076199999994
478.6553345	0.0007958141215999999	479.2642822	0.001196539029999999
478.7702942	0.00122224199	479.3796082	-0.0011293142999999999
478.8852234	0.00027405098100000006	479.4949341	0.00036087818499999993
479.0001831	-0.0005751150599999999	479.6102905	-0.0004943590600000013
479.1151123	0.001854889212	479.7256165	0.001402627443
479.230072	0.002004052047	479.8409729	0.0009409673500000004
479.3450317	0.0014020632949999995	479.9562988	0.0033663027000000005
479.4599915	0.0012575780270000002	480.0716553	-0.0012274631300000002
479.5749512	0.0018662430809999997	480.1870117	0.00149726957898
479.6899414	0.0030933240199999996	480.3023682	-0.00016034301999999848
479.8049011	0.0009096191489999998	480.4177246	-0.00048099830800000035
479.9198914	0.0029623890291	480.5331116	-0.0003331508489999996
480.0348816	-0.0002662478940000006	480.648468	0.004783551211000001
480.1498413	0.00021954253300000013	480.763855	-0.0016745881874
480.2648621	0.00099221617	480.8792419	0.008382229367000001
480.3798523	0.001409770920000001	480.9946289	0.027542851869999996
480.4948425	0.0019261761914	481.1100159	0.021798011385
480.6098328	0.0013140413207000001	481.2254028	0.009347962217
480.7248535	0.012271898565	481.3407898	0.003586537204
480.8398743	0.0322875859073	481.4562073	0.00336587149
480.954895	0.038880188364	481.5715942	0.0009168577379999997
481.0699158	0.0187550641107	481.6870117	0.002318610205
481.1849365	0.009312028124	481.8024292	0.0007175449299999994
481.2999573	0.006928670919	481.9178467	0.001390628510000002
481.414978	0.002877200488	482.0332642	-0.0018623992800000004
481.5300293	0.002593237092	482.1486816	0.0004728995260000002
481.6450806	0.0012208145342	482.2640991	-0.0005373659080000004
481.7601013	0.001113883685	482.3795471	-0.0013888142999999992
481.8751526	0.002541078138	482.4949951	0.001064551989999999
481.9902039	0.0012245260876	482.6104126	0.0018129257949999998
482.1052856	-0.0021113708498	482.7258606	0.00035876885500000003
482.2203369	0.0017987991453000001	482.8413086	0.0009564518115
482.3353882	-0.0001429547559999994	482.9567871	-0.0005557818809999999
482.45047	0.00027253571899999926	483.0722351	-0.0003654919499999996
482.5655518	0.0021443206350000004	483.1876831	0.00340547599
482.6806335	0.002469416706	483.3031616	0.0012204684400000006
482.7957153	0.0009316904470000002	483.4186401	-6.858026600000018e-05
482.9107971	0.002794536646	483.5341187	0.00032177227696
483.0258789	0.003013339593	483.6495972	-7.860359999996985e-06
483.1409912	-0.00032596103900000076	483.7650757	0.006259018559999999
483.256073	0.001367363846	483.8805542	0.0026646554399999967
483.3711853	-0.00038859537749999994	483.9960327	-0.0006093415429999994
483.4862976	-0.00023664301299999987	484.1115417	0.0034057125400000013
483.6014099	0.001002296921	484.2270203	0.0008509550300000029
483.7165222	0.0010554657928	484.3425293	0.0007276292900000002
483.8316345	0.0017240199663	484.4580383	-0.0012081793976999999
483.9467468	0.0011668768420999998	484.5735474	-0.0006089615639999994
484.0618896	0.0013687475580000002	484.6890564	0.001122782239
484.177002	0.0009325253780000002	484.8045959	0.0003422158770000003
484.2921448	0.000890710217	484.920105	0.0006943759510000002
484.4072876	0.0026943921110000003	485.0356445	0.0015992224199999974
484.5224304	5.136057700000016e-05	485.1511841	0.010043804064999998
484.6375732	-0.0002633924600000002	485.2666931	0.005657511996
484.7527161	7.268541999999991e-05	485.3822327	0.005414514337
484.8678894	0.002718879143	485.4978027	0.001930372789999999
484.9830322	0.010163061258299999	485.6133423	0.002936742269999999
485.0982056	0.013207439799	485.7288818	-0.0009684506799999999
485.2133789	0.007942921947300001	485.8444519	0.001593163239999999
485.3285522	0.006334171164999999	485.9599915	0.0008449386809999998
485.4437256	0.0009228838609999998	486.0755615	0.0007391702399999998
485.5588989	0.0017392830921	486.1911316	0.000953054049999999
485.6741028	0.00197240524	486.3067017	0.00030960329000000175
485.7892761	-0.0007912386209999994	486.4222717	0.0036623370840000004
485.90448	0.002137511965	486.5378723	0.012965522709999996
486.0196838	0.0017091520130000002	486.6534424	0.009089515544
486.1348572	0.0005061412230000003	486.769043	0.0043493034320000006
486.250061	0.004575290717	486.884613	0.0005637843859999999
486.3652954	0.010754310177	487.0002136	-8.474849000000145e-05
486.4804993	0.011867652760599999	487.1158142	0.0019892808
486.5957031	0.005313155532799999	487.2314148	0.0013845039069999999
486.7109375	0.0039206163499999995	487.3470154	0.0038312030919999997
486.8261719	0.003580958587000001	487.4626465	-8.314662000000195e-05
486.9413757	0.0034794302778000004	487.5782471	0.0029496918430000005
487.0566101	0.0012539322490000004	487.6938782	0.0004912442530000003
487.1718445	0.0026812809520000004	487.8095093	0.0011507365899999997
487.2871094	0.0008607106279999999	487.9251404	0.003390900799999999
487.4023438	0.0014859130610000004	488.0407715	0.008668538180000004
487.5175781	0.00146124966	488.1564026	0.009614812207
487.632843	5.540172420000001e-05	488.2720337	0.019429108597999997
487.7481079	0.0013676933009999998	488.3876953	0.057490229604
487.8633728	0.0040184769314	488.5033264	0.05060765147
487.9786377	0.0058536739090000005	488.618988	0.01854008436
488.0939026	0.01368740946	488.7346497	0.009225656280000001
488.2091675	0.044962508134	488.8503113	0.004360156139999998
488.3244629	0.064206382841	488.9659729	0.0020754432194
488.4397278	0.036062209747	489.0816345	0.002861434593000001
488.5550232	0.021561358589	489.1972961	0.009578186086999998
488.6703186	0.010686515132	489.3129883	0.012526001778999998
488.785614	0.0063120338019	489.4286499	0.00824653637
488.9009094	0.0038729817609000003	489.544342	0.002584822480000002
489.0162048	0.00595502602	489.6600342	0.003346608953000001
489.1315002	0.009917377028	489.7757263	0.003180247730000002
489.2468262	0.011744074989	489.8914185	0.0020336322500000004
489.3621216	0.0055912108436	490.0071106	0.001476394943
489.4774475	0.003023903584	490.1228333	0.0008802409290000002
489.5927734	0.0033884655571	490.2385254	0.002244232455
489.7080994	0.0032210304928	490.354248	-0.00258171745
489.8234253	0.002809734084	490.4699707	0.0014774827290000001
489.9387512	0.0006196377799999996	490.5856934	-0.0004230244089999998
490.0540771	0.0012985584912999998	490.701416	0.0014033821649
490.1694336	-0.00020117522200000003	490.8171387	0.0038098610815999997
490.28479	0.001397956162	490.9328613	0.003834312789999999
490.400116	0.001389874698	491.048584	0.0005504395799999992
490.5154724	0.003093060339	491.1643372	0.0011201845500000002
490.6308289	0.0011796583419999996	491.2800903	0.0011091036799999992
490.7461853	0.0019044340589999998	491.3958435	0.0021361690000000003
490.8615723	-0.000557721476	491.5115662	0.002001675777
490.9769287	0.002170520718	491.6273499	0.0002998299900000001
491.0923157	0.0025598118079999998	491.743103	-0.0007282569999999995
491.2076721	-0.0001743603499999996	491.8588562	0.0019302181899999993
491.3230591	0.0013320497239	491.9746399	-0.0010425979269999986
491.438446	0.002278395929	492.0903931	0.0014804909009999995
491.553833	0.0009278471702999999	492.2061768	0.0005989223699999994
491.66922	0.0019495869100000004	492.3219604	-7.073092299999997e-05
491.7846375	0.0015565849605	492.4377441	0.0022601895030000003
491.9000244	0.0005881236860000002	492.5535278	0.001923381347
492.0154419	0.0027467047329999997	492.6693115	0.0019273336509999998
492.1308594	0.001148912328	492.7850952	-0.0002957228569999996
492.2462463	0.0015023837909999998	492.9009094	-0.0016557050398
492.3616638	0.0005199329464999999	493.0167236	-0.00018190007538000002
492.4771118	-3.8022873999999946e-05	493.1325073	-0.0005718315949999999
492.5925293	0.0013324889881	493.2483215	0.00028868205999999993
492.7079468	-0.0008857832290000002	493.3641357	0.0019655521029999998
492.8233948	0.002004996407	493.47995	-0.00014677736899999967
492.9388123	0.0032479336950000004	493.5957947	0.0037683322999999998
493.0542603	-0.0021078791399999994	493.7116089	0.0034760353149999998
493.1697083	0.002996231429	493.8274536	0.0024923309700000014
493.2851562	-0.000743692159	493.9432678	0.0011652512500000007
493.4006042	0.0023688994701	494.0591125	0.0006762625708
493.5160522	0.006700292463000001	494.1749573	0.0012201089440000007
493.6315308	0.0038873004083	494.290802	0.002690993017
493.7469788	0.0044481553196	494.4066467	0.0009150812400000007
493.8624573	0.0026850802246999998	494.522522	0.0009550144889999999
493.9779358	0.0006308607412	494.6383667	-0.0028070677099999997
494.0934143	0.0005455175410000006	494.7542419	0.0005423352100000015
494.2088928	0.00041001523000000007	494.8700867	0.0038999188700000013
494.3243713	0.0013897209723	494.9859619	2.1816697000000274e-05
494.4398499	-0.00226316927	495.1018372	0.006203765050000001
494.5553589	-0.000575795886	495.2177124	0.0019300654500000007
494.6708374	0.0005994336679999998	495.3335876	0.0008798721249999994
494.7863464	0.0013699555167	495.4494934	-0.0018806715959999998
494.9018555	0.0012627393010000002	495.5653687	0.00026350561599999996
495.0173645	-0.0005027736770000001	495.6812744	-7.693841999999868e-05
495.1328735	0.00022086012199999997	495.7971497	0.0023514181400000004
495.2483826	-8.278060699999992e-05	495.9130554	0.00217727572
495.3638916	-0.00016329134799999978	496.0289612	0.0046317868980000005
495.4794312	-0.0014100500849999998	496.1448669	0.001761095596
495.5949402	-5.835923399999995e-05	496.2607727	0.0008646841160000005
495.7104797	0.0017069559549999999	496.376709	0.0012374110519999997
495.8260193	0.002120096702	496.4926147	-0.0006431136300000008
495.9415588	0.00316586293008	496.608551	0.0011665131899999993
496.0570984	0.0019857583100000003	496.7244873	0.00668367825
496.1726379	0.0017986455345	496.8403931	0.016649385916
496.288208	-0.0002987287000000003	496.9563293	0.009672683670000001
496.4037476	0.0016137071654	497.0722961	0.003095589580000002
496.5193176	0.004056119243999999	497.1882324	0.0023693265399999993
496.6348877	0.012350850622	497.3041687	0.003079656513
496.7504272	0.017086006235	497.4201355	0.004598115569999998
496.8659973	0.008814510657	497.5360718	0.0038109081802000003
496.9815979	0.006909498247	497.6520386	0.001717559989999999
497.097168	0.001808615867	497.7680054	0.0018135830800000002
497.212738	0.003864614293	497.8839722	-0.0006983540899999988
497.3283386	0.0016871464611000002	497.999939	-0.0007372014199999999
497.4439087	0.00183472826	498.1159058	0.0014584250749999994
497.5595093	0.00175625924	498.2319031	-0.0006332136700000005
497.6751099	0.0005293982100000004	498.3478699	-0.002459055744
497.7907104	0.002126685111	498.4638672	0.0013292505175999999
497.906311	0.0008386834519999997	498.5798645	5.912128800000024e-05
498.0219116	-0.00214455463	498.6958313	0.0021355366400000013
498.1375427	-0.001312452718	498.8118286	0.0014881081899999968
498.2531433	0.004185341182	498.9278564	0.00024866219600000027
498.3687744	0.0013916316669999999	499.0438538	-0.0008749281980000006
498.4844055	0.002356842626	499.1598511	0.0020555744409999997
498.6000366	-0.0001268794289999999	499.2758789	0.0008433063049999999
498.7156677	-0.0015348577799999992	499.3918762	0.0016101941000000002
498.8312988	0.0022280160339999996	499.5079041	-0.0007455376899999991
498.9469299	0.001576855663	499.6239319	0.0035861470972000003
499.0625916	0.001658398658000001	499.7399597	0.0024056546300000037
499.1782227	3.365986000000015e-05	499.8559875	-0.0014145807370000004
499.2938843	0.0010191413749	499.9720459	-0.0019015465000000002
499.4095459	0.0011315407462	500.0880737	-0.0007986770939999999
499.5252075	0.0011814592869999994	500.2041016	-4.3859710000000024e-05
499.6408691	0.0004002647469999992	500.3201599	0.0012957751699999992
499.7565308	-0.00033160496900000013	500.4362183	0.0013242401200000004
499.8721924	0.0019252099008	500.5522766	0.0015535189299999998
499.987854	0.0013493335569999998	500.668335	-0.0004937834999999974
500.1035461	0.0005252915429999998	500.7843933	0.0016662434209999996
500.2192383	-0.0009183739310000003	500.9004517	0.00020771799600000085
500.3348999	0.00020052376200000019	501.0165405	-0.000799354631
500.450592	0.0017295973370000002	501.1325989	0.002642001960000001
500.5662842	-0.00027764550031	501.2486877	0.006666960657000001
500.6820068	0.0011449153530000001	501.3647766	0.006868953642000001
500.797699	0.0011666352948	501.480835	0.0009725834239999991
500.9133911	0.00011127196189	501.5969238	0.0019363463000000025
501.0291138	0.004363668616999999	501.7130432	0.0023378988259999994
501.1448364	0.009254291417	501.8291321	0.00011800369200000004
501.2605286	0.008445249172	501.9452209	0.004813885319999999
501.3762512	0.004530972336	502.0613403	0.010789968070000003
501.4919739	0.0038142124834	502.1774292	0.0067380642287
501.6077271	0.000525027979	502.2935486	0.000751810847
501.7234497	-1.546810299999984e-05	502.409668	0.0024299488287
501.8391724	0.0068218279659999995	502.5257874	-0.00028051435999999763
501.9549255	0.008785807061000002	502.6419067	0.0018743788800000011
502.0706787	0.008114683442	502.7580566	-0.0007760105699999992
502.1864014	0.003401510418	502.874176	0.0016699898999999983
502.3021545	0.002335847501	502.9902954	-0.00077698566
502.4179077	0.0025911724663	503.1064453	-0.0039824414999999995
502.5336609	-9.442016000000002e-05	503.2225952	-0.00020289886699999954
502.6494446	-0.0019265203155	503.3387451	0.001257937399999999
502.7651978	3.5768026000000154e-05	503.454895	0.0024146437599999997
502.8809814	-0.000265259296	503.5710449	0.0022051362320000003
502.9967346	0.0018327955947	503.6871948	0.003755208454
503.1125183	-0.001447846065	503.8033752	0.00104562752
503.228302	0.0003597233450000001	503.9195251	0.0034757275139999998
503.3440857	0.0007580621171000002	504.0357056	0.002272613350000001
503.4598694	0.0014449761948	504.1518555	-0.0010969485150000005
503.5756836	0.0009675535840000006	504.2680359	0.0019426443619999997
503.6914673	-0.00013700407000000019	504.3842163	0.002918722109999999
503.8072815	0.002606325783	504.5003967	6.529129999999911e-05
503.9230652	0.0022584766266	504.6166077	-0.0006463429890000002
504.0388794	0.0018085064380000005	504.7327881	-0.00010881060800000016
504.1546936	0.0047136046879999996	504.848999	-0.00045787543000000083
504.2705078	0.0007237582472	504.9651794	0.0018415153099999998
504.386322	0.0003317222000000001	505.0813904	0.0032516282519999998
504.5021667	9.524007300000005e-05	505.1976013	0.004745004232999999
504.617981	-1.5050870999999948e-05	505.3138123	0.003997127933
504.7337952	0.0005140691059999994	505.4300232	0.004581095649999999
504.8496399	0.00252076380276	505.5462341	0.002005793159999998
504.9654846	0.0036275389718000003	505.6624451	0.0017944737339999997
505.0813293	0.0034942761990000007	505.7786865	0.004518092261
505.1971741	0.002985558589	505.894928	0.0026911572782
505.3130188	0.0031837835273	506.0111389	0.003908764570000001
505.4288635	0.0020567597242999998	506.1273804	0.004368981929
505.5447388	0.005381917119000001	506.2436218	0.00672443677
505.6605835	0.0024681000509999998	506.3598633	0.004506712779999998
505.7764587	0.0018909499628000002	506.4761047	0.010473848316
505.892334	0.002111795358	506.5923767	0.008502680810000003
506.0081787	0.0005936139496	506.7086182	0.004369839327
506.124054	0.0024535832929999998	506.8248901	-0.0021622702500000007
506.2399597	0.006335796323	506.9411316	0.0007318138369999999
506.355835	0.0078116359069	507.0574036	0.0028422232719999994
506.4717102	0.010176435108	507.1736755	0.00164729869
506.587616	0.005375768349400001	507.2899475	0.0020415773599999996
506.7034912	0.0038886182593999997	507.4062195	0.003775784743000001
506.819397	0.0029217822010000004	507.522522	0.002614433410999999
506.9353027	0.0008678699369999998	507.6387939	0.0034600980599999998
507.0512085	0.0021790415049999998	507.7550964	0.0021304194820000004
507.1671143	0.0026657540728	507.8713684	0.0016161706300000002
507.28302	0.0019637305527	507.9876709	0.0004688091580000008
507.3989563	0.0034323451100000003	508.1039734	0.001680009070000002
507.5148621	0.0021606376390000005	508.2202759	0.00440924894
507.6307983	0.00091067329	508.3365784	0.002986636018
507.7467346	0.0020054355270000004	508.4529114	0.0013642450800000006
507.8626404	0.001996102044	508.5692139	0.0006665475699999951
507.9785767	0.0014642365497600002	508.6855469	0.0022877324400000024
508.0945129	0.0028142142113	508.8018494	0.0017942427650000001
508.2104797	0.00020586058900000002	508.9181824	0.0010659885599999998
508.326416	-0.0003529956443	509.0345154	0.0033455309450000003
508.4423523	0.001236494863	509.1508484	0.0058442964219
508.5583191	0.0010178016675	509.2671814	0.0034558123440000003
508.6742859	0.0016666343144	509.3835144	0.002931906842
508.7902527	0.0017821956399999995	509.4998779	0.0046350937299999995
508.9062195	0.0009424954190000001	509.6162109	-0.00015792437000000312
509.0221863	0.00470449077	509.7325745	0.001141937566
509.1381531	0.0024611599514	509.848938	0.0022392943499999988
509.2541199	0.0035784769574	509.965271	0.001759242732
509.3700867	0.003289879765	510.0816345	0.0024707792299999993
509.486084	0.003115658881	510.197998	0.00367623567
509.6020813	0.0014261551551	510.3143921	0.0018533817490000003
509.7180786	-0.0011146450409999999	510.4307556	0.00024002417999999942
509.8340454	0.0010725079339999998	510.5471497	0.00045255364960000005
509.9500427	0.0005942508574	510.6635132	0.00013179984000000027
510.0660706	0.0019840010795	510.7799072	0.0007295142870000007
510.1820679	0.0017249644155	510.8963013	0.000523243100000001
510.2980652	0.0007512099109999995	511.0126953	0.001390164709999999
510.414093	0.0016835008289999998	511.1290894	0.0021499187565
510.5300903	0.0013738867120000001	511.2454834	-0.0015657497600000004
510.6461182	0.00276049634	511.3618774	0.0009247716499999996
510.762146	0.003254477633	511.478302	-0.0008878111799999998
510.8781738	0.0022245461296	511.594696	0.0017756724259999994
510.9942017	0.0016272570929999999	511.7111206	0.002547729759999999
511.1102295	0.003140057903	511.8275452	-0.0004245743912
511.2262878	0.0010179553643	511.9439392	0.00032845885000000116
511.3423157	0.0016344166360000001	512.0603638	0.002346660940000002
511.458374	0.001873907865	512.1768188	0.004143348430000001
511.5744324	0.0013531549195900001	512.2932129	0.004818689427999999
511.6904602	0.0032415426109999998	512.409668	0.0028993962299999985
511.8065186	0.0006717534269999998	512.526123	0.003682503476
511.9225769	0.0027474514209999998	512.6425781	0.0024859620604
512.0386353	0.0022142454990000003	512.7590332	0.0020235776899999985
512.1547241	9.20335879e-05	512.8754272	0.0027110828080000003
512.270813	0.0009110027459999998	512.9918823	0.0022831279800000007
512.3868408	0.001206605346	513.1083374	0.004125861450999999
512.5029297	0.0016061957000000002	513.2248535	0.003314007070000003
512.6190186	-0.002033670666	513.3413086	-0.0010201325640000003
512.7351074	0.0003753381319999997	513.4577637	0.0012154071589999997
512.8511963	0.0021847957543	513.5742188	0.00033980351900000016
512.9672852	0.0011551277709999997	513.6907349	0.001857889809999999
513.083374	0.002543933457	513.8071899	-0.0009637190959999997
513.1995239	0.0035907535934000005	513.923645	-0.00119200163
513.3156128	0.0013319838331	514.0401611	-0.00022149365399999968
513.4317017	0.0031327230103	514.1566772	0.003979871981
513.5478516	0.0008653225379999996	514.2731323	-0.00018111476699999999
513.6639404	0.003186902264	514.3896484	0.0036430536417
513.7800903	0.0006692056780000001	514.5061646	0.007363602520000002
513.8961792	0.0005551592331000001	514.6226807	0.006891897883999999
514.0123291	0.0015704426919999999	514.7391357	0.003363583004
514.128418	0.00019121263200000058	514.8556519	0.0042571611704
514.2445679	0.0020688166850000005	514.972168	0.0065721137803
514.3607178	0.00552253705	515.0886841	-0.0006463788450000001
514.4768677	0.00703509629283	515.2052612	0.0039226781668
514.5930176	0.005130193895	515.3217773	0.0028202398679999996
514.7091675	0.0077945056694	515.4382935	0.0061786817972000006
514.8253174	0.008426098386	515.5548096	0.010327242310000002
514.9414673	0.004401223268	515.6713867	0.008271141913000001
515.0576172	0.0024988680963	515.7879028	0.0011038221420000003
515.1737671	0.0038931205052	515.9044189	0.0024274233729999995
515.289917	0.008166666376	516.0209961	-0.00025628320870000004
515.4061279	0.008346707563000001	516.1375732	0.001590884989
515.5222778	0.005836214403999999	516.2540894	0.002430944471
515.6384888	0.0026105865111000002	516.3706665	-0.00012775044899999977
515.7546387	0.0009835417735	516.4872437	0.01404052041
515.8708496	0.0038458807390000004	516.6037598	0.028164003039999996
515.9869995	0.0016137509955	516.7203369	0.023030810980000004
516.1032104	0.0005263462660000003	516.8369141	0.012410191354
516.2194214	0.0022074589499999995	516.9534912	0.006331820974999999
516.3355713	0.006204751553	517.0700684	0.004355473439999999
516.4517822	0.020756928015000002	517.1866455	0.0014889203000000018
516.5679932	0.016868323783	517.3032837	0.0031261649000000023
516.6842041	0.010678455004	517.4198608	-0.00226723589
516.800415	0.005915386141	517.536438	0.0011447248979999996
516.916626	0.005024448852	517.6530762	-0.00034957530449999995
517.0328369	0.001929338673	517.7696533	0.0013146065200000008
517.1491089	0.0024791025790000002	517.8862305	0.0016852808180000001
517.2653198	4.264200100000028e-05	518.0028687	0.0010363683100000007
517.3815308	0.00028610834799999967	518.1194458	0.005619278526999999
517.4978027	-0.0006592934950000002	518.236084	0.00258354098
517.6140137	0.0033928357881000005	518.3527222	0.0014070728800000005
517.7302856	0.00042161065999999974	518.4693604	0.003982808439999999
517.8464966	0.0018902252195	518.5859375	0.0014212592499999997
517.9627686	0.002299676649	518.7025757	0.0032912939800000002
518.0789795	0.0022140047510000004	518.8192139	0.002157012
518.1952515	0.003367602127	518.9358521	0.0026019150399999996
518.3115234	0.002003349247	519.0524902	0.016761545094
518.4277954	0.0036310090209999996	519.1691284	0.033623554275
518.5440674	0.0011875865750000001	519.2858276	0.0272118207
518.6603394	0.0022887610829999995	519.4024658	0.011778514369000001
518.7766113	0.0010360517774	519.519104	0.006550124847000001
518.8928833	0.011094209971	519.6357422	0.0027671419089999993
519.0091553	0.018896277061	519.7524414	0.0013287063919000001
519.1254272	0.013261729386	519.8690796	0.0011398382500000005
519.2416992	0.00653766701	519.9857788	0.0014438433579999996
519.3580322	0.0030522774909999997	520.102417	-0.0015795044600000006
519.4743042	0.004537538741	520.2191162	0.004080895330000001
519.5906372	0.00222415098681	520.3358154	0.0033024679900000003
519.7069092	0.00181654412859	520.4524536	0.0023734583376
519.8232422	-0.0008880015229	520.5691528	-0.002438293653
519.9395142	0.0004393337290000002	520.6858521	0.00044181756000000183
520.0558472	0.000672741793	520.8025513	-0.0002587055790000004
520.1721802	0.000111557456	520.9192505	-0.0017701750650000007
520.2884521	0.0023135344379	521.0359497	0.0023164544250000004
520.4047852	0.0016161887910000005	521.1526489	0.00191166997
520.5211182	0.00050051885769	521.2693481	0.0018320655210000002
520.6374512	0.001520282502	521.3860474	0.003941017319
520.7537842	-0.0006382111400000008	521.5028076	0.0014772366259999995
520.8701172	0.002180227777	521.6195068	0.00391062163
520.9864502	-0.0026823496449999997	521.7362061	0.0011743493399999985
521.1027832	0.0011868619479	521.8529663	0.0038111237809999995
521.2191772	-0.0006776321680000003	521.9696655	0.0015544942579999999
521.3355103	0.00415187198815	522.0864258	0.0005454349451
521.4518433	0.0014306793459999997	522.203125	0.005413328530999999
521.5682373	-0.0005705247169999999	522.3198853	0.010749915148999999
521.6845703	0.0006345286969999999	522.4366455	0.017003146465
521.8009644	0.0012778925884	522.5534058	0.009986645896
521.9172974	0.0012413265649	522.670105	0.008265804036
522.0336914	0.0019451291304000001	522.7868652	0.0012201601600000007
522.1500854	0.007020558231	522.9036255	0.0017794193750000006
522.2664185	0.010179334086	523.0203857	0.0007321628363
522.3828125	0.009726157877	523.137146	-0.0003119423059999998
522.4992065	0.0036155261912	523.2539062	0.0013639060780000004
522.6156006	0.002433883962	523.3707275	0.0034418059500000014
522.7319946	0.001755029661	523.4874878	-0.00043989531000000054
522.8483887	0.0019526621330000007	523.604248	0.0005620541049999993
522.9647827	0.0010220843829999997	523.7210083	0.0015259683100000004
523.0811768	0.0023300275210000002	523.8378296	0.0024125901989999997
523.1976318	-0.0010828669189999994	523.9545898	-0.0006803665300000004
523.3140259	0.002059614984	524.0714111	-0.00018304493300000044
523.4304199	0.0019141198129999995	524.1881714	-5.4332429999999834e-05
523.546875	0.00023781461599999996	524.3049927	0.0006071720299999986
523.663269	0.0015737808721	524.421814	0.002414047714999999
523.7797241	0.0012424027666000001	524.5385742	0.0026710729579999997
523.8961182	0.0009802693968	524.6553955	-0.0006903670699999996
524.0125732	0.0014859130610000004	524.7722168	0.0016695391399999988
524.1289673	0.0014314036799999985	524.8890381	0.00297215255
524.2454224	0.000725141842	525.0058594	0.0011418757499999997
524.3618774	0.0024222659410000004	525.1226807	0.0009191165446
524.4783325	0.002654443494	525.239502	-0.0007959459910000001
524.5947876	0.0017548096369999996	525.3563232	0.0021018982000000005
524.7112427	0.0008337637409	525.4731445	0.006963431486
524.8276978	-3.255414800000002e-05	525.5900269	0.012001438469600001
524.9441528	0.0014354451559999998	525.7068481	0.005556494000000002
525.0606079	0.001274861861	525.8236694	0.006446855139999999
525.177063	-0.0006440742869999998	525.9405518	0.0033992499225
525.2935181	0.0025765902395	526.057373	0.004031224173
525.4100342	0.005795300010000001	526.1742554	0.000997940079999999
525.5264893	0.0073318629871000005	526.2910767	0.0017748414529999996
525.6429443	0.0036858690440000003	526.407959	0.0009564415664
525.7594604	0.0017957903442	526.5248413	0.0008089076730000005
525.8759155	0.001376631669	526.6417236	0.002598763443
525.9924316	0.0026791505520000003	526.7585449	0.0008859951000000019
526.1089478	0.0021287935376	526.8754272	-0.0007804147899999996
526.2254028	0.0023202549199999997	526.9923096	0.0006038094869999988
526.3419189	0.0013083089129999996	527.1091919	0.000702321530000001
526.4584351	0.0035349051469999995	527.2260742	0.002188059967
526.5749512	0.00036986946360000007	527.3429565	0.0018504357429999997
526.6914673	-0.0002200183229999998	527.4598389	0.0005655093120000001
526.8079834	0.0032432556623	527.5767822	-0.0004227780740000001
526.9244995	0.001358161678	527.6936646	-0.0010228836910000007
527.0410156	0.0018575245050000003	527.8105469	0.0024879742410000008
527.1575317	0.00012809445599999995	527.9274902	0.0013283779850000003
527.2740479	0.0012987782240000002	528.0443726	7.959583299999994e-05
527.390564	0.0007384943310000001	528.1613159	0.0026558544490000004
527.5071411	8.131656800000001e-05	528.2781982	0.0042699798899999974
527.6236572	0.001334926841	528.3951416	0.00192296598
527.7401733	0.0003756014599999996	528.5120239	0.002695716910000003
527.8567505	0.003080498427	528.6289673	-0.0004253031220000001
527.9732666	0.000469136052	528.7459106	0.0022059935727
528.0898438	0.0008918301899999998	528.862854	0.0024363137799999976
528.2064209	0.0035896331539999994	528.9797974	0.00273170136
528.322937	-0.0008685872890000002	529.0966797	0.001218476332
528.4395142	0.0008763475350000004	529.213623	0.0022415118289999996
528.5560913	0.000597369624	529.3306274	0.0011480562400000005
528.6726685	-0.000800331124	529.4475708	0.000755505640000001
528.7892456	0.00204178202	529.5645142	-0.001729564625
528.9058228	0.0010187460575	529.6814575	-0.00044308805812000003
529.0223999	-0.0002782824013	529.7984009	-0.00025468692099999985
529.1389771	0.001410979894	529.9154053	-0.00021685380500000018
529.2555542	0.0012825252499999995	530.0323486	0.002540999907
529.3721313	0.0016124552492	530.149292	0.00211131014
529.4887085	-3.7671416099999914e-05	530.2662964	0.00032175174858799997
529.6053467	0.00025696505299999985	530.3832397	-0.0004902072300000046
529.7219238	-0.0013894501026	530.5002441	0.0006398872939999997
529.838562	0.001058123191	530.6172485	-0.00035053002699999983
529.9551392	-0.00014554662699999997	530.7341919	-0.00071903691
530.0717773	0.003105622251	530.8511963	-0.0003223270099999981
530.1883545	0.0019820684685	530.9682007	-0.0005015339699999989
530.3049927	0.0019116376059999996	531.0852051	0.002976899970000002
530.4216309	-0.00010788231100000018	531.2022095	0.001782162109999999
530.538208	0.0004133759060000004	531.3192139	0.0007038302699999971
530.6548462	-0.0006124057691	531.4362183	0.002362126479999997
530.7714844	-5.614114339999994e-05	531.5532227	0.0011192392600000017
530.8881226	0.00025648181300000003	531.6702271	0.001292407862
531.0047607	-0.000796882945	531.7872314	-0.0013906424899999999
531.1213989	0.0004525110129999996	531.9042969	0.0009192193389999999
531.2380371	0.00042909989099999997	532.0213013	0.000377436401
531.3546753	0.0013906653326	532.1383057	0.0033774152400000007
531.4713135	0.0008791368449999996	532.2553711	0.0021149758249999996
531.5880127	-0.0010766513879999998	532.3723755	0.00047367997399999986
531.7046509	0.001017669914	532.4894409	0.002619376401
531.8212891	0.0001451806160000001	532.6064453	0.0009318292199999995
531.9379883	0.0018331030736	532.7235107	4.8866490000000484e-05
532.0546265	-0.0012413412333	532.8405762	0.0006031938829999996
532.1713257	0.0006370311599999991	532.9575806	-0.0011130650530000001
532.2879639	-0.0026339687169999997	533.074646	-0.0007974448963000001
532.4046631	-0.0005157748230000003	533.1917114	-4.080311000000114e-05
532.5213623	-0.0007002968300000006	533.3087769	0.0003705620800000045
532.6380005	0.0012371977800000001	533.4258423	0.0012750900349999999
532.7546997	0.0015700033399999999	533.5429077	0.0011798938503000001
532.8713989	0.0016960627399999996	533.6599731	-8.617527799999886e-05
532.9880981	0.0006121927899999987	533.7770386	0.0008669784300000018
533.1047974	0.0009107610679999997	533.894104	-0.0001658145340000007
533.2214966	0.0037777124674	534.0112305	0.0010725595100000013
533.3381958	0.002982571721	534.1282959	0.0015136688020000004
533.454895	0.0016861362387	534.2453613	0.0002898313099999987
533.5715942	0.0009363461290000001	534.3624878	-0.0004953136700000006
533.6883545	0.000368266134	534.4795532	0.0008770171600000001
533.8050537	0.0003007566550000001	534.5966797	0.0025597548809
533.9217529	0.001089835539	534.7137451	0.0016363803299999993
534.0385132	0.00024583004000000054	534.8308716	-0.00183955859
534.1552124	0.00033409410390000004	534.947998	0.0022590495610000007
534.2719727	0.0009976627769999998	535.0650635	0.0021737143400000006
534.3886719	0.00314932596	535.1821899	0.0011839745499999995
534.5054321	0.0015212927239999998	535.2993164	0.0023906473069999993
534.6221924	0.0002970449277	535.4164429	0.0007700731509999999
534.7388916	0.003015997005	535.5335693	0.003686672070000001
534.8556519	0.0017718956809999993	535.6506958	-0.0011252909899999997
534.9724121	0.002807910554	535.7678223	-0.0007462985899999997
535.0891724	0.0024035109670000002	535.8849487	0.0038089319129999996
535.2059326	0.0016086776749999999	536.0020752	-0.0004945937599999985
535.3226929	0.0006365706219999996	536.1192017	0.0020265187999999983
535.4394531	-0.0012769409226000001	536.2363892	-0.00061411504
535.5562134	0.002692897802000001	536.3535156	0.001346655422
535.6729736	0.000985671999	536.4706421	0.0015702205709999997
535.7897339	0.0012542400509999996	536.5878296	-0.00017909240000000062
535.9065552	0.0024597104630000003	536.7049561	0.0006375620140000003
536.0233154	-0.0007795114073	536.8221436	0.005691402588000001
536.1400757	0.002914182845	536.93927	-0.002811538871
536.256897	0.0014214334080000003	537.0564575	0.0010058172100000026
536.3736572	-0.0006422731090000005	537.173645	0.0002624793
536.4904785	-0.00039456924499999945	537.2908325	-0.001546604561
536.6072388	0.0007910262790000004	537.407959	-0.000346839429999999
536.7240601	0.0007594458002	537.5251465	0.0033431082270000004
536.8408813	0.00061098556038	537.642334	0.00041708676100000053
536.9576416	0.003423318267	537.7595215	0.0011712871499999986
537.0744629	-0.0023527943989999998	537.876709	0.0008287960599999995
537.1912842	-0.0002599884174	537.9938965	0.004023611549999997
537.3081055	0.001900019589	538.111084	0.00048593151999999987
537.4249268	0.0010536429470000002	538.2283325	0.0012121833800000023
537.541748	0.0027160244089999997	538.34552	-0.001396144274
537.6585693	0.0008915886289999999	538.4627075	0.000660736109999999
537.7753906	0.0017241077726999998	538.579895	0.0009503848899999993
537.8922119	0.001328074373	538.6971436	0.00017121434199999976
538.0090942	-0.0009354823270000005	538.8143311	0.00030332023749999996
538.1259155	0.0023334314999999984	538.9315796	-0.0003289263690000009
538.2427368	0.00022219985838	539.0487671	0.0001962222099999994
538.3596191	0.0028321130083	539.1660156	0.0017380090430000007
538.4764404	0.00030011963100000025	539.2832642	0.002266755330000002
538.5933228	0.0029284584746	539.4004517	0.003159768410999999
538.710144	-0.0005240542820000001	539.5177002	0.00274333079
538.8270264	0.0012926945930000003	539.6349487	0.00309691206
538.9439087	0.0005795806650000001	539.7521973	0.0003216029145000001
539.06073	-7.164594700000007e-05	539.8694458	-0.0004985983250000001
539.1776123	-0.00012955862622	539.9866943	0.0011835535999999997
539.2944946	-7.9288613e-05	540.1039429	0.00089579727
539.411377	0.0020980695259999998	540.2211914	0.00013790931500000034
539.5282593	0.002645593253	540.3384399	0.0019467715179999996
539.6451416	0.0005006506544	540.4556885	-0.00010718843260000002
539.7620239	0.0020725500655	540.572937	0.002688303587
539.8789062	0.0026685872289	540.6902466	0.000621106476
539.9957886	0.0010136945639999998	540.8074951	0.000639348174
540.1126709	0.0009422098519999999	540.9248047	-0.0020518824500000005
540.2295532	0.000681547914	541.0420532	-0.0011001108199999998
540.3464966	0.0038679742719999995	541.1593628	0.0017719268799999965
540.4633789	-0.00019425759100000044	541.2766113	0.0006855800799999978
540.5802612	0.003046501426	541.3939209	0.005287577399999998
540.6972046	0.0017339242630000007	541.5111694	0.0019614044569999994
540.8140869	0.0019092438301999998	541.628479	-0.00043408199999999536
540.9310303	0.0006671412993	541.7457886	0.00015280861400000009
541.0479736	0.000396816526	541.8630981	0.0043105417900000005
541.164856	0.0038678424899999996	541.9804077	0.0008052829650000001
541.2817993	0.0007509244609999995	542.0976562	0.001227468260000003
541.3987427	0.00130510237	542.2149658	-0.0003053117499999987
541.515686	0.0024620825275999997	542.3323364	0.00479467865
541.6325684	0.0018616528250000007	542.449646	0.008924668652
541.7495117	-0.0001864391375999999	542.5669556	0.010994319336000001
541.8664551	0.0023888406573	542.6842651	0.006759693385
541.9833984	0.000976755283	542.8015747	0.00293734763
542.1004028	0.0003931487449999999	542.9188843	0.001775364392
542.2173462	0.004172712561	543.0362549	0.0031036376020000004
542.3342896	0.0098670192483	543.1535645	0.0021518394399999974
542.4512329	0.0063417693590000004	543.2709351	0.0013307696210000004
542.5681763	0.006668601884	543.3882446	0.00023334659999999993
542.6851807	0.003936471883	543.5056152	0.0021698847409999996
542.802124	0.001045429148	543.6229248	0.000571150329999999
542.9191284	9.75239089999998e-05	543.7402954	0.0002053119300000003
543.0360718	0.0022045830261	543.857666	0.0011813361200000002
543.1530762	0.0018075392580000002	543.9750366	0.0012956624799999993
543.2700195	0.0029916199859999996	544.0923462	0.0012996755500000005
543.3870239	7.202662499999988e-05	544.2097168	0.002525201998
543.5040283	0.0015355456852000002	544.3270874	0.006162760313
543.6209717	0.0015727263000000005	544.444458	0.00802775973
543.7379761	0.0009338865059999989	544.5618286	0.0075606318428
543.8549805	0.0006870824150000002	544.6791992	0.00885138381
543.9719849	0.0015632831490000002	544.7965698	0.005001592914999999
544.0889893	0.0023528456221	544.9140015	0.0028747394700000053
544.2059937	0.003084429540000001	545.0313721	0.004674870519999999
544.322998	0.004255859414	545.1487427	0.0019131433200000013
544.4400024	0.005862699821	545.2661133	0.002113455907
544.5570068	0.007512167095	545.3835449	0.008250575047
544.6740723	0.005688501173	545.5009155	0.022471452130000003
544.7910767	0.003445763257	545.6183472	0.017688146792
544.9080811	0.0028919584291	545.7357178	0.010917605832
545.0251465	0.001768140588	545.8531494	0.00515760667
545.1421509	0.0034916629079999994	545.9705811	0.0034197091589999997
545.2592163	0.009397304616	546.0879517	0.007543611806999999
545.3762207	0.016246371433999998	546.2053833	0.009275119169
545.4932861	0.011689807283999999	546.3228149	0.005362474359999999
545.6102905	0.011182253890079999	546.4402466	0.000795157619999997
545.727356	0.007901545843	546.5576782	0.0014380328299999998
545.8444214	0.007647187565	546.6750488	0.0016696415800000024
545.9614868	0.007737471838999999	546.7924805	-0.0008801370899999966
546.0785522	0.004594507278	546.9099731	0.0009972257500000005
546.1956177	0.0031421226450000003	547.0274048	0.004293921404
546.3126221	0.004772308282000001	547.1448364	0.004423501904999999
546.4296875	0.0014577358959999998	547.2622681	0.0034229848500000014
546.546814	0.0006943289190000004	547.3796997	0.00017559248999999937
546.6638794	0.002978157019	547.4971924	0.0011575669000000004
546.7809448	0.002685980755	547.614624	0.003253927450000001
546.8980103	0.0027919448909999997	547.7320557	0.00215378869
547.0150757	0.0007783547189	547.8495483	0.003944804900000001
547.1322021	0.0013827150689999998	547.96698	0.001106003532
547.2492676	0.0014436804633	548.0844727	0.0027102869939999996
547.366333	0.001085113734	548.2019653	0.0011490415799999994
547.4834595	0.002129144040000001	548.319397	0.0009289719099999996
547.6005249	0.0045915860681	548.4368896	-0.00040833465799999975
547.7176514	0.0027144420899999997	548.5543823	0.0021106023350000004
547.8347778	0.004219161812	548.671875	0.0018554246099999998
547.9518433	-0.0004031558049999999	548.7893066	0.0017655622199999992
548.0689697	0.0007796944119999999	548.9067993	-0.0006684651600000003
548.1860962	0.0010186581931	549.024292	-0.00024206564000000055
548.3032227	-0.0014453861509	549.1417847	0.001180371269
548.4203491	0.0004064354577	549.2592773	0.001765675839999998
548.5374146	0.0008696269937999998	549.3768311	0.0024669248379
548.654541	0.001016945113	549.4943237	0.0032546063899999995
548.7716675	-0.00020804931400000013	549.6118164	0.005361001002999999
548.888855	0.0014780720230000003	549.7293091	0.027241921986
549.0059814	0.0024464457967	549.8468628	0.047393324321000005
549.1231079	0.00327830622	549.9643555	0.03678169847
549.2402344	0.001255623531	550.0818481	0.020964199669999996
549.3573608	0.0013371668759999998	550.1994019	0.014479666953
549.4745483	0.0061826142479	550.3168945	0.0075607243922
549.5916748	0.021176678826000002	550.4344482	0.005248255562000001
549.7088623	0.036383506374	550.552002	0.0003298819099999996
549.8259888	0.031373964618	550.6694946	0.004764036279
549.9431763	0.0177370791217	550.7870483	0.0088480886187
550.0603027	0.009290857238000001	550.9046021	0.01450670138
550.1774902	0.009038650895999999	551.0221558	0.006854094566
550.2946167	0.007050118413000001	551.1397095	0.005317401139999997
550.4118042	0.0055979095631000005	551.2572021	0.004056225530000001
550.5289917	0.0028290161859999994	551.3747559	0.003792492207
550.6461792	0.005416265224000001	551.4923096	0.002657014879999999
550.7633667	0.011055930751	551.6099243	0.0025783713210000003
550.8805542	0.006512345281	551.727478	-0.0002169003710000006
550.9977417	0.005799977691	551.8450317	0.00110653229
551.1149292	0.004847174743	551.9625854	0.0010348483900000007
551.2321167	0.001265616156	552.0801392	2.5492162000000443e-05
551.3493042	0.0014855831389999998	552.1977539	0.0005271215922999999
551.4664917	0.002041869797	552.3153076	0.002132246969
551.5836792	0.001662681112	552.4329224	0.002117110410000001
551.7009277	-0.0005364845565	552.5504761	-0.00045266003000000304
551.8181152	0.0032854871790000007	552.6680908	0.004441800057
551.9353027	0.0038842698560000006	552.7856445	0.005130536850000006
552.0525513	0.0011955145740000003	552.9032593	0.004262441769999998
552.1697388	0.0018153801211	553.020813	0.0014429604630000004
552.2869873	0.0014785113749999999	553.1384277	0.0008344985499999999
552.4041748	0.0011949436740000003	553.2560425	0.004190955310000001
552.5214233	0.003670649599999999	553.3736572	0.00017419690300000002
552.6386719	0.006298527587000001	553.491272	0.005043562972000001
552.7559204	0.0076094353276	553.6088867	0.005098760826
552.8731079	0.004980064193330001	553.7265015	0.0025720521799999993
552.9903564	0.0016759899439999998	553.8441162	0.0010930635000000015
553.107605	0.004402497085	553.961731	0.0036165602500000046
553.2248535	0.0031669831369	554.0793457	0.0010707983759999998
553.3421021	3.308872700000026e-05	554.1969604	6.046629269999999e-05
553.4593506	0.0013518811322	554.3145752	0.0017393638991
553.5765991	0.0010148587169999997	554.432251	0.002346582720000004
553.6938477	0.0005909565369999999	554.5498657	-8.552801000000047e-05
553.8110962	0.0011047911830000005	554.6674805	-0.0008687274599999996
553.9284058	0.002299918211	554.7851562	0.0013668681492999997
554.0456543	0.0013299193239999997	554.902771	0.0053031551649
554.1629028	0.002621325663999999	555.0204468	-0.0005867891000000021
554.2802124	0.002561107279999999	555.1380615	-0.00044342177
554.3974609	-0.00012521073000000028	555.2557373	-0.0013531222899999997
554.5147705	-0.0005042450500000002	555.3734131	0.0009106844699999991
554.632019	-0.0002596589911	555.4910278	-0.0010362593500000006
554.7493286	0.0023393612400000006	555.6087036	0.0021011587300000002
554.8665771	0.001848124666	555.7263794	0.002136060969999999
554.9838867	0.0028781667370000007	555.8440552	0.0017637405500000002
555.1011963	-0.0016500022032	555.961731	0.008695868307
555.2185059	0.0010372377001	556.0794067	0.03850590437
555.3357544	0.0021979287260000006	556.1970825	0.0492600537582
555.453064	0.0018525171326000001	556.3147583	0.03539568186000001
555.5703735	0.0012884777969999995	556.4324341	0.02405096684
555.6876831	0.0007108449930000003	556.5501099	0.012150558991
555.8049927	0.007011531385	556.6677856	0.008946472779999999
555.9223022	0.029275227333	556.7854614	0.0020383543304
556.0396118	0.0428415045624	556.9031982	0.0011924021
556.1569824	0.034401694547000004	557.020874	0.005731920712
556.274292	0.020237405084	557.1386108	0.0008726790599999992
556.3916016	0.013923299611	557.2562866	0.004749556999999998
556.5089111	0.009593861411	557.3740234	0.00703370385
556.6262817	0.0052190283310000005	557.4916992	0.0172069859683
556.7435913	0.0031380150489999994	557.609436	0.017225742454999998
556.8609619	0.0009039309809999998	557.7271118	0.0133821560302
556.9782715	0.0026237196289999997	557.8448486	0.005019921808
557.0956421	0.00040118629100000056	557.9625854	0.004128084052199999
557.2129517	0.0081750996175	558.0803223	0.004203699064000001
557.3303223	0.012679571986	558.197998	0.0012339050890000005
557.4476929	0.017768836115	558.3157349	0.00292885769
557.5650024	0.011072204561	558.4334717	0.005136717111
557.682373	0.007135988212999999	558.5512085	0.00340360776
557.7997437	0.0073027642646999995	558.6689453	0.003881781365
557.9171143	0.006403569831	558.7866821	0.0016675675279999996
558.0344849	0.004219886498	558.9044189	-0.00010661361799999989
558.1518555	0.0021399278190000004	559.0222168	0.0011675451000000003
558.2692261	0.0029880404469999995	559.1399536	0.005658157169999997
558.3865967	0.0028148291753999997	559.2576904	0.003491135314
558.5039673	0.0015294621699999999	559.3754883	0.0021733902399999998
558.6213379	0.0014431313608999998	559.4932251	0.00169431045
558.7387695	0.00105654198665	559.6109619	0.0003976956939999998
558.8561401	0.0005554227628	559.7287598	0.00457483437
558.9735107	0.004663180793	559.8464966	0.0020409617580000004
559.0909424	0.0020415615299999995	559.9642944	0.0047631738709999994
559.208313	0.003492497373999999	560.0820923	0.0031961386550000003
559.3257446	0.0008888433367	560.1998291	0.007078157739000002
559.4431152	0.0017587411307	560.317627	0.005521476269999999
559.5605469	0.0022253148491	560.4354248	0.00506518223
559.6779175	0.00036119390200000084	560.5531616	0.0022994754979000004
559.7953491	0.003804659006	560.6709595	0.005003174069
559.9127808	0.004482459277	560.7887573	0.013943716414
560.0301514	0.004769408607	560.9065552	0.050327792760000004
560.147583	0.003914269618	561.024353	0.050407655540000006
560.2650146	0.004109485948499999	561.1421509	0.035636683929999996
560.3824463	0.0045965277530000005	561.2599487	0.023719347084000003
560.4998779	0.004787286278	561.3777466	0.015602760364
560.6173096	0.008185114246	561.4956055	0.009001940480000001
560.7347412	0.031950235367	561.6134033	0.004480747041
560.8521729	0.046687855385	561.7312012	0.00010833144999999877
560.9696045	0.0379530783553	561.8490601	0.00014745816999999634
561.0870361	0.023284440395	561.9668579	0.003905242309
561.2045288	0.014623676428	562.0846558	0.006701653125
561.3219604	0.012281276750999999	562.2025146	0.0033267764370000005
561.4393921	0.008188606007	562.3203125	0.0016671316699999996
561.5568848	0.005448504816900001	562.4381714	0.003193880199
561.6743164	0.004619147624	562.5560303	0.0037960810600000013
561.7918091	0.0031516533299999986	562.6738281	0.0032306096980000004
561.9092407	0.0035029950962999997	562.791687	0.00230029691
562.0267334	0.0034538013859999996	562.9095459	0.0004968028499999985
562.144165	0.0036606132049999997	563.0273438	-0.00040547555550000003
562.2616577	0.0014092667549	563.1452026	-0.0027348762399999997
562.3791504	0.002566157841	563.2630615	-0.0005866736200000021
562.4966431	0.002641245257	563.3809204	0.0024078777100000007
562.6140747	0.0012610481933	563.4987793	0.0031193942416
562.7315674	0.0017052867406500002	563.6166382	0.0014271307800000008
562.8490601	0.002368482063	563.7344971	0.0024154856799999992
562.9665527	0.0007002372300000002	563.852356	0.0021835993999999997
563.0840454	0.0009878901769999997	563.9702759	0.0025738291399999974
563.2015381	0.0009796324880000002	564.0881348	0.0017201469749999999
563.3190308	0.0009619754273000001	564.2059937	0.003326463048
563.4365234	-0.0008194155520000004	564.3239136	0.002966984169999999
563.5540771	0.0021469338102	564.4417725	0.005674511542999999
563.6715698	0.0036666087691000003	564.5596313	0.0021903030569999996
563.7890625	-0.00012635206799999988	564.6775513	0.004427033011
563.9066162	0.0037201731462999997	564.7954102	0.0015917215499999995
564.0241089	0.0030543201137	564.9133301	0.0029910923910000005
564.1416016	0.0008324679222000001	565.031189	0.003537084910000002
564.2591553	0.003778393031	565.1491089	0.00749101303
564.3766479	0.0032035490146	565.2670288	0.017110706769999998
564.4942017	0.0014074878129	565.3849487	0.030471221306
564.6117554	0.0007872702559999995	565.5028076	0.022972591225000002
564.729248	0.0011569284839999996	565.6207275	0.015904008409999996
564.8468018	0.0029576669910000002	565.7386475	0.010510644878000002
564.9643555	0.005200690357	565.8565674	0.0050018187579999995
565.0818481	0.010445948224	565.9744873	0.0045381765815
565.1994019	0.020708282474	566.0924072	0.003943686368999999
565.3169556	0.021446586587	566.2103271	0.007598972646999999
565.4345093	0.015424153531	566.3282471	0.003956784491999999
565.552063	0.011079407294999998	566.446167	0.00708223321
565.6696167	0.006483509671	566.5641479	0.003737223334
565.7871704	0.0037377859700000004	566.6820679	0.003005469218
565.9047241	0.003737281077	566.7999878	0.0024095512930000004
566.0223389	0.0066647584393	566.9179688	-0.00012520398000000037
566.1398926	0.005643808748999999	567.0358887	-0.0009862869050000006
566.2574463	0.0041665420289	567.1538086	0.0026896533090000002
566.375	0.0044481112274	567.2717896	0.0026145312
566.4926147	0.000997970346	567.3897095	-0.0012452118098
566.6101685	0.001018768031	567.5076904	0.0025027710940000005
566.7277832	0.00048518995699999967	567.6256714	0.0017947200690000002
566.8453369	0.0024654645244	567.7435913	0.0023566540340000004
566.9629517	0.0026216325350000005	567.8615723	0.0022626891729999998
567.0805054	0.001040356234	567.9795532	0.0022624789273
567.1981201	0.0005027591250000001	568.0975342	0.0005602892500000001
567.3157349	0.0004608342429999999	568.2155151	0.0016131093700000008
567.4332886	0.0024474560627999998	568.3334351	0.004392403179999999
567.5509033	0.00140693873233	568.451416	0.003729108719999999
567.6685181	0.0014462500115	568.569397	0.006399162119999999
567.7861328	1.3938172999999974e-05	568.6873779	0.0049398764999999956
567.9037476	-0.00032095378300000046	568.8054199	0.005071248859999995
568.0213623	0.00192547342859	568.9234009	0.0021966695800000047
568.1389771	0.0030917865464	569.0413818	0.01377802249
568.2565918	0.0045180587913	569.1593628	0.0030060950670000005
568.3742065	0.004457993666	569.2773438	0.0073941061220000005
568.4918213	0.00421861303	569.3953857	0.008780715990000004
568.609436	0.004447167157	569.5133667	0.005826357052999999
568.7270508	0.0013669026089999999	569.6313477	0.002471369689999999
568.8447266	0.0030556597631000004	569.7493896	0.00305026584
568.9623413	0.0022291801850000004	569.8673706	0.0014458559400000008
569.0799561	0.0053316252303	569.9854126	0.0021891840729999995
569.1976318	0.005770131941	570.1034546	0.0008768346100000018
569.3152466	0.005589651526	570.2214355	0.0023743872881
569.4329224	0.0031428472140000003	570.3394775	0.0031575713654000003
569.5505371	0.004028535445	570.4575195	0.003512698109
569.6682129	0.0003284499980000001	570.5755005	0.002781138757
569.7858887	0.0012565020009999996	570.6935425	0.0023592980600000008
569.9035034	0.002196808812	570.8115845	0.0019057504830000006
570.0211792	0.0012023886661	570.9296265	0.0018656542500000012
570.138855	0.0009670045689999999	571.0476685	-5.205278299999982e-05
570.2565308	0.0028084381490000006	571.1657104	0.00012347661000000273
570.3742065	0.002038333560000001	571.2837524	-0.00033132341920000003
570.4918213	0.0009630954592	571.4017944	0.0016661046540000003
570.6094971	0.001367759192	571.5198364	0.0002874247700000009
570.7271729	0.0009611407300000002	571.6378784	0.0008879918600000029
570.8449097	0.00046878494400000043	571.7559814	0.004395518460000001
570.9625854	0.0017248106309999999	571.8740234	-0.0009133620199999991
571.0802612	0.0007999870000000003	571.9920654	-0.00010566925599999992
571.197937	0.0002447534299999995	572.1101685	0.0029143272555
571.3156128	0.0007771907553	572.2282104	0.0006592171270000001
571.4332886	0.002449322957	572.3463135	-0.0006787199600000009
571.5510254	0.0025554411991	572.4643555	-0.0006795767700000024
571.6687012	0.0032339650209999996	572.5824585	0.004259604495
571.786438	0.0014257378202999999	572.7005005	0.0009937666475
571.9041138	0.0018483444580000004	572.8186035	0.0030834039203000005
572.0218506	0.0010774054100000001	572.9367065	0.0008040359240000013
572.1395264	0.0010710144420000003	573.0547485	0.0016560293699999992
572.2572632	0.0011801635850000004	573.1728516	0.00020869867900000054
572.374939	0.0015864083539999995	573.2909546	-0.00078634172
572.4926758	0.001219321042	573.4090576	0.0006355550100000003
572.6104126	0.001051073428	573.5271606	0.0011628684590000004
572.7281494	0.002308615018	573.6452637	-0.0026475563600000043
572.8458252	0.0007393070269999999	573.7633667	0.0007329122160000001
572.963562	0.0024452599459999997	573.8814697	0.0014015394260000003
573.0812988	0.0005914177749999999	573.9995728	0.0006977114869999995
573.1990356	-0.0017096721570000004	574.1176758	0.00402035936
573.3167725	0.00032877921999999995	574.2357788	0.01414309489005
573.4345093	0.0021867284083	574.3538818	0.0156766348555
573.5522461	6.188079700000012e-05	574.4719849	0.012693408872999998
573.6699829	0.002016548067	574.5901489	0.010004727985
573.7877808	0.0017652420790000003	574.708252	0.006139528936999999
573.9055176	0.00305326574	574.826416	0.0026334808210000003
574.0232544	0.009216758656000001	574.944519	0.0020749862302
574.1409912	0.014449718408	575.0626221	0.00241973438
574.2587891	0.013648933731	575.1807861	-0.00016351992970000003
574.3765259	0.009537156439	575.2989502	0.00024414528000000005
574.4943237	0.008270961236	575.4170532	-0.000513620670000001
574.6120605	0.001089769648	575.5352173	0.0011819009670000005
574.7298584	0.0033472215290000005	575.6533813	-5.0513074e-05
574.8475952	0.0020617879899999993	575.7714844	0.0003764713180000002
574.9653931	9.756814699999998e-05	575.8896484	0.0023168190379999998
575.0831909	0.0006423029119999998	576.0078125	0.0017997091599999994
575.2009277	0.0011856759666	576.1259766	-0.0006097005679999998
575.3187256	1.7539947299999954e-05	576.2441406	-0.00012013689000000063
575.4365234	0.0015633492729999997	576.3623047	0.0006844960200000014
575.5543213	2.3030442999999803e-05	576.4804688	0.0018400996900000029
575.6721191	-0.0008378855420000005	576.5986328	-0.0013915756730000003
575.789856	-0.00043361680600000063	576.7167969	-0.0001628885509999999
575.9076538	0.0010390165839	576.8349609	0.0018708946890000002
576.0254517	0.0027779118386	576.953125	-0.0004258886910000004
576.1433105	0.0019397265269999998	577.0712891	-0.003871847880000001
576.2611084	0.00010490324300000027	577.1895142	0.0004333726830000001
576.3789062	0.0009289232550000002	577.3076782	0.0002489704630000006
576.4967041	0.00026724208199999967	577.4258423	0.0007543004999999992
576.614502	-0.0011434801850000002	577.5440674	0.007271666080000003
576.7323608	0.001476622652	577.6622314	0.008306249743
576.8501587	0.0003484347829999998	577.7804565	0.00416885782
576.9679565	0.0019220255780000002	577.8986206	0.005658138194
577.0858154	0.000984661863	578.0168457	0.0024090325460000006
577.2036133	0.0025245849979999998	578.1350708	0.0012710201560000006
577.3214722	0.004203920602	578.2532349	0.001446748159999997
577.43927	0.0049110395484	578.37146	0.0007738415099999996
577.5571289	0.0057937844545	578.4896851	0.0015216655999999995
577.6749268	0.006181296660000001	578.6079102	0.0011589732020000007
577.7927856	0.0021141893815	578.7260742	0.00028558657499999944
577.9106445	0.0014095303491000002	578.8442993	0.0023310258899999978
578.0285034	0.002089196816	578.9625244	0.00047607347999999855
578.1463013	0.0009869241619999995	579.0807495	0.0023198164999999995
578.2641602	-0.0007978712675	579.1989746	0.0016325637700000013
578.382019	0.0026659296822	579.3171997	0.004129393026000001
578.4998779	0.0016883105270000002	579.4354248	0.0015574814699999984
578.6177368	0.0020655882549999996	579.5537109	-0.001237358899999999
578.7355957	-0.00011556921500000027	579.671936	0.0005100755949999994
578.8534546	0.0026058210060000003	579.7901611	0.0018378756900000008
578.9713135	0.0011481436377	579.9083862	0.001160446089
579.0891724	-9.692274000000153e-06	580.0266724	-6.576254999999913e-05
579.2070923	0.002024146961	580.1448975	-0.0020567402299999996
579.3249512	0.0014286368389999997	580.2631226	-0.0008021686199999982
579.4428101	0.0009868137999999999	580.3814087	0.0059594838
579.5606689	-0.0024584513160000004	580.4996338	0.0040420498700000015
579.6785889	0.0011996654800000002	580.6179199	0.0008657462900000003
579.7964478	0.001762936009	580.736145	0.0009161187330000015
579.9143677	-0.0010554145483	580.8544312	0.0015966743200000015
580.0322266	0.00062238425	580.9727173	0.002857826417
580.1501465	0.0010612625599999998	581.0909424	0.0004710210779
580.2680054	0.004382445942	581.2092285	0.0003933422299999996
580.3859253	0.007205342641	581.3275146	0.003191334189999999
580.5038452	0.0036852102492000004	581.4458008	-0.0015976289280000009
580.6217041	0.0026654464888	581.5640869	0.0015220046000000015
580.739624	0.0024039063140000004	581.682373	0.001455817370000001
580.8575439	-0.0003657115159999996	581.8006592	0.0020595062569999985
580.9754639	0.0035172701459999997	581.9189453	0.0006068628300000024
581.0933838	0.0003944002100000014	582.0372314	0.0012590549899999977
581.2113037	0.000720727491	582.1555176	0.0014023506089999999
581.3292236	0.00046483136300000004	582.2738037	-8.988100999999995e-05
581.4471436	0.0014252547403	582.3920898	-0.0017298315650999998
581.5650635	0.0012118974700000007	582.510376	-0.00348051544
581.6829834	0.0015870672649999995	582.6287231	0.0026152548379999997
581.8009033	0.001952880990000001	582.7470093	-0.0010424545029999992
581.9188232	-0.0007308451449999998	582.8652954	0.0016653913188000003
582.0367432	0.0027232274879999997	582.9836426	0.0003289543100000007
582.1547241	0.0005282340570000009	583.1019287	0.0031389961368
582.272644	0.00088980967844	583.2202759	-0.00040208733999999927
582.390564	0.0013387042559999999	583.338562	7.784369999999652e-05
582.5085449	0.0006286206771000001	583.4569092	0.0003801472479999998
582.6264648	0.0009231471920000001	583.5751953	0.006065577269
582.7444458	-0.0012056317062999998	583.6935425	0.01009900053
582.8623657	0.001794099226	583.8118896	0.010727725930000001
582.9803467	0.0008364431560000003	583.9301758	0.0022663502000000012
583.0982666	0.000874436693	584.0485229	0.0030480548700000006
583.2162476	0.0012700520459999996	584.1668701	0.056750224909999994
583.3342285	0.002178734168	584.2852173	0.0011623348109999995
583.4521484	0.004875505339999999	584.4035645	0.00039970223
583.5701294	0.011028697718999999	584.5219116	-0.0015294048900000023
583.6881104	0.0075866393719999994	584.6402588	-0.0002741194330000002
583.8060913	0.004673217539	584.758606	0.0007163640160000005
583.9240723	0.0011483852286	584.8769531	0.0017813183399999991
584.0420532	0.0011154210659999999	584.9953003	0.0018907734189999997
584.1600342	0.0014458547372	585.1136475	0.0008046370929999996
584.2780151	0.0014077733504	585.2319946	0.002053905283
584.3959961	0.0005335269959999998	585.3503418	0.0002156067700000014
584.5139771	0.0009750425810000005	585.46875	0.0007495521569999995
584.631958	0.0026666325865	585.5870972	0.0016920492000000037
584.749939	-0.0009100730530000002	585.7054443	0.001241363589999999
584.8679199	0.0007085830439999999	585.8238525	-0.0018169395599999978
584.9859619	-3.422331099999995e-05	585.9421997	-0.00029724742999999963
585.1039429	0.0013671224009999998	586.0606079	0.0033445610310999995
585.2219238	0.0002719424669999993	586.1789551	0.004054399207000001
585.3399658	0.0011420161459999995	586.2973633	0.006967599499999999
585.4579468	0.0011165849859999994	586.4157104	0.006760761604000001
585.5759888	0.0024377708330000003	586.5341187	0.0054708406099999995
585.6939697	0.0010435190049999992	586.6525269	0.007885746659999998
585.8120117	0.0015562335611999998	586.7709351	0.0014815488799999992
585.9299927	0.002084387466	586.8892822	0.0014006923899999996
586.0480347	0.007445031078	587.0076904	0.0007087048100000021
586.1660767	0.0090166894661	587.1260986	0.004167636860000001
586.2841187	0.008781634737	587.2445068	0.003084563650000001
586.4020996	0.004492342007	587.362915	-0.00014325091599999996
586.5201416	0.0029025655239999994	587.4813232	0.0008105291099999995
586.6381836	0.004400608596	587.5997314	-0.0012847948819999996
586.7562256	0.0024994389896	587.7181396	-0.00012521445800000013
586.8742676	0.001863277983	587.8365479	-8.401460999999874e-05
586.9923096	-0.0002261237240000001	587.9549561	0.00020722020500000063
587.1103516	0.0035400005000000003	588.0733643	0.001572699752
587.2283936	0.0005126413890000001	588.1918335	-0.0011663427599999995
587.3464355	0.0017396345502000002	588.3102417	0.0020429138100000015
587.4644775	-0.00037052099649999997	588.4286499	0.009609884582
587.5825195	-0.0014526997700000004	588.5471191	0.012288209049999999
587.7006226	0.0024172361009999997	588.6655273	0.007969595375
587.8186646	0.00012945614429999997	588.7839355	0.005186458120000001
587.9367065	0.002679062542	588.9024048	0.007153357379999999
588.0548096	0.0017224826149	589.020813	0.02587207407
588.1728516	0.0027631319830000002	589.1392822	0.036034725611000004
588.2908936	0.008691350697	589.2577515	0.03149535414
588.4089966	0.012550415467	589.3761597	0.019554577764999997
588.5270386	0.010282685043999998	589.4946289	0.015027343299999999
588.6451416	0.005342386192999999	589.6130981	0.008458465800999997
588.7632446	0.0082568848156	589.7315063	0.0035294253610000004
588.8812866	0.022075455636	589.8499756	0.003906884230000001
588.9993896	0.030881980672	589.9684448	-0.0015239641099999979
589.1174927	0.026254919821999997	590.0869141	0.0011979354310000002
589.2355347	0.0162743078505	590.2053833	0.0009351661429999993
589.3536377	0.011850961833	590.3238525	0.001460786211
589.4717407	0.009494441328	590.4423218	0.002057627542
589.5898438	0.0059067989348	590.560791	-0.00034771720000000006
589.7079468	0.0033455737859999996	590.6792603	0.0003959090679999998
589.8260498	0.0017804393429	590.7977295	-8.280761999999997e-05
589.9441528	0.001801698003	590.9161987	-0.0003313387861
590.0622559	0.002341908407	591.034729	0.0010510887950000002
590.1803589	0.0022963605005	591.1531982	0.0011411160229999997
590.2984619	0.0016633840279999994	591.2716675	0.008124879560000001
590.4165649	0.002762802469	591.3901978	0.040116886606000005
590.534729	0.0025396507406	591.508667	0.054503758435
590.652832	0.001359282527	591.6271362	0.041665980356
590.7709351	0.0008275485599999995	591.7456665	0.030248790515000002
590.8890381	0.00033433566569999996	591.8641357	0.019205708991
591.0072021	0.0009657302900000012	591.982666	0.013085527812
591.1253052	0.005908248247	592.1011353	0.00990899353879
591.2434692	0.030637459824	592.2196655	0.003494133009
591.3615723	0.042847677136000004	592.3381958	0.005106253540000005
591.4797363	0.0375462836216	592.456665	-0.0019512465220000007
591.5978394	0.026081291731	592.5751953	0.004075165840000002
591.7160034	0.017881520795	592.6937256	0.0011285319900000007
591.8341675	0.013158377257000002	592.8122559	0.00030405935900000005
591.9522705	0.008988314309	592.9307861	0.005046068689999999
592.0704346	0.006272238912	593.0492554	0.01677693753
592.1885986	0.0024132397950000005	593.1677856	0.026873788794000004
592.3067627	0.0018087914210000002	593.2863159	0.021536342335
592.4248657	0.0020598561970000006	593.4048462	0.01557010784
592.5430298	0.0025197096983	593.5233765	0.006475269797
592.6611938	0.0020205890473	593.6419678	0.0052456789419
592.7793579	0.003106105374	593.760498	0.003139925423
592.897522	0.012558980845	593.8790283	0.0012921615271999998
593.015686	0.020984428007	593.9975586	0.00032612402000000047
593.1338501	0.017902428034599998	594.1160889	0.001736689357999999
593.2520752	0.014444930716	594.2346802	0.0013902895200000008
593.3702393	0.0055951420200000025	594.3532104	0.0032772775700000006
593.4884033	0.007630694192	594.4717407	0.008017277350000001
593.6065674	0.004924875043600001	594.590332	0.009833527029
593.7247314	0.0006860282447	594.7088623	0.0064873844400000005
593.8429565	0.00039916578699999983	594.8274536	0.004872058984
593.9611206	0.002307670191	594.9459839	0.0012537792789999998
594.0793457	0.0019826614294	595.0645752	0.0022613600016
594.1975098	0.004034201382	595.1831665	0.003028448205
594.3157349	0.0054178461429999995	595.3016968	0.001929253340000001
594.4338989	0.007485331037	595.4202881	0.0006393943909999999
594.552124	0.005973364225	595.5388794	0.002037204337
594.6702881	0.004500775132	595.6574097	0.0016311518899999999
594.7885132	0.0038119282110000005	595.776001	-0.0008149114430000002
594.9067383	0.0020198862181	595.8945923	0.0016086082902999998
595.0249023	0.0033342642699999998	596.0131836	-0.0005920340194
595.1431274	0.0010477351019999998	596.1317749	0.0014270748999999985
595.2613525	0.0012924529150000006	596.2503662	-0.0001976471399999999
595.3795776	0.0024107803474999996	596.3689575	0.0018914258080000006
595.4978027	0.002378540113	596.4875488	0.0011030011810000007
595.6160278	0.0007616860089999999	596.6061401	0.0006808973900000008
595.7341919	0.0026262230240000004	596.7247314	0.0006662700300000025
595.852417	0.001225382556	596.8433228	-0.00033370498600000104
595.9707031	0.0020164601739999996	596.9619141	0.0007542334500000008
596.0889282	0.0007982519459999999	597.0805664	-0.000906458130000001
596.2071533	0.000781780807	597.1991577	0.0010131990999999998
596.3253784	0.0020915029454999998	597.317749	0.002977075059999997
596.4436035	-0.00015182769800000002	597.4364014	0.007281956268
596.5618286	-0.00017005577700000005	597.5549927	0.004081077869999998
596.6801147	0.0015803477729999993	597.673645	0.0017021722741000001
596.7983398	-0.0003012325619999997	597.7922363	0.0020203383169999996
596.9165649	0.001734715421	597.9108887	0.0020733177660000003
597.0348511	0.0004389826209999998	598.02948	0.003605697479
597.1530762	0.0033555013649	598.1481323	0.00013539349320000003
597.2713623	0.0029309843670000005	598.2667236	0.0015024077100000005
597.3895874	0.0037038337325	598.385376	0.00027033872999999986
597.5078735	0.0034077697200000003	598.5040283	0.0014272555700000009
597.6260986	0.0011623527389999998	598.6226196	0.0007345145559999999
597.7443848	0.001477962593	598.741272	0.0008345954099999997
597.8626099	0.000197581015	598.8599243	0.0012893481179999996
597.980896	-0.0003234576429999997	598.9785767	0.00754558854
598.0991821	0.001167996947	599.097229	0.008398186284010001
598.2174683	0.00131808233	599.2158813	0.006665832363
598.3357544	-0.0001578675579999994	599.3345337	0.0051531106
598.4539795	0.0013624881390000001	599.453186	0.001462003215999999
598.5722656	-0.00031957030300000045	599.5718384	0.002845359960000002
598.6905518	0.0036089597269999994	599.6904907	0.0020470619200000026
598.8088379	0.0057965955930000005	599.8091431	0.002003862530000001
598.927124	0.0063860879159	599.9277954	-0.0012956969500000012
599.0454102	0.00663565962876	600.0464478	0.003163371239999997
599.1636963	0.003805977292	600.1651611	0.0029176026550000005
599.2819824	0.0039406672589999995	600.2838135	0.00672417134
599.4003296	0.003853413858	600.4024658	0.004484093284
599.5186157	0.0019643674605	600.5211792	0.003680958413
599.6369019	0.005236685279	600.6398315	0.0032012443999999973
599.755188	0.0025698258539999996	600.7585449	0.0026713910050000004
599.8735352	0.0034812969973000004	600.8771973	0.00799603015
599.9918213	0.005676641594	600.9959106	-0.0008693030130000005
600.1101074	0.004935174713000001	601.114563	0.0007934104700000021
600.2284546	0.0057029295133	601.2332764	0.003232816932
600.3467407	0.0018238127239999999	601.3519287	0.0031603630630000004
600.4650879	0.0039436540686	601.4706421	0.0025078477300000002
600.583374	0.0035130314059999995	601.5893555	0.003643223084
600.7017212	0.0079231346608	601.7080078	0.00807384774
600.8200073	0.0020930402682	601.8267212	0.0016672438939999996
600.9383545	0.0030336761839999996	601.9454346	0.004988489674999999
601.0567017	0.0003708797158	602.0641479	0.0042382112
601.1750488	0.0021864208388	602.1828613	0.0028585810792
601.293335	0.0006447623020000002	602.3015747	0.0025647133599999983
601.4116821	0.003270750864999999	602.4202881	0.0009206361130000007
601.5300293	0.0063142519795	602.5390015	0.002094818978
601.6483765	0.004688986024	602.6577148	0.003584129733999999
601.7667236	0.0017971300406999999	602.7764282	0.01012027636
601.8850708	0.003367206314	602.8951416	0.008108424020000005
602.003418	0.0018675385509999997	603.013855	0.008477220777
602.1217651	0.0031627444550000002	603.1325684	0.0044639270052000005
602.2401123	0.0015561676701	603.2513428	0.007860135749999999
602.3584595	0.0013054101729999988	603.3700562	0.04467617721
602.4768066	0.005422963179	603.4887695	0.11766159072999999
602.5951538	0.005316449795	603.6075439	0.111371379607
602.713562	0.007664778502300001	603.7262573	0.07637212424999999
602.8319092	0.008308340563	603.8449707	0.053707033390000006
602.9502563	0.0025199732623999997	603.9637451	0.032337222244
603.0686035	0.0055178373587	604.0824585	0.017950915731
603.1870117	0.024168196599000002	604.2012329	0.010678201916
603.3053589	0.064940838147	604.3199463	0.0070481337600000055
603.4237671	0.099839159762	604.4387207	0.011696610599999997
603.5421143	0.077806498854	604.5574951	0.042247090958
603.6605225	0.048374504786	604.6762085	0.05458335765000001
603.7788696	0.032191924052000005	604.7949829	0.03867701068999999
603.8972778	0.021734393319	604.9137573	0.02631659619
604.015625	0.013676275038	605.0325317	0.019297188153
604.1340332	0.010290987327000001	605.1512451	0.012320549228000001
604.2524414	0.010155550671000001	605.2700195	0.009429245253
604.3708496	0.022960068893	605.3887939	0.008143132550000001
604.4891968	0.039037957788	605.5075684	0.01176404022
604.607605	0.037697095422000004	605.6263428	0.011373430500000004
604.7260132	0.025275981513999998	605.7451172	0.0096691519578
604.8444214	0.015380734111999998	605.8638916	0.00480599143
604.9628296	0.013379685116999999	605.982666	0.006068882532
605.0812378	0.009778162465	606.1014404	0.00848442689
605.199646	0.007438244764999999	606.2202759	0.0227134861
605.3180542	0.008955614172	606.3390503	0.02013900318
605.4364624	0.013271809556999999	606.4578247	0.013214429489
605.5548706	0.011070228128299999	606.5765991	0.010958107658
605.6732788	0.007601485585999999	606.6954346	0.005123941229999998
605.791687	0.0066462669488200005	606.814209	0.007226040821
605.9101562	0.006947755581	606.9329834	0.0028246641120000006
606.0285645	0.014599517914	607.0518188	0.004054562653999999
606.1469727	0.021995341523100002	607.1705933	0.00321282480534
606.2653809	0.018348445653	607.2894287	0.0028837621199999976
606.3838501	0.01179974759	607.4082031	0.0005962885899999937
606.5022583	0.008111630799	607.5270386	0.0012010298670000006
606.6207275	0.0065298485589999995	607.645813	-0.00025774119400000066
606.7391357	0.004118665126000001	607.7646484	-0.004759762430000002
606.857605	0.006660717777000001	607.8834839	0.0004785656999999992
606.9760132	0.003606302198	608.0023193	-0.0016184312985
607.0944824	0.001855152543	608.1210938	0.002167826751
607.2128906	0.0013642450789999993	608.2399292	0.000326680020000001
607.3313599	0.001961051137	608.3587646	-0.0009610904399999995
607.4498291	0.0005306717939999993	608.4776001	0.0040520476755
607.5682373	0.0006906404159999994	608.5964355	-0.0004959544100000008
607.6867065	0.002058890066	608.715271	0.003961768929
607.8051758	0.002357896883	608.8341064	0.0007150811139999998
607.923645	-0.0001628529300000004	608.9529419	0.005607068539999999
608.0421143	0.0011584437450000004	609.0717773	0.0024916548299999987
608.1605835	0.0019637524387	609.1906128	0.0018960852099999988
608.2790527	-0.0017727892840000005	609.3094482	0.002893072549
608.397522	-0.0007075434550000001	609.4282837	0.006953315810000003
608.5159912	5.1272801000000045e-05	609.5471191	0.0024852486098
608.6344604	0.000777388399	609.6659546	0.001449357719999999
608.7529297	-0.0003566415980000002	609.7848511	0.0021330784069999997
608.8713989	0.0037567390829999995	609.9036865	9.890529399999995e-05
608.9898682	0.0020950826879	610.022522	0.0034759889819999997
609.1083374	0.002932082396	610.1414185	0.008649146180000001
609.2268066	0.005234665237000001	610.2602539	0.011171687399999998
609.3453369	0.003077224830000001	610.3790894	0.008137573372
609.4638062	0.0019080360071	610.4979858	0.00872283057
609.5822754	0.0029952873010000002	610.6168213	0.008956978798
609.7008057	0.0017640560399999998	610.7357178	0.020178422329999997
609.8192749	0.0049257096832	610.8546143	0.022193066770000002
609.9378052	0.010125573028	610.9734497	0.012263647279
610.0562744	0.009694687095000001	611.0923462	0.009559866039999998
610.1748047	0.011938720013999999	611.2112427	0.00629393151
610.2932739	0.006513596512	611.3300781	0.0040935669000000015
610.4118042	0.008962751599	611.4489746	0.0030305990999999997
610.5302734	0.0134216970199	611.5678711	0.005158197140000001
610.6488037	0.017963174260999998	611.6867676	0.011258089919999999
610.767334	0.013192285782000001	611.805603	0.00808710512
610.8858032	0.010267575736	611.9244995	0.008274129590000002
611.0043335	0.007959722366799999	612.043396	0.0044881999500000005
611.1228638	0.004066023976000001	612.1622925	0.00542153045
611.241394	0.0045718864425	612.281189	0.0025495570099999983
611.3599243	0.005330263521	612.4000854	0.0012793243000000024
611.4784546	0.010362603237	612.5189819	0.0011439700610000004
611.5969849	0.012993644228	612.6379395	0.0017070900599999994
611.7155151	0.013039016631000001	612.7568359	0.004597182390000001
611.8340454	0.009898511693999999	612.8757324	0.005030542609999997
611.9525757	0.007689200109	612.9946289	0.0054324581363799996
612.071106	0.0053913609590000005	613.1135254	0.005680562929999999
612.1896362	0.0046476321299	613.2324829	0.004322489720000003
612.3081665	0.004729922395	613.3513794	0.001686194908
612.4266968	0.004655339752	613.4702759	0.0036815796050000005
612.5452271	0.0024408237079999997	613.5892334	0.002877454041
612.6638184	0.003809732385	613.7081299	0.0007362384400000001
612.7823486	0.0032589142507	613.8270874	-0.0010209125459999999
612.9008789	0.004809533013	613.9459839	0.0012569725509999994
613.0194702	0.004817219451	614.0649414	0.0009249411500000006
613.1380005	0.0037832250810000004	614.1838379	-0.00034351273999999946
613.2565918	0.0017063849374	614.3027954	0.00132895789279
613.3751221	0.0017599051934999999	614.4216919	0.0017391688305
613.4937134	0.002162548481	614.5406494	0.0013496018939999996
613.6122437	0.0005496684470000001	614.6596069	0.009301040330000003
613.730835	-0.00027905113529999993	614.7785645	0.016518599358
613.8493652	-0.000644755084	614.8974609	0.011216744800000011
613.9679565	0.0025171401214	615.0164185	0.0070062391499999994
614.0865479	0.0016635814679999998	615.135376	0.00459440559618
614.2050781	0.0013135582563	615.2543335	0.0009363314599999998
614.3236694	-0.0017256378200000001	615.373291	0.000490628183
614.4422607	0.003679324407	615.4922485	0.0024307956919999998
614.5608521	0.008792066365999999	615.6112061	0.004749109969999998
614.6793823	0.012849729742	615.7301636	0.007234431810000004
614.7979736	0.011715436118	615.8491211	0.0084803868
614.9165649	0.008973293006	615.9680786	0.006858887150000003
615.0351562	0.0057753806467	616.0870361	0.005619586445
615.1537476	0.0042027785243	616.2059937	0.0018064789500000025
615.2723389	0.0007922560910000004	616.3249512	-0.00040702056100000005
615.3909302	0.0022737178949999996	616.4439697	-0.0004954775799999988
615.5095215	0.003954568876	616.5629272	6.556697e-05
615.6281738	0.007661483946000001	616.6818848	0.0025788230124
615.7467651	0.0072020045481	616.8009033	0.0027491315260000006
615.8653564	0.0066632431699999994	616.9198608	0.0019118394699999992
615.9839478	0.003647172695801	617.0388184	0.0003214129250000001
616.1025391	0.0029453468739999997	617.1578369	0.008343692635999999
616.2211914	0.0026877377671999996	617.2767944	0.015693849419
616.3397827	0.0019697258259999996	617.395813	0.0216657166592
616.458374	0.0016293436053	617.5147705	0.02599939331
616.5770264	0.003478661529	617.6337891	0.019987199226
616.6956177	0.0009950497189999997	617.7527466	0.016496754014
616.81427	0.003198497463	617.8717651	0.009055244267
616.9328613	0.0030155798890000004	617.9907837	0.007713053380000001
617.0515137	0.008622654709	618.1097412	0.005356863142
617.170105	0.016127121051	618.2287598	0.0032740328399999997
617.2887573	0.020923177474	618.3477783	0.002023680140000001
617.4073486	0.022972871316999998	618.4667969	0.0012182709770000005
617.526001	0.021923307562999997	618.5858154	0.002122364930000002
617.6446533	0.0156253421473	618.7047729	-0.0005726940000000003
617.7633057	0.006046957799	618.8237915	-0.001410181634
617.881897	0.0075329209210000005	618.9428101	-8.726306299999993e-05
618.0005493	0.0037361171559999995	619.0618286	-0.0004960978399999993
618.1192017	0.003421363654	619.1808472	-0.00146384351
618.237854	0.0022773197853	619.2998657	-0.002395650370000002
618.3565063	0.001033921261	619.4188843	-0.0007894989099999986
618.4751587	0.0007573374319999999	619.5379639	0.0003497228000000005
618.593811	-0.0005343104709999999	619.6569824	-0.0006402302599999993
618.7124634	-0.00023826840399999993	619.776001	0.0029383786100000003
618.8311157	0.001951388549	619.8950195	-0.0015219673500000003
618.9497681	-0.0010309270579999998	620.0140381	0.000462435189999999
619.0684204	0.0018877214169	620.1331177	0.0009374351648
619.1870728	0.0003672998860000001	620.2521362	0.00040140748999999837
619.3057251	0.0002176756969999999	620.3711548	0.0019903853499999985
619.4243774	-0.0009209658020000004	620.4902344	0.0012617148500000015
619.5430908	0.0014089812466	620.6092529	-0.00027594156599999994
619.6617432	0.0021328565200000003	620.7282715	0.00263840892
619.7803955	-0.0007203248100000001	620.8473511	-0.00010791211399999992
619.8991089	0.0017762665516999998	620.9663696	0.0012029195199999981
620.0177612	-0.0003809528419999996	621.0854492	0.00015531387200000066
620.1364136	0.0008936750239999999	621.2045288	-0.0009806109599999994
620.255127	0.001745937858	621.3235474	0.005191118571999999
620.3737793	0.0010925589013	621.442627	0.0104529216158
620.4924927	-0.0003863773309999998	621.5617065	0.010865181219
620.611145	0.002452286889	621.6807251	0.012757867579999999
620.7298584	-0.00026315101400000004	621.7998047	0.01246533171
620.8485718	0.0009968501990000002	621.9188843	0.014875271360000001
620.9672241	-0.0010970539870000001	622.0379639	0.005958704276000001
621.0859375	-0.0010894548620000001	622.1569824	0.00521323085
621.2046509	0.001619658433	622.276062	0.0033296309500000006
621.3233032	0.011608527390400001	622.3951416	0.00271331612
621.4420166	0.012861127497999999	622.5142212	8.454545999999827e-05
621.56073	0.009609871195000001	622.6333008	-0.0004202313800000003
621.6794434	0.010566341228	622.7523804	0.0017590580980000005
621.7981567	0.011332603055	622.87146	-0.0019530428110000001
621.9168091	0.009329202468	622.9905396	0.0013314578679999994
622.0355225	0.0058142528289000005	623.1096191	0.0003203661180000003
622.1542358	0.0043418826530000005	623.2286987	0.001165106899999999
622.2729492	0.003312917775	623.3478394	-0.0005546319302999999
622.3916626	0.003067058046	623.4669189	0.0006246017300000004
622.510376	0.0028179478828	623.5859985	0.0025826003399999995
622.6291504	0.0011869058363	623.7050781	0.00187520683
622.7478638	-0.0016487942776000001	623.8242188	0.0012344028799999998
622.8665771	0.0012724897820000003	623.9432983	0.0015887496990000007
622.9852905	-0.00024125724999999806	624.0623779	0.0018975548399999993
623.1040039	0.0012887194759999996	624.1815186	-0.00034457444999999934
623.2227173	0.002063655296	624.3005981	0.0003874152899999983
623.3414917	0.002623499837	624.4197388	0.0023730066610000004
623.4602051	0.00251270365	624.5388184	0.002095599194
623.5789185	0.000683546532	624.657959	0.002711600623999999
623.6976929	-0.00011458084899999962	624.7770386	0.005177393550000003
623.8164062	0.0008696489090999999	624.8961792	0.0010668972970000004
623.9351807	-0.001884902827	625.0152588	0.0005217119999999936
624.053894	0.0012839320120000006	625.1343994	0.004131102940000001
624.1726685	0.0016244458969999999	625.25354	0.00048569217000000303
624.2913818	0.0014980133850000003	625.3726807	0.001307626253999999
624.4101562	0.004426413216	625.4917603	-0.0013373335820000003
624.5288696	0.0047948625578	625.6109009	0.0015755686899999993
624.647644	0.0046703626867	625.7300415	0.001783233129999999
624.7664185	0.0031476349684000002	625.8491821	-0.003474907949999998
624.8851318	0.0018189381810000001	625.9683228	0.0005529504300000009
625.0039062	0.0030074324410000013	626.0874634	0.0005764476899999954
625.1226807	0.0064804132561000006	626.206604	-0.00016401778000000016
625.2414551	0.003034708439	626.3257446	0.0024770982600000047
625.3602295	0.000609294395	626.4448853	0.0006423201400000012
625.4789429	0.0018646619279999999	626.5640259	-0.00056827999
625.5977173	0.002378079113	626.6831665	0.0007027219899999985
625.7164917	0.002667598892	626.8023071	-0.0018779509699999994
625.8352661	0.000696393662	626.9214478	0.002954814586999999
625.9540405	-2.8118490999999926e-05	627.0405884	0.002732537679999999
626.0728149	0.0033687221000000002	627.159729	0.0007330458609999999
626.1915894	-0.0010023994830000002	627.2788696	0.0001717945559999998
626.3103638	0.002346081194	627.3980713	-0.0004040021450000004
626.4291992	0.001348125515	627.5172119	0.004635528660000001
626.5479736	-0.00020080199499999994	627.6363525	0.001949476070000001
626.666748	0.0027733217	627.7555542	0.0010426491499999982
626.7855225	0.001051622211	627.8746948	4.4637360000000445e-05
626.9042969	0.0017535360530000002	627.9938965	-0.0015978696760000008
627.0231323	-0.00040482496799999984	628.1130371	0.0004559718099999988
627.1419067	-0.00016458728299999985	628.2322388	0.0016086492401
627.2606812	0.002444819540000002	628.3513794	0.0037173237071
627.3795166	0.0015075001830000007	628.4705811	0.0018212106099999986
627.498291	0.0012997443550000001	628.5897217	0.0014305859800000029
627.6171265	0.002852690988	628.7089233	0.0033792629840000005
627.7359009	0.0004719253629999996	628.828064	0.0016126530200000003
627.8546753	-0.00035018450600000006	628.9472656	0.000590695070000001
627.9735107	0.0014103428700000002	629.0664673	0.0011637723079999992
628.0923462	0.0010000567418	629.1856689	0.001781903209999998
628.2111206	0.000934522598999999	629.3048096	0.001819306980000001
628.3299561	0.001939265523	629.4240112	-0.0008982159200000006
628.4487305	0.0030366630526	629.5432129	-0.00016366876600000003
628.5675659	-5.344335999999858e-07	629.6624146	0.0003245128289999996
628.6864014	0.0016060862689999999	629.7816162	0.00414622284
628.8052368	0.0019593820909999996	629.9008179	0.011545862999999996
628.9240112	0.0030473801310000005	630.0200195	0.014185295669
629.0428467	0.0009471733360000001	630.1392212	0.011699263009999995
629.1616821	0.0001669006306	630.2584229	0.0069470480049999995
629.2805176	0.0013532867157	630.3776245	0.008354716000000005
629.399353	-0.0001106716518	630.4968262	0.00298838201
629.5181885	0.0036384970919999997	630.6160278	0.0019630266465000003
629.6370239	0.004312696110499999	630.7352295	0.0021322828250000003
629.7558594	0.0093688652269	630.8544312	0.003158926498
629.8746948	0.010858628433	630.9736328	0.013067269692999999
629.9935303	0.010788702404	631.0928955	0.016161146337
630.1123657	0.007271863517	631.2120972	0.010867977510000001
630.2312012	0.004016544611300001	631.3312988	0.007641278209999998
630.3500366	0.004587633302	631.4505615	0.0059211584769999995
630.4688721	0.0014590534850000003	631.5697632	0.003611179069999998
630.5877075	0.0025891084229999997	631.6889648	0.0006200851058000001
630.706604	0.005148333963	631.8082275	0.0007195211999999999
630.8254395	0.008122304456	631.9274292	0.000701880089999999
630.9442749	0.0151801605291	632.0466919	0.0001231636799999998
631.0631714	0.015600174666	632.1658936	-0.00020178454000000044
631.1820068	0.0085728236004	632.2851562	0.0006434284100000007
631.3008423	0.005440664478	632.4043579	-0.0017830729500000007
631.4197388	0.002881086897	632.5236206	-0.0001634326182
631.5385742	0.004995679249999999	632.6428833	0.00185545627
631.6574707	0.0047274188833	632.762085	-0.00106977485
631.7763062	0.0016092926959999998	632.8813477	-0.00018175638980000004
631.8952026	0.002997703151	633.0006104	0.0007728962199999995
632.0140381	0.003581968138	633.119812	-0.00046025169999999987
632.1329346	0.001170698321	633.2390747	-0.0011478289999999995
632.2518311	0.0006853254744999999	633.3583374	6.783287999999506e-06
632.3706665	0.002426592517	633.4776001	6.377696999999502e-06
632.489563	0.0006240522489999994	633.5968628	0.002545885750000001
632.6084595	0.0012303460389999996	633.7161255	0.0010323338209999996
632.7272949	0.00031749135800000034	633.8353882	0.0012954464199999988
632.8461914	0.002210029634	633.9545898	0.000583396526
632.9650879	0.0016677324893	634.0738525	0.0024357438099999983
633.0839844	0.001763660693	634.1931763	-0.0015593990639999993
633.2028809	-0.00012718676600000003	634.312439	-0.0010899845500000026
633.3217773	0.0006241183729999997	634.4317017	0.0016276659444
633.4406738	-0.00013412674800000008	634.5509644	0.002883823590000001
633.5595703	-0.0010564907093799998	634.6702271	0.0031841695299999993
633.6784668	-0.00034594628999999946	634.7894897	0.0008469456790000003
633.7973633	-0.000636476092	634.9087524	-1.1802651000000428e-05
633.9162598	0.00027807009242000004	635.0280762	0.0011841272899999998
634.0351562	-0.0003929659729999999	635.1473389	-0.000440331175000001
634.1540527	-0.00033013359700000003	635.2666016	-0.00048269238400000004
634.2729492	0.0009213243610000001	635.3858643	0.002032548199999998
634.3918457	0.0017371310380000001	635.505188	-0.0014858846550000002
634.5107422	0.00013244291699999978	635.6244507	-0.0011527761799999953
634.6296997	0.000997421332	635.7437744	0.0016443114719999997
634.7485962	-3.8067810000002103e-06	635.8630371	-0.000908958027
634.8674927	0.0001834157160000001	635.9823608	0.00127775594
634.9863892	0.0007289634089999997	636.1016235	0.0010302601149999998
635.1053467	0.0016454632860000002	636.2209473	0.0009017526179999997
635.2242432	-0.0013545092659999999	636.34021	-0.001086190350000002
635.3432007	0.0022714338269999995	636.4595337	0.0030865091800000004
635.4620972	0.0006559621550000002	636.5787964	0.00114606414
635.5809937	-0.0006529688829999998	636.6981201	0.0007750429199999999
635.6999512	0.001144893235	636.8174438	0.003717097803
635.8189087	1.4861579999999978e-06	636.9367065	0.002618965692
635.9378052	-0.00019746366899999965	637.0560303	0.00136953779
636.0567627	0.0010247854499999993	637.175354	0.005511316467
636.1756592	-0.00037537468600000023	637.2946777	0.008756994735
636.2946167	0.0012359237299999996	637.4140015	0.005790891123
636.4135742	0.0019700997510000004	637.5332642	0.006145298483
636.5324707	7.224618500000011e-05	637.6525879	0.004761731485
636.6514282	0.0021090062800000003	637.7719116	-0.0023214630800000025
636.7703857	0.003469569609	637.8912354	0.0021530389800000008
636.8893433	0.0033284223169999998	638.0105591	-0.00054675899
637.0082397	0.006835927256	638.1298828	0.00045048492100000035
637.1271973	0.0100339492797	638.2492065	0.0023380015050000003
637.2461548	0.006048692386000001	638.3685303	0.0002539846999999977
637.3651123	0.007048010364999999	638.487854	0.001131339000000002
637.4840698	0.003423252376	638.6071777	0.006275202613999999
637.6030273	0.002845201641	638.7265625	0.016146395350000002
637.7219849	0.0011245128699999994	638.8458862	0.015327360480000003
637.8409424	0.002162196906	638.96521	0.011443215884000001
637.9598999	0.00020201713800000018	639.0845337	0.006818955769999999
638.0788574	0.002252722625	639.2039185	0.0034355637619999995
638.1978149	0.00083415905829	639.3232422	0.002917530949
638.3167725	0.00031854538300000014	639.4425659	0.004508372400000002
638.43573	0.0039611132815	639.5618896	0.003231872339
638.5547485	0.0097555640989	639.6812744	0.0017022236134
638.6737061	0.019559781067	639.8005981	0.002808183439999997
638.7926636	0.013540026732	639.9199829	0.0008814835165000001
638.9116211	0.00879659038	640.0393066	-0.0035079121600000013
639.0306396	0.007269601802	640.1586914	0.0013910122200000014
639.1495972	0.004122069571999999	640.2780151	0.0007962919799999989
639.2685547	0.0051841971582	640.3973999	0.0002315444899999991
639.3875732	0.0016601555980000002	640.5167236	0.0009744726990999999
639.5065308	0.00233132334	640.6361084	-3.030616799999837e-05
639.6255493	0.00045771570800000067	640.7554932	-8.358806000000052e-05
639.7445068	0.0036509503258	640.8748169	0.0019064077639999997
639.8635254	0.0022193852350000003	640.9942017	-0.0003307908800000009
639.9824829	0.002171970205	641.1135864	-0.0011658296000000012
640.1015015	0.0011382382359999988	641.2329102	0.00233259425
640.220459	0.003939744784	641.3522949	0.0005824521649999998
640.3394775	0.00034656841300000074	641.4716797	0.0028284005799999977
640.4584961	0.0025296364910000002	641.5910645	0.00269440189
640.5774536	0.0019495654849999997	641.7104492	0.03079836814999999
640.6964722	0.002146143233	641.829834	0.05664514749999999
640.8154907	0.0008489391770000001	641.9492188	0.04385318141
640.9344482	0.002112871662	642.0686035	0.03573640808
641.0534668	0.00173535198	642.1879272	0.02490292117
641.1724854	0.0016246435700000002	642.307373	0.017803653138600002
641.2915039	0.000628225389	642.4267578	0.01079307682
641.4105225	0.0011646146889999999	642.5461426	0.00909402687
641.529541	0.016669834960999996	642.6655273	0.0037452727500000005
641.6485596	0.049229664262000004	642.7849121	0.00530631654
641.7675781	0.056331684810999996	642.9042969	0.0013660725090999999
641.8865356	0.044477927502999996	643.0236816	0.0018915897269999992
642.0055542	0.03096139338	643.1430664	0.00019106280520000003
642.1246338	0.020105020899	643.2625122	0.0035463534259999995
642.2436523	0.013043628072000001	643.381897	0.004536236636
642.3626709	0.01057945285	643.5012817	0.00264205411
642.4816895	0.00712946523	643.6206665	0.0013926662600000014
642.600708	0.005865686806	643.7401123	0.0006427262000000006
642.7197266	0.0023330582476	643.8594971	-0.0003632679500000027
642.8387451	0.0008207624780000007	643.9789429	0.0023057982299999995
642.9578247	0.0021117075809	644.0983276	0.001914199450000001
643.0768433	0.00303769519	644.2177124	0.0003107525400000005
643.1958618	0.0034543937069999994	644.3371582	0.0020437445500000005
643.3148804	0.004519113106	644.456543	0.0030660652560000005
643.43396	0.0028730933122	644.5759888	0.0010327030900000008
643.5529785	0.0006890811489999996	644.6954346	-0.0010396982541
643.6720581	0.0030101556329999992	644.8148193	0.0006040250889999994
643.7910767	0.0020928205917	644.9342651	0.0013205669900000008
643.9100952	0.004946661182	645.0536499	0.0018375180699999986
644.0291748	-0.001310893567	645.1730957	0.00036462023999999857
644.1481934	0.0031637985950000004	645.2925415	0.00226056925
644.2672729	0.000717630843	645.4119263	-0.0008536634264000001
644.3862915	0.001231377944999999	645.5313721	0.001815482276
644.5053711	0.0023348372194	645.6508179	0.0012914429535999998
644.6244507	0.0022975024763	645.7702637	-0.0015273462050000002
644.7434692	-0.0006557139569999997	645.8897095	0.001842703670000001
644.8625488	0.0016605728310000005	646.0091553	0.0009849891100000008
644.9816284	0.0018647713589999993	646.12854	-0.001186539419
645.100647	0.0021601761690000004	646.2479858	-0.000421566889999999
645.2197266	0.0023350787815	646.3674316	0.002155452969999999
645.3388062	-0.00148493913	646.4868774	0.00047316681600000077
645.4578857	0.00114774828433	646.6063232	0.0011221612799999997
645.5769653	0.0014203353789999998	646.725769	0.0029754117099999988
645.6959839	0.000603474677	646.8452148	0.00833011139
645.8150635	0.0017206378397999998	646.9646606	0.004856055486
645.9341431	0.0043369639607999996	647.0841675	0.0045370524461
646.0532227	0.001386184944	647.2036133	0.0019506942499999992
646.1723022	0.0008746124800000001	647.3230591	0.004201476258100001
646.2913818	0.0032400052001	647.4425049	0.0028828140399999973
646.4104614	0.0008660471070000004	647.5619507	0.0024523381099999988
646.529541	0.00023998873079999995	647.6814575	0.0032172352100000006
646.6486206	0.003319879761	647.8009033	0.0017325282100000006
646.7677002	0.004869356038399999	647.9203491	0.00028760918000000045
646.8867798	0.002552146791	648.0397949	0.0026406738900000004
647.0059204	0.00581767899	648.1593018	0.0021119776650000005
647.125	0.0031004613310000005	648.2787476	0.0034615714099999993
647.2440796	0.001574571419	648.3982544	0.003755675164
647.3631592	0.001853373644	648.5177002	0.001409413289999998
647.4822388	0.0019107373659999999	648.637146	0.0019087691330000002
647.6013794	0.0007726005270000001	648.7566528	0.0018424130899999946
647.720459	0.0031477226584	648.8760986	0.0027458821419999997
647.8395386	0.0007585893033	648.9956055	0.00012053457000000059
647.9586792	0.0020698483570000003	649.1151123	-0.002099961039999999
648.0777588	0.0032495800430000004	649.2345581	0.0014817435299999994
648.1968994	0.000921895495	649.3540649	0.0026036910700000006
648.315979	0.0040924215570999995	649.4735107	0.0007765516599999994
648.4350586	0.0027591127433000003	649.5930176	0.0015312274900000002
648.5541992	0.0023678451539999998	649.7125244	0.0009965738299999999
648.6732788	0.0014834968022000002	649.8319702	0.0016299658450000002
648.7924194	-5.188048900000002e-05	649.9514771	-0.0005504265500000001
648.9115601	0.0007568980799999999	650.0709839	0.0010653780770000006
649.0306396	0.0039423141862	650.1904907	0.00207671104
649.1497803	0.0012850733439999998	650.3099976	-0.0010126680100000021
649.2688599	0.001188487047	650.4294434	0.002298300155
649.3880005	0.0025918753342	650.5489502	-0.0016579739749999992
649.5071411	0.002709304216	650.668457	0.0008997816476
649.6262817	0.003695597872	650.7879639	-0.0001597674500000007
649.7453613	0.0018607974049999997	650.9074707	-0.0008019916800000026
649.864502	0.00045934086700000036	651.0269775	0.00024701957590000007
649.9836426	0.0028141265285899996	651.1464844	0.0005875490599999977
650.1027832	0.0004247733736999999	651.2659912	0.00029232167000000156
650.2219238	0.003331211629	651.385498	0.0002522859799999992
650.3410034	-0.00018257368399999998	651.5050049	0.00012440048999999911
650.460144	0.0005869371809999998	651.6245117	0.000434563495
650.5792847	0.0015649301930000005	651.7440796	0.00043865478999999957
650.6984253	7.345411000000003e-05	651.8635864	0.0026051700100000012
650.8175659	0.0022330675280000005	651.9830933	-0.0013566119590000003
650.9367065	0.0035316329449999995	652.1026001	-9.80980699999967e-05
651.0558472	0.00035190489140000003	652.2221069	0.001014261507
651.1749878	0.0022213616466	652.3416748	-0.0019177501090000002
651.2941284	0.002598727588	652.4611816	0.0028048823589999997
651.4133301	0.0008491806230000003	652.5806885	-0.0015490502099999998
651.5324707	0.00466911064	652.7002563	-0.0017609763899999985
651.6516113	0.0015294183979999995	652.8197632	0.002235069870000002
651.770752	0.00021945452300000008	652.93927	0.0035569313900000003
651.8898926	-0.00024450546999999975	653.0588379	0.001815430587
652.0090332	0.00059324059844	653.1783447	-0.0006473029500000003
652.1282349	9.524007300000005e-05	653.2979126	-0.0014690388343
652.2473755	-0.00013542221900000005	653.4174194	0.0014458037899999984
652.3665161	0.0011336272600000006	653.5369873	-0.00010401103000000009
652.4857178	0.002908165916	653.6564941	0.0011818185450000003
652.6048584	-0.0001224428409999992	653.776062	0.002710327972
652.723999	0.0007792990659	653.8956299	0.0020773010329999996
652.8432007	0.0007618836820000002	654.0151367	0.006479884034000001
652.9623413	-0.0008753738370000002	654.1347046	0.006313230838999999
653.081543	-0.0001683209560000001	654.2542114	0.00506486464
653.2006836	0.000316327205	654.3737793	0.004337765279999999
653.3198853	0.0009319321249999998	654.4933472	0.002463415269999998
653.4390259	0.0014066093137	654.612915	-0.00021840888100000018
653.5582275	0.0019796086710000002	654.7324219	0.0032142980490000002
653.6773682	-0.00031210295899999994	654.8519897	0.0027866819880000004
653.7965698	0.0033440808759999992	654.9715576	0.00060562137
653.9157715	0.005765211766999999	655.0911255	0.000754797829999999
654.0349121	0.006333863479	655.2106934	0.0009049922200000012
654.1541138	0.006552556763	655.3302612	0.0018931608700000005
654.2733154	0.0040921580511	655.4498291	0.00017530005599999954
654.3925171	0.003309688996	655.569397	0.001523155709999998
654.5116577	0.00222437048054	655.6889648	0.0010668770409999998
654.6308594	0.0006485178892	655.8085327	-0.0002503711699999994
654.750061	0.000239659334	655.9281006	-0.0003414340300000006
654.8692627	0.0019426692740000002	656.0476685	-0.0010181097299999994
654.9884644	0.0004221159030000001	656.1672363	0.0021290439179999995
655.107605	0.00118429237	656.2868042	0.0025792437369
655.2268066	-0.00038020685299999975	656.4063721	0.014260192404
655.3460083	0.0008649048389999994	656.5259399	0.025349546230000002
655.46521	0.0017920348330000002	656.6455078	0.022769048809999998
655.5844116	0.0003559021280000003	656.7650757	0.0136807672726
655.7036133	0.0021785800350000006	656.8847046	0.011371204629999998
655.8228149	0.00196847436	657.0042725	0.007207347318000001
655.9420166	0.0033204946659999997	657.1238403	0.0033743977599999947
656.0612183	0.0007273603699999996	657.2434692	0.0030843378039999998
656.180481	0.004937590565	657.3630371	0.001165634950000001
656.2996826	0.016808962337	657.482605	0.0028776439141
656.4188843	0.031254580246	657.6022339	0.0031606461899999997
656.5380859	0.028794752895	657.7218018	0.0013656103980000003
656.6572876	0.023437930739300002	657.8413696	0.0023044347799999997
656.7764893	0.011623703408	657.9609985	0.002041065136000001
656.895752	0.007866890985	658.0805664	0.0018911892549999991
657.0149536	0.008374423022	658.2001953	-0.0007577994839999998
657.1341553	0.005269034766	658.3197632	0.0025059543550000002
657.253418	0.004530313425000001	658.4393921	0.0018168063799999992
657.3726196	0.004736664239	658.55896	0.0016088443221999999
657.4918213	0.0022226354342000003	658.6785889	0.0007546599899999999
657.611084	0.0033770017330000002	658.7982178	0.0004537240600000006
657.7302856	0.0007492117579999992	658.9177856	-0.0007228974719
657.8495483	0.00193162309	659.0374146	0.00032749399000000026
657.96875	0.00023994478399999998	659.1570435	4.690513000000021e-05
658.0880127	-0.000948176486	659.2766113	-0.002730714159999998
658.2072144	0.0013201897899999988	659.3962402	0.0014807274560000002
658.3264771	0.0010945135725	659.5158691	0.0006019513234
658.4456787	0.001996958396	659.635498	-0.0008736760360000002
658.5649414	0.00017656339299999997	659.7550659	0.0028877854399999986
658.6841431	0.0018831975750000004	659.8746948	0.0028260909000000015
658.8034058	0.00037219747899999993	659.9943237	0.00303049572
658.9226685	0.00012846785880000003	660.1139526	0.0010696486569999998
659.0418701	0.001305124722000001	660.2335815	0.0013118968350000005
659.1611328	0.0021802494300000004	660.3532104	0.0017418479549999996
659.2803955	-0.00036808324500000006	660.4728394	-0.0006796028500000023
659.3996582	0.0014968714679999997	660.5924683	0.00622601435
659.5188599	0.000775148394	660.7120972	0.009005350989999997
659.6381226	0.00020801276000000004	660.8317261	0.01269701124
659.7573853	0.0032180217100000004	660.951355	0.009634763000000001
659.8766479	0.0044257544212	661.0709839	0.00703886163
659.9959106	0.0025953674341	661.1906128	0.0022641681130000013
660.1151733	0.001581555232	661.3102417	0.0020262934299999993
660.234436	0.002940097824	661.4298706	0.0015205722299999995
660.3536377	0.0018526269701	661.5494995	0.0020189626960999997
660.4729004	0.005344274456	661.6691895	0.0014821235100000007
660.5921631	0.008475467793000001	661.7888184	0.00020943791600000006
660.7114258	0.010216076392	661.9084473	0.0008086711170000004
660.8306885	0.007236615288999999	662.0280762	-0.0007952684539999991
660.9500122	0.0051461159599	662.1477661	0.0010315894620000002
661.0692749	0.0022989300196000003	662.267395	0.0020593116060000013
661.1885376	0.0009406504690000002	662.3870239	0.0027101740709
661.3078003	0.00159644545	662.5067139	0.0018305517729999997
661.427063	0.0028648572049999998	662.6263428	0.0001575471899999993
661.5463257	0.0014620842701	662.7459717	-0.0011859033299999999
661.6655884	-0.001558927586	662.8656616	0.002937793729999999
661.7849121	0.0016703021249999997	662.9852905	-0.0002568016062000001
661.9041748	0.0007916414179999997	663.1049805	-0.000387095366
662.0234375	-0.0014082052221000001	663.2246094	0.0019451031690999997
662.1427002	-0.0011841972005	663.3442993	0.0009214319269999997
662.2620239	-0.0023899753576	663.4639282	-0.0010210460751
662.3812866	0.0011683703052999999	663.5836182	0.001552389585
662.5005493	-0.0009983363560000002	663.7032471	0.00033314898999999704
662.619873	-0.000960869831	663.822937	-0.001412630314
662.7391357	0.0016885742079999998	663.942627	0.0008820379149999998
662.8584595	-0.00025370809999999966	664.0622559	0.0005899351099999985
662.9777222	-0.0018296483999999998	664.1819458	0.0015019718500000022
663.0969849	-0.00022588227799999992	664.3016357	0.00250822771
663.2163086	0.0005783506199999997	664.4212646	0.002204561141
663.3355713	0.002334507764	664.5409546	0.0010543372500000023
663.454895	0.0010140680239999998	664.6606445	0.003083619522
663.5742188	0.0009655772009999999	664.7803345	0.0025222090769999998
663.6934814	0.001700279303	664.8999634	0.001496386715
663.8128052	0.0022958115151	665.0196533	0.0020605130100000008
663.9320679	0.000712074339	665.1393433	-0.0007752096199999999
664.0513916	0.0030204334184	665.2590332	0.0009572526899999999
664.1707153	0.0040349261257	665.3787231	0.0008636782879999998
664.289978	0.003403201699	665.4984131	0.00036237203000000044
664.4093018	0.005359933246000001	665.618103	-0.0022128401330000005
664.5286255	0.007334037450999999	665.737793	-0.0009500561300000016
664.6479492	0.007326175460999999	665.8574829	0.0009584743529999998
664.7672119	0.0053636454969999995	665.9771729	0.004918608809999999
664.8865356	0.003889870248	666.0968628	0.0014634607400000003
665.0058594	0.0036276706961	666.2165527	0.0024514859500000003
665.1251831	0.0005215143319999998	666.3362427	0.004707181592999999
665.2445068	0.004558094893999999	666.4559326	0.0030891895299999944
665.3638306	0.0022409074594	666.5756226	0.005778986960000003
665.4831543	0.00014893605840000002	666.6953125	0.0037602949899999995
665.602417	0.002013121732	666.8150635	0.00640700944
665.7217407	4.804460300000032e-05	666.9347534	-0.006087418649999999
665.8410645	0.0012976580761000001	667.0544434	0.004381995649999998
665.9603882	0.0021140355388	667.1741333	0.0028619896660000005
666.0797119	0.0025155367329999997	667.2938232	0.0005832528117
666.1990356	0.004643503344	667.4135742	0.0004177028310000004
666.3184204	0.004141505342	667.5332642	0.0013907365500000005
666.4377441	0.004817461013	667.6529541	-0.00012009217999999974
666.5570679	0.005642952862999999	667.7727051	0.004133190950000001
666.6763916	0.007039291319	667.892395	0.00931838807
666.7957153	0.00681934599	668.012085	0.019433915609999998
666.9150391	0.0041840453162	668.1318359	0.012074378785
667.0343628	0.0045228687087	668.2515259	0.012335566804000001
667.1537476	0.003398940433	668.3712769	-0.006049567839999999
667.2730713	0.001166218890000001	668.4909668	0.0067306533400000035
667.392395	-0.0002404865082	668.6107178	0.003082916315
667.5117188	0.0012956594583	668.7304077	0.005733224796
667.6311035	0.0014003501280000002	668.8501587	0.00375794898
667.7504272	0.008854151703	668.9698486	0.003644727167999999
667.869751	0.018161355319099997	669.0895996	0.0017967580350000002
667.9891357	0.019123843519399997	669.2093506	0.003046797588
668.1084595	0.016149522266999998	669.3290405	0.002115190962
668.2278442	0.012907906202999999	669.4487915	0.004680246110000001
668.347168	0.007752295119	669.5685425	0.0010881465860000002
668.4665527	0.008913096506000001	669.6882324	0.00017417641399999993
668.5858765	0.007344886197	669.8079834	0.0019090254800000006
668.7052002	0.007846378955	669.9277344	0.0005648673970000001
668.824585	0.004548430909	670.0474243	0.0036774729370000004
668.9439697	0.0034641890080000003	670.1671753	0.003533254379000001
669.0632935	0.0042945999012999996	670.2869263	0.006389584399999999
669.1826782	0.0019933786240000006	670.4066772	0.0025602682145
669.302002	0.0028947037639999998	670.5264282	0.003644813779000001
669.4213867	0.0016319351269000002	670.6461792	0.0010471674619999998
669.5407715	-0.0009625830279	670.7658691	0.0003225218970000004
669.6600952	0.002293637022	670.8856201	-0.0010759863079999998
669.77948	0.0019435696305	671.0053711	-0.0007818359900000002
669.8988647	0.0024617531163	671.1251221	-0.0004949430000000012
670.0181885	0.004031961551	671.244873	0.003072461110000004
670.1375732	0.005093100713	671.364624	0.0006945503992
670.256958	0.0032581675186	671.484375	-0.0008560707790000004
670.3763428	0.003303254954	671.604126	-3.08086159999995e-05
670.4957275	-0.0010352977560000001	671.723877	-0.0020428858700000004
670.6150513	0.002058933955	671.8436279	-0.0006493153049999998
670.734436	0.0017393489829	671.9634399	0.00039810594199999987
670.8538208	0.0005214484410000003	672.0831909	0.0052879005699999985
670.9732056	-0.0005481895059999999	672.2029419	0.005496982479999999
671.0925903	0.0016875638971000002	672.3226929	0.006011755905
671.2119751	0.0008139543932000001	672.4424438	0.001441769535
671.3313599	0.0012215392195	672.5621948	0.0012601483600000012
671.4507446	0.00038623087999999995	672.6820068	0.0038314336009999993
671.5701294	-0.0008901976398999999	672.8017578	0.0013356357800000003
671.6895142	0.00022248536699	672.9215088	0.0005667302760000003
671.8088989	0.0014817838091	673.0412598	0.0010126703420000002
671.9282837	0.003717537503	673.1610718	-0.0013180444950000002
672.0476685	0.0037652382159999997	673.2808228	0.0018910658549999996
672.1670532	0.0043363270238	673.4005737	-0.0005163471219999998
672.286438	0.002760298666	673.5203857	-0.0011693248520000003
672.4058228	0.001839033095	673.6401367	0.00021733156999999975
672.5252686	0.0037575514284	673.7599487	0.0018876835229999999
672.6446533	0.00246236785459	673.8796997	-0.00029055400999999925
672.7640381	0.0012787052396999999	673.9994507	-0.0006021484800000018
672.8834229	-1.1713244000000761e-05	674.1192627	-0.000963184516999999
673.0028076	-0.00031546331590000005	674.2390137	0.000805919757
673.1222534	0.001070531318	674.3588257	-0.0005717086599999997
673.2416382	0.0019252757843	674.4785767	0.0017052618799999995
673.3610229	0.001492259559	674.5983887	-0.00209980645
673.4804688	0.0006901572920000004	674.7182007	-0.0011163861490000003
673.5998535	-0.0001491263975	674.8379517	0.0032914383399999993
673.7192383	-4.43477190000003e-05	674.9577637	-0.001971704885
673.8386841	-3.7408899999998198e-06	675.0775146	0.002171830270000001
673.9580688	0.0008377609769999999	675.1973267	0.0036403122359999996
674.0775146	0.0012455652470000004	675.3171387	0.0308871027
674.1968994	0.0004981250969999999	675.4368896	0.08357827368
674.3162842	0.0009012077930000001	675.5567017	0.09271302801669999
674.43573	0.0005942508574	675.6765137	0.07206347026
674.5551147	0.000422972488	675.7963257	0.05876131914
674.6745605	0.001188421156	675.9160767	0.03943447769
674.7939453	0.0003452724779999996	676.0358887	0.027469106947
674.9133911	0.0021836096421000003	676.1557007	0.015568463139999999
675.0328369	0.0015862989239999997	676.2755127	0.014017533977999999
675.1522217	0.017232709564999997	676.3953247	0.01064270362
675.2716675	0.06885823747	676.5151367	0.009118925780000002
675.3910522	0.10590707698400001	676.6349487	0.007564656429999999
675.510498	0.09095777397060001	676.7546997	0.0078967726294
675.6299438	0.072574790103	676.8745117	0.014856593449999999
675.7493896	0.0555224444203	676.9943237	0.013681547019
675.8687744	0.037931492316	677.1141357	0.010658927495
675.9882202	0.02677070786008	677.2339478	0.006737622897999999
676.107666	0.018288161837	677.3537598	0.006372896949999998
676.2271118	0.012621548954	677.4735718	0.00609055348
676.3464966	0.009662776367	677.5933838	0.0020398478950000003
676.4659424	0.009048642821	677.7132568	0.0010291459040000003
676.5853882	0.008909889963	677.8330688	0.002436067909999999
676.704834	0.014635775703999999	677.9528809	0.0008062688860000001
676.8242798	0.012611227342999999	678.0726929	0.0017408214039999997
676.9437256	0.008418653160000001	678.1925049	0.00022827496240000007
677.0631714	0.009160691178	678.3123169	-0.00016795844000000448
677.1825562	0.0053471743589999995	678.4321289	0.0012754956260000007
677.302002	0.0030400013780999997	678.552002	-0.00131450407
677.4214478	0.0033689195113	678.671814	0.0019050054200000013
677.5408936	0.0024087158963	678.791626	0.0027542226000000017
677.6603394	0.0012952641698	678.911438	0.0004349793299999998
677.7797852	-5.172681999999996e-05	679.031311	0.0018496811390000005
677.899292	0.0007909601550000001	679.151123	9.6918782e-05
678.0187378	0.0016845769427999999	679.2709351	0.0013691214849999994
678.1381836	0.0007532304149999993	679.3908081	-8.766353100000002e-05
678.2576294	0.0022230746689999997	679.5106201	0.0022329557699999995
678.3770752	0.002333958633	679.6304321	4.448834799999912e-05
678.496521	0.0009589008979999998	679.7503052	0.001433212310000001
678.6159668	1.7144600999999954e-05	679.8701172	-4.954775800000005e-05
678.7354126	0.0009374441579999993	679.9899902	0.0025382181599999994
678.8549194	0.0007011815909999997	680.1098022	-0.0008895611389999995
678.9743652	0.0008986825119999993	680.2296753	0.0012215506300000019
679.093811	0.000350257731	680.3494873	0.00022866576999999721
679.2132568	0.001114718383	680.4693604	-0.00280620157
679.3327637	0.0011131149947999999	680.5891724	0.0023561252740000004
679.4522095	-0.0009125326759999997	680.7090454	-0.000798368827
679.5716553	0.0009994857828	680.8288574	-0.00019523501000000276
679.6911621	0.002438978758	680.9487305	-0.00042403023699999986
679.8106079	-0.0009218442720000004	681.0686035	0.0045028743290000004
679.9300537	0.0010358540453	681.1884155	-0.0005365854013000001
680.0495605	0.0021470217323	681.3082886	0.0009933764813
680.1690063	-0.000442972174	681.4281006	0.0026025511299999984
680.2884521	-0.0019033066919999998	681.5479736	0.0019430499520000002
680.407959	-0.0006910506639999994	681.6678467	6.5630300000001085e-06
680.5274048	0.0009037770799999998	681.7877197	0.0008087223390000004
680.6469116	0.0007949137362999999	681.9075317	0.0018509775399999928
680.7663574	0.0023335414592	682.0274048	-0.00025381986000000065
680.8858643	-0.0002684216010000002	682.1472778	-0.0008878158400000002
681.0053101	-0.0005164556200000002	682.2671509	-0.0001183263899999995
681.1248169	0.001541980543	682.3869629	-0.0015039974820000006
681.2442627	-0.0007086636030000002	682.5068359	-0.0028047636199999976
681.3637695	0.0006186505780000004	682.626709	0.0013142423699999996
681.4832764	0.001377795823	682.746582	0.0010161306700000004
681.6027222	0.0010241707790000004	682.8664551	0.0039058583759999993
681.722229	0.0003142847272	682.9863281	0.0056975418699999995
681.8417358	0.0027917036790000003	683.1062012	0.0043000243600000015
681.9611816	0.0009307244329999995	683.2260742	0.0028096661
682.0806885	0.0022803505415	683.3459473	0.0031615952000000006
682.2001953	-0.0006878656569999999	683.4658203	9.817117829999996e-05
682.3196411	0.0012385592559999998	683.5856934	0.0015747118700000003
682.4391479	0.0001235920929999997	683.7055664	-0.0008334247399999998
682.5586548	0.0006824485020000002	683.8254395	0.0007697085969999999
682.6781616	0.003634171561	683.9453125	0.00332090258
682.7976685	0.0037750988259999995	684.0651855	-0.0001217545900000002
682.9171143	0.0048313625738	684.1850586	0.0002911612400000006
683.0366211	0.004204491619	684.3049316	-0.0006830673660000001
683.1561279	0.0030721089574	684.4248047	-0.00016292952900000008
683.2756348	0.0017077685339999997	684.5446777	-0.0023086569856
683.3951416	0.0010402685729999999	684.6646118	0.0004918854679999999
683.5146484	0.0026698610746	684.7844849	0.001404526877
683.6341553	0.000558717177	684.9043579	0.001143087167
683.7536621	-0.0014661839229999998	685.024231	-0.0005742544310000002
683.8731689	0.0016468029353000002	685.144104	0.00026817619800000025
683.9926758	3.741521509999999e-05	685.2640381	-0.00021994905599999988
684.1121826	0.0008347520492	685.3839111	0.0003199242060000001
684.2316895	-0.0020154428200000003	685.5037842	0.0034377607522000004
684.3511963	-0.0007718466219999998	685.6237183	0.003030983729999999
684.4707031	-0.0005554593772	685.7435913	0.0031583723610000003
684.59021	0.0011538756079999997	685.8634644	0.000263346359000001
684.7097168	0.0005167704070000001	685.9833984	0.0025728121399999984
684.8292236	-0.0005731383573000001	686.1032715	0.00039904564600000067
684.9487305	0.000555400783001	686.2231445	0.002409099136
685.0682373	0.0014636435662	686.3430786	0.0018195528499999995
685.1877441	0.0003151185800000008	686.4629517	-0.0007001794900000011
685.307312	0.0014432193130999998	686.5828857	0.0009204410009999997
685.4268188	-1.6017118000000077e-05	686.7027588	0.003159414046
685.5463257	0.0023901583041000003	686.8226929	-0.00034892838399999985
685.6658325	-0.00017174705900000007	686.9425659	-0.0008353909940000002
685.7853394	-0.0006411541249999996	687.0625	0.0018338724039999995
685.9049072	0.0012416780369	687.182373	0.02023330052
686.0244141	0.002053421572	687.3023071	0.073310445525
686.1439209	-0.000446288381	687.4221802	0.087786017453
686.2634277	0.0016833470440000002	687.5421143	0.06711960025
686.3829956	0.0017021460808999999	687.6619873	0.051499899243999996
686.5025024	0.0009798080429999998	687.7819214	0.033085409554
686.6220703	0.001819420839	687.9018555	0.023884909225
686.7415771	-0.0002566724999999992	688.0217285	0.019108977864
686.861084	0.0002543516459999999	688.1416626	0.0139090456
686.9806519	0.00503558320682	688.2615967	0.01413300075
687.1001587	0.034087029747	688.3814697	0.011831935496
687.2197266	0.082628231383	688.5014038	0.010086668649999998
687.3392334	0.097182072929	688.6213379	0.0051151131049
687.4588013	0.076241781932	688.741272	0.00875950978
687.5783081	0.057555671084000004	688.861145	0.010868363079999999
687.697876	0.037047121904	688.9810791	0.014541157526000001
687.8173828	0.028269936939799997	689.1010132	0.013101684972999999
687.9369507	0.019862498159	689.2209473	0.012881450360000001
688.0564575	0.015206777486000002	689.3408813	0.010697244202
688.1760254	0.014879154977	689.4608154	0.007249306890000001
688.2955322	0.008889927063	689.5806885	0.0050989971499999995
688.4151001	0.0067411410860000005	689.7006226	0.0020782351529999993
688.534668	0.0032893531020000005	689.8205566	0.002564745020000002
688.6541748	0.0042201718319	689.9404907	0.0021550767099999986
688.7737427	0.009760242188	690.0604248	0.00264215655
688.8933105	0.015110981655	690.1803589	0.0009972369299999992
689.0128174	0.013602023012	690.300293	0.0012545182835
689.1323853	0.015394395220999998	690.4202271	0.0006972607219999996
689.2519531	0.007651733468000001	690.5401611	0.0003775545046
689.37146	0.007481970359000001	690.6600952	0.0005824863899999977
689.4910278	0.004584931765	690.7800293	0.0019720178100000006
689.6105957	0.003958148648000001	690.8999634	-0.001002619625
689.7301636	0.0026280020829	691.0198975	-0.00018210540289999994
689.8497314	0.0025367297928	691.1398315	0.0003967303205
689.9692383	0.0012809453759999997	691.2598267	-0.00011918879999999951
690.0888062	0.0021600667390000005	691.3797607	0.0005865329899999994
690.208374	0.0022398972068	691.4996948	0.0006193662990000002
690.3279419	0.003072240739	691.6196289	-0.0003295424389999999
690.4475098	-0.0001264186600000005	691.739563	0.0005508344599999999
690.5670776	0.0021556960379999993	691.8594971	0.0025418109721
690.6866455	0.0003161075870000001	691.9794922	0.0025609664156
690.8062134	0.0022039242319	692.0994263	0.0003231065339999997
690.9257202	-0.00027415366000000004	692.2193604	0.0027706734799999994
691.0452881	0.00015056144899999995	692.3392944	-0.0020370408899999942
691.164856	0.0006647034319999998	692.4592896	-0.00021187961000000005
691.2844238	0.0009637982039299999	692.5792236	0.003625474404999999
691.4039917	-0.002567007669	692.6991577	0.0026075504699999974
691.5235596	0.0009807524623	692.8190918	0.002134695649999999
691.6431274	0.00012693041999999998	692.9390869	0.000564682647
691.7627563	0.0016444309150000004	693.059021	0.0035309038615
691.8823242	0.001338550820000001	693.1790161	0.0001427549799999997
692.0018921	-0.0012027546760000002	693.2989502	0.0008268971000000005
692.12146	0.0015527855140000002	693.4188843	4.2009058200000006e-05
692.2410278	-0.00013223802700000013	693.5388794	0.0017003603279999993
692.3605957	0.001996233827	693.6588135	0.0009047966400000003
692.4801636	0.0016904622300000002	693.7788086	0.005306578240000002
692.5997314	0.004271056503000001	693.8987427	0.019502630692000002
692.7193604	0.002634261502	694.0187378	0.03665348329
692.8389282	0.002293549245	694.1386719	0.03303404897
692.9584961	0.0015435176910000006	694.258667	0.02397200838
693.078064	0.001312943292	694.3786011	0.019798274152
693.1976318	0.002664699918	694.4985962	0.012132404026999999
693.3172607	3.199046500000028e-05	694.6185303	0.01204291545
693.4368286	0.0026873644380000002	694.7385254	0.005760978899999998
693.5563965	-0.0006639056369999998	694.8584595	0.003378729336000001
693.6760254	0.004724146332	694.9784546	0.005416993050000001
693.7955933	0.018874819861	695.0984497	0.004948146175
693.9151611	0.038072879425000004	695.2183838	0.001665966352
694.03479	0.035880784271	695.3383789	0.00758542865
694.1543579	0.027959422205	695.458374	0.009952343999999998
694.2739258	0.021412655244	695.5783081	0.006591884884000001
694.3935547	0.0149599073321	695.6983032	0.00691366568
694.5131226	0.008297162363	695.8182983	0.0036648316299999987
694.6327515	0.004663114902	695.9382324	0.0010281242430000004
694.7523193	0.003389695426	696.0582275	0.005604685290000001
694.8718872	0.005026183095000001	696.1782227	0.005730483680999999
694.9915161	0.003282720805	696.2982178	0.009915070609999998
695.111084	0.001799787628	696.4181519	0.010247248690999999
695.2307129	0.00469375169	696.538147	0.030757134779999997
695.3502808	0.01018704311	696.6581421	0.207290791951
695.4699097	0.009831770963699998	696.7781372	0.52579350769
695.5894775	0.0074418469446	696.8981323	0.536331709475
695.7091064	0.004445607541	697.0181274	0.4117173018602
695.8287354	0.003828926711	697.1380615	0.30138805882
695.9483032	0.0030023372384	697.2580566	0.198145592863
696.0679321	0.0074243872656000005	697.3780518	0.13809305246
696.1875	0.0104794399233	697.4980469	0.09713728729999999
696.3071289	0.009294436720700001	697.618042	0.07596297190000001
696.4267578	0.029883058274	697.7380371	0.052488945189000005
696.5463257	0.211484102773	697.8580322	0.04327673838
696.6659546	0.590271855237	697.9780273	0.033534465359
696.7855835	0.6768505592140001	698.0980225	0.02286639809
696.9051514	0.514924804709	698.2180176	0.014727900738
697.0247803	0.404672386344	698.3380127	0.010678422637
697.1444092	0.28589244418299997	698.4580078	0.007432022131
697.2640381	0.181892092812	698.5780029	0.006724622100000001
697.383606	0.1138783337019	698.697998	0.006569141522
697.5032349	0.061359765934	698.8179932	0.0026936568329999997
697.6228638	0.036407665352999996	698.9379883	0.002572506670000002
697.7424927	0.020784576887	699.0580444	0.005994684295999999
697.8621216	0.015369117491000001	699.1780396	0.0015228409300000016
697.9816895	0.01321877175759	699.2980347	0.000506652053
698.1013184	0.008033512975	699.4180298	0.00577966496
698.2209473	0.008575503016	699.5380249	0.004823904489999999
698.3405762	0.00655055861	699.65802	0.0026169591005
698.4602051	0.003649940016	699.7780762	0.004013819155
698.579834	0.0035807825580000015	699.8980713	0.00105752982
698.6994629	0.003918947186	700.0180664	5.561858999999884e-06
698.8190918	0.004552121391000001	700.1380615	0.0026895916090000005
698.9387207	0.0035603807769999996	700.2580566	-0.0011891267353000001
699.0583496	0.0034927171659999996	700.3781128	0.0024901144200000017
699.1779785	0.001678559463	700.4981079	0.0012468583800000002
699.2975464	0.0028632986359999994	700.618103	-0.0012983921949999994
699.4171753	0.0063878013167	700.7381592	0.0012590456700000002
699.5368042	0.0027123340390000006	700.8581543	-0.00032524579000000123
699.6564941	0.004971499322	700.9781494	0.0009232647700000013
699.776123	0.003796972684	701.0982056	0.0005068471650000001
699.895752	0.00367005676565	701.2182007	0.002502114978
700.0153809	0.0034455875869999998	701.3381958	-0.001449924545
700.1350098	0.0035012821899999998	701.458252	0.0015715346383
700.2546387	0.00263195540915	701.5782471	-0.000650095287
700.3742676	0.002519358299	701.6983032	0.0016090034624000001
700.4938965	0.002230344343999999	701.8182983	0.000283133239
700.6135254	0.0021236324690000006	701.9383545	6.337185000000051e-06
700.7331543	0.0009587907690000001	702.0583496	0.00017891823999999917
700.8528442	0.0008156893673	702.1784058	0.0019838805309999995
700.9724731	0.000848412049	702.2984009	-0.0018786492299999995
701.0921021	0.00033312775482	702.418457	4.999525999999782e-05
701.211731	0.0024634221914999997	702.5384521	0.0025771339420000003
701.3313599	0.0007763342009999999	702.6585083	0.0016100199430000004
701.4510498	0.002531700768	702.7785034	-0.00025613943599999984
701.5706787	-0.00012398045499999958	702.8985596	0.00445958414
701.6903076	0.0009643911618	703.0185547	0.02049531043
701.8099365	0.001916952431	703.1386108	0.073758918794
701.9296265	0.0011362847869999994	703.258606	0.086931874041
702.0492554	0.0020007577264	703.3786621	0.06626118627
702.1688843	0.0018114927229999998	703.4987183	0.053087972110000006
702.2885742	0.004215648863	703.6187134	0.034316320202999996
702.4082031	0.0010203273272	703.7387695	0.023963777350000003
702.527832	0.0013290850909999995	703.8588257	0.017822017891999997
702.647522	0.0029653538947999997	703.9788208	0.014391134023000001
702.7671509	0.0025277906099999995	704.098877	0.008592434230000001
702.8867798	0.013340219853000001	704.2189331	0.0072828955049999995
703.0064697	0.050825129726	704.3389893	0.004543093960000001
703.1260986	0.07479161675700001	704.4589844	0.0030089180209999997
703.2457886	0.056148810776	704.5790405	0.004207760090000002
703.3654175	0.052037649785	704.6990967	0.004197843370000003
703.4850464	0.039411876814999997	704.8191528	0.0017418796190000006
703.6047363	0.027274155986	704.9391479	0.0020043961699999988
703.7243652	0.014439132179	705.0592041	0.0018363827900000004
703.8440552	0.008412570227	705.1792603	-0.0003459006499999997
703.9636841	0.006481028045	705.2993164	0.0016693342500000014
704.083374	0.0041316670829999996	705.4193726	0.0009575299919999999
704.2030029	0.0015272442249999992	705.5394287	0.0030702594599999987
704.3226929	-0.00012784556000000006	705.6594238	0.0014643073099999994
704.4423218	0.0024982310719	705.77948	-0.031497652643
704.5620117	0.0021124542687000003	705.8995361	-0.00036858682869999996
704.6817017	0.0015357653607000002	706.0195923	0.00187218329
704.8013306	2.4436041999999908e-05	706.1396484	0.0008575022200000004
704.9210205	0.002167314291	706.2597046	0.003140823915000001
705.0406494	0.00036488380300000057	706.3797607	0.0005818256179999999
705.1603394	0.002882975619	706.4998169	0.0035737417599999988
705.2800293	0.0013332796812000002	706.619873	0.015442015599999998
705.3996582	0.0018541642931000002	706.7399292	0.12277346942999999
705.5193481	0.00233042275	706.8599854	0.37571278215000004
705.6390381	0.0017008285499999997	706.9800415	0.431215726351
705.758667	0.0014574280939999998	707.1000977	0.36521034128
705.8783569	0.003703965456	707.2201538	0.278020914605
705.9980469	-0.00023901509099999983	707.34021	0.187178100488
706.1177368	0.002152556087	707.4602661	0.13077748749999998
706.2373657	0.004205787438	707.5803223	0.09503229889999999
706.3570557	0.002997351927	707.7003784	0.067553468
706.4767456	0.005532793468	707.8204346	0.0524318815688
706.5964355	0.0707229301908	707.9404907	0.035960628659999994
706.7160645	0.320746049078	708.0605469	0.029579609639999997
706.8357544	0.4795388541695	708.1806641	0.021109423599999996
706.9554443	0.411107490272	708.3007202	0.01551259309
707.0751343	0.37275420315999996	708.4207764	0.010943746200000003
707.1948242	0.285024533991	708.5408325	0.01040145755
707.3144531	0.160306749904	708.6608887	0.006110148499999999
707.4341431	0.0861815451609	708.7809448	0.008907986799999998
707.553833	0.045511856669999996	708.901062	0.008753077127
707.6735229	0.030456343203	709.0211182	0.004391689781
707.7932129	0.016937503587	709.1411743	0.004856240237
707.9129028	0.012850630214999999	709.2612305	0.0018503998870000003
708.0325928	0.013709810558	709.3813477	0.00234124623
708.1522827	0.008029911665	709.5014038	0.0026005906940000014
708.2719727	0.0084042905944	709.62146	-0.0005372886080000001
708.3916626	0.007053170702800001	709.7415161	0.00134887267
708.5113525	0.006392325274999999	709.8616333	0.0018162876369999994
708.6309814	0.0062593481270000004	709.9816895	0.0028611472799999994
708.7506714	0.0056148637090000005	710.1017456	0.0005103838629999993
708.8703613	0.0047211373891	710.2218628	-0.0010016595479999998
708.9900513	0.0049065589269	710.3419189	-0.001057868125
709.1097412	0.0038053626189999993	710.4619751	0.001124696806
709.2294922	0.006774544716000001	710.5820923	0.0020180186250000004
709.3491821	0.00010778009900000007	710.7021484	0.0026798192400000025
709.4688721	0.002748921514999999	710.8222656	0.0078057432499999985
709.588562	0.0027564332130000004	710.9423218	0.01504611318
709.708252	0.001201707869	711.0623779	0.011534500053
709.8279419	0.0034715025689999995	711.1824951	0.0087548579029
709.9476318	0.0006340444099999995	711.3025513	0.0075606933683
710.0673218	0.0028144777464	711.4226685	0.00548888708
710.1870117	0.002559965128	711.5427246	0.006539316850000001
710.3067017	-0.00019792513899999972	711.6628418	0.002782878698
710.4263916	0.0037453629776000004	711.7828979	0.003490771171
710.5461426	0.002384008839	711.9030151	0.0029365774199999993
710.6658325	0.0036843537823	712.0230713	6.147753500000035e-05
710.7855225	0.009111123858	712.1431885	-0.001892998810000001
710.9052124	0.01133269025	712.2632446	-0.0004798074949999998
711.0249023	0.0123310855124	712.3833618	0.0008355341900000007
711.1446533	0.009351646877	712.503418	0.0014178715600000023
711.2643433	0.006965785986	712.6235352	0.004015297629000001
711.3840332	0.004855015432	712.7436523	0.013784490529999999
711.5037231	0.0017199789869999998	712.8637085	0.010437451300000001
711.6234131	-0.0005581387080000001	712.9838257	0.009654118679999999
711.7431641	0.0012425564924	713.1038818	0.00640718918
711.862854	0.00028298981499999976	713.223999	0.005192982034999999
711.9825439	0.00047675613299999996	713.3441162	0.005041423021
712.1022949	0.0012244381362	713.4641724	0.002619904459999999
712.2219849	0.0010782179879999998	713.5842896	0.00010512769000000158
712.3416748	-0.00019368669000000005	713.7044067	0.0029535053769999997
712.4614258	0.0035648820960000006	713.8244629	0.00140816159
712.5811157	0.005665155464801	713.9445801	0.001161754946
712.7008057	0.010598361725	714.0646973	0.0018776860100000008
712.8205566	0.008254094978	714.1847534	-0.00023487955000000074
712.9402466	0.0065211290499999994	714.3048706	-0.0007230463378999998
713.0599365	0.003797785263	714.4249878	0.0014054505159999996
713.1796875	0.0013677811949999999	714.545105	0.0002579838000000001
713.2993774	0.0034417221320000003	714.6651611	0.004040669650000002
713.4191284	0.003256300581	714.7852783	0.02284484357
713.5388184	-0.0006318856030000002	714.9053955	0.050107944759999995
713.6585083	9.075983000000009e-05	715.0255127	0.04558774642
713.7782593	0.0005400278609999998	715.1456299	0.03937971406
713.8979492	0.0010917682085	715.265686	0.030659990854
714.0177002	0.001997485408	715.3858032	0.019519188444
714.1373901	-0.0004572253670000002	715.5059204	0.01336605567
714.2571411	-0.0004609804599999996	715.6260376	0.009688481687
714.3768311	0.001034602174	715.7461548	0.005694626365
714.496582	0.001966585638	715.866272	0.007061285899999999
714.616272	0.009291955037	715.9863281	0.008350534369999999
714.7360229	0.033485766031	716.1064453	0.010345216840000001
714.8557129	0.049547428727	716.2265625	0.01284672878
714.9754639	0.044383272528	716.3466797	0.00967199635
715.0951538	0.0365451468394	716.4667969	0.007062209769999998
715.2149048	0.025086892830799998	716.5869141	0.00417242013
715.3345947	0.011998455852	716.7070312	0.0051742726959999995
715.4543457	0.0059418931485	716.8271484	0.005044631656
715.5740967	0.004853609717	716.9472656	0.0013323100300000005
715.6937866	0.002284632994999999	717.0673828	0.00318064914
715.8135376	0.006667152396	717.1875	0.004727511666999999
715.9332275	0.009019697784	717.3076172	-0.0007795933640000001
716.0529785	0.008220538380400001	717.4277344	0.0005823390090000003
716.1727295	0.0077750472699	717.5478516	0.0003826301500000004
716.2924194	0.007143059744999999	717.6679688	-0.0005661845199999987
716.4121704	0.0061879728450000004	717.7880859	0.0008059351239999997
716.5319214	0.0037431888628	717.9082031	0.0018125507049999998
716.6516113	0.004402409308	718.0283203	6.239628400000075e-05
716.7713623	0.001990984659	718.1484375	0.00023441948000000115
716.8911133	0.0028203416150000002	718.2685547	-0.0009117610749999998
717.0108032	0.0008325338129999999	718.3886719	-0.00033194432099999983
717.1305542	0.003553067334	718.5087891	0.002556737509999997
717.2503052	-0.0005946608730000001	718.6289062	0.0009543574410000007
717.3700562	0.0004924363450000005	718.7490234	0.0018941368999999993
717.4897461	-0.0008566186299999996	718.8692017	0.0005043111699999988
717.6094971	0.0020153622610000004	718.9893188	0.0017235856550000001
717.729248	-0.0008632941169999997	719.109436	0.0005457789521
717.848999	0.001078767003	719.2295532	-1.230509899999982e-05
717.968689	0.001428021933	719.3496704	-0.0014857607890000008
718.0884399	0.0011283562635	719.4697876	0.0020239260099999996
718.2081909	0.0005571577351999999	719.5899048	-0.002588553645
718.3279419	-0.0013408274390000006	719.710083	-0.0016159876249999998
718.4476929	0.000817402499	719.8302002	-0.001077921712
718.5674438	-0.0018135280110999998	719.9503174	-0.0013322625299999995
718.6871338	-0.0002013288900000001	720.0704346	-0.001208369271
718.8068848	0.0006812405769999999	720.1906128	0.0003192061550000014
718.9266357	0.0011752885759999995	720.31073	0.0018884998136
719.0463867	2.256920500000011e-05	720.4308472	0.002412754576
719.1661377	6.60307700000003e-05	720.5509644	-0.0001980261879999997
719.2858887	9.699701300000009e-05	720.6711426	0.0012340690010000004
719.4056396	0.0003588232210000007	720.7912598	0.0158076889908
719.5253296	0.0011353841990000002	720.911377	0.031889213714999996
719.6450806	0.00044640561100000014	721.0314941	0.031485667450000004
719.7648315	0.0004589017479999999	721.1516724	0.022842588833999998
719.8845825	0.0023914980411000003	721.2717896	0.017486482221099997
720.0043335	-0.0007428355749999999	721.3919067	0.010535657399999999
720.1240845	0.00015644729100000067	721.512085	0.007304571570000001
720.2438354	0.0018123713090000002	721.6322021	0.0018359152600000012
720.3635864	0.0009068298678	721.7523193	0.002860711422
720.4833374	0.0007673958320000007	721.8724976	0.0039402370308
720.6030884	0.004192764405	721.9926147	0.0030877273499999996
720.7228394	0.013906586914	722.1127319	0.001107948834999999
720.8425903	0.019069268190599998	722.2329102	0.0013501457869999995
720.9623413	0.0212235013	722.3530273	0.0002725850799999985
721.0820923	0.0163107865102	722.4732056	0.0005120010999999994
721.2018433	0.0117387598108	722.5933228	0.0035344967600000003
721.3215942	0.005055107002	722.7134399	0.000842310489
721.4413452	0.0020599444399999997	722.8336182	0.0029711002716000003
721.5610962	0.0025726809394	722.9537354	0.0017434908100000014
721.6808472	0.0025013717241	723.0739136	0.0019426858060000007
721.8005981	0.0009310098829999999	723.1940308	0.002335578902
721.9203491	0.000566338189000001	723.314209	0.0007944647199999988
722.0401001	0.001356691122	723.4343262	0.0014266641799999986
722.1598511	0.0010568054566	723.5545044	0.00014100968999999908
722.2796631	0.0004106082490000001	723.6746216	0.0006192023860000003
722.3994141	0.002639597748	723.7947998	0.001993034040000001
722.519165	0.0011272800620000002	723.914917	0.000903389420000001
722.638916	0.0037201509111999998	724.0350952	0.0012411791799999995
722.758667	0.003315575072	724.1552124	0.0025649238300000012
722.878418	-0.000418836251	724.2753906	0.0020505599600000035
722.9981689	0.0014778084590000005	724.3955078	0.00125510327
723.1179199	0.0009848813059999996	724.515686	0.0008638885330000002
723.2377319	0.0021482955199	724.6358032	0.001553795999
723.3574829	0.00023269746400000034	724.7559814	6.294064299999964e-05
723.4772339	0.0001412271520000001	724.8760986	-0.00015843286999999914
723.5969849	0.0026640188879999997	724.9962769	0.001348996302
723.7167358	0.0015000558049	725.1164551	0.0007498448250000001
723.8365479	0.0002800466019999997	725.2365723	-0.0019339746799999996
723.9562988	0.0015205240341000003	725.3567505	0.0009115077599999993
724.0760498	0.0006871703089999998	725.4768677	6.004539299999962e-05
724.1958008	0.0012217587863	725.5970459	0.00037745176849999997
724.3155518	6.857840399999982e-05	725.7172241	0.0018360689300000003
724.4353638	0.001606174046	725.8373413	0.000714059802
724.5551147	0.0012612458671000001	725.9575195	0.0017767504901999999
724.6748657	0.0016271474300000002	726.0776978	0.001403274364
724.7946167	0.000800755806	726.1978149	0.0021912837399999992
724.9144287	0.0020934575585	726.3179932	0.0012951903100000012
725.0341797	0.0010921196666	726.4381714	0.000936700963
725.1539307	0.0008892386686	726.5582886	0.0019468581299999996
725.2737427	-0.001126921503	726.6784668	0.006313579155999999
725.3934937	0.001638128422	726.798645	0.007792567839999997
725.5132446	0.0008429000160000005	726.9187622	0.00819570187
725.6330566	0.002024607965	727.0389404	0.006891280874
725.7528076	0.00027932191700000015	727.1591187	0.007581481249
725.8725586	0.0018533296823	727.2792969	0.009877079164000001
725.9923706	0.0013154907793	727.3994141	0.046907979995
726.1121216	0.0021200091579999993	727.5195923	0.10655408073
726.2318726	0.0025727906617	727.6397705	0.10374242344000001
726.3516846	0.001909946674	727.7599487	0.080922328172
726.4714355	0.0015361387341	727.8800659	0.052972458073
726.5911865	0.0034977464239999995	728.0002441	0.04309159704
726.7109985	0.004693114194	728.1204224	0.027768852659000004
726.8307495	0.004785682074	728.2406006	0.021054376849999997
726.9505005	0.0050737524874	728.3607178	0.0139044505014
727.0703125	0.0037203926481	728.480896	0.011185605079999997
727.1900635	0.007796394406	728.6010742	0.0107514186849
727.3098755	0.033350022512	728.7212524	0.0105645830631
727.4296265	0.08066400551040001	728.8414307	0.010100499723
727.5494385	0.08925427457530001	728.9616089	0.006220011043
727.6691895	0.067635853307	729.0817261	0.004801037722
727.7889404	0.045409515495	729.2019043	0.0029524581331
727.9087524	0.0272895729007	729.3220825	0.0023747158699999995
728.0285034	0.0153290593448	729.4422607	0.0018733479099999999
728.1483154	0.00925866049	729.562439	0.0038307770160000004
728.2680664	0.0062835498506759995	729.6826172	0.0023968685400000012
728.3878784	0.005538635189	729.8027954	0.0013482259816000003
728.5076294	0.0017907172439999997	729.9229736	0.002673475305
728.6274414	0.003589962609	730.0430908	-4.867557400000007e-05
728.7471924	0.0057010189633	730.163269	0.00010295398999999802
728.8670044	0.005127514538	730.2834473	0.001966804269999999
728.9867554	0.0016861362387	730.4036255	0.0015531492826
729.1065674	0.001794318901	730.5238037	-0.0003840262100000009
729.2263184	0.001030825079	730.6439819	6.340258000000001e-05
729.3461304	0.0022937027969999997	730.7641602	-0.0007035882439999999
729.4658813	0.001874368987	730.8843384	0.002081047750000002
729.5856934	0.0019305467139999997	731.0045166	0.001554083311
729.7054443	0.0018540325105000002	731.1246948	0.003703640769999999
729.8252563	0.0017100968399999996	731.244873	0.001391269270000002
729.9450684	-0.000979581265	731.3650513	0.013550725300999999
730.0648193	0.001077734865	731.4852295	0.017822197114299998
730.1846313	-0.00014897267100000007	731.6054077	0.01569553915498
730.3043823	0.0018532199318000001	731.7255859	0.01489621773
730.4241943	7.444241790000001e-05	731.8457642	0.017186342739
730.5439453	0.0015002755099	731.9659424	0.01613954454000001
730.6637573	7.885694500000054e-05	732.0861206	0.01155817881
730.7835693	0.003654683707	732.2062988	0.006786599760000005
730.9033203	0.0034650675953999998	732.3264771	0.0048558088600999996
731.0231323	0.0004363907500000005	732.4466553	0.0014063129200000014
731.1429443	0.0016885083199999987	732.5668335	0.002621086310000003
731.2626953	0.008496375056	732.6870117	0.0020009368305
731.3825073	0.0087671616056	732.8071899	0.001416631039999998
731.5022583	0.009574403055	732.9273682	0.0027302526869999993
731.6220703	0.0106448324191	733.0475464	0.002336620877
731.7418823	0.0098859718993	733.1677246	-0.0009994274000000008
731.8616333	0.004020805005	733.2879028	-0.0003614574699999998
731.9814453	0.002366022207	733.4081421	1.067482000000064e-05
732.1012573	0.0036668285028	733.5283203	0.0024128723890000005
732.2210083	0.002256719628	733.6484985	0.0003207458639999999
732.3408203	0.00031920429300000015	733.7686768	-0.0008727314420000003
732.4606323	0.0006874557599999987	733.888855	0.00082496554
732.5803833	2.2547310000000428e-06	734.0090332	0.0011863149700000013
732.7001953	0.0010389068625	734.1292114	0.00035917945938
732.8200073	-0.0006510143869999999	734.2493896	-0.0014206543599999955
732.9398193	0.001419369131	734.3696289	0.00033865403300000017
733.0595703	0.0013696259993000001	734.4898071	0.00547455717
733.1793823	0.0010013524733000002	734.6099854	-0.0007345788200000015
733.2991943	-0.0007668617180000004	734.7301636	0.0024161934899999994
733.4189453	0.0012572047999999999	734.8503418	0.0012225378299999985
733.5387573	0.000885944347	734.97052	0.0005790945200000001
733.6585693	-0.0003850595099999998	735.0906982	0.0029403362399999973
733.7783813	-0.0019859042950000003	735.2109375	0.005792446430000001
733.8981323	0.0007943427190000001	735.3311157	0.012860540762
734.0179443	0.0013379137959999999	735.4512939	0.037411928176999995
734.1377563	0.000540049747	735.5714722	0.038754338867
734.2575684	0.001146276715	735.6916504	0.023913864050000004
734.3773804	0.0030712307190000005	735.8118896	0.01803435944
734.4971313	-0.00042698421750000004	735.9320679	0.012080317360000002
734.6169434	0.0016670736368000001	736.0522461	0.008193704998
734.7367554	-0.0005773550369999997	736.1724243	0.008961131559
734.8565674	-6.024818799999984e-05	736.2926636	0.004763933831
734.9763794	0.0025355439282	736.4128418	0.004430375060000002
735.0961304	0.0031851890965	736.53302	0.0022076619789999996
735.2159424	0.004765192046	736.6531982	0.00446883403
735.3357544	0.014914929404	736.7734375	0.004935840150000002
735.4555664	0.020087560320200003	736.8936157	0.0026179240089999993
735.5753784	0.0156802909883	737.0137939	0.0032005477699999993
735.6951294	0.010146502114700001	737.1339722	0.010721439490000002
735.8149414	0.007122679618000001	737.2542114	0.0524177663
735.9347534	0.0052216858605000005	737.3743896	0.09896034282
736.0545654	0.0033516579426	737.4945679	0.08291403856
736.1743774	0.0030171610703	737.6148071	0.058793551525
736.2941895	0.0023836134940000003	737.7349854	0.042493386189999996
736.4140015	0.0017072414039999999	737.8551636	0.0298223719
736.5337524	0.0023196178950000003	737.9753418	0.022935855671
736.6535645	-0.0014084248394	738.0955811	0.018309558279
736.7733765	0.0020007796705	738.2157593	0.018682075199000003
736.8931885	0.0024291842129	738.3359375	0.066240604036
737.0130005	0.0021652278957	738.4561768	0.31835995239
737.1328125	0.017663069532200003	738.576355	0.5895595016602
737.2526245	0.042611437381000004	738.6965332	0.46060277245
737.3724365	0.04601719137	738.8167725	0.334905199509
737.4921875	0.034530675734	738.9369507	0.235142366948
737.6119995	0.027244924567999998	739.0571289	0.17430840619000001
737.7318115	0.018776674755	739.1773682	0.138687735406
737.8516235	0.009611035232	739.2975464	0.10426756185
737.9714355	0.007663043332	739.4177856	0.090789514595
738.0912476	0.006825868507	739.5379639	0.071461919229
738.2110596	0.0196809646412	739.6581421	0.0613940712
738.3308716	0.135633645596	739.7783813	0.045078830324
738.4506836	0.35822096191200004	739.8985596	0.034388640899
738.5704956	0.3838606379395	740.0187378	0.025642259982
738.6903076	0.2741484616591	740.1389771	0.023629967130000002
738.8101196	0.201077808861	740.2591553	0.018382674315
738.9299316	0.12800764504599998	740.3793945	0.013049162920000001
739.0497437	0.069106929005	740.4995728	0.012119885529999996
739.1695557	0.034884521737000004	740.619812	0.009426041506
739.2893677	0.0284750149622	740.7399902	0.006838044159999997
739.4091797	0.0249007693012	740.8601685	0.0041064089199999996
739.5289917	0.020456053429	740.9804077	0.004613986471
739.6488037	0.016945869670000002	741.1005859	0.004503582601999999
739.7685547	0.012788105757	741.2208252	0.004632951692
739.8883667	0.010258440626	741.3410034	0.008524499830000004
740.0081787	0.011670942418	741.4612427	0.01126136258
740.1279907	0.00691760145	741.5814209	0.008964432399999998
740.2478027	0.0075162745198	741.7016602	0.006026834249999995
740.3676147	0.007648373371	741.8218384	0.0042213399134
740.4874268	0.005855848198	741.9420166	0.0031480640200000007
740.6072388	0.0041450195710000005	742.0622559	0.0017409808939999995
740.7270508	0.0051705151563	742.1824341	0.0020557951650000002
740.8469238	0.0022079651250000005	742.3026733	0.002431776375
740.9667358	0.003607883351	742.4228516	0.0032368358200000023
741.0865479	0.005546057599999999	742.5430908	0.004726639483999999
741.2063599	0.0038498562645	742.663269	0.008250482613
741.3261719	0.005947515834	742.7835083	0.006478426629
741.4459839	0.0059233575591	742.9036865	0.003871217369999999
741.5657959	0.004630172741	743.0239258	0.005330329760000002
741.6856079	0.007039972348000001	743.144104	0.001629498321
741.8054199	0.0019046976229999998	743.2643433	0.0020533111
741.9252319	0.0039259308837	743.3845215	0.00179528470442
742.0450439	0.0013883153588	743.5047607	0.002791214729999998
742.164856	0.0016974918499999998	743.624939	-0.0002548359300000025
742.284668	0.00017897970999999901	743.7451782	-0.0004034079599999976
742.40448	0.0013844724699999984	743.8653564	0.0002862140499999971
742.524292	0.0009390488300000006	743.9855957	-0.0009076446300000027
742.644104	0.001105362549999999	744.105835	-0.00010580942000000537
742.763916	0.001937443389999998	744.2260132	0.0017785839699999972
