Wellenlänge 1	Intensität 1	Wellenlänge 2	Intensität 2
321.4651794	9.276398487e-05	321.4895935	-0.00015741155900000003
321.5724487	0.000145166181	321.5973206	-9.557721199999992e-05
321.6797485	0.00015116772925	321.7050476	7.475167599999997e-05
321.7870483	-6.340790242e-05	321.8128052	0.00013023801099999992
321.8943481	8.47874326e-05	321.9205627	-0.00025728973600000005
322.0016785	1.8736638500000042e-05	322.0283203	-9.815895499999997e-05
322.1089783	-9.883759769999998e-05	322.1360779	1.0053626999999982e-05
322.2163086	0.00010890072371999999	322.2438354	-0.0002833176399999991
322.3236389	-3.669821309999999e-05	322.3516235	-0.00019578496000000013
322.4309692	-9.469695220000002e-05	322.4594116	-7.519917599999992e-05
322.5383301	-6.405753080000005e-05	322.5671997	-0.0002858412919999999
322.6456909	8.505940789999998e-05	322.6750183	0.00019040401099999988
322.7530518	-5.867615255000001e-05	322.7828064	-4.6955886999999925e-05
322.8604126	7.842906052e-05	322.890625	1.9145547400000037e-05
322.9677734	3.51428749999997e-06	322.9984436	0.00011479761399999996
323.0751648	3.948777703e-05	323.1062622	-0.00024247375954
323.1825256	-7.73989304e-05	323.2141113	-0.000401371974
323.289917	7.01255049e-05	323.3219299	-6.736442499999992e-05
323.3973389	7.31999171e-05	323.4297791	-0.0001550482120000001
323.5047302	-0.00010835621652	323.5376282	9.376733209999998e-05
323.6121521	8.090853230000001e-05	323.6455078	-0.00016893725799999992
323.719574	-6.666635818e-05	323.7533569	-0.00017907656700000014
323.8269958	0.00022153928869999998	323.8612366	0.00015484076000000027
323.9344177	0.00010478501463	323.9691162	0.00013059744340000008
324.0418701	-3.6507059100000035e-05	324.0769958	-6.476952699999974e-05
324.149292	9.076786220000004e-05	324.1848755	3.800808899999983e-05
324.2567444	6.357180239999996e-05	324.2927856	1.5565194000000462e-05
324.3641968	0.00010521876178000001	324.4006958	-0.00011353573059999999
324.4716797	8.423859260000004e-05	324.508606	6.93192710000002e-05
324.5791321	-5.172376409999998e-05	324.6165161	-4.56487759999992e-05
324.686615	-3.1183051799999975e-05	324.7244263	0.00015570886900000006
324.7940979	5.7889526999999996e-05	324.8323669	-0.00033410615300000007
324.9016113	6.663662490000004e-05	324.9403076	-8.253112899999997e-05
325.0090942	0.0001007537648	325.0482483	-0.0003359274123
325.1166077	-8.05326269999999e-06	325.156189	-9.927060500000001e-05
325.2241211	7.492963778000001e-05	325.2641602	1.727323999999985e-05
325.3316345	7.65362783e-05	325.3721313	-6.339169340000006e-05
325.4391479	3.414180540000001e-05	325.4801025	1.586880599999986e-05
325.5466919	0.00018572038970000003	325.5880737	8.19228008e-05
325.6542358	1.282223093000001e-05	325.6960449	-6.1962986e-05
325.7617798	0.00014689809179999996	325.8040466	0.00012037705130000013
325.8693237	-5.2979297378e-05	325.9120483	-0.0001835993030000001
325.9768677	3.8444821200000036e-05	326.02005	9.809911716499999e-05
326.0844421	7.979357900000002e-05	326.1280518	-0.00032420884229999997
326.1920166	5.601716110000004e-05	326.2360535	9.746022990000003e-05
326.2995911	1.4969409600000007e-05	326.3440857	4.410749529999995e-05
326.4071655	-4.858884999999662e-07	326.4521179	-3.0826780000000643e-06
326.5147705	2.3539156240000002e-05	326.5601501	-3.5931705999999895e-05
326.622345	0.00011699061729999999	326.6681824	0.00013962132000000017
326.72995	-9.244700800000003e-06	326.7762451	-0.00011903094100000015
326.8375549	3.955050489999997e-05	326.8843079	-0.00010606530100000034
326.9451904	-2.5638961229000002e-05	326.9923706	2.7765984999999875e-05
327.0527954	5.09532983e-05	327.1004333	8.055684199999996e-05
327.1604309	2.912519269999999e-05	327.2084961	-6.842007800000015e-05
327.2680664	6.416192620000002e-05	327.3165894	-9.890086999999985e-05
327.3757324	-9.721217790000002e-05	327.4246826	5.3445574999999926e-05
327.4833679	-1.0449497500000012e-05	327.5327759	0.00012959650480000003
327.5910339	-4.8214814456e-05	327.6408691	6.531924000000022e-05
327.6987	7.311889199999999e-05	327.7489624	6.9292728e-05
327.806366	-3.371157800000001e-05	327.8570862	6.042421956e-05
327.914032	-1.9103288599999987e-05	327.96521	-3.531668299999995e-05
328.0217285	-6.0608691456e-05	328.0733337	6.324681399999988e-05
328.1293945	-6.807511090000003e-05	328.1814575	1.0938427300000012e-05
328.2370911	4.2622268600000016e-05	328.2896118	-9.416393000000016e-05
328.3447876	-1.992034960000003e-05	328.3977661	-2.1443699999997533e-06
328.4525146	7.579172959999998e-05	328.5059204	-0.00033457158140000006
328.5602112	-7.165071999999987e-06	328.6140747	1.3656913999999729e-05
328.6679382	1.9209510299999995e-05	328.722229	-8.979602699999995e-05
328.7756653	4.002300550000001e-05	328.8304138	-0.0003177858889999996
328.8834229	7.750695294e-05	328.9385986	8.218083599999954e-05
328.9911499	9.882487939999999e-05	329.0467834	-0.00017816992499999993
329.0989075	-6.93057955e-05	329.1549683	-6.061850599999984e-05
329.206665	7.417102460000003e-05	329.2631531	-5.800102370000004e-05
329.3144226	2.9492119200000017e-05	329.3713684	5.366443700000013e-05
329.4221802	2.947225589999998e-05	329.4795837	0.00019025802600000034
329.5299683	-4.6145476500000006e-05	329.5877991	1.7809682000000018e-05
329.6377258	5.076680099999999e-05	329.6960144	8.254311899999998e-05
329.7455139	-6.962068983000001e-05	329.8042603	8.902163299999996e-05
329.8533325	-2.5043555000000043e-06	329.9124756	2.1170359099999996e-05
329.9611206	0.00010423574709999997	330.0207214	3.374321400000015e-05
330.0689392	-7.1310204999999825e-06	330.1289673	-0.0001907854894
330.1767273	3.749304233e-05	330.2372437	0.00021870597300000004
330.2845459	-5.871686179999996e-05	330.3454895	-8.563991279999996e-05
330.392395	0.00019652187894	330.4537659	-0.00021616491730000004
330.5002136	7.96691456e-05	330.5620422	4.642305499999986e-05
330.6080627	-2.8249138199999994e-05	330.6703186	0.00018172990499999968
330.7159119	-3.40294209e-05	330.7786255	-5.354010499999994e-05
330.823761	7.666130839999999e-06	330.8869019	6.979124729999996e-05
330.9316101	1.3401528099999999e-05	330.9952087	-1.1862953999999945e-05
331.0394897	-4.105520293e-05	331.1035156	-0.0002900089610000001
331.1473694	9.793357450000001e-05	331.211853	0.00024026454779999993
331.2552185	4.810206156e-05	331.3201599	0.00022113881999999982
331.3631287	3.8301251999999994e-05	331.4284973	-0.00028066243899999965
331.4710083	5.700461042999999e-05	331.5368347	0.0001305912149999998
331.5789185	-9.291185410000003e-05	331.6451721	-0.00029427325400000013
331.6868286	-1.9543874718e-05	331.7535095	-4.0842220000000123e-05
331.7947388	-4.960922519999997e-05	331.8618774	1.7015729000000122e-05
331.9026489	-0.00012213487209	331.9702148	-0.00031983058581
332.0105591	4.9929134499999994e-05	332.0785828	-1.3580080999999258e-05
332.1184998	-7.482921505e-05	332.1869507	0.00021195458199999972
332.2264404	-0.00012328336010000002	332.2953491	9.234994699999994e-05
332.3343811	5.382935706e-05	332.403717	-2.3069326000000126e-05
332.4423218	0.0001088824938	332.5121155	-7.968861599999977e-05
332.550293	6.493676479999999e-05	332.6205139	-0.0002042367120000002
332.6582642	5.711711130000001e-05	332.7289124	-0.00015868525999999938
332.7662048	6.565583315e-05	332.8373413	-0.00022030389000000017
332.8742065	1.2869626499999978e-05	332.9457703	-2.0753475999999924e-05
332.9821777	-2.8981907200000004e-05	333.0541687	5.705514899999992e-05
333.0901794	8.966942550000005e-05	333.1625977	-6.559048700000014e-05
333.1981506	2.759660130000001e-05	333.2710571	-0.00035219034100000043
333.3061523	6.314739580000003e-05	333.3794861	-4.13636449999998e-05
333.4141846	-0.00014625016774999998	333.4879456	0.00013748649500000022
333.5221863	-2.0084582500000023e-05	333.596405	2.8015231000000102e-05
333.6302185	-4.582380640000001e-05	333.7048645	3.4832250092e-05
333.7382507	4.917272599999997e-05	333.813324	-0.00023984629600000027
333.846283	-2.401930033e-05	333.921814	-0.00018756580600000003
333.9543152	0.00010057672630000002	334.030304	-0.0001631178890000003
334.0623779	-5.776925530000002e-05	334.1387939	2.650776900000023e-05
334.1704102	4.804163469999999e-05	334.2472839	-0.00040391832599999964
334.2784729	-2.6570778999999935e-06	334.3557739	9.177089700000002e-05
334.3865356	3.9758247999999966e-05	334.4642944	0.00020842300800000008
334.4946289	1.2339820399999988e-05	334.5728149	2.151355099999988e-05
334.6026917	0.0001441423665	334.6813354	-0.00022564036799999944
334.7107849	0.00010196054060000002	334.789856	0.00013125280379999997
334.8188782	1.0728166700000046e-05	334.8983765	4.8300949999999926e-05
334.9269714	0.0001438281906	335.0069275	-1.74055458000001e-05
335.0350952	6.074405979999997e-05	335.1154785	0.00015800725699999978
335.1431885	8.236653232e-05	335.2240295	-5.358038399999989e-05
335.2513123	2.9319984700000015e-05	335.3325806	-1.7495826000000353e-05
335.359436	-4.6993707700000004e-05	335.4411621	-0.000318232458
335.4675598	8.189203799999998e-05	335.5497131	6.764859429999996e-05
335.5757141	1.901425276e-05	335.6582947	0.0001281320874
335.6838379	2.565063189999999e-05	335.7668762	-0.00019234713542000002
335.7919922	2.3882137599999997e-05	335.8754883	-0.00021287740669999995
335.9001465	9.768604649999996e-05	335.9840698	-9.154435000000363e-06
336.0083313	0.00010857293089999999	336.0926819	-8.202600199999979e-05
336.1164856	5.487899759999996e-05	336.2012939	0.00020917912400000003
336.2246704	5.4665433700000005e-06	336.309906	-0.00020409817799999994
336.3328552	7.091707090000002e-05	336.4185181	-0.00030178809499999994
336.44104	-3.1667877999999887e-06	336.5271606	-3.5819946700000054e-05
336.5492249	-1.0134943299999982e-05	336.6358032	-4.884600699999993e-05
336.6574402	6.062450120000001e-05	336.7444458	-8.6926157e-05
336.7656555	-7.74748042e-05	336.8530884	-1.8488615999999805e-05
336.8738708	-3.569388353999999e-05	336.961731	-0.000309810158
336.9820862	-7.34270143e-05	337.0704041	-0.0001457456965
337.0903015	8.172458592e-06	337.1790771	0.00010487518739999997
337.1985474	-1.507133130000004e-05	337.2877502	-0.00019840430399999977
337.3067932	0.00015288460603	337.3964233	-0.0002886536095
337.4150391	-1.2435222699999973e-05	337.5050964	-5.7077268000000226e-05
337.5232849	1.2941996829999997e-05	337.6138	0.00022448599300000033
337.6315613	6.616910109999994e-05	337.7225037	-0.00019958428999999975
337.7398071	1.9399187300000022e-05	337.8312073	6.331247300000011e-05
337.8480835	-1.1934112900000016e-05	337.9399109	-0.0002805476179
337.9563599	3.343420399999999e-05	338.048645	-0.00016608135799999965
338.0646667	1.0452873499999966e-05	338.1573486	-0.00017644101170000002
338.1729431	3.90351779e-05	338.2660828	-2.1547545000000223e-05
338.28125	-3.085890790000001e-05	338.3748169	7.873727000000017e-05
338.3895569	-6.58782956e-05	338.4835815	-0.00010535790350000001
338.4978638	-1.6296195099999966e-05	338.5923157	-8.999789099999999e-05
338.6061707	-7.7323679761e-05	338.7010803	9.718514099999994e-05
338.7145081	-1.551787130000008e-05	338.809845	-2.277964080000001e-05
338.8228455	2.6133449870000005e-05	338.9186096	-3.788038199999989e-05
338.9311829	8.399900980000002e-05	339.0274048	-0.00017983233599999995
339.0395203	-5.065488221e-05	339.1361694	2.2851163899999857e-05
339.1478577	4.305502800000001e-05	339.2449646	-9.093224000000007e-05
339.2562256	4.658170565e-05	339.3537598	6.128101083000001e-05
339.3645935	0.00011455063940000001	339.4625549	4.020147029999997e-05
339.4729614	5.0002185199999976e-05	339.5713501	-0.00015669164710000003
339.5813293	0.00010121063679999995	339.6801758	-0.00012243841799999995
339.6896973	-3.7323832660000006e-05	339.7890015	-4.680600250000003e-05
339.7980957	6.963880150000001e-05	339.8978271	-0.0003354232700000029
339.9064941	2.377352937e-05	340.0066528	-0.00015656533699999996
340.0148926	0.0001808962843	340.115509	7.960526199999999e-05
340.123291	9.99455624e-05	340.2243347	0.00010698521500000086
340.23172	-2.4179461999999713e-06	340.3331909	-0.00015051418399999995
340.3401489	5.7760829799999996e-05	340.4420471	3.4972093999999926e-05
340.4485474	0.0001106361597	340.5509033	-0.00015332142299999993
340.5570068	0.00015524664200000003	340.65979	-3.579724600000006e-05
340.6654358	9.016241529999998e-05	340.7686768	-0.000178501476
340.7738647	5.1784230869999995e-05	340.877533	-0.0003313086929999992
340.8823242	4.911213180000003e-05	340.9864502	-0.00022956426200000006
340.9907837	-3.321099939000001e-05	341.0953369	-0.00020700693099999978
341.0992432	-3.328698219999998e-05	341.2042236	-3.178140000003292e-07
341.2077332	-3.714644845000001e-05	341.3131409	-0.00016891513999999982
341.3161926	4.448836259999999e-05	341.4220581	-0.0004093342000000002
341.4246826	0.00015498758879999998	341.5309753	0.00019166374110000006
341.5331726	0.00012759538370000004	341.6398926	0.00014314660799999998
341.6416626	1.9733461160000004e-05	341.7488403	-9.129033399999991e-05
341.7501831	1.9635131999999958e-05	341.8577881	0.00012430618499999994
341.8586731	2.248231609999998e-05	341.9667358	-0.00021832995099999985
341.9671936	-6.494345139999998e-05	342.0756836	-0.00017319049199999992
342.0757141	0.00011186097976999998	342.1846313	-1.6420788600000034e-05
342.1842346	3.0534138199999976e-05	342.2936096	4.1475286699999914e-05
342.2927856	0.00011396082119999998	342.4025574	-0.0001256322575
342.4013367	-3.542477490000001e-05	342.5115356	0.00012418231900000005
342.5098572	-0.00021143819329999997	342.6205444	-0.00015723309399999974
342.6184082	-5.873036500000006e-06	342.7295227	-4.4653279399999984e-05
342.7269897	5.544177799999997e-06	342.8385315	1.8727019780000004e-05
342.8355408	-3.9110367699999975e-05	342.9475098	0.00011768983700000037
342.9441223	2.8596216000000013e-05	343.0565186	-0.00028441957000000006
343.0527039	3.0304567169999998e-05	343.1655579	-4.9735302999999844e-05
343.1612854	5.964588126e-05	343.2745667	-0.00010963215020000003
343.2698669	9.728688749999995e-05	343.383606	5.7179015000000024e-05
343.378479	9.920693265000001e-05	343.4926453	-5.2090733999999965e-05
343.4870911	3.896150150000001e-05	343.6016846	0.00010484503599999997
343.5956726	9.582175698e-05	343.7107239	-0.00012600468499999974
343.7043152	8.802022779999996e-05	343.8197632	-0.00019123777700000028
343.8129272	1.4157260010000001e-05	343.928833	4.803086600000013e-05
343.9215698	6.919145000000159e-07	344.0379028	0.00014710018899999995
344.0301819	0.00017551751810999998	344.1469727	-4.940107499999983e-05
344.1388245	2.8010224900000015e-05	344.2560425	8.317502299999991e-05
344.247467	-7.453283612999999e-05	344.3651428	-0.0001544702100000001
344.3561401	3.346704760000003e-05	344.4742126	-0.0003607980899999999
344.4647827	4.2546875200000006e-05	344.583313	1.338795119999999e-05
344.5734558	9.329445310000002e-05	344.6924133	-1.2043159999992632e-07
344.6821289	2.5263798300000003e-05	344.8015137	0.0001605749130000004
344.790802	0.00018985284260000004	344.9106445	-0.00010953750499999998
344.8995056	0.00011498479579999998	345.0197754	-0.00014948239599999955
345.0081787	-1.3390643299999972e-05	345.1289062	-0.0001087298149999999
345.1168823	9.116067212899999e-05	345.2380371	9.62559140000002e-05
345.2255859	4.77431313e-05	345.347168	-3.5837289999998342e-06
345.3343201	1.990378949999998e-05	345.4562988	3.1548499999966076e-07
345.4430237	0.00012328132290000002	345.5654602	-0.00021099415599999997
345.5517578	2.2634980300000003e-05	345.6746216	-5.701859500000005e-05
345.6604919	-6.186723479999993e-05	345.783783	7.067224900000001e-05
345.7692261	7.10554159e-05	345.8929749	-2.4232082000000005e-05
345.8779602	-9.307876459999998e-05	346.0021362	-0.0002633272669999992
345.9866943	-2.438816589999998e-05	346.1113281	-0.0002522049479999995
346.095459	0.00015479835559999996	346.22052	-9.477604200000024e-05
346.2042236	9.114751993e-05	346.3297119	0.00037463824299999995
346.3129883	3.470171949999999e-05	346.4389038	-0.000297951512
346.4217529	8.928893474e-05	346.5481262	7.798545999999993e-05
346.5305481	6.888544880000001e-05	346.6573486	-0.00012816546949999998
346.6393433	-1.9733925000000013e-05	346.766571	-4.5447348399999985e-05
346.7481079	2.4386594299999993e-05	346.8757935	-0.00016746902899999984
346.8569336	4.9828521999999945e-06	346.9850159	0.0001630065381
346.9657288	5.803233940000004e-05	347.0942688	0.000154552399
347.0745239	0.0001314364199	347.2034912	4.428392199999978e-05
347.1833496	-3.713226759999999e-05	347.3127441	-0.00020152125219999998
347.2921753	0.00010157182989999999	347.4220276	9.994424229999987e-05
347.401001	6.518961160000003e-05	347.5312805	-0.00019147421699999996
347.5098572	0.00017506249062	347.6405334	9.904231410000006e-05
347.6186829	5.339286869999999e-05	347.7498169	-9.861076299999983e-05
347.7275391	3.097720759999999e-05	347.8591003	0.00016320974099999996
347.8363953	-3.07436275e-05	347.9683838	0.0002755620519999998
347.9452515	0.00017426476555	348.0776978	-0.00021033408100000007
348.0541077	2.9114802599999976e-05	348.1869812	1.2786185999999835e-06
348.1629944	4.874489969999997e-05	348.2962952	-6.289035100000024e-05
348.2718811	-7.396889850000004e-05	348.4056091	-1.5950237899999974e-05
348.3807678	3.5503500870000005e-05	348.5149231	-4.751142000000187e-06
348.4896545	2.9765505999999995e-05	348.6242676	-4.5877183000000077e-05
348.5985413	0.00011389398420000001	348.7336121	0.00027536321400000027
348.7074585	1.9177037799999997e-05	348.842926	8.760881600000008e-05
348.8163757	-5.39603934e-05	348.9522705	-0.00010467483700000004
348.925293	9.3590963e-05	349.0616455	0.000120521639
349.0342102	-8.61343142e-05	349.17099	3.840075800000051e-05
349.1431274	9.26598732e-05	349.280365	-0.00019961269599999987
349.2520752	5.7672295999999996e-05	349.3897095	-0.0001206791500000001
349.3610229	6.550690159999996e-05	349.4990845	0.00011245487199999966
349.4699707	8.688647359999999e-05	349.60849	-0.00014751404499999989
349.5789185	-2.5985733400000035e-05	349.717865	8.88095240000001e-05
349.6878967	-2.291600680000001e-05	349.8272705	-0.00010316714100000002
349.7968445	0.00011945189910000004	349.936676	-0.00023623649000000056
349.9058228	2.979018610000002e-05	350.0460815	4.18282580000001e-05
350.014801	-5.280613549999997e-05	350.1554871	3.793917100000004e-05
350.1237793	7.625490249999999e-05	350.2648926	-8.470006299999937e-05
350.2327881	7.256152460000001e-05	350.3743286	-4.217634000000005e-05
350.3417664	5.775737008000001e-05	350.4837646	-0.00023804418799999987
350.4507751	-0.00012745772250000002	350.5932007	4.5224674899999994e-05
350.5597839	4.694996459999999e-05	350.7026367	1.303543109999999e-05
350.6688232	1.702667209999996e-05	350.8121033	-5.8732461000000034e-05
350.777832	0.00016974016040000002	350.9215393	-0.00014372542499999997
350.8868713	-4.19897842e-05	351.0310059	-9.041046799999983e-05
350.9959106	0.00011949856712	351.1404724	5.0571397999999834e-05
351.10495	0.00010016627499999999	351.249939	-0.00017585977900000035
351.2139893	4.063505899999957e-06	351.359436	-0.00026745637300000004
351.3230286	-5.6965101900000015e-05	351.4689026	-0.0004123316609999999
351.4320984	1.5126061049999993e-05	351.5783997	-9.774975499999942e-05
351.5411682	0.00010060911879999999	351.6878967	-0.0003292947080000006
351.650238	-8.870789299999994e-06	351.7974243	-9.90714179999999e-05
351.7593079	-6.172936999999999e-05	351.9069214	1.145782900000003e-05
351.8684082	-3.60919294e-05	352.016449	-7.926556299999994e-05
351.9775085	0.000152611638402	352.1259766	-0.00023581739499999987
352.0866089	1.5303099699999977e-05	352.2355042	2.199458000000029e-05
352.1957092	6.936077260000001e-05	352.3450317	-0.00011940894190000005
352.3048096	4.9218375399999974e-05	352.4545593	-0.00014815479500000003
352.4139099	-2.188741920000002e-05	352.5641174	-9.303958999999987e-05
352.5230408	0.0001344864286	352.6736755	6.702262900000044e-05
352.6321716	0.00018107518549999996	352.7832336	-0.0002182248280000001
352.7413025	2.2251360859999997e-05	352.8927917	1.820665699999997e-05
352.8504333	-3.333669149999997e-05	353.0023804	-5.4948730000000095e-05
352.9595947	5.846103879999999e-05	353.1119385	0.00011096108940000001
353.0687561	1.9466882799999978e-05	353.2215271	0.00022884453569999998
353.1779175	6.579561614e-05	353.3311157	-4.33728569999999e-05
353.2870789	-8.801579999999972e-07	353.4407349	-0.000158465002
353.3962402	2.3568645000000582e-07	353.5503235	-0.00017083855399999993
353.5054321	-5.513321960000004e-05	353.6599426	-9.025214200000017e-05
353.6145935	5.3165247599999975e-05	353.7695618	7.653198550000004e-05
353.7237854	6.487255449999995e-05	353.8791809	3.5395846000000654e-05
353.8329773	-7.482725778e-05	353.9888	-8.657004220000001e-05
353.9421997	-0.00015489739600000002	354.0984192	4.416448e-05
354.0513916	6.957148432000001e-05	354.2080688	-0.0002846121789999998
354.160614	3.300787650000001e-05	354.3177185	-0.0002025552089999997
354.2698364	-6.746173308e-05	354.4273682	-7.917080080000003e-05
354.3790588	8.65410257e-05	354.5370178	-0.00014690728899999987
354.4882812	5.601145312000001e-05	354.646698	2.7855610799999998e-05
354.5975342	-1.5133293400000007e-05	354.7563477	-3.614765599999981e-05
354.7067871	5.43800706e-05	354.8660278	5.87180259999996e-05
354.81604	-1.0394665900000013e-05	354.975708	6.323121499999997e-05
354.925293	0.0001307939965	355.0854187	0.0001408611426000001
355.0345459	8.032910410000002e-05	355.1950989	-0.00013876729600000026
355.1438293	-2.041281732e-05	355.3048096	8.894706839999999e-05
355.2530823	3.5611024899999985e-05	355.4145203	3.7180958000000014e-05
355.3623657	7.401800758e-05	355.524231	-0.00019456888499999993
355.4716797	2.302473879999998e-05	355.6339417	2.0317266999999965e-05
355.5809631	-2.221396429999997e-05	355.7436523	-0.0002507766470000001
355.6902466	0.00016843495539999997	355.8533936	-0.00013459892900000007
355.7995605	-2.5236429790000004e-05	355.9631348	-0.0001542072279999999
355.9088745	-1.0550240399999995e-05	356.072876	0.00033894786700000004
356.0181885	7.11880275e-05	356.1826172	-0.00023450487059999993
356.127533	8.412642640000001e-05	356.2923889	3.8141149999999617e-06
356.2368469	0.00018183978679999998	356.4021301	-9.516766300000012e-05
356.3461914	0.00012638181220000003	356.5119019	0.00018646981340000006
356.4555359	0.0001290308864	356.6216736	-0.0001198347309
356.5648804	8.691698900000004e-05	356.7314453	0.00012396508799999983
356.6742249	4.981054372e-05	356.8412476	-8.124159699999991e-05
356.7835999	4.642625579999996e-05	356.9510498	7.001589899999997e-05
356.8929749	-3.387388279999999e-05	357.0608215	-4.85638099999991e-06
357.0023499	7.869928959999999e-05	357.1706238	-9.86694577e-05
357.1117249	-5.578415579999998e-05	357.2804565	-7.413607099999997e-05
357.2210999	1.4640798300000007e-05	357.3902588	0.00011801207399999994
357.3305054	0.00011323728540000002	357.5000916	-7.568486040000001e-05
357.4398804	6.804420270000003e-05	357.6099243	-1.4513498199999987e-05
357.5492859	0.00013863512961899998	357.7197571	-5.7718717000000176e-05
357.6586914	1.6335165199999973e-05	357.8295898	2.343254100000032e-05
357.7681274	-3.08729941e-05	357.9394226	-7.054535600000008e-05
357.877533	4.194301440000003e-05	358.0492859	-0.00014720595199999996
357.986969	0.00012779419924	358.1591492	-4.5915134e-05
358.096405	1.7091515500000003e-05	358.2690125	-2.8418843000000207e-05
358.2058411	-7.0280593713e-05	358.3788757	-8.26143649999998e-05
358.3153076	0.00018234865280000002	358.488739	-9.880261499999998e-05
358.4247437	1.633852662e-05	358.5986328	6.096903000000001e-06
358.5342102	0.00010850805839999998	358.7085266	3.964640200000008e-05
358.6436768	8.781973160000003e-05	358.8184204	-1.0444724400000024e-05
358.7531433	0.0001404744544	358.9283142	0.0002284813679999994
358.8626099	0.000188938139717	359.038208	0.0002706227829999998
358.9721069	1.6019941599999994e-05	359.1481323	6.0322927000000005e-05
359.081604	0.00037960640473	359.2580566	0.00030524829349999995
359.1910706	0.0002989339991	359.367981	0.00029051117599999997
359.3005981	0.0001958294961	359.4779053	0.0001675198728
359.4100952	0.0001285995532	359.5878296	-6.241403753e-05
359.5195923	-1.7153221847e-05	359.6977844	2.9565650000000065e-05
359.6291199	-2.7840957000000002e-05	359.8077393	-5.9948473790000006e-05
359.7386475	6.682997630000001e-05	359.9176941	-0.00022619729890000005
359.848175	6.511400000000142e-07	360.0276489	0.00017449189909999994
359.9577332	0.000131893481904	360.1376038	4.317752609999999e-05
360.0672607	-7.087821719999998e-05	360.2475891	-0.00023029604899999986
360.1768188	-4.7362656899999984e-05	360.3575439	0.00013392313900000008
360.286377	9.77994641e-05	360.4675293	-2.5378539999999956e-05
360.3959351	0.00010547928100000003	360.5775146	-0.00019261147800000034
360.5054932	2.480155670000003e-05	360.6875305	0.00029457360599999954
360.6150818	0.0001087077689	360.7975159	6.665289400000027e-05
360.7246399	-2.000981469999993e-05	360.9075317	2.6819005099999933e-05
360.8342285	1.1653042699999994e-05	361.0175476	0.000115797855
360.9438171	0.00011379456193	361.1275635	6.062485039999999e-05
361.0534363	5.501872784e-05	361.2375793	1.3566575999999879e-05
361.1630249	6.820818820000001e-05	361.3476257	2.039037600000057e-05
361.272644	0.00012415922530000003	361.4576721	-3.051385299999987e-05
361.3822632	7.442410787e-05	361.5677185	1.3788929000000012e-05
361.4918823	9.499350562e-05	361.6777649	-0.00010090600699999997
361.6015015	3.2285301200000034e-05	361.7878113	-0.00011507933899999965
361.7111511	5.836230410000002e-05	361.8978882	-3.7523686000000105e-05
361.8207703	2.783164379999999e-05	362.0079346	4.00294089999999e-05
361.9304199	-6.920920000000005e-06	362.1180115	0.00040715432209999995
362.0400696	6.73837203e-05	362.2280884	-0.000213765074
362.1497498	0.00012751053598	362.3381653	-0.0001502182570000002
362.2593994	6.909278400000032e-06	362.4482727	-1.8493738000000155e-05
362.3690796	8.091003110000003e-05	362.5583801	-2.5175976999999676e-05
362.4787598	0.00012579929899999995	362.6684875	0.00033160240899999995
362.5884399	0.00012040965521	362.778595	0.00017158756900000028
362.6981201	2.6386071100000007e-05	362.8887024	4.521105400000008e-05
362.8078003	9.795921500000001e-05	362.9988098	5.16651198e-05
362.917511	6.089841912999999e-05	363.1089478	0.00019106175699999933
363.0272217	0.00012448501369	363.2190857	-0.00020212400699999968
363.1369324	7.437012390000005e-05	363.3292236	4.525529200000069e-05
363.2466431	-2.7361136700000004e-05	363.4393616	5.358363999999859e-06
363.3563843	6.142878560000002e-05	363.5494995	0.00010279822200000006
363.466095	-8.8514462728e-05	363.659668	0.00032928679100000056
363.5758362	-2.5555724300000017e-05	363.7698364	-1.7200480000000018e-05
363.6855774	6.250498700000002e-05	363.8800049	0.00012406986199999968
363.7953186	8.151013749999996e-05	363.9901733	5.626631899999929e-05
363.9050903	6.511846186e-05	364.1003723	-1.0051764000000053e-05
364.0148315	7.84274016e-05	364.2105408	-5.184719299999949e-05
364.1246033	0.00020210057123	364.3207397	-0.0001907488330000007
364.234375	-2.1696614500000015e-05	364.4309387	-0.0001302100710000001
364.3441467	9.681939270000004e-05	364.5411377	8.767796700000002e-05
364.453949	0.0001904843521	364.6513367	-5.003367600000001e-05
364.5637207	-2.4165914500000015e-05	364.7615662	-0.00010188482699999973
364.6735229	6.3928077e-05	364.8717957	-0.00014550145700000048
364.7833252	-8.186852209999999e-05	364.9820251	-0.00020026299200000004
364.8931274	0.00017527589809999999	365.0922546	0.00017718831100000006
365.0029602	5.502661300000006e-06	365.2024841	-9.8198649999999e-06
365.1127625	3.3003656500000015e-05	365.3127441	-5.643814800000008e-05
365.2225952	1.0063027699999997e-05	365.4229736	-0.00010455539399999983
365.332428	1.260035790000001e-05	365.5332336	0.00021212775019999988
365.4422607	0.00011186990377	365.6435242	4.5446679000000524e-05
365.5520935	7.46875012e-05	365.7537842	3.2808159999998115e-06
365.6619568	0.00014617844129999997	365.8640442	0.0007795462152000001
365.7718201	7.49549945e-05	365.9743347	8.776923600000049e-05
365.8816833	0.00015812231869999997	366.0846252	0.00015584635600000016
365.9915466	0.0001703531598	366.1949158	3.658933500000003e-05
366.1014099	-0.00013415605799799998	366.3052063	-0.0002518654799999998
366.2113037	1.436664030000001e-05	366.4155273	-0.00014980172200000012
366.321167	2.55299874e-05	366.5258179	0.0003971252754
366.4310608	-4.387587070000002e-06	366.6361389	-0.00013037584699999993
366.5409546	-8.74133184e-05	366.74646	0.00018734711919999995
366.6508789	0.0001346552599	366.8568115	-5.945781231999999e-05
366.7607727	-6.160225890000001e-05	366.9671326	-3.432878300000004e-05
366.870697	3.830564670000001e-05	367.0774841	0.00011168397100000003
366.9806213	9.499635799999995e-06	367.1878052	-4.718219800000029e-05
367.0905457	4.382932100000002e-05	367.2981567	-0.0001297483680000001
367.20047	0.0002071985727	367.4085388	0.00010631047199999993
367.3104248	0.0001520345977	367.5188904	-0.00010821176699999996
367.4203491	7.733554958999999e-05	367.6292725	-0.00013736262920000002
367.530304	0.00011298456229999997	367.739624	-5.404790860000003e-05
367.6402588	-2.584261711e-05	367.8500061	7.629767000000005e-05
367.7502136	-9.121780800000023e-06	367.9604187	0.0003203540110000001
367.860199	9.8951743e-05	368.0708008	0.000126269878
367.9701538	1.965020790000002e-05	368.1812134	-9.139301300000076e-05
368.0801392	9.104062340000002e-05	368.2915955	1.5049707999999391e-05
368.1901245	0.0001553521724	368.4020081	4.6492786999999865e-05
368.3001404	0.0002682330668	368.5124207	-0.00019526574700000007
368.4101257	2.273774590000002e-05	368.6228638	-0.00013527669899999996
368.5201416	-2.895343640000006e-06	368.7332764	-0.00016132998299999996
368.630127	8.870451709999997e-05	368.8437195	0.00012095528600000022
368.7401428	0.000177192352068	368.9541626	0.0003762637352
368.8501892	1.6303267399999993e-05	369.0646057	0.00017646118099999986
368.9602051	2.3231477900000004e-05	369.1750488	8.26935280000005e-05
369.0702209	0.00017900767860000002	369.2855225	0.0005494144283
369.1802673	8.62587768e-05	369.3959656	-6.034434800000006e-05
369.2903137	-3.687317799999999e-05	369.5064392	-1.0321379999996515e-06
369.4003601	0.00012070172302	369.6169128	-4.3355627000000226e-05
369.510437	0.00014126719909999998	369.727417	3.917678200000005e-05
369.6204834	4.221343988e-05	369.8378906	0.00012391759099999967
369.7305603	2.941227290000005e-05	369.9483948	0.00011528632600000003
369.8406372	7.362601535e-05	370.0588684	4.1106715999999696e-05
369.9507141	7.43661658e-05	370.1693726	1.090532199999987e-05
370.060791	9.841701834000001e-05	370.2799072	1.4699064199999987e-05
370.1708984	-1.0807605499999986e-05	370.3904114	-4.013883900000001e-05
370.2810059	0.00011643755709999997	370.500946	5.176290900000017e-05
370.3910828	4.5521359400000076e-05	370.6114502	-3.855395999999983e-05
370.5011902	-4.3413078e-05	370.7219849	-0.00010937440700000008
370.6113281	0.00014101021220000004	370.8325195	-2.204440500000026e-05
370.7214355	5.1559476560000005e-05	370.9430847	-0.000125576957503
370.8315735	0.00015495222760000002	371.0536194	0.00015238486200000022
370.9417114	0.00014540441045000002	371.1641846	2.88266165e-05
371.0518494	0.00014416343769999994	371.2747498	5.611217999999113e-06
371.1619873	0.00017325965747999998	371.3853149	0.00033263763149999996
371.2721252	0.0002809333964	371.4958801	6.799958600000027e-05
371.3822937	0.00015925100888	371.6064758	1.7286977000000037e-05
371.4924622	0.00018317080689999996	371.7170715	6.34487514e-05
371.6026306	0.0002202187243	371.8276367	-1.9501268999999984e-05
371.7127991	0.0002731346176	371.9382629	0.00043358513999999966
371.8229675	0.0001430647098	372.0488586	7.91242339999998e-05
371.9331665	0.00030361121750000007	372.1594543	0.00028084131190000007
372.0433655	0.0006938601146	372.2700806	0.00031148851900000005
372.1535645	0.0008176906266	372.3807068	0.00040633961909999997
372.2637634	0.00039951817599999997	372.491333	0.0002614713157
372.3739624	0.00046089869279999994	372.6019592	0.00026952521900000005
372.4841919	0.00020057413351	372.7125854	-7.612793699999978e-05
372.5944214	0.00017224421029999996	372.8232422	-5.7987402999999486e-05
372.7046204	0.0002565091709	372.9338989	0.00031654175799999983
372.8148804	0.0003724348353	373.0445557	0.00016862223900000013
372.9251099	0.000239385000459	373.1552124	0.000301200164788
373.0353394	0.0009861988652	373.2658691	0.0029804012740000004
373.1455994	0.0096457441397	373.3765564	0.008062132983
373.2558594	0.014978166601	373.4872131	0.006827284813999999
373.3661194	0.0075737355511000005	373.5979004	0.001942974049
373.4763794	0.0010435292930999999	373.7085876	0.000543111004
373.5866699	0.00027982543181	373.8193054	0.00034407037299999995
373.6969299	0.00025335079409999995	373.9299927	0.00034548481899999983
373.8072205	0.00029676011769999995	374.0407104	0.00021500675900000023
373.917511	0.0004996129719	374.1514282	0.0008496239310000003
374.0278015	0.0014040934912	374.262146	0.000751480693
374.1381226	0.0015031349034	374.3728638	0.0005113552319999997
374.2484131	0.0006651181466000001	374.4835815	0.00015061721200000005
374.3587341	8.354254529999996e-05	374.5943298	0.0003579230979999992
374.4690552	0.00014530221229999997	374.7050781	0.0001719637367
374.5793762	0.00020817690530000002	374.8158264	0.00014204322359999996
374.6897278	4.177888329999999e-05	374.9265747	-6.242678499999987e-05
374.8000488	0.00018263058150000004	375.037323	0.00022100983200000002
374.9104004	0.00023244738984	375.1481018	0.00020584813300000013
375.020752	0.000320631123	375.2588806	-8.203647999999956e-05
375.1311035	0.00016035006956	375.3696594	0.0002072462814
375.2414551	5.6043994800000004e-05	375.4804382	0.00024569104399999996
375.3518372	0.00020501885227000002	375.591217	5.481299000000082e-05
375.4621887	0.00016487704120000002	375.7020264	0.00011720397739999999
375.5725708	0.00039024463697	375.8128052	0.00019986118419999994
375.6829529	0.00032747353539999994	375.9236145	0.00013052020199999992
375.7933655	0.00028713023498	376.0344238	6.450666099999994e-05
375.9037476	0.0001219676633	376.1452332	-1.599089589999998e-05
376.0141602	0.00020316164957000002	376.256073	-5.783373499999942e-05
376.1245728	0.00016723154109999998	376.3669128	0.00022990256600000092
376.2349854	7.726057080000001e-05	376.4777222	0.0001489538699999994
376.3453979	0.00011034893399999998	376.588562	-8.098268899999991e-05
376.4558105	0.00034142590634	376.6994324	0.00031619472500000003
376.5662537	0.0008539497139	376.8102722	0.0007090833959999998
376.6766968	0.0021006893078	376.9211121	0.0031861322929999996
376.7871399	0.0059615692884	377.0319824	0.004413111601
376.897583	0.0065426080687	377.1428528	0.00244794342898
377.0080261	0.0023052205356000003	377.2537231	0.0005061971029999999
377.1184998	0.0004639662875	377.364624	0.0004345183259999996
377.2289429	0.0005505614680999999	377.4754944	0.0005698456657000001
377.3394165	0.0007082870724499999	377.5863953	0.0002876743670000002
377.4498901	0.0006189344858	377.6972961	0.0001511094169999996
377.5603943	8.70311487e-05	377.808197	0.00024227285699999958
377.6708679	0.0001746323833	377.9190979	4.6840359500000006e-05
377.7813721	0.00017325943919999998	378.0300293	0.000229383353
377.8918762	0.00010886992089999996	378.1409302	0.000251018209
378.0023804	2.8466547519999995e-05	378.2518616	7.080711639999987e-05
378.1128845	2.7611094999999922e-06	378.362793	0.0004359834119999999
378.2233887	0.00084204127777	378.4737244	0.002657623845
378.3339233	0.005134130303999999	378.5846863	0.003648441984
378.444458	0.0057042092372	378.6956177	0.001942117698
378.5549927	0.00151059847268	378.8065796	0.0005749539123000001
378.6655273	0.0004169986932	378.9175415	0.00015378533899999998
378.776062	0.0006092811382	379.0285034	0.00107897725
378.8866272	0.0018160240728000003	379.1394653	0.0016978235220999997
378.9971619	0.0022193305922000002	379.2504578	0.0008503415150000002
379.1077271	0.0006554914872	379.3614197	0.00018444849439999992
379.2182922	9.866058830000006e-05	379.4724121	0.0002967814219999999
379.3288879	0.0002278739849	379.5834045	0.0003184271050000005
379.4394531	8.51342629e-05	379.6944275	0.0003152457069999998
379.5500488	0.00023139053519999998	379.8054199	1.7694896000000062e-05
379.6606445	0.00018091217499999998	379.9164429	-0.00010181195099999993
379.7712402	0.00019188125407	380.0274658	0.0002530138009999997
379.8818359	0.00016273703659999998	380.1384888	0.00021787080900000002
379.9924622	0.00022103123776	380.2495117	0.00034230272299999977
380.1030579	0.000358214922	380.3605347	0.00023982516739999994
380.2136841	0.0007882675563	380.4715881	0.0005143942540000001
380.3243103	0.0008098143007499999	380.5826111	0.00033057224999999977
380.4349365	0.00033679623633	380.6936646	0.00045898125899999985
380.5455627	0.0005849009321	380.804718	0.0004751859239999999
380.6562195	0.00092462325117	380.915802	0.00023336708600000004
380.7668762	0.0004985502747	381.0268555	0.0001555890780000008
380.877533	0.00022853299737999997	381.1379395	0.00044112629300000015
380.9881897	0.00020000495719999997	381.2490234	0.0010909313567
381.0988464	0.0019813265176	381.3601074	0.0028627391726999997
381.2095337	0.004737550684	381.4711914	0.0030480485001999997
381.3201904	0.00396686632995	381.5822754	0.0009245772379999997
381.4308777	0.0011507739841	381.6933899	0.0003975190920000001
381.5415649	0.00036169095261	381.8045044	0.00015424541190000001
381.6522522	0.00022963128870000005	381.9156189	0.00026048440399999975
381.76297	0.00016643429991	382.0267334	0.00014431099400000007
381.8736572	0.00017281709010000002	382.1378479	0.00026079639800000013
381.984375	0.00019768957281	382.2489929	-6.847269799999979e-05
382.0950928	0.00018511395319999998	382.3601074	0.0001672352660000002
382.2058105	0.00027483999291	382.4712524	0.00027558673099999965
382.3165588	0.00021509663199999998	382.5823975	0.00019855192000000016
382.4272766	0.00022397605789999998	382.693573	0.00012240483189999995
382.5380249	0.00030591044930000004	382.804718	0.00012242468099999976
382.6487732	0.00012742855320999999	382.9158936	0.0003807479520000004
382.7595215	0.00038405344829999996	383.0270386	0.0006278428045099999
382.8702698	0.00103765132201	383.1382141	0.0012843395819999999
382.9810486	0.0024797700465	383.2494202	0.0011362621445
383.0917969	0.0019125652321	383.3605957	0.000561024062
383.2025757	0.0007647438325999999	383.4718018	0.0008580741710000001
383.3133545	0.001127686075	383.5829773	0.0005557229740000003
383.4241333	0.00084668718229	383.6941833	0.00012933881899999987
383.5349426	0.0004115688789	383.8053894	0.0005892500339
383.6457214	0.0002379083307	383.916626	0.0010392582039999996
383.7565308	0.0003890873777	384.027832	0.0007030020929999997
383.8673401	0.0005007704021	384.1390686	0.00018738349900000034
383.9781494	0.00021993395056	384.2503052	0.00020187674099999978
384.0889893	0.0001730069343	384.3615417	-3.919005399999906e-06
384.1997986	0.000311477639075	384.4727783	0.000346171902
384.3106384	0.00028811010999999994	384.5840149	0.00016434304400000065
384.4214783	0.0003019824653	384.695282	0.0003092275000000002
384.5323181	0.00031998430490000004	384.8065491	0.00040761381400000046
384.643158	0.0005302622157699999	384.9178162	0.00103580649
384.7540283	0.0012313596672000001	385.0290833	0.0011871360327
384.8648682	0.0017248155199	385.1403503	0.0006237942719999998
384.9757385	0.001008413441	385.2516174	0.0004410408440000003
385.0866089	0.0005802125379	385.362915	0.002648394438
385.1974792	0.0031164984684	385.4742126	0.012430535860000001
385.3083801	0.023159225127270002	385.5855103	0.0145986210275
385.4192505	0.030819150414199997	385.6968079	0.005752756726
385.5301514	0.010427990896729999	385.808136	0.0013042083009999995
385.6410522	0.0016592400493	385.9194336	0.0006017768319
385.7519531	0.0006775255606	386.0307617	0.0004119141960000003
385.862854	0.0005685894576	386.1420898	0.0006258019127999999
385.9737854	0.00030744368998	386.253418	0.00013962760600000042
386.0846863	0.00022279014230000002	386.3647461	0.0001636508390000001
386.1956177	0.0002374120523	386.4761047	0.0001673675140000004
386.3065491	0.00035577689409999996	386.5874634	0.00019835622499999976
386.4174805	0.000190546924348	386.698822	0.0003321864639999998
386.5284424	0.0002869695308	386.8101807	0.00014870311100000045
386.6393738	0.00010931061116	386.9215393	-0.00011876458299999999
386.7503357	0.00010089355049999998	387.0328979	8.941435960000007e-05
386.8612976	0.00016448650421	387.1442871	0.00029751702099999993
386.9722595	0.0005326227983000001	387.2556763	0.002317616366
387.0832214	0.0042053293436	387.3670654	0.0031746798200000008
387.1942139	0.0067585793437	387.4784546	0.0016566545229999999
387.3052063	0.0035487104614	387.5898438	0.0005157570704
387.4161682	0.0009554888387000001	387.7012634	0.0005554262898
387.5271912	0.0011402238451	387.8126526	0.0007190244510000001
387.6381836	0.0009662503435	387.9240723	0.0016555751210000002
387.749176	0.0023389191406599998	388.0354919	0.001992258243
387.860199	0.0041450149731	388.1469421	0.0009967677760000001
387.9712219	0.0022887844385	388.2583618	0.000232158462
388.0822449	0.0004087631532	388.369812	0.00010754104000000001
388.1932678	0.00028942401699999997	388.4812317	0.0003340458500000001
388.3042908	0.00031952420249999996	388.5926819	0.00010444223800000008
388.4153442	0.00017044207200000002	388.7041626	5.7050376199999976e-05
388.5263672	0.00017176324039999994	388.8156128	0.0003352549538
388.6374207	0.00013926097010000002	388.927063	0.00027821958099999997
388.7484741	0.0002539437119	389.0385437	0.0002840182860000001
388.8595276	0.00015371509655	389.1500244	-7.989397300000017e-05
388.9706116	0.00023596835680000006	389.2615051	0.00026878132400000006
389.081665	0.00027701587533	389.3729858	0.00029984745200000015
389.192749	0.0002180238662	389.4844971	0.0011303584322999998
389.303833	0.0007940235664	389.5959778	0.003897604533
389.414917	0.0060493693459	389.707489	0.0054164218604
389.5260315	0.0106051492583	389.8190002	0.0023481787643000003
389.6371155	0.0058238515628	389.9305115	0.001079903799
389.74823	0.0010529417486	390.0420532	0.00036727753499999965
389.8593445	0.0004399480531	390.1535645	0.00039530242799999996
389.970459	0.00032106107754	390.2651062	0.00018244300759999996
390.0815735	0.0004267830955	390.3766479	0.00027858070070000004
390.1927185	0.00031725577710000003	390.4881897	0.00034173671000000024
390.303833	0.0006545845245	390.5997314	0.0004987246360000008
390.414978	0.0010566728889	390.7112732	0.00014941231299999986
390.526123	0.000520931062	390.8228455	0.0005954466759999994
390.6372681	0.00031573731392	390.9344177	0.00026227009900000003
390.7484436	0.0003619793861	391.04599	0.0002158369170000001
390.8595886	0.00020919034616	391.1575623	0.0001363368352
390.9707642	0.00028392203959999997	391.2691345	0.0001201757700000001
391.0819397	0.00038376597511	391.3807373	0.00019873236299999993
391.1931152	0.00037659905500000003	391.4923096	0.00022072112200000006
391.3042908	0.00035659180859999996	391.6039124	0.00046140607399999985
391.4154663	0.0007643413265	391.7155151	0.00040577677999999954
391.5266724	0.000949677953	391.8271179	0.001123505368
391.6378784	0.0010933392916	391.9387512	0.001996149309
391.7490845	0.0033802488905999998	392.050354	0.001953868545
391.8602905	0.0040903792828	392.1619873	0.0006948844529999999
391.9714966	0.00131343618711	392.2736206	0.00040938239599999995
392.0827332	0.0004694439121	392.3852539	0.0003086095669999995
392.1939697	0.00039289100821000004	392.4969177	0.00039263971839999994
392.3052063	0.00029035040639999995	392.608551	0.0004473245939999998
392.4164429	0.00025479395842	392.7202148	0.0005014501509999995
392.5276794	0.00042971171209999994	392.8318787	0.00031120001229999997
392.638916	0.0005247404769	392.9435425	0.0008233871769999998
392.7501831	0.0007757368150000001	393.0552063	0.001303829485
392.8614502	0.001816265817172	393.1668701	0.0025269588809
392.9727173	0.0025285362498999996	393.2785645	0.010292944961
393.0839844	0.01306368647612	393.3902283	0.012814062062
393.1952515	0.0260510710067	393.5019226	0.005868395321
393.3065491	0.01764801050498	393.6136169	0.0032638688600000005
393.4178162	0.005575774906599999	393.7253418	0.003591542598
393.5291138	0.0066837467316	393.8370361	0.002231240273
393.6404114	0.0052278146319	393.948761	0.0007681017739999997
393.7517395	0.0017796614554	394.0604858	0.0006309992169000001
393.8630371	0.0005216162531	394.1722107	0.0002864941479999998
393.9743652	0.0004941567604	394.2839355	0.0005022888069999999
394.0856628	0.0002830578596	394.3956604	0.0002533388319999998
394.196991	0.00033517778509999996	394.5074158	3.0095920999999737e-05
394.3083191	0.000327552174	394.6191406	0.0001321874006
394.4196777	0.00034724860145	394.730896	0.001153665827
394.5310059	0.0005705302324290001	394.8426514	0.005593887298
394.6423645	0.0051246966099	394.9544373	0.007657055276999999
394.7537231	0.0117765814635	395.0661926	0.004331586300000001
394.8650818	0.01037438407778	395.1779785	0.0027588595079399997
394.9764404	0.0042002116392	395.2897339	0.004030464333
395.0877991	0.0022508407853	395.4015198	0.004572230855999999
395.1991882	0.0018029319468	395.5133057	0.0022251391780000003
395.3105774	0.0015161641936399998	395.6251221	0.0008997774570999999
395.4219666	0.0006641716172000001	395.736908	0.00048432964799999994
395.5333557	0.0009253054741000001	395.8487244	0.00046178815000000014
395.6447449	0.0010584072447000002	395.9605408	0.00035586790200000003
395.7561646	0.000446850303	396.0723572	0.00043190305599999997
395.8675537	0.00019961822540000003	396.1841736	0.00014824373699999938
395.9789734	0.00031023659541000003	396.29599	0.00039576180199999995
396.0903931	0.0003103365889000001	396.4078369	0.000396051677
396.2018127	0.0006050789961	396.5196838	0.0002528144396
396.3132629	0.00026436267949999997	396.6315308	0.00018889084500000003
396.4246826	0.00026705650456	396.7433777	0.0001694764940000002
396.5361328	0.00023016493649999999	396.8552246	0.000342447776
396.647583	0.00021148623452	396.9670715	0.00024274294299999992
396.7590332	0.0003385199960999999	397.078949	0.00024315039599999986
396.8704834	0.00035678377748999996	397.1908264	0.003115115454
396.9819641	0.0012576283768	397.3027039	0.008461253834
397.0934143	0.0098274009796	397.4145813	0.00671524508
397.204895	0.0148401172532	397.5264587	0.0018230693530999998
397.3163757	0.006361624339052	397.6383667	0.000756479102
397.4278564	0.0013547549896	397.7502441	0.00065357927816
397.5393677	0.0006997175515000001	397.8621521	0.0011872621249999996
397.6508484	0.0012308316654999999	397.9740601	0.0018145935610000006
397.7623596	0.0026985166185	398.085968	0.0010302246374000001
397.8738708	0.0024838102112	398.1979065	0.0003140366753
397.9853821	0.0008441328828	398.3098145	0.0007994106269999998
398.0968933	0.0006299497036	398.4217529	0.0009751231409999999
398.2084045	0.0015094209524	398.5336914	0.00047433050399999996
398.3199463	0.0018446781909	398.6456299	0.00029445672399999994
398.431488	0.00074745463639	398.7575989	0.0003568568791
398.5430298	0.00027443468579999995	398.8695374	9.745778500000035e-05
398.6545715	0.00026230212822	398.9815063	0.000141934492
398.7661133	0.00042710828720000005	399.0934448	0.00043108624229999996
398.8776855	0.00036209392423	399.2054138	0.000502540032
398.9892273	0.0004411533445999999	399.3174133	0.0004924153328000001
399.1007996	0.0008091221097	399.4293823	0.00015146681100000007
399.2123718	0.0008265668586000001	399.5413513	0.0009524179620000002
399.3239441	0.0005546305619	399.6533508	0.0033762223033
399.4355469	0.0029210504725	399.7653503	0.0032414731685
399.5471191	0.0057231551185	399.8773499	0.001708071388
399.6587219	0.0043527463856	399.9893494	0.001247896114
399.7703247	0.0021875446551	400.1013794	0.0009634878474839999
399.8819275	0.0021154986102000003	400.2133789	0.00011575548000000019
399.9935303	0.00085735580433	400.3254089	0.0004088969429999999
400.1051636	0.0006018683777	400.437439	0.0005796344480000003
400.2167664	0.0006168193941	400.549469	0.00039420288529999994
400.3283997	0.0005466221337	400.661499	0.0004473752339999998
400.440033	0.0004909463896	400.7735596	0.00048318388900000023
400.5516663	0.0004072672454999999	400.8855896	0.00047621922500000035
400.6632996	0.00039649685640999997	400.9976501	0.00041743973300000046
400.7749634	0.00046722507434	401.1097107	0.00031571928500000006
400.8865967	0.00033028896720000003	401.2217712	0.0002620825539999998
400.9982605	0.0004643732682	401.3338318	0.0005207994255
401.1099243	0.00047402940440999995	401.4459229	0.0005047426966
401.2216187	0.00047764781610000007	401.5580139	0.0007976479829999994
401.3332825	0.0007121755551900001	401.6700745	0.0024344911800000006
401.4449463	0.0009301406677000001	401.782196	0.0230665892443
401.5566406	0.0091484991425	401.8942871	0.040155946977899995
401.668335	0.052686463634059995	402.0063782	0.021111340147
401.7800293	0.06801658723519999	402.1184998	0.00494867020431
401.8917236	0.0217163940006	402.2305908	0.002081751707
402.0034485	0.00411068256431	402.3427124	0.001188313822
402.1151428	0.0016638832752	402.454834	0.0008617341519999997
402.2268677	0.0011048619926	402.5669861	0.000758899841
402.3385925	0.0007773015534000001	402.6791077	0.00039019103869999993
402.4503174	0.00069152310243	402.7912598	0.0006816088499
402.5620728	0.0005692192353	402.9033813	0.0005695458969999997
402.6737976	0.00037350093770000003	403.0155334	0.0005907951562999999
402.785553	0.0003898704017	403.1276855	0.000420168508
402.8973083	0.00046186224789999996	403.2398682	0.00032940122799999996
403.0090637	0.0003697136417	403.3520203	0.00043543730899999996
403.1208191	0.00043357942926	403.4642029	0.00044554151820000004
403.2325745	0.00044632714709999993	403.5763855	0.0014525428499999951
403.3443604	0.00049150401905	403.6885681	0.0005881688560000005
403.4561157	0.00045599549779999995	403.8007507	0.0018954989500000003
403.5679016	0.00112060000148	403.9129333	0.0031020053432000002
403.6796875	0.0033471058705	404.0251465	0.0032091345055
403.7915039	0.0050374045673	404.1373291	0.0018040926659999997
403.9032898	0.0044523300893	404.2495422	0.0029099376409999996
404.0151062	0.0027741516534	404.3617554	0.005171766039
404.1268921	0.0053949957654	404.4739685	0.004097358392504
404.2387085	0.0091769512218	404.5862122	0.0018029390481
404.3505249	0.0054845409903	404.6984253	0.0044300484009999995
404.4623718	0.0027185087963	404.8106689	0.00908287322064
404.5741882	0.0089741598787	404.9229126	0.009735949109
404.6860352	0.0123570514247	405.0351562	0.006399736739999999
404.7978821	0.0059177472433	405.1473999	0.002552372404
404.909729	0.00253505727992	405.2596741	0.0011659841990000006
405.0215759	0.0011706458605000001	405.3719177	0.0003215488979999995
405.1334229	0.0006969132519	405.4841919	0.0005128711930000001
405.2453003	0.0004651692288	405.5964661	0.0008441391400000001
405.3571472	0.0006183604709999999	405.7087402	0.0021857604149999998
405.4690247	0.0010674648806	405.8210144	0.003045755671
405.5809021	0.0035431480211	405.9333191	0.001909721293
405.6927795	0.0045840904643	406.0455933	0.0006443480959999999
405.8046875	0.001981892041	406.1578979	0.00048343744100000016
405.9165649	0.0007590710014000001	406.2702026	0.00021307496400000021
406.0284729	0.0006789093895000001	406.3825073	0.0006777669769999998
406.1403809	0.0005679943716	406.4948425	0.00025792652799999996
406.2522888	0.0004913558877000001	406.6071472	0.0005363328379999997
406.3641968	0.0005598620046	406.7194824	0.0004320358859999998
406.4761353	0.0004547643766	406.8318176	0.0002100099809999997
406.5880432	0.00043189123970000003	406.9441528	0.0005924588767000001
406.6999817	0.0005006334686000001	407.056488	0.0004057486079999998
406.8119202	0.0005095875531	407.1688232	0.000392558519
406.9238586	0.0006472117674999999	407.281189	0.0004888768017
407.0357971	0.0005615033443000001	407.3935242	0.0008456581269999999
407.1477661	0.0006805970916	407.5058899	0.0027053226947000002
407.2597046	0.0008642913310000003	407.6182556	0.019557378254000002
407.3716736	0.0054154463283	407.7306519	0.0300101933824
407.4836426	0.036596435263	407.8430176	0.0140604463224
407.5956116	0.0528690558738	407.9554138	0.0033777800276
407.7076111	0.0217905295436	408.0677795	0.002552932594
407.8195801	0.0046913222909	408.1801758	0.0029845510139999997
407.9315796	0.0036520705906	408.292572	0.0019439766189999997
408.0435791	0.004700504039899999	408.4049988	0.0027444227600000003
408.1555786	0.0033611696562999994	408.517395	0.0028532680589999997
408.2675781	0.004124381521200001	408.6298218	0.0052244365219999995
408.3795776	0.0051031064651	408.742218	0.008753411473999998
408.4916077	0.0092470645909	408.8546448	0.005477957894000001
408.6036377	0.0141091885772	408.9670715	0.0014302318450000002
408.7156677	0.0084926619024	409.0795288	0.000676486874
408.8276978	0.002116845571	409.1919556	0.0006048546637999999
408.9397278	0.000848673679707	409.3044128	0.0006008031779999997
409.0517578	0.0006162993668	409.4168396	0.0004034645390000001
409.1638184	0.0005626204075	409.5292969	0.0003953023624
409.2758789	0.00045651552499999996	409.6417847	0.00022525573099999984
409.3879089	0.0002629516821	409.7542419	0.0004181056280000003
409.5	0.00026361009809999997	409.8666992	0.00013680243899999965
409.6120605	0.00030173404361499997	409.979187	0.00047019356800000016
409.7241211	0.0002951984934	410.0916748	0.00029049324800000005
409.8362122	0.00037525178053	410.2041626	0.0002145991900000001
409.9483032	0.0004379453021	410.3166504	0.00018136110200000014
410.0603943	0.0004755284026	410.4291382	0.0005816468030000002
410.1724854	0.0004853210266	410.5416565	0.00032720441229999996
410.2845764	0.00035755812854999997	410.6541443	0.0006168637773999999
410.3966675	0.00047866595560000003	410.7666626	0.0063707256341
410.5087891	0.0007620136894	410.8791809	0.016365187709
410.6209106	0.0120237932421	410.9916992	0.01200376323
410.7330322	0.028918013786900003	411.104248	0.0030103640161
410.8451538	0.0249004907675	411.2167664	0.001351701911
410.9572754	0.005904345367259999	411.3293152	0.0007059997879999998
411.0694275	0.0015210841083999997	411.441864	0.0004506548866
411.1815796	0.0006342255802	411.5544128	0.0001330662060000003
411.2937012	0.0005602855817	411.6669617	0.0007371492689999997
411.4058533	0.00049852833221	411.7795105	0.00119190858845
411.5180359	0.0009596304732	411.8920898	0.001030751795
411.630188	0.0016902314093	412.0046692	0.000532184494
411.7423401	0.0014290547694999999	412.1172485	0.00013660593000000033
411.8545227	0.0006650803188699999	412.2298279	0.00044911704
411.9667053	0.00051391538	412.3424072	0.00028199423199999976
412.0788879	0.0003620034404	412.4549866	0.00014237873199999997
412.1910706	0.00030322599920000004	412.5675964	0.00028804922500000026
412.3032837	0.0003840640274	412.6802063	0.0002593855607
412.4154663	0.00021797965749999996	412.7927856	-7.299985699999985e-05
412.5276794	0.00030540933039	412.9053955	0.000526036136
412.6398926	0.0002989019559	413.0180359	0.0004863683140000001
412.7521057	0.00022699413239999998	413.1306458	0.00022948253900000048
412.8643188	0.00034327275350000007	413.2432861	0.000527991447
412.9765625	0.00037270265962	413.355896	0.0011522206480000007
413.0887756	0.0007001863853	413.4685364	0.0010827877549999991
413.2010193	0.0013857704476000002	413.5811768	0.005728107878999999
413.3132629	0.0018164390346999998	413.6938477	0.010056696363
413.4255066	0.008609942044099999	413.806488	0.005588401808
413.5377502	0.01630954374631	413.9191589	0.0015774073837
413.6499939	0.010894137648199999	414.0317993	0.0008613639510000001
413.7622681	0.0029293863193	414.1444702	0.0005533629442999999
413.8745422	0.0006361630512	414.2571411	0.00031724100659999996
413.9868164	0.0004899877386000001	414.3698425	0.0005041360899999993
414.0990906	0.00040547076791	414.4825134	0.00017287454099999995
414.2113647	0.0004207938327	414.5952148	0.0005819146759999999
414.3236694	0.0003826013709	414.7078857	0.0004796906142
414.4359436	0.0003590968554	414.8205872	0.0005112902435999999
414.5482483	0.0002272242054	414.9333191	0.0003024564944000001
414.660553	0.00029422904489999997	415.0460205	0.0005141303410000002
414.7728577	0.00032996137448	415.1587219	0.0004943227399999998
414.8851624	0.00038752835829999996	415.2714539	0.0004805722279999994
414.9974976	0.000337419413	415.3841858	0.00023034820300000007
415.1098022	0.0002710585395	415.4969177	0.0004084852990000002
415.2221375	0.00019717804384	415.6096497	0.0003691690944
415.3344727	0.00038925958500000003	415.7223816	0.0004441919739999996
415.4468079	0.0002844587434	415.8351135	0.0003774920479999999
415.5591736	0.00031161020159999997	415.947876	0.0007945932400000005
415.6715088	0.00032822827049	416.0606384	0.0011218772269999998
415.7838745	0.00030294590400000007	416.1734009	0.0043215044426
415.8962402	0.0016184510892000002	416.2861633	0.027456102893999995
416.008606	0.0026585668388	416.3989258	0.041341169972
416.1209717	0.0073937044512	416.5117188	0.018325235140700002
416.2333374	0.01260229636386	416.6244812	0.004752640145999999
416.3457031	0.0080224772686	416.7372742	0.0026796888560000004
416.4580994	0.002377773228	416.8500671	0.004789652652
416.5704956	0.0007637731614000001	416.9628601	0.005490584066
416.6828918	0.0013793280232	417.0756531	0.0030645221700000003
416.7952881	0.00191980320245	417.1884766	0.0009992578999999998
416.9076843	0.0014117104002000001	417.3012695	0.0007667760370000005
417.0201111	0.0005198159197	417.414093	0.0006639127605399999
417.1325378	0.0004128165602	417.5269165	0.0008061989210000004
417.2449341	0.00054799483773	417.63974	0.0005277504679999999
417.3573608	0.00044870493000000004	417.752594	0.0006204186942
417.4698181	0.00034926586522	417.8654175	0.0006593721920000002
417.5822449	0.00042010066679	417.9782715	0.0005757329782000001
417.6946716	0.00040055912179	418.091095	0.0008816532789999998
417.8071289	0.0003118946042	418.203949	0.0009772552294
417.9195862	0.00035190598280000003	418.3168335	0.0023439640646999997
418.0320435	0.0008816162296999999	418.4296875	0.003503788263
418.1445007	0.0026879591169000003	418.5425415	0.003656777786
418.256958	0.0054596600237	418.655426	0.007733142465
418.3694458	0.0044811100231	418.7683105	0.007592296689999999
418.4819336	0.0032099665255	418.8811951	0.0032012087467
418.5944214	0.0030557631402	418.9940796	0.0013339556749999999
418.7069092	0.001592004148	419.1069641	0.0012317013611000001
418.819397	0.0007731509685999999	419.2198792	0.001032592263
418.9318848	0.0005776062611000001	419.3327637	0.0014210597437
419.0444031	0.0005209270166	419.4456787	0.0049952201079999994
419.1568909	0.00074630911694	419.5585938	0.016102173597
419.2694092	0.0016065770251300002	419.6715088	0.015808886848
419.3819275	0.0048412564506	419.7844238	0.00493780291
419.4944458	0.0057593453312	419.8973694	0.0019879261378
419.6069946	0.0028768760968	420.0102844	0.0015684636310000005
419.7195129	0.0011436047787999999	420.12323	0.001883585006
419.8320618	0.0005804497343000002	420.2361755	0.014310499654
419.9446106	0.0008328192635000001	420.3491211	0.0312627571935
420.0571594	0.0025877251176	420.4620972	0.036817079763
420.1697083	0.007658919101099999	420.5750427	0.051946610911
420.2822571	0.0107880398271	420.6880188	0.036513581178
420.3948364	0.0146076665883	420.8009644	0.0112277257703
420.5073853	0.0167487764845	420.9139404	0.004082861124
420.6199646	0.0089593193984	421.0269165	0.002012482379
420.7325439	0.0037270759054	421.1399231	0.0014784883249999996
420.8451538	0.0014751653656	421.2528992	0.0010936374309999997
420.9577332	0.0007864763610999999	421.3659058	0.0009857697869999995
421.0703125	0.0007989371951999999	421.4788818	0.0008681858890000004
421.1829224	0.00080972453	421.5918884	0.000703154365
421.2955322	0.0008049460448	421.704895	0.0008871198225
421.4081421	0.000852860787	421.8179321	0.0006884275929999999
421.520752	0.0008454727358	421.9309387	0.0008426017156999999
421.6333618	0.0007403655181	422.0439758	0.0006877756679999998
421.7460022	0.0007465580566	422.1570129	0.0011415941405
421.8586426	0.0007448827236	422.2700195	0.0015969402160000007
421.9712524	0.0009993234416	422.3830872	0.0019201620019999996
422.0838928	0.0020140553536000002	422.4961243	0.001364395721
422.1965637	0.0027640155458	422.6091614	0.0007238739640000004
422.3092041	0.0023147943139	422.722229	0.0008265532089999999
422.421875	0.0012144633802	422.8352661	0.0008707833469999999
422.5345154	0.0013585201815	422.9483337	0.0010985766999999998
422.6471863	0.0015800775729	423.0614014	0.000988430809
422.7598572	0.0013553937608	423.1744995	0.007593366784
422.8725281	0.0012394217923999999	423.2875671	0.032461439488999995
422.9852295	0.004293651494899999	423.4006653	0.0349649478404
423.0979004	0.0340460963192	423.5137329	0.011915977232
423.2106018	0.058770871545699994	423.6268311	0.0036996072160000006
423.3232727	0.0354998630089	423.7399292	0.0017136645039999999
423.4359741	0.0121197150977	423.8530579	0.0011601009179999999
423.5487061	0.0036298031298	423.966156	0.0007988144649999996
423.6614075	0.0018959105658	424.0792542	0.0014360093336
423.7741089	0.0014188796918000002	424.1923828	0.0031165265239999993
423.8868408	0.0013615368807	424.3055115	0.0033969893699
423.9995728	0.0037224650003	424.4186401	0.0014768186959999994
424.1123047	0.0058944990455000006	424.5317688	0.001066952245
424.2250366	0.004053114331	424.644928	0.000903824577
424.3377686	0.0018755414637000002	424.7580566	0.0006233868190000003
424.450531	0.00113342735816	424.8712158	0.0008530376364
424.5632629	0.001140704175	424.984375	0.0008687297812
424.6760254	0.0010035658372540002	425.0975342	0.0009049356450000004
424.7887878	0.001017745584	425.2106934	0.0006551067339999996
424.9015503	0.0010643333808	425.3238525	0.000770091865
425.0143433	0.0010779267616	425.4370422	0.0009191245769999998
425.1271057	0.0011816916378999999	425.5502014	0.00260597025
425.2398987	0.0012185462688	425.6633911	0.004114196403
425.3526917	0.0014515551736	425.7765808	0.0025267410090000003
425.4654541	0.0020307361122999996	425.8897705	0.0014762046634
425.5782776	0.0018723633472899999	426.0029907	0.001142774242
425.6910706	0.0015047216438	426.1161804	0.0013812007379999996
425.8038635	0.0013860324980000001	426.2294006	0.0018365397987000001
425.916687	0.0012370296754	426.3426208	0.012686141768
426.0295105	0.00116337290227	426.4558411	0.030551785141
426.142334	0.0021785204300999996	426.5690613	0.0212351474339
426.2551575	0.0074679551474	426.6822815	0.006017812761
426.367981	0.0101693173602	426.7955017	0.002656919533
426.4808044	0.00501496071275	426.9087524	0.002612755634
426.5936584	0.0023702137991	427.0220032	0.013186245918999999
426.7065125	0.0017381726354	427.1352539	0.052099032098
426.8193665	0.0042126369663	427.2485046	0.051099399101000004
426.9322205	0.04328129206895	427.3617554	0.016203209056
427.0450745	0.0834525189145	427.4750366	0.005189625549
427.1579285	0.0557932520214	427.5882874	0.0054771015416
427.270813	0.0193034030387	427.7015686	0.015708190857999998
427.3836975	0.0057852288884	427.8148499	0.015572003791999998
427.496582	0.0048572037485	427.9281311	0.0059088488339
427.6094666	0.0066096578082000005	428.0414124	0.0032521630639999995
427.7223511	0.0049002581071	428.1547241	0.010012110229
427.8352356	0.003146571806	428.2680054	0.024011156988
427.9481506	0.0053820965113	428.3813171	0.017113278386000002
428.0610352	0.02673591568291	428.4946289	0.005213215715
428.1739502	0.0409753871752	428.6079407	0.0023657220881
428.2868652	0.020552281638599998	428.7212524	0.0051343375819999995
428.3998108	0.00726392647968	428.8345642	0.008066462349999998
428.5127258	0.00480205422749	428.9479065	0.004684412503
428.6256409	0.0120623383805	429.0612488	0.002144832164
428.7385864	0.014383068599	429.1745605	0.0011976266979999998
428.851532	0.0060391628645	429.2879028	0.0008910889740000004
428.9644775	0.0026326862859999997	429.4012756	0.0008915792569000001
429.0774231	0.0013421974731	429.5146179	0.0008985035815
429.1903687	0.0011911136967000001	429.6279602	0.0008666357029999995
429.3033447	0.0010202638801	429.741333	0.0009528538210000007
429.4163208	0.00108332460516	429.8547058	0.0009908359500000003
429.5292664	0.0010408309755	429.9680786	0.0008607134219999995
429.6422424	0.000946175114183	430.0814514	0.001062260125
429.7552185	0.0009534662819000001	430.1948242	0.0009134367570000001
429.8682251	0.001159928023488	430.3082275	0.0015329485760000002
429.9812012	0.0011266810466000002	430.4216003	0.00700187682424
430.0942078	0.0014478850350000002	430.5350037	0.0174675422757
430.2072144	0.0023764253711	430.648407	0.013945886977
430.3202209	0.006517268281	430.7618103	0.0045335029713000005
430.4332275	0.011593952853	430.8752136	0.0020126358719
430.5462341	0.009024447998	430.9886475	0.001644856879
430.6592407	0.0043580553316000005	431.1020508	0.001328047133
430.7722778	0.0025866445791	431.2154846	0.0011878118389999997
430.8853149	0.0018662592339	431.3289185	0.004700057442
430.9983521	0.0028459706812999997	431.4423523	0.003803184722000001
431.1113892	0.006555660482699999	431.5557861	0.0018931087099999999
431.2244263	0.0094097864641	431.6692505	0.0015389226175
431.3374634	0.0067030500067	431.7826843	0.001319742761
431.450531	0.0047695166429	431.8961487	0.0011203473803
431.5635986	0.004608332383099999	432.009613	0.0013344951439999996
431.6766357	0.005047206185	432.1230774	0.0014253169064999999
431.7897339	0.0052566543018	432.2365417	0.001617987757
431.9028015	0.0054743591459	432.3500061	0.0017482361289999997
432.0158691	0.0053480031489000004	432.463501	0.0014265133060000004
432.1289673	0.005367053716	432.5769653	0.002082442399
432.2420349	0.0042999716538	432.6904602	0.0018815337680000003
432.3551331	0.005030209228	432.8039551	0.002096170792
432.4682312	0.0046320514229	432.91745	0.0023869944270000004
432.5813293	0.004546412863300001	433.0309753	0.0024405894799999998
432.694458	0.0044599760438	433.1444702	0.002508335049
432.8075562	0.0046137195025	433.2579956	0.0028272074417
432.9206848	0.0048538535486000005	433.3714905	0.011407231444
433.0338135	0.0057198506842	433.4850159	0.061409758865
433.1469116	0.0082804471021	433.5985413	0.086396072876
433.2600708	0.0451446376983	433.7120972	0.051866146035
433.3731995	0.13064378105795998	433.8256226	0.030236037912
433.4863281	0.14900607591770001	433.9391785	0.018394387331
433.5994873	0.07490763160462	434.0527039	0.011626053602
433.7126465	0.0353952491276	434.1662598	0.0067461778816
433.8258057	0.0174084815948	434.2798157	0.0057163038289999996
433.9389648	0.0117291363717	434.3934021	0.005719858454
434.052124	0.0082733204324	434.506958	0.005638028728
434.1652832	0.0064564239874	434.6205139	0.004721114877999999
434.2784729	0.0060911344773	434.7341003	0.0044219600960000004
434.3916626	0.0060323576322	434.8476868	0.0075962216363
434.5048218	0.006020788147380001	434.9612732	0.0140926284387
434.618042	0.0064755469504000004	435.0748596	0.11885145402
434.7312317	0.009471746787200001	435.188446	0.55709176785
434.8444214	0.0229396117492	435.302063	0.570530087694
434.9576416	0.3521017242001	435.4156494	0.177211380381
435.0708313	0.9404771587608001	435.5292664	0.061066584893
435.1840515	0.90466438584309	435.6428833	0.0473305355075
435.2972717	0.34575329882420003	435.7565002	0.029076285894999998
435.4104919	0.1396789176624	435.8701172	0.012592365134699999
435.5237427	0.0764348197949	435.9837646	0.0075933791219999994
435.6369629	0.0441682026454	436.0973816	0.005321541103
435.7502136	0.02308481134886	436.2110291	0.004123934079
435.8634338	0.0135283508985	436.3246765	0.003842751262
435.9766846	0.0090201846028	436.438324	0.00355450678162
436.0899353	0.00651513271403	436.5519714	0.0049593165171
436.2032166	0.0053904751262	436.6656494	0.006189424079
436.3164673	0.00531109732586	436.7792969	0.004216524757459999
436.4297485	0.0083069864775	436.8929749	0.0031062008350000005
436.5429993	0.009799160979559999	437.0066528	0.0022128385029000002
436.6562805	0.007044072313419999	437.1203308	0.0029391056744
436.7695618	0.0051042942217	437.2340088	0.0041610545011
436.8828735	0.0043123439831000004	437.3476868	0.007589859418999999
436.9961548	0.006221321848	437.4613647	0.046471219277
437.109436	0.007887738880500001	437.5750732	0.077155684359
437.2227478	0.0206985874094	437.6887817	0.040561294648000006
437.3360596	0.0918212865402	437.8024902	0.012460061346000001
437.4493713	0.1383426401991	437.9161987	0.011624939618000001
437.5626831	0.0751324743864	438.0299072	0.017623805441
437.6759949	0.032129455638500004	438.1436157	0.011629331396000002
437.7893372	0.023770618838	438.2573547	0.019580262708
437.9026489	0.028691799962085	438.3710938	0.057098559799000005
438.0159912	0.020200410947399997	438.4848328	0.048420729814
438.1293335	0.048759003198100004	438.5985718	0.014640201813000003
438.2426758	0.1071391881527	438.7123108	0.006390155874999999
438.3560486	0.09482255516480001	438.8260498	0.005620298209000001
438.4693909	0.038294202011099995	438.9398193	0.005931606047
438.5827637	0.0178685828322	439.0535583	0.0040462172476
438.696106	0.0127734180971	439.1673279	0.00264532676049
438.8094788	0.0114187210523	439.2810974	0.002335196128
438.9228516	0.0083474734857	439.3948669	0.002061278093
439.0362244	0.0059942665684	439.5086365	0.0020645505279999997
439.1496277	0.0047472589647	439.6224365	0.0018964876069999998
439.2630005	0.0037435586565	439.7362061	0.002075513592
439.3764038	0.00337553314576	439.8500061	0.0019430029209999999
439.4898071	0.0033658515017	439.9638062	0.0016845283089999999
439.6032104	0.0034485268693	440.0776062	0.001677678898
439.7166138	0.0038921249359	440.1914062	0.0024894111556000003
439.8300171	0.004080504877100001	440.3052368	0.01760440786
439.9434509	0.0043548944233	440.4190369	0.11228436326970001
440.0568542	0.0058531852269	440.5328674	0.20056699399099998
440.1702881	0.037968434596100005	440.646698	0.1169086727479
440.2837219	0.1981444992716	440.760498	0.032755839642000004
440.3971558	0.336767871812	440.8743591	0.012492518872000001
440.5105896	0.22426643716380001	440.9881897	0.007071564209
440.624054	0.09027469897219	441.1020203	0.004709987434999999
440.7374878	0.0318049157804	441.2158813	0.0035028529820000003
440.8509521	0.01302554097894	441.3297424	0.003382819472
440.9644165	0.0082016968811	441.4436035	0.002613861812
441.0778809	0.007392225321600001	441.5574646	0.0025233866179999996
441.1913452	0.0072660064179	441.6713257	0.0026695629344000004
441.3048096	0.0066134263089	441.7851868	0.002632471965
441.4183044	0.0055199154161	441.8990784	0.0025814700638999996
441.5317688	0.0054604471665	442.0129395	0.0026402899528
441.6452637	0.0056280228887	442.1268311	0.0025974470190000005
441.7587585	0.005213581419	442.2407227	0.002668748609000001
441.8722534	0.0040318270334	442.3546143	0.0037073753769999995
441.9857483	0.0039762102532	442.4685364	0.009475983683
442.0992737	0.0038492879827	442.582428	0.010687133529
442.2127686	0.0053377330478	442.6963501	0.006234987872000001
442.3262939	0.0136052221889	442.8102722	0.0099144583463
442.4398193	0.0182529882255	442.9241638	0.11644775795800001
442.5533447	0.0110224869682	443.0380859	0.283030427776
442.6668701	0.016048289774800002	443.1520386	0.186679385367
442.780426	0.1775796612472	443.2659607	0.0566000457047
442.8939514	0.4170506708315	443.3799133	0.076804961076
443.0075073	0.3413954779657	443.4938354	0.13649843729500002
443.1210632	0.1483103629375	443.6077881	0.093395863661
443.2345886	0.1473129594184	443.7217407	0.0313577908528
443.348175	0.2328812095384	443.8356934	0.013065455215
443.461731	0.18488628527300002	443.9496765	0.006890202639
443.5752869	0.08297765834229999	444.0636292	0.004225373734000001
443.6888733	0.0352619327317	444.1776123	0.0031396774580000003
443.8024597	0.015021528030799999	444.2915649	0.0029289799129
443.9160461	0.00730604895194	444.4055481	0.0031739321126
444.0296326	0.004743902828	444.5195312	0.002351846197
444.143219	0.0041968471485	444.6335449	0.0017564764713999999
444.2568054	0.0047326821659000005	444.7475281	0.0014223577459999996
444.3704224	0.0037155249153999997	444.8615112	0.0009279150980000001
444.4840088	0.0022284319424	444.9755249	0.0010181928371999999
444.5976257	0.0018143777854	445.0895386	0.0007695006209999999
444.7112427	0.0016412726542	445.2035522	0.0012264446119999999
444.8248596	0.0016370384546000002	445.3175659	0.002057267352
444.9384766	0.0016378768195000001	445.4315796	0.0018106849782599998
445.052124	0.0022638100779	445.5456238	0.0009817087560000004
445.165741	0.0038542124672	445.6596375	0.000722063706
445.2793884	0.003631646163	445.7736816	0.0005012312909999997
445.3930359	0.0022421389874999996	445.8877258	0.0005983135194999999
445.5066833	0.0013731717477	446.00177	0.0006578941829999997
445.6203308	0.00108634919156	446.1158142	0.0006371454799999998
445.7340088	0.0008964568257999999	446.2298889	0.0007547568529999997
445.8476562	0.0010862282652	446.3439331	0.0021909638310000003
445.9613342	0.0010383064072000002	446.4580078	0.007626617909999999
446.0750122	0.00104872417074	446.5720825	0.008075607937999999
446.1886902	0.0028160788929	446.6861572	0.002972904098
446.3023682	0.0108431052261	446.8002319	0.0011899532981
446.4160461	0.0149136312239	446.9143066	0.0010530402650000001
446.5297241	0.0073352387412	447.0283813	0.000425702543
446.6434326	0.0035598518443	447.1424866	0.0006092505069999997
446.7571411	0.0017368502308	447.2565918	0.000633260235
446.8708496	0.0012802660347	447.370697	0.0006121117619999998
446.9845581	0.0010295110987	447.4848022	0.0006738896479999998
447.0982666	0.0008759880145	447.5989075	0.00021289521799999983
447.2119751	0.0009195013554000001	447.7130127	0.00094934162921
447.3257141	0.0007407715606000001	447.8271484	0.0030072520019999997
447.4394226	0.0007598887315	447.9412537	0.005194207304
447.5531616	0.0009289055013999999	448.0553894	0.0034298935792
447.6669006	0.003676972381	448.1695251	0.0010763921889
447.7806396	0.0074886162182	448.2836609	0.0009476765989999995
447.8943787	0.006159646975	448.3977966	0.0014220548330999999
448.0081482	0.0028432098329	448.5119629	0.012015427228
448.1218872	0.001619889663	448.6260986	0.030404085056
448.2356567	0.0015025561879	448.7402649	0.021201563529
448.3494263	0.0140431735453	448.8544312	0.006258051844
448.4631958	0.0420042521439	448.9685974	0.0022963492660000003
448.5769653	0.0433215508211	449.0827637	0.001402519643
448.6907654	0.0183087249441	449.1969299	0.0009391398640000003
448.8045349	0.007798482721800001	449.3111267	0.0008933278729999997
448.918335	0.0028386620104	449.425293	0.0008936491789999996
449.0321045	0.0014383710516	449.5394897	0.001741849351
449.1459045	0.0009404572192000001	449.6536865	0.0015390496699999997
449.2597046	0.0012641053181	449.7678833	0.0007922234940000005
449.3735352	0.0025221254623	449.8820801	0.0007711311339999999
449.4873352	0.0025411466486	449.9963074	0.0007535578910000001
449.6011658	0.0014344322262999998	450.1105042	0.0007105781700000001
449.7149658	0.0007368199295	450.2247314	0.0005076618400000001
449.8287964	0.0006374366348	450.3389587	0.0009119170719999996
449.942627	0.0005358127528	450.4531555	0.00083805426406
450.0564575	0.0008603481691	450.5674133	0.0006288839505
450.1703186	0.0013634241476	450.6816406	0.0007739672440000003
450.2841492	0.0010836641308	450.7958679	0.001345156226
450.3980103	0.0008906649017999999	450.9101257	0.0007445630619999999
450.5118408	0.0012255339968999998	451.0243835	0.0006880647846999999
450.6257019	0.0018752147149000001	451.1386108	0.0006268913850000003
450.739563	0.001471184350721	451.2528687	0.0006085919158
450.8534241	0.0008608081844000001	451.367157	0.002978983335
450.9673157	0.0006187512774999999	451.4814148	0.012313940561
451.0811768	0.0006819620903	451.5956726	0.01364849694
451.1950684	0.0009667321576	451.7099609	0.0048985378820000005
451.30896	0.0030332225143	451.8242493	0.0017034405610999999
451.4228516	0.0046293161211	451.9385376	0.0009827984029999997
451.5367432	0.0027999450974	452.0528259	0.000722524011
451.6506348	0.0015453955275	452.1671143	0.000779704656
451.7645264	0.0010094169556	452.2814026	0.0007047848779999999
451.8784485	0.0007573352774	452.3957214	0.00038510700699999996
451.9923706	0.0008170583314000001	452.5100098	0.0008459771052
452.1062927	0.0007708905177	452.6243286	0.0032373716237
452.2202148	0.000713528425	452.7386475	0.0036287084220000005
452.334137	0.0007897248141	452.8529663	0.0019318384590000003
452.4480591	0.0010620452813	452.9672852	0.0009338013769000001
452.5620117	0.001523766201	453.0816345	0.0008659770683000001
452.6759338	0.0011841357666300002	453.1959534	0.0007302775039999998
452.7898865	0.0008361920187999999	453.3103027	0.000657449709
452.9038391	0.0006808999751	453.4246521	0.001128660981
453.0177917	0.0006970805407	453.5390015	0.0012257522899999998
453.1317444	0.0009951471293	453.6533508	0.0011635959381
453.245697	0.0014236889549999999	453.7677002	0.0006112297999999999
453.3596802	0.002192133834	453.8820801	0.0009001765571
453.4736633	0.0018751779568999998	453.9964294	0.000909460592
453.587616	0.0013615913489000001	454.1108093	0.0011116239985
453.7015991	0.0009915202677	454.2251892	0.0011204038750000011
453.8155823	0.0010786567000000001	454.3395691	0.0008683772749999998
453.9295959	0.0013193651103999998	454.453949	0.0008151497168
454.0435791	0.0013097203195000001	454.5683594	0.0007948137350000002
454.1575928	0.0012732645845000001	454.6827393	0.0011489405299999998
454.2715759	0.00104210105927	454.7971497	0.007722793848999999
454.3855896	0.0008319267654000001	454.9115295	0.04356853026825001
454.4996033	0.0010122423701	455.0259399	0.051855761558
454.6136169	0.0047387083763	455.1403503	0.019762385753999998
454.7276611	0.043289104239	455.2547913	0.007123167628999999
454.8416748	0.08627153356709999	455.3692017	0.003252875526
454.955719	0.0589546584783	455.4836426	0.0019205335992000003
455.0697327	0.0280868376165	455.598053	0.0016875299620000006
455.1837769	0.01175161638759	455.7124939	0.0014548199249999998
455.297821	0.0046809835472	455.8269348	0.0010457271710000004
455.4118652	0.0024191719572	455.9413757	0.0009351334011
455.5259399	0.0017496062356000001	456.0558167	0.000873918645
455.6399841	0.0015424042503	456.1702881	0.0007647537568
455.7540588	0.0013158125365	456.284729	0.0009114281270000001
455.8681335	0.0012561139302	456.3992004	0.0008516337260000002
455.9822083	0.0010329823125	456.5136719	0.0007687558536000001
456.096283	0.00116204194677	456.6281433	0.0007027508689999998
456.2103577	0.0010654847715000002	456.7426147	0.001293519977
456.3244324	0.0011353557784	456.8570862	0.002000650158
456.4385376	0.0010816635336	456.9715881	0.0017913018234999999
456.5526123	0.00155686416063	457.0860596	0.0011991445644000001
456.6667175	0.00290728201034	457.2005615	0.0011764399973
456.7808228	0.0036539260035999997	457.3150635	0.0009288692379
456.894928	0.00290741645944	457.4295654	0.0010251961649999997
457.0090637	0.0020483836413	457.5440674	0.0009194696319999999
457.1231689	0.0015798973906	457.6585693	0.0009487643840000006
457.2373047	0.00138160964667	457.7731018	0.0013067005199999997
457.3514099	0.001323164732	457.8876038	0.0008899443779999999
457.4655457	0.0013336299888	458.0021362	0.0012438497499999996
457.5796814	0.0015758404042	458.1166687	0.0015354238419
457.6938171	0.0018311430757	458.2312012	0.0072844559279999985
457.8079834	0.0021188904647999997	458.3457336	0.044402083264600004
457.9221191	0.0020692389372	458.4602966	0.053979195422
458.0362854	0.0043374097437	458.5748291	0.0209788068327
458.1504211	0.040336580826700004	458.6893921	0.0074212733890000005
458.2645874	0.0901964446537	458.8039246	0.003317714203
458.3787537	0.0710076940326	458.9184875	0.002498938236
458.4929199	0.033091066292500006	459.0330505	0.0018963669430000002
458.6071167	0.015477387850399999	459.147644	0.001969791018
458.721283	0.0067153235578	459.262207	0.006031515079999999
458.8354797	0.0037242363328	459.3768005	0.048601194401
458.9496765	0.0031752372159	459.4913635	0.07840070663899999
459.0638733	0.0039733435913299996	459.605957	0.038684282448
459.1780701	0.0379238484004	459.7205505	0.012586788037
459.2922668	0.1164965427463	459.835144	0.0052695623600000005
459.4064636	0.1233068122654	459.9497375	0.0037913476119999998
459.5206909	0.05570189147385	460.0643616	0.004927246366
459.6348877	0.027170916062599998	460.1789551	0.00432533538
459.749115	0.0120051165879	460.2935791	0.0041719600559999995
459.8633423	0.00533297180689	460.4082031	0.0039891997004
459.9775696	0.0053983454857	460.5228271	0.0019951732819999996
460.0917969	0.0068023874632	460.6374512	0.0017507320740000002
460.2060547	0.0055898709402	460.7520752	0.0016353260729999996
460.320282	0.00327174020284	460.8666992	0.0016141217200000002
460.4345398	0.0022407329524	460.9813538	0.0017477144139000002
460.5487976	0.0018800731338	461.0960083	0.005634628236000001
460.6630554	0.0016435281429999999	461.2106323	0.06855488521700001
460.7773132	0.0017360097844999998	461.3252869	0.1520411738
460.891571	0.0029497093633999998	461.4399414	0.09414290706799999
461.0058289	0.0391012107126	461.5546265	0.0289603404193
461.1201172	0.1870845865224	461.669281	0.010906279782
461.2344055	0.26375996779168	461.7839661	0.0056119638034
461.3486633	0.1295408899894	461.8986206	0.0036036027600000005
461.4629517	0.06285244223204	462.0133057	0.0024426532909999996
461.57724	0.026209631103499997	462.1279907	0.0018936861309999994
461.6915588	0.0106013180877	462.2426758	0.0013371419630000005
461.8058472	0.0048973685338	462.3573914	0.0011895408974
461.920166	0.0037946165535	462.4720764	0.0011465146670000003
462.0344543	0.0029918196961	462.586792	0.0010724675380000001
462.1487732	0.0021718115455000003	462.7014771	0.0008547399189999996
462.263092	0.0017516699158	462.8161926	0.0008530830960000006
462.3774109	0.0014115701489999999	462.9309082	0.0006090858663000001
462.4917603	0.001019872318	463.0456238	0.000979672651
462.6060791	0.0010746602638	463.1603699	0.00204813492
462.7204285	0.000940780068	463.2750854	0.0022625493149
462.8347473	0.0009247307460999999	463.3898315	0.0013458100140000002
462.9490967	0.0011783489021	463.5045471	0.0007102913230000001
463.063446	0.0015931281383	463.6192932	0.0005437347863
463.1777954	0.0013255044473000001	463.7340393	0.0008414322509999999
463.2921753	0.0011610561632000001	463.8487854	0.0007258205450000001
463.4065247	0.0010413934066	463.963562	0.003383986768
463.5209045	0.0011188082863	464.0783081	0.008531743192
463.6352539	0.0009473847162999999	464.1930847	0.0070272530440000005
463.7496338	0.0018275387993	464.3078308	0.002426010091
463.8640137	0.0092753751671	464.4226074	0.0012446409090000003
463.9783936	0.0161353654977	464.537384	0.0007375692950000005
464.092804	0.009952152442599999	464.6521606	0.001096380758
464.2071838	0.0051861908871999995	464.7669678	0.0006037803830000001
464.3215942	0.0026583826981	464.8817444	0.0007810029200000005
464.4360046	0.0018541011382	464.9965515	0.0008069144089999994
464.5503845	0.0014767529207	465.1113281	0.0005732411500000006
464.6647949	0.0011650813976000001	465.2261353	0.0012938954169999998
464.7792358	0.00118981269019	465.3409424	0.0008027660659999996
464.8936462	0.0010900418565	465.4557495	0.0010373094120000002
465.0080566	0.0010287701440999998	465.5705872	0.0008042911063999999
465.1224976	0.0010337204877	465.6853943	0.0006933115946000002
465.2369385	0.0008266231306999999	465.8002319	0.0008358233610000002
465.3513794	0.0008895881473999999	465.9150391	0.0017083709829999998
465.4658203	0.0009675117365	466.0298767	0.018405197187
465.5802612	0.0008488509847	466.1447144	0.058194555571
465.6947021	0.0008961139243	466.259552	0.048284782325000004
465.8091736	0.0057067612939	466.3744202	0.015705014695
465.9236145	0.050442941134399996	466.4892578	0.005936280829
466.0380859	0.101870825799	466.604126	0.0031196773049999996
466.1525574	0.0694973676274	466.7189941	0.002098266035
466.2670288	0.0339354786274	466.8338318	0.0015418056860000001
466.3815002	0.0155195772714	466.9487	0.0011155836987
466.4959717	0.0060529826733	467.0635986	0.0010503595690000002
466.6104736	0.0028935990415	467.1784668	0.000685207313
466.7249451	0.0019234314674	467.293335	0.0009917472490000002
466.839447	0.0013658631063999999	467.4082336	0.0006870179780999999
466.953949	0.0012692488672000001	467.5231323	0.0006271237510000001
467.0684509	0.0008498358658	467.6380005	0.0007930246062999999
467.1829529	0.00077126431276	467.7528992	0.0006731570468
467.2974854	0.0006057020218	467.8678284	0.00040038791400000013
467.4119873	0.00044403687937	467.9827271	0.0004982528040000001
467.5265198	0.00045562734879999996	468.0976257	0.0005542350700000001
467.6410217	0.0005855156341	468.2125549	0.0006803380090000001
467.7555542	0.0004921461805000001	468.3274536	0.0004789736119999999
467.8700867	0.0005435587518	468.4423828	0.0007451878337
467.9846191	0.00044645310850000003	468.557312	0.00117660084645
468.0991821	0.00035308884248000003	468.6722412	0.001416114625
468.2137146	0.0006523783814	468.7872009	0.0006858007990000001
468.3282776	0.0010192938499	468.9021301	0.000582038424
468.4428406	0.0019003101041999999	469.0170898	0.0005355309690000002
468.557373	0.0019219575335999999	469.132019	0.0007723718889999999
468.671936	0.0010652862254999999	469.2469788	0.0006105568173
468.7865295	0.0008627116003300001	469.3619385	0.000504579395
468.9010925	0.0005376731569000001	469.4768982	0.0007363582260000001
469.0156555	0.00045580446018	469.5918884	0.0003492459649999998
469.130249	0.000572833771	469.7068481	0.0007794741559999999
469.2448425	0.0006895561528	469.8218079	0.0007340083830000002
469.359436	0.0005667148652	469.9367981	0.00043986417539999996
469.4740295	0.0006815166126	470.0517883	0.0005111319479999999
469.588623	0.0007231246273	470.1667786	0.0006013466040000002
469.7032166	0.0007087665144	470.2817688	0.0006305997958
469.8178101	0.0007241389831	470.396759	0.0008444334380000003
469.9324341	0.0008783012454	470.5117798	0.0026920346424
470.0470581	0.0010363040494000002	470.62677	0.005043923858
470.1616821	0.0009996920854	470.7417908	0.0034350770001000002
470.2763062	0.0010669794281000001	470.8568115	0.0014337071919
470.3909302	0.00204743520213	470.9718323	0.0009025646140000002
470.5055542	0.0028299209227999997	471.086853	0.0007436836609999997
470.6201782	0.0026037108041	471.2018738	0.0009107520744999999
470.7348328	0.0020109832114	471.3168945	0.000912806252
470.8494873	0.0017648100915	471.4319458	0.0010030530389999997
470.9641418	0.0017472387554	471.5469666	0.0011577717960000004
471.0787964	0.0016850654506	471.6620178	0.0010837419795899999
471.1934509	0.0020167436162	471.7770691	0.0009434297680000004
471.3081055	0.0027894832748	471.8921204	0.0010282529979999998
471.42276	0.00262100565988	472.0071716	0.001130411401
471.5374451	0.0026547841627399997	472.1222534	0.0011414636389999997
471.6521301	0.0024467059409999997	472.2373047	0.0008929705950000001
471.7667847	0.0022585463919100003	472.3523865	0.00108866999
471.8814697	0.0020520183896000003	472.4674377	0.0017255296555
471.9961548	0.0021587600348	472.5825195	0.0020991542850000004
472.1108704	0.0019746268804	472.6976013	0.0018943993931999999
472.2255554	0.0023712350229000002	472.8127136	0.0021219840279999994
472.340271	0.0036429326285	472.9277954	0.015076890471299998
472.4549561	0.004879516447399999	473.0428772	0.0577982565185
472.5696716	0.004117531090699999	473.1579895	0.0549092023319
472.6843872	0.0050350337988	473.2731018	0.020075515848000002
472.7991028	0.0367073636323	473.3881836	0.0081717864378
472.9138184	0.10024326866769999	473.5032959	0.00572668179
473.0285645	0.0979744196044	473.6184387	0.005850008922
473.14328	0.0471909148044	473.733551	0.006234941538
473.2580261	0.026189619845199998	473.8486633	0.052964201662
473.3727722	0.014935470189	473.9638062	0.164636506557
473.4875183	0.0112531579525	474.078949	0.13348249583299998
473.6022644	0.0143794769786	474.1940613	0.044990730007999996
473.7170105	0.12492914171099999	474.3092041	0.017069571882000003
473.8317566	0.31357122898629997	474.4243469	0.0081540348179
473.9465332	0.2729115436961	474.5395203	0.004708999768
474.0612793	0.1315722234864	474.6546631	0.0037450632080000008
474.1760559	0.0689822265713	474.7698364	0.0028074744630000002
474.2908325	0.030237702642400003	474.8849792	0.0023747032980000003
474.4056091	0.0130979330248	475.0001526	0.001646439836
474.5203857	0.0069753576534000005	475.1153259	0.0015497092390000002
474.6351624	0.0050385984361	475.2304993	0.0016768443162799998
474.7499695	0.0041981191021000005	475.3456726	0.001231087604
474.8647461	0.0033191797267	475.4608765	0.0011090121700000001
474.9795532	0.0029793928116999997	475.5760498	0.0011217533610000004
475.0943604	0.0020853411696	475.6912537	0.0013965684919999997
475.2091675	0.0020369467967	475.8064575	0.00140591343002
475.3239746	0.00218608928475	475.9216614	0.0010259520420499999
475.4388123	0.00211934855951	476.0368652	0.0013278503901
475.5536194	0.0019944113012	476.1520691	0.0010924563977
475.668457	0.0020273823757	476.2672729	0.00061897259734
475.7832642	0.0018099518782	476.3824768	0.0011064428829999995
475.8981018	0.0015980109309	476.4977112	0.0009422042933
476.0129395	0.0015371176708	476.6129456	0.001513596624
476.1277771	0.00135651764851	476.7281799	0.015254742926999998
476.2426147	0.0012540070166	476.8434143	0.06778261252000001
476.3574829	0.0014744003999	476.9586487	0.07010790309699999
476.4723206	0.0025442160838	477.0738831	0.026771527949
476.5871887	0.0301783342752	477.1891479	0.010027188577
476.7020569	0.10755472873529999	477.3043823	0.00485658197798
476.816925	0.1280398398022	477.4196472	0.00314681686552
476.9317932	0.0629816859442	477.5349121	0.0022954232989999997
477.0466614	0.0342187630547	477.650177	0.0018520892484
477.1615295	0.0167553529882	477.7654419	0.001320851035
477.2764282	0.0073259064814	477.8807068	0.0010766399205999998
477.3912964	0.00437628229309	477.9959717	0.0010479254998999998
477.5061951	0.0031684185376	478.1112671	0.00117674145813
477.6210938	0.0029563085407	478.226532	0.0008984902376000001
477.7359924	0.00277724032636	478.3418274	0.0010062854270000005
477.8508911	0.0024958713617	478.4571228	0.0010455560400000003
477.9658203	0.0027770941234	478.5724182	0.0007844509674
478.080719	0.0028596689806	478.6877136	0.0008907628949999999
478.1956482	0.00327856624775	478.8030396	0.0010446684904999999
478.3105469	0.0036199326859699997	478.918335	0.0010503919907000002
478.4254761	0.0037719437096	479.0336609	0.001081604627
478.5404053	0.0035473858592999998	479.1489563	0.00089498132
478.6553345	0.0036510415521	479.2642822	0.0012053214010000002
478.7702942	0.0036024024303999997	479.3796082	0.0013330439109999993
478.8852234	0.0035719688673	479.4949341	0.0013558429200000001
479.0001831	0.0035892980811999997	479.6102905	0.001861656084
479.1151123	0.0033673579455	479.7256165	0.0015890605279999998
479.230072	0.0032083337577	479.8409729	0.0020686434579999993
479.3450317	0.0048100829301	479.9562988	0.0020412643785
479.4599915	0.0067651042481	480.0716553	0.002238373272
479.5749512	0.00805796963712	480.1870117	0.0026338741886
479.6899414	0.0066060986432	480.3023682	0.002932080067
479.8049011	0.0058246339321999996	480.4177246	0.0029138660749999995
479.9198914	0.0055423430456	480.5331116	0.002962029423
480.0348816	0.005218865691930001	480.648468	0.0034219962550000003
480.1498413	0.0041388290991	480.763855	0.010136687779
480.2648621	0.0037217042552999996	480.8792419	0.139096545273
480.3798523	0.0037959734330000002	480.9946289	0.435458940914
480.4948425	0.0047117407371	481.1100159	0.35256231174770003
480.6098328	0.0148237666625	481.2254028	0.121787811653
480.7248535	0.2291634474681	481.3407898	0.0459975926239
480.8398743	0.7237293213367001	481.4562073	0.02145923674
480.954895	0.762394632333	481.5715942	0.012816146952
481.0699158	0.3689668436877	481.6870117	0.009013030216000001
481.1849365	0.20313439913460002	481.8024292	0.006535065359999999
481.2999573	0.0979552413351	481.9178467	0.00433445198
481.414978	0.0426978383876	482.0332642	0.0034554972666
481.5300293	0.0204794859173	482.1486816	0.002961462829
481.6450806	0.0125646034962	482.2640991	0.00254754692989
481.7601013	0.0098646638043	482.3795471	0.002137434203
481.8751526	0.0080470211397	482.4949951	0.001989467535
481.9902039	0.0060600187278	482.6104126	0.0018780526592
482.1052856	0.0045892602643	482.7258606	0.0018702519007000001
482.2203369	0.0034914327993000004	482.8413086	0.001554415387
482.3353882	0.0027987357171	482.9567871	0.001670541126
482.45047	0.0026206805779999997	483.0722351	0.001415316947
482.5655518	0.0023718504092000003	483.1876831	0.0011277394369999996
482.6806335	0.002353326941	483.3031616	0.0010381235191
482.7957153	0.0021910160722	483.4186401	0.000870119315
482.9107971	0.0020067782608	483.5341187	0.0008962505967
483.0258789	0.0019060198828800001	483.6495972	0.0010620565150000001
483.1409912	0.0018735738994999998	483.7650757	0.001243101782
483.256073	0.00183495992267	483.8805542	0.001046295743
483.3711853	0.0016358910654	483.9960327	0.0010980219819999998
483.4862976	0.0018265009277	484.1115417	0.00132352463
483.6014099	0.0020155935196999996	484.2270203	0.0013953273156200002
483.7165222	0.0022239224349	484.3425293	0.001415668871
483.8316345	0.0024749760339999997	484.4580383	0.0011751271226999999
483.9467468	0.0021445915914	484.5735474	0.0010326351916
484.0618896	0.0021176669977	484.6890564	0.0014206612250000001
484.177002	0.0021085413751	484.8045959	0.0014241633469999995
484.2921448	0.0018360963727999998	484.920105	0.0019634075000000005
484.4072876	0.00169025976022	485.0356445	0.017337090218999998
484.5224304	0.0016130381558999997	485.1511841	0.087439360329
484.6375732	0.0019126605334999999	485.2666931	0.097659677038
484.7527161	0.002427761123	485.3822327	0.040182042872
484.8678894	0.021156254224	485.4978027	0.014891004654
484.9830322	0.1172634388446	485.6133423	0.006627057679000001
485.0982056	0.1913669051718	485.7288818	0.0041212765500000005
485.2133789	0.1106196326236	485.8444519	0.0029432089070000004
485.3285522	0.0610783289283	485.9599915	0.002473773901
485.4437256	0.0324048225591	486.0755615	0.0021422439026000002
485.5588989	0.015685808046350003	486.1911316	0.0015304307450000002
485.6741028	0.00819262953004	486.3067017	0.0013492121359999993
485.7892761	0.0057020752865	486.4222717	0.0030205568768
485.90448	0.0048077918476	486.5378723	0.007036168594000001
486.0196838	0.0041458394257	486.6534424	0.0058479176372
486.1348572	0.00366328066551	486.769043	0.0029519677626999997
486.250061	0.0037662048122	486.884613	0.0028814207759999995
486.3652954	0.0043931022806	487.0002136	0.0048886201116
486.4804993	0.004454210353570001	487.1158142	0.004233913495
486.5957031	0.003611606546	487.2314148	0.0027241862839999997
486.7109375	0.004486853679	487.3470154	0.0024141644536000003
486.8261719	0.008874648891	487.4626465	0.0021308001017
486.9413757	0.011364499287850001	487.5782471	0.0023766312517
487.0566101	0.0086490320976	487.6938782	0.002266061725
487.1718445	0.0063395945178	487.8095093	0.002653061412
487.2871094	0.005077099223400001	487.9251404	0.0031198472937000003
487.4023438	0.004583922622	488.0407715	0.003976257053000001
487.5175781	0.0037569575798	488.1564026	0.007718200332
487.632843	0.0030918357512	488.2720337	0.0852420901115
487.7481079	0.0028540100610000003	488.3876953	0.309318324123
487.8633728	0.0033748995486999997	488.5033264	0.279645453441
487.9786377	0.006251476035900001	488.618988	0.10597723232499999
488.0939026	0.0834064037662	488.7346497	0.041063621643
488.2091675	0.3932580121367	488.8503113	0.019232655759
488.3244629	0.5706641035816999	488.9659729	0.011292996116
488.4397278	0.3099839976256	489.0816345	0.007974572479
488.5550232	0.173429792361711	489.1972961	0.0106276125154
488.6703186	0.0912269188273	489.3129883	0.017281374424
488.785614	0.0419786033122	489.4286499	0.0140266577987
488.9009094	0.0191499991213	489.544342	0.006524591237
489.0162048	0.0141870653407	489.6600342	0.004342246800999999
489.1315002	0.024319647813	489.7757263	0.0028365426729999995
489.2468262	0.029855720755	489.8914185	0.0026655632686
489.3621216	0.010799392388	490.0071106	0.0019340390577
489.4774475	0.006321566063179999	490.1228333	0.001451395554
489.5927734	0.0036974548124	490.2385254	0.0015037957787
489.7080994	0.0025104232483999997	490.354248	0.0015639774499999985
489.8234253	0.0019525768003999999	490.4699707	0.0013316133989999999
489.9387512	0.0016642411062	490.5856934	0.0014589624479999994
490.0540771	0.0015468914936	490.701416	0.004996934846999999
490.1694336	0.0013622988774	490.8171387	0.008240270429
490.28479	0.0012274479960700001	490.9328613	0.004915056517
490.400116	0.0012765076533000001	491.048584	0.0024451047352999997
490.5154724	0.0052487413776	491.1643372	0.0013559939976999999
490.6308289	0.0129721481106	491.2800903	0.0012709444860000002
490.7461853	0.0125313313447	491.3958435	0.0008693691349999999
490.8615723	0.0067580544851	491.5115662	0.0010346369820000006
490.9769287	0.0043879589646999995	491.6273499	0.0010411212574
491.0923157	0.0026213762466999998	491.743103	0.0006941115710000002
491.2076721	0.0019827485954	491.8588562	0.0007638751995000001
491.3230591	0.0013334539249	491.9746399	0.0008880386305000001
491.438446	0.0011669607921	492.0903931	0.0009465556945
491.553833	0.0011458429797	492.2061768	0.0008590169020000001
491.66922	0.00110414104311	492.3219604	0.0008153255039000001
491.7846375	0.0010348496143	492.4377441	0.0007014493312000001
491.9000244	0.0008275931469	492.5535278	0.0005673547280000005
492.0154419	0.0010185037097	492.6693115	0.0008586059121
492.1308594	0.0010429076938000001	492.7850952	0.0007738107816
492.2462463	0.00125534524	492.9009094	0.000934951706
492.3616638	0.00120884101851	493.0167236	0.00073962647
492.4771118	0.0010358849831	493.1325073	0.0009240200739999999
492.5925293	0.0010394540222	493.2483215	0.00094228804657
492.7079468	0.0011097610546000002	493.3641357	0.0013552459429999998
492.8233948	0.0009949815576	493.47995	0.007704436081
492.9388123	0.00075244320758	493.5957947	0.0393121038844
493.0542603	0.0009249599443200001	493.7116089	0.04417917715
493.1697083	0.0010483599618000001	493.8274536	0.019238743583999997
493.2851562	0.00547808914448	493.9432678	0.0076019350094000005
493.4006042	0.0432316575903	494.0591125	0.004097153548999999
493.5160522	0.0887636514182	494.1749573	0.0021113334226
493.6315308	0.0643188350708	494.290802	0.0016140542718
493.7469788	0.0332699172407	494.4066467	0.001362260897
493.8624573	0.019813190707	494.522522	0.0009676653429999999
493.9779358	0.0100407900461	494.6383667	0.0012682345700000004
494.0934143	0.004648742906	494.7542419	0.001008284394
494.2088928	0.0027261768261999998	494.8700867	0.0009333319030000002
494.3243713	0.0017960471445999998	494.9859619	0.0008839776855
494.4398499	0.0021039329726	495.1018372	0.000944620697
494.5553589	0.0019342268646000001	495.2177124	0.0008139770949999999
494.6708374	0.0015542711767999999	495.3335876	0.0007363069456
494.7863464	0.0012035238904	495.4494934	0.0007243955037
494.9018555	0.0010622960981	495.5653687	0.0008271397095
495.0173645	0.0010184758863	495.6812744	0.0006363515279999999
495.1328735	0.0010158685109	495.7971497	0.0010063354860000004
495.2483826	0.00100101242951	495.9130554	0.0009358243549999999
495.3638916	0.0011533166398	496.0289612	0.000956606004
495.4794312	0.0011340901841999998	496.1448669	0.0009930748500000001
495.5949402	0.00132051225997	496.2607727	0.0005492470229999996
495.7104797	0.0013767456983	496.376709	0.0009073663970000003
495.8260193	0.0012126644721	496.4926147	0.0010748184280000004
495.9415588	0.0010810666722	496.608551	0.0019438306329999998
496.0570984	0.0009574069118	496.7244873	0.01947685424
496.1726379	0.0010791765233	496.8403931	0.047940883781999996
496.288208	0.0008670710667	496.9563293	0.0345798428506
496.4037476	0.0013285273163	497.0722961	0.013624001990999998
496.5193176	0.0123670116834	497.1882324	0.005987560376
496.6348877	0.056100726394399995	497.3041687	0.0033048077016
496.7504272	0.0814416704925	497.4201355	0.005978625035000001
496.8659973	0.0457672449573	497.5360718	0.0144348538
496.9815979	0.026205538745300003	497.6520386	0.011968071108
497.097168	0.0146689026716	497.7680054	0.005176952342
497.212738	0.00950843104151	497.8839722	0.0022297527180000004
497.3283386	0.0174190186471	497.999939	0.0015891480365800002
497.4439087	0.0254107245969	498.1159058	0.001227576402
497.5595093	0.015698633418	498.2319031	0.0012280121450000004
497.6751099	0.00910805883729	498.3478699	0.0010803420303
497.7907104	0.0052926226196	498.4638672	0.0009300208180000004
497.906311	0.0030837327063999997	498.5798645	0.0007854258880000001
498.0219116	0.0018419185653	498.6958313	0.0006922935139999998
498.1375427	0.00116098125	498.8118286	0.0007156051579000001
498.2531433	0.0008985855384000001	498.9278564	0.0004673375518000001
498.3687744	0.000930840135	499.0438538	0.0008184310280000002
498.4844055	0.0009160075859	499.1598511	0.0006578583269999999
498.6000366	0.0010165966523	499.2758789	0.0006832460059
498.7156677	0.0008536555103000001	499.3918762	0.0008831717423
498.8312988	0.0009424958261999999	499.5079041	0.0007189940659999999
498.9469299	0.000888682029	499.6239319	0.0007243611621000001
499.0625916	0.00101791884663	499.7399597	0.0007829563699999998
499.1782227	0.000939106831	499.8559875	0.0008027476144
499.2938843	0.0010891891288000001	499.9720459	0.0008469002780000002
499.4095459	0.0009737620418000001	500.0880737	0.0007166077850000001
499.5252075	0.0008539914415	500.2041016	0.000842647162
499.6408691	0.00107260297226	500.3201599	0.0008074993531
499.7565308	0.0011119646369	500.4362183	0.001180799095
499.8721924	0.0014735890724	500.5522766	0.0007125162510000001
499.987854	0.0016636194628	500.668335	0.0009914273396
500.1035461	0.001602403048	500.7843933	0.0009565468643999999
500.2192383	0.0013531930744999998	500.9004517	0.0010959059582
500.3348999	0.0015166307855	501.0165405	0.002077277692
500.450592	0.00138065863811	501.1325989	0.021626010541
500.5662842	0.0013525206154	501.2486877	0.08323368693260001
500.6820068	0.00121145831513	501.3647766	0.079324202841
500.797699	0.0015937262801999999	501.480835	0.033572993650100004
500.9133911	0.0096439301853	501.5969238	0.013383697603
501.0291138	0.0785076838814	501.7130432	0.0067718235079999994
501.1448364	0.16686440570547	501.8291321	0.004287942312
501.2605286	0.12483521091989999	501.9452209	0.014079369143700001
501.3762512	0.0680896193375	502.0613403	0.032326871528
501.4919739	0.0399752174872	502.1774292	0.0244992380583
501.6077271	0.02132655462	502.2935486	0.010349901626
501.7234497	0.01541702483778	502.409668	0.0045247874808
501.8391724	0.037703377870615	502.5257874	0.0024376781659999998
501.9549255	0.059007399248800003	502.6419067	0.0017733693824999999
502.0706787	0.0379100699785	502.7580566	0.0014260257888
502.1864014	0.021874881117699998	502.874176	0.001157742925
502.3021545	0.0127740931037	502.9902954	0.0011435728519999999
502.4179077	0.0070004576994999995	503.1064453	0.0012407852340000003
502.5336609	0.00362456303223	503.2225952	0.00083626624833
502.6494446	0.0021948995999	503.3387451	0.0009316790380000002
502.7651978	0.0014004520199999999	503.454895	0.000771591673
502.8809814	0.0012017312984	503.5710449	0.00100670394
502.9967346	0.0010628446035	503.6871948	0.0007778602879999999
503.1125183	0.0007646472074000001	503.8033752	0.00092684006814
503.228302	0.0008539353875599999	503.9195251	0.000682056183
503.3440857	0.0006626996765	504.0357056	0.0008741277269999998
503.4598694	0.000715928385	504.1518555	0.0004813270549866
503.5756836	0.0006966925284	504.2680359	0.0005834521872
503.6914673	0.00057901641046	504.3842163	0.0006845959
503.8072815	0.0006884878673999999	504.5003967	0.0006725681598999999
503.9230652	0.0008240952738	504.6166077	0.0008875429629999999
504.0388794	0.00059473687363	504.7327881	0.00040960335200000003
504.1546936	0.000756362002	504.848999	0.000904564513
504.2705078	0.0007318446732999999	504.9651794	0.0007743309259999999
504.386322	0.0007683884251	505.0813904	0.0008569627530000002
504.5021667	0.0006991507252999999	505.1976013	0.0013390247479
504.617981	0.000799248548	505.3138123	0.0013245217998
504.7337952	0.0007699494596	505.4300232	0.0009529420640000002
504.8496399	0.0007097208	505.5462341	0.000940046972
504.9654846	0.0008465337446999999	505.6624451	0.0012947626820000002
505.0813293	0.0009298400546	505.7786865	0.0015542915789999998
505.1971741	0.0012732253377000001	505.894928	0.0014825535114000002
505.3130188	0.0013205716099	506.0111389	0.0013636280780000005
505.4288635	0.0012930337691000001	506.1273804	0.0012453366079999998
505.5447388	0.0012599948386000002	506.2436218	0.0015074474504000001
505.6605835	0.0013642716552	506.3598633	0.005822625244
505.7764587	0.00107788416789	506.4761047	0.043239285239999994
505.892334	0.0009330619070000001	506.5923767	0.07420457480499999
506.0081787	0.0009283917607	506.7086182	0.04308283376
506.124054	0.0016306427134999998	506.8248901	0.018119930755
506.2399597	0.0225743710757	506.9411316	0.008061578032
506.355835	0.10137469327700001	507.0574036	0.003829239635
506.4717102	0.14626970855957	507.1736755	0.0027782356189
506.587616	0.08335651311634	507.2899475	0.0020697251900000002
506.7034912	0.0493050151527	507.4062195	0.001982827903
506.819397	0.0286186193094	507.522522	0.0017605740863000001
506.9353027	0.0149041254495	507.6387939	0.001571552362
507.0512085	0.0071241882981	507.7550964	0.0014530062904
507.1671143	0.003969084358669999	507.8713684	0.0013483799989999997
507.28302	0.0024453117219	507.9876709	0.0012310808530000003
507.3989563	0.0019618494557	508.1039734	0.001143576112
507.5148621	0.0017966425216000002	508.2202759	0.0011880089299999997
507.6307983	0.0014676433344000001	508.3365784	0.001124382688
507.7467346	0.0011116306410000002	508.4529114	0.0011367872359999997
507.8626404	0.00086120430205	508.5692139	0.0009117685249999999
507.9785767	0.0007554877957	508.6855469	0.0009172605349999996
508.0945129	0.00072543193527	508.8018494	0.0010099924835000002
508.2104797	0.0006095804565	508.9181824	0.0008009188455000001
508.326416	0.0005097128014	509.0345154	0.0011381867810000001
508.4423523	0.00043568163519999996	509.1508484	0.0009936764692
508.5583191	0.0005626778438999999	509.2671814	0.0012248803687
508.6742859	0.000533739134	509.3835144	0.0015951078390000002
508.7902527	0.00048068963222	509.4998779	0.0015468822098000001
508.9062195	0.0003903773905	509.6162109	0.0009586995000000005
509.0221863	0.00046627004852999997	509.7325745	0.0009531870019999999
509.1381531	0.0009420455314	509.848938	0.0006851753441600001
509.2541199	0.0021372997143999997	509.965271	0.0006293496120000001
509.3700867	0.0019711903589	510.0816345	0.0006423297743999999
509.486084	0.0012668748677	510.197998	0.000950223767
509.6020813	0.0008740246116999998	510.3143921	0.0007757687705
509.7180786	0.0006327607552	510.4307556	0.00071808463
509.8340454	0.0005356787295999999	510.5471497	0.0005226526409999998
509.9500427	0.00048224769128000003	510.6635132	0.000515626744
510.0660706	0.00039670473779999997	510.7799072	0.00070947031783
510.1820679	0.0004955008626	510.8963013	0.0006827990290000001
510.2980652	0.0003278283693	511.0126953	0.0007566619606
510.414093	0.00027488486556	511.1290894	0.0005936333910000003
510.5300903	0.00029410581919999995	511.2454834	0.0007046982064000001
510.6461182	0.0003071083119	511.3618774	0.0008235563870000001
510.762146	0.00019083713409999995	511.478302	0.0006453399550000001
510.8781738	0.00027617380689	511.594696	0.000559965847
510.9942017	0.0003160654451000001	511.7111206	0.0006739059469999999
511.1102295	0.00023994926231	511.8275452	0.0008292177227000001
511.2262878	8.786338730000005e-05	511.9439392	0.0006582518109999992
511.3423157	0.00031607363784	512.0603638	0.0006133657879999997
511.458374	0.00027622160269999993	512.1768188	0.0008151731449999996
511.5744324	0.00033372411237	512.2932129	0.0009024072209999998
511.6904602	0.0002641602769	512.409668	0.0006526735380000001
511.8065186	0.00035631743046	512.526123	0.0006545238430000001
511.9225769	0.00043714415007000003	512.6425781	0.0006846650510000003
512.0386353	0.00048316222453999996	512.7590332	0.0005088462349
512.1547241	0.0005311740824	512.8754272	0.0008332943549999999
512.270813	0.000431904933	512.9918823	0.0009091729290000004
512.3868408	0.00034694590432999997	513.1083374	0.0010400127503
512.5029297	0.0005715028673	513.2248535	0.0009197118919999998
512.6190186	0.0006276889326	513.3413086	0.000658435631
512.7351074	0.0010557668865	513.4577637	0.0005232944388
512.8511963	0.0012967434014	513.5742188	0.00045929104099999996
512.9672852	0.0010491669818	513.6907349	0.0007492725280000001
513.083374	0.0007605083447	513.8071899	0.0005150265059999997
513.1995239	0.0007523508029	513.923645	0.0009476531415
513.3156128	0.0006627425609999999	514.0401611	0.0005552778605
513.4317017	0.0006869426579	514.1566772	0.0007139263908
513.5478516	0.0006959243037	514.2731323	0.0010282595170000002
513.6639404	0.0008188179053	514.3896484	0.0032522332620000005
513.7800903	0.0007803771514	514.5061646	0.014873046426999999
513.8961792	0.0006724231935	514.6226807	0.016828718242999998
514.0123291	0.0007422509083000001	514.7391357	0.013133350989
514.128418	0.0010436731973	514.8556519	0.032185065097
514.2445679	0.0067055669202	514.972168	0.037011616399
514.3607178	0.0248900878257	515.0886841	0.018806172535
514.4768677	0.033132691924	515.2052612	0.008554480275
514.5930176	0.029954346424399998	515.3217773	0.004200022202
514.7091675	0.060607212919300005	515.4382935	0.0035768742669999992
514.8253174	0.07548533747109999	515.5548096	0.0031974855662
514.9414673	0.043488310123300004	515.6713867	0.0023695789279999995
515.0576172	0.0257656219067	515.7879028	0.0016445912180000001
515.1737671	0.0146951312452	515.9044189	0.0011412170719999996
515.289917	0.008734036498899998	516.0209961	0.000978147495
515.4061279	0.0048458147215	516.1375732	0.0007430266120000001
515.5222778	0.0028453570558	516.2540894	0.0007644798609999998
515.6384888	0.0018262182713	516.3706665	0.0009109158999999999
515.7546387	0.0013714382948	516.4872437	0.0020032050090000005
515.8708496	0.0011616891715	516.6037598	0.005175506405
515.9869995	0.0008205704217	516.7203369	0.004363152664
516.1032104	0.00075573915097	516.8369141	0.0026492718610000004
516.2194214	0.000690551904	516.9534912	0.0015406336170000002
516.3355713	0.0010756665137	517.0700684	0.0012739890228
516.4517822	0.0018278481434	517.1866455	0.0009522456680000008
516.5679932	0.0018529295053	517.3032837	0.000753631859
516.6842041	0.0018869478084	517.4198608	0.000573697035
516.800415	0.002359431121	517.536438	0.0005368758866
516.916626	0.0020381997453	517.6530762	0.0006172377610000001
517.0328369	0.0013198592639	517.7696533	0.0007408254023
517.1491089	0.0009373234498000001	517.8862305	0.001089779194
517.2653198	0.0007143990041700001	518.0028687	0.002337083569
517.3815308	0.00053322666279	518.1194458	0.0021653082219999994
517.4978027	0.0002745413658	518.236084	0.0013617261429
517.6140137	0.00030416820659999997	518.3527222	0.0009347458840000002
517.7302856	0.0013753959506000002	518.4693604	0.0006238329220000002
517.8464966	0.0033430868494200004	518.5859375	0.0006773810022
517.9627686	0.0033075064709	518.7025757	0.0006641480140000006
518.0789795	0.0019696613012	518.8192139	0.0003836604309999999
518.1952515	0.001316899346	518.9358521	0.000693410984
518.3115234	0.0007963851385	519.0524902	0.0027868843170000004
518.4277954	0.0005819106009	519.1691284	0.0065217137163
518.5440674	0.00035948734512	519.2858276	0.0051222205508999995
518.6603394	0.0003897637362	519.4024658	0.002582839108
518.7766113	0.0003932680265	519.519104	0.0014585641910000002
518.8928833	0.0010484837404999999	519.6357422	0.0010276343670000002
519.0091553	0.001893489272	519.7524414	0.0007987879802999999
519.1254272	0.0011829939031	519.8690796	0.0005456733049999999
519.2416992	0.0007525974068	519.9857788	0.0004556332710000002
519.3580322	0.0007273017254	520.102417	0.00035886338400000005
519.4743042	0.0005038230156000001	520.2191162	0.0003260709350000005
519.5906372	0.00034696624606	520.3358154	0.00044053466999999973
519.7069092	0.0003365894954	520.4524536	0.00028677703800000006
519.8232422	0.00017481829859999998	520.5691528	0.0004900665949999997
519.9395142	0.00029244771569999996	520.6858521	0.0004895548329999994
520.0558472	0.00028857915461	520.8025513	0.0005666349897
520.1721802	0.0001574763446	520.9192505	0.00027027237200000004
520.2884521	7.307039959e-05	521.0359497	0.000423401361
520.4047852	0.0002050947733	521.1526489	0.00031123962199999973
520.5211182	0.00024105678311000001	521.2693481	0.0006472970418999999
520.6374512	0.00017727336669999996	521.3860474	0.0005815126929999996
520.7537842	0.00016017880990000006	521.5028076	0.000760742114
520.8701172	0.000207286299	521.6195068	0.00070612361925
520.9864502	0.00016105748366	521.7362061	0.0004889986884999999
521.1027832	0.00026034303300000004	521.8529663	0.00051660900043
521.2191772	8.005533894e-05	521.9696655	0.0006547831872
521.3355103	0.0002264315553	522.0864258	0.0007604670250000002
521.4518433	0.00034561983198	522.203125	0.0005079705729999998
521.5682373	0.00025187573919999997	522.3198853	0.0018091155219999997
521.6845703	0.0004943944368	522.4366455	0.002661287785
521.8009644	0.0007010975095999999	522.5534058	0.001964519033
521.9172974	0.0007005978258999999	522.670105	0.0009110064710000001
522.0336914	0.0006447714987	522.7868652	0.0006031026139999996
522.1500854	0.0006153807335	522.9036255	0.0006001918082
522.2664185	0.0009527236687	523.0203857	0.000648205168
522.3828125	0.0009984277713	523.137146	0.0004522957600000001
522.4992065	0.0006071583630000001	523.2539062	0.0004462229559999999
522.6156006	0.0004873132129	523.3707275	0.0006280454109999999
522.7319946	0.0003141385387	523.4874878	0.000482939417
522.8483887	0.00010709505299999998	523.604248	0.00044443350640000005
522.9647827	0.00019067423999999996	523.7210083	0.00041077705099999955
523.0811768	0.000215080321116	523.8378296	0.0005930633055
523.1976318	0.00017826748079999993	523.9545898	0.00046264378031
523.3140259	0.000276219937416	524.0714111	0.0003130589609999998
523.4304199	0.00026397523469999995	524.1881714	0.000463148113
523.546875	0.00019097418951	524.3049927	0.0002699387260000001
523.663269	0.00027096600390000004	524.421814	0.000710886205
523.7797241	0.00031851480163	524.5385742	0.0006291933819999999
523.8961182	0.0002896734512999999	524.6553955	0.0003655476903
524.0125732	0.00018004806770000002	524.7722168	0.0004373685224
524.1289673	0.00030584563509999994	524.8890381	0.000503451214
524.2454224	0.00043869329240000003	525.0058594	0.0004377420989999997
524.3618774	0.00028272651250000003	525.1226807	0.0007795020929999997
524.4783325	0.00014731110424	525.239502	0.000450088642
524.5947876	0.0001871028799	525.3563232	0.000548994634
524.7112427	0.0005418132787000001	525.4731445	0.000850350363
524.8276978	0.00041397822499999993	525.5900269	0.0015739810774
524.9441528	0.000380914571	525.7068481	0.001541742357
525.0606079	0.0004487711704	525.8236694	0.0012121926990000002
525.177063	0.00042353130989999997	525.9405518	0.0008224281479999995
525.2935181	0.0005261786137000001	526.057373	0.0005655104760000002
525.4100342	0.0006403067819	526.1742554	0.0005179119759999998
525.5264893	0.0005698673776	526.2910767	0.0006283323739999999
525.6429443	0.00052829211924	526.407959	0.0005331688153299999
525.7594604	0.00030823636909999995	526.5248413	0.0006489572109999999
525.8759155	0.00038505101474000004	526.6417236	0.0003350325860000001
525.9924316	0.00030675064770000003	526.7585449	0.000674131661
526.1089478	0.00023960087855000003	526.8754272	0.00048479752129999994
526.2254028	0.00010335924159999999	526.9923096	0.0006366805169999998
526.3419189	0.00027506248440000005	527.1091919	0.0007752347737
526.4584351	0.00018265025569999999	527.2260742	0.0003958537709999998
526.5749512	0.00041032331497	527.3429565	0.0004783916525
526.6914673	0.00047608086609999997	527.4598389	0.000612084405
526.8079834	0.0004432677961	527.5767822	0.00043643295060000003
526.9244995	0.0006366385493999999	527.6936646	0.000339576509
527.0410156	0.0005703089264	527.8105469	0.00045103190498
527.1575317	0.00047591776849999993	527.9274902	0.00020977837300000012
527.2740479	0.00024948788264	528.0443726	0.0004689942580000002
527.390564	0.00026978168180000005	528.1613159	0.00023482367300000154
527.5071411	0.00028806437330000005	528.2781982	0.0011972640058000002
527.6236572	0.0002258803288	528.3951416	0.000640472862
527.7401733	0.00021642621869999998	528.5120239	0.0006467015479999999
527.8567505	0.00037995009644	528.6289673	0.0007225317459000001
527.9732666	0.00031868570836	528.7459106	0.0005116670504
528.0898438	0.0003024139732	528.862854	0.0011856239289999996
528.2064209	0.00048647323279999994	528.9797974	0.0026913148759999997
528.322937	0.0007325264596	529.0966797	0.002503604395
528.4395142	0.0006386652676	529.213623	0.001437945757
528.5560913	0.0005517202079999999	529.3306274	0.0010741010780000002
528.6726685	0.0013346298075	529.4475708	0.0005507553000000005
528.7892456	0.0043073121413	529.5645142	0.0007994238695000001
528.9058228	0.005639273077099999	529.6814575	0.00016501685600000008
529.0223999	0.003464911104	529.7984009	0.0003960954489999999
529.1389771	0.0022286832387	529.9154053	0.0006871962251
529.2555542	0.0013016372689000002	530.0323486	0.0005753710859999995
529.3721313	0.0009323349659000001	530.149292	0.0004537282509999999
529.4887085	0.0005652542459	530.2662964	0.0005602693419999999
529.6053467	0.0004807864025	530.3832397	0.0005739482585
529.7219238	0.00019483341020000005	530.5002441	0.00039178808219999996
529.838562	0.0004304487811	530.6172485	0.0004726779880000001
529.9551392	0.0003995923325	530.7341919	0.00046928366599999997
530.0717773	0.00038114465129999997	530.8511963	0.0006124268989000001
530.1883545	0.0004282303998	530.9682007	0.0007036786989999999
530.3049927	0.00031452765687	531.0852051	0.0006091012620000006
530.4216309	0.00033002728019999997	531.2022095	0.0006769089960000007
530.538208	0.00011311075649999999	531.3192139	0.0007264907470000003
530.6548462	0.00041496107590000003	531.4362183	0.0008557094260000001
530.7714844	0.0006312575424	531.5532227	0.000705605373
530.8881226	0.0004536198394	531.6702271	0.0005236305289999998
531.0047607	0.0004384844651	531.7872314	0.0005232938559999998
531.1213989	0.0003814442316	531.9042969	0.00033935331160000006
531.2380371	0.0005238913	532.0213013	0.0004272025540000002
531.3546753	0.0005271016853	532.1383057	0.000590546755
531.4713135	0.00043120636948299997	532.2553711	0.00026662391700000036
531.5880127	0.00041820612380000005	532.3723755	0.0004189913160000001
531.7046509	0.00026662235178	532.4894409	0.0004413635469999997
531.8212891	0.0004895131278	532.6064453	0.00035712747562
531.9379883	0.000268328768436	532.7235107	0.00038219441200000007
532.0546265	0.0003854795941000001	532.8405762	0.000679531134
532.1713257	0.0003156424282	532.9575806	0.0006769015459999997
532.2879639	0.00023690896350000003	533.074646	0.00039339391499999994
532.4046631	0.00021739619849999998	533.1917114	0.0004249126650000003
532.5213623	0.00027610914549999993	533.3087769	0.0008155249520000003
532.6380005	0.00010134642799000001	533.4258423	0.0006661275399999999
532.7546997	0.000228967896	533.5429077	0.00048036361099999987
532.8713989	0.0001850084809	533.6599731	0.0006675551704
532.9880981	0.0002363686217	533.7770386	0.0005244845530000004
533.1047974	0.0003917236754	533.894104	0.0007335033443
533.2214966	0.0005677328736	534.0112305	0.0006111064000000003
533.3381958	0.0004238755064	534.1282959	0.0004599429660000001
533.454895	0.0003391856589	534.2453613	0.0005736429590999999
533.5715942	0.0002923604189	534.3624878	0.00020707584900000022
533.6883545	0.00034346802570000006	534.4795532	0.0006807520989999998
533.8050537	0.00028348150413000004	534.5966797	0.0006909941293999999
533.9217529	0.00021939689759999998	534.7137451	-0.00045397691399999985
534.0385132	0.00031666878201999996	534.8308716	0.0006995219740000003
534.1552124	0.0001959131041	534.947998	0.0005339845089999999
534.2719727	0.00022364230242999999	535.0650635	0.0010481150820000002
534.3886719	0.0001693188096	535.1821899	0.0008246061336999999
534.5054321	0.00020196156399	535.2993164	0.0006505210475999999
534.6221924	0.0002489285107	535.4164429	0.0006812920329999999
534.7388916	0.0003471085948	535.5335693	0.001042695017
534.8556519	0.00036336618359999995	535.6506958	0.0007340181619999997
534.9724121	0.00028630632733	535.7678223	0.0007221205160000002
535.0891724	0.00028434625709999997	535.8849487	0.000952149276
535.2059326	0.00033016736416	536.0020752	0.0004913343589999998
535.3226929	0.00043357455072	536.1192017	0.0008786391116
535.4394531	0.0003729403834	536.2363892	0.0005307719109999987
535.5562134	0.00022371881640000004	536.3535156	0.0005438919180000001
535.6729736	0.0001743179891	536.4706421	0.0005841223465
535.7897339	0.0002962535073	536.5878296	0.0006608951370000002
535.9065552	0.00029370568509999996	536.7049561	0.0005759778429999998
536.0233154	0.0002868834999	536.8221436	0.0007361900059999994
536.1400757	0.00028341589490999997	536.93927	0.0007754581747900001
536.256897	0.0002667121881	537.0564575	0.0005962491852
536.3736572	0.000292557248	537.173645	0.0006011996884
536.4904785	0.00025330728389999995	537.2908325	0.0005645290950000001
536.6072388	0.00012010929277	537.407959	0.0004308978678
536.7240601	0.00020297471200000003	537.5251465	0.0010015698503999999
536.8408813	0.00019007462104	537.642334	0.0010094249149999995
536.9576416	0.00022248271859999995	537.7595215	0.0009550880055
537.0744629	0.00014293305136999998	537.876709	0.000737016787
537.1912842	3.5739038199999985e-05	537.9938965	0.00051876012
537.3081055	0.00027520544977	538.111084	0.0008864531990000002
537.4249268	0.0002641694155	538.2283325	0.0007061590440000001
537.541748	0.00032231313530000006	538.34552	0.0006514956480000001
537.6585693	0.00030937485277	538.4627075	0.0006212932060000002
537.7753906	0.0003714153645	538.579895	0.00037668307799999996
537.8922119	0.00030164292549999996	538.6971436	0.0007560545782400001
538.0090942	0.00018397463006000002	538.8143311	0.0006833304649999997
538.1259155	0.00024356815260000002	538.9315796	0.0006804792209999999
538.2427368	0.00015883892043	539.0487671	0.00060524128
538.3596191	0.00028941544590000004	539.1660156	0.0005860195959999999
538.4764404	0.00024029668569999996	539.2832642	0.0007683376320000001
538.5933228	0.00031154716270000003	539.4004517	0.000692781759
538.710144	0.00023547268575	539.5177002	0.0007922787337
538.8270264	0.00023795131710000004	539.6349487	0.0009682588280000002
538.9439087	0.0001872170688	539.7521973	0.000705323182
539.06073	0.0002983656887	539.8694458	0.0007775186089999998
539.1776123	0.00031202529135	539.9866943	0.0007407576780000006
539.2944946	0.00021935813130000007	540.1039429	0.0006958858580000003
539.411377	0.00032590496997	540.2211914	0.0006500105370000004
539.5282593	0.00034872675320000003	540.3384399	0.0007974951290000002
539.6451416	0.0003721851244	540.4556885	0.0006020753639999999
539.7620239	0.0005123983137000001	540.572937	0.00060984208173
539.8789062	0.0009946609206999998	540.6902466	0.0004260690766999999
539.9957886	0.0012260310177000001	540.8074951	0.00048823474230000005
540.1126709	0.00067393539937	540.9248047	0.00044013559800000013
540.2295532	0.000560500659	541.0420532	0.0005885359129999999
540.3464966	0.0008217278955000001	541.1593628	0.0008442660320000001
540.4633789	0.0009521243338999998	541.2766113	0.0010100023349999998
540.5802612	0.00077024836351	541.3939209	0.001043054741
540.6972046	0.00040984639780000003	541.5111694	0.0009738570080000002
540.8140869	0.0006362922577	541.628479	0.0007776485289999998
540.9310303	0.0010281448345	541.7457886	0.0006706678251
541.0479736	0.0008614661638	541.8630981	0.0005768375704000001
541.164856	0.0007407099474	541.9804077	0.0003653499299999998
541.2817993	0.00064057603599	542.0976562	0.0003969891700000001
541.3987427	0.00046780917909999993	542.2149658	0.000993481721
541.515686	0.0004270179051	542.3323364	0.0011286330413
541.6325684	0.00025367783379999997	542.449646	0.0015380440739999998
541.7495117	0.00026202022132	542.5669556	0.001890154323
541.8664551	0.0002191290114	542.6842651	0.00136506427219
541.9833984	0.0002680510661	542.8015747	0.0010721550202
542.1004028	0.0002463517158	542.9188843	0.0007277864490000002
542.2173462	0.00038565567595	543.0362549	0.0005948450413000002
542.3342896	0.0007040599594	543.1535645	0.000532587408
542.4512329	0.00071036217924	543.2709351	0.00045342533899999987
542.5681763	0.0004618976527	543.3882446	0.00037254905400000045
542.6851807	0.0004457776086	543.5056152	0.0005514046640000001
542.802124	0.0003013431851	543.6229248	0.0009522628979999996
542.9191284	0.0002008445444	543.7402954	0.0005349614659999999
543.0360718	0.000242935872	543.857666	0.0005106136669999995
543.1530762	3.930919051e-05	543.9750366	0.0011400314397
543.2700195	0.0001969971054	544.0923462	0.0006378840769999999
543.3870239	0.00022198125226	544.2097168	0.0010631263721999997
543.5040283	0.00023849340509999998	544.3270874	0.001408366486
543.6209717	0.0001847911626	544.444458	0.0014743078499999999
543.7379761	0.00019041966880000002	544.5618286	0.0012369106990000002
543.8549805	0.00018779479440000002	544.6791992	0.0016448961109999998
543.9719849	0.00014064591964	544.7965698	0.0013901610652
544.0889893	0.00034847613282999994	544.9140015	0.0007218255190000003
544.2059937	0.00045681072519999997	545.0313721	0.0006819365079999999
544.322998	0.0005713442661	545.1487427	0.00047547090800000025
544.4400024	0.0006250011506000001	545.2661133	0.0006185676900000003
544.5570068	0.0007105876720999999	545.3835449	0.001746258465
544.6740723	0.0005478698876	545.5009155	0.0037225525013
544.7910767	0.0004362432009	545.6183472	0.0035597402600000003
544.9080811	0.00037843917379999994	545.7357178	0.0024574820420000002
545.0251465	0.00026921341304	545.8531494	0.0019000118481
545.1421509	0.0004113228933	545.9705811	0.0013286037723
545.2592163	0.00088152275566	546.0879517	0.001511627809
545.3762207	0.0014027513101000002	546.2053833	0.00133089535
545.4932861	0.0013984361064199998	546.3228149	0.0010675871750000002
545.6102905	0.0013154875485000001	546.4402466	0.0008661098257
545.727356	0.0011059646382200001	546.5576782	0.0006555521972999999
545.8444214	0.0010518831401	546.6750488	0.0005055561199999998
545.9614868	0.0009961997421	546.7924805	0.0007535272598
546.0785522	0.0006915206468	546.9099731	0.0006090713428000001
546.1956177	0.00054425321283	547.0274048	0.0009890217918
546.3126221	0.0004007360548	547.1448364	0.0007918633059999997
546.4296875	0.0003294842318	547.2622681	0.0008198498980000002
546.546814	0.0001756085548	547.3796997	0.0009517776779999999
546.6638794	0.0002543303563	547.4971924	0.0006261544770000001
546.7809448	0.00028588817810000006	547.614624	0.0009554196150000005
546.8980103	0.00046851478694000004	547.7320557	0.0013350450318
547.0150757	0.0004571135796	547.8495483	0.0009314022901
547.1322021	0.0005208998191000001	547.96698	0.0007089878199
547.2492676	0.0005077812966	548.0844727	0.0003729988820000002
547.366333	0.0004245938617	548.2019653	0.000422714278
547.4834595	0.00037086097319999995	548.319397	0.0007638009269999996
547.6005249	0.0003359018301	548.4368896	0.0004800453317
547.7176514	0.00030176702419999995	548.5543823	0.0005121785209999999
547.8347778	0.00025989479763	548.671875	0.0003772693450000001
547.9518433	0.00042494576696	548.7893066	0.0008997444166
548.0689697	0.00026333021564999996	548.9067993	0.0005497774110000005
548.1860962	0.0002658446611	549.024292	0.0005114911477
548.3032227	0.00018467695920000002	549.1417847	0.0007908060209999997
548.4203491	0.0002635660202	549.2592773	0.00047779595400000013
548.5374146	0.00013754265819	549.3768311	0.0007089717551000001
548.654541	0.0001682152506	549.4943237	0.0008344176460000001
548.7716675	0.00023214662756665998	549.6118164	0.0005796910259999993
548.888855	0.00018311027093	549.7293091	0.003977539483
549.0059814	9.373447390000002e-05	549.8468628	0.008168406082
549.1231079	0.00033306184925	549.9643555	0.006845942698999999
549.2402344	0.00021293791360000003	550.0818481	0.004575717266
549.3573608	0.00036865919539000005	550.1994019	0.002988206222
549.4745483	0.00047169291060000004	550.3168945	0.001825430198
549.5916748	0.0017515354852	550.4344482	0.0014828029671
549.7088623	0.003213457763	550.552002	0.0007371919928
549.8259888	0.00296360260147	550.6694946	0.00102657848
549.9431763	0.002086372115	550.7870483	0.0019557473132
550.0603027	0.0019615566126	550.9046021	0.0023360475899999993
550.1774902	0.0016588686267	551.0221558	0.0016348236239999998
550.2946167	0.00118291504597	551.1397095	0.001405296382
550.4118042	0.00079881401687	551.2572021	0.0009957696310000002
550.5289917	0.0007486285903	551.3747559	0.001010198611
550.6461792	0.0007746018382	551.4923096	0.0008405796250000007
550.7633667	0.0010266619792	551.6099243	0.0008178249700000002
550.8805542	0.0008005309212	551.727478	0.0008161043520000001
550.9977417	0.00057559165	551.8450317	0.0006950062230000002
551.1149292	0.0005464995338	551.9625854	0.0005367577539999999
551.2321167	0.00039502532672	552.0801392	0.00045148678999999995
551.3493042	0.0003257020726	552.1977539	0.0005238247684999998
551.4664917	0.00025258399549999994	552.3153076	0.0005885116989999999
551.5836792	0.00029499342780000003	552.4329224	0.0006203299854000001
551.7009277	0.00021627935349000001	552.5504761	0.0006609242410000006
551.8181152	0.00020903814580000004	552.6680908	0.0011300710032999999
551.9353027	0.0002677148077	552.7856445	0.001357534667
552.0525513	0.0002737500181	552.9032593	0.0010683386360000001
552.1697388	0.0002804214346	553.020813	0.0009958392469999995
552.2869873	0.0001787012152	553.1384277	0.0008461601099999999
552.4041748	0.000215464490763	553.2560425	0.000601809937
552.5214233	0.00046865223019999997	553.3736572	0.0010049836131000001
552.6386719	0.0006483880861	553.491272	0.0005255828149999999
552.7559204	0.0004634901997	553.6088867	0.0006695380439999997
552.8731079	0.0003037358766	553.7265015	0.0007313056839999997
552.9903564	0.00032379737240000007	553.8441162	0.0007100654185
553.107605	0.00021934964566	553.961731	0.0005355232860000001
553.2248535	0.0002079602709	554.0793457	0.0007567172869999998
553.3421021	0.00020651039083999999	554.1969604	0.0007113922036
553.4593506	0.00013776958800000002	554.3145752	0.0009485871413
553.5765991	0.00030294573670000004	554.432251	0.000549521297
553.6938477	0.00034013131509999994	554.5498657	0.0008744024669999993
553.8110962	0.0004070648865	554.6674805	0.00054401815576
553.9284058	0.00044910665016	554.7851562	0.0010911279829999999
554.0456543	0.0002722237987	554.902771	0.00040771998499999993
554.1629028	0.0002320289787	555.0204468	0.0005310806450000002
554.2802124	0.00026611957580099997	555.1380615	0.0007616754158000001
554.3974609	0.00015155074649999991	555.2557373	0.0005195313139999998
554.5147705	0.00030628230890000004	555.3734131	0.0006082388570000001
554.632019	0.0005150633369	555.4910278	0.0005738298642999999
554.7493286	0.00040425080082	555.6087036	0.0008214604455
554.8665771	0.0002305428497	555.7263794	0.00040892744399999986
554.9838867	0.00021697387269000001	555.8440552	0.0008234777479999998
555.1011963	0.0001942063682	555.961731	0.0019529360584
555.2185059	3.083044429999998e-05	556.0794067	0.007778059575000001
555.3357544	0.00017292244590000002	556.1970825	0.010108032147
555.453064	0.00036321136576000004	556.3147583	0.007560692731
555.5703735	0.0004455516464	556.4324341	0.005314690525
555.6876831	0.0004341480381	556.5501099	0.003104462172
555.8049927	0.0007521865479	556.6677856	0.001808978733
555.9223022	0.0028512468849	556.7854614	0.0010631894699999998
556.0396118	0.0044658980043	556.9031982	0.0009065769850000003
556.1569824	0.0031823661996	557.020874	0.00042083801200000015
556.274292	0.0020593005611	557.1386108	0.00045056408299999975
556.3916016	0.0014771028947	557.2562866	0.0005735680459999994
556.5089111	0.0008734626754	557.3740234	0.0012418874537
556.6262817	0.0007631512708	557.4916992	0.0032676962440000004
556.7435913	0.0003638900234	557.609436	0.003522229381
556.8609619	0.00046120650949999994	557.7271118	0.0024128186049999995
556.9782715	0.00030597462320000005	557.8448486	0.0019302016004
557.0956421	0.0002313769219	557.9625854	0.001062494703
557.2129517	0.00037085901209000003	558.0803223	0.0010807232756
557.3303223	0.0010858601380400001	558.197998	0.00046872906399999994
557.4476929	0.0016327154592000002	558.3157349	0.0008198274303999999
557.5650024	0.0011152592487	558.4334717	0.0006334694913
557.682373	0.0007249909107	558.5512085	0.0009156410523000001
557.7997437	0.0008691420953	558.6689453	0.000955639698
557.9171143	0.0010578079094	558.7866821	0.000423275516
558.0344849	0.0008618185893	558.9044189	0.000645499822
558.1518555	0.0006594444565	559.0222168	0.0006514592099999999
558.2692261	0.0006106627624	559.1399536	0.000742436852
558.3865967	0.0004063335073	559.2576904	0.0008734334260000007
558.5039673	0.00035885143009000006	559.3754883	0.0006792100612999999
558.6213379	0.0002644851339	559.4932251	0.000458479627
558.7387695	0.00024772402140999997	559.6109619	0.0004912537552000001
558.8561401	0.00017919493249999997	559.7287598	0.00038010790100000006
558.9735107	0.000371290138	559.8464966	0.0005109657059999997
559.0909424	0.0003752256742999999	559.9642944	0.0008541581919999999
559.208313	0.000396601521	560.0820923	0.0010478423065
559.3257446	0.00031536768070000005	560.1998291	0.0007733504759999997
559.4431152	0.0002442328259	560.317627	0.000923852902
559.5605469	0.0002530561178	560.4354248	0.0015209408009999998
559.6779175	0.000220403007957	560.5531616	0.0010937412730000003
559.7953491	0.00031902845873	560.6709595	0.0009479344008000001
559.9127808	0.00035438356283	560.7887573	0.0026027692949999997
560.0301514	0.00046521486370000006	560.9065552	0.009033365408
560.147583	0.00039553310486	561.024353	0.010714921173999997
560.2650146	0.00044854902080000003	561.1421509	0.0071455647700000005
560.3824463	0.00033800344316000004	561.2599487	0.0052980423208
560.4998779	0.00039361723244999997	561.3777466	0.003211888252
560.6173096	0.0007789374212	561.4956055	0.0016518102490000004
560.7347412	0.0031498957252	561.6134033	0.000990699744
560.8521729	0.0047869719566	561.7312012	0.001000486081
560.9696045	0.0036308128325	561.8490601	0.0005005616690000004
561.0870361	0.0023439174404	561.9668579	0.0007506562389999992
561.2045288	0.0015696262127	562.0846558	0.0008546411999999998
561.3219604	0.0010631633922	562.2025146	0.0007662838329
561.4393921	0.0006576936866	562.3203125	0.0008986014899999995
561.5568848	0.00055596784656	562.4381714	0.000540749519
561.6743164	0.00016300682909999996	562.5560303	0.000573867234
561.7918091	0.00026326555230000005	562.6738281	0.0007503828970000003
561.9092407	0.00031134164599999994	562.791687	0.000673075206
562.0267334	0.00032761267354	562.9095459	0.0005039479590000003
562.144165	0.00036861971610000003	563.0273438	0.0004426045350000001
562.2616577	0.0001346983772	563.1452026	0.0003323066040000003
562.3791504	0.00016217963999999997	563.2630615	0.00037092249799999984
562.4966431	0.0003401885988	563.3809204	0.0006333535999999999
562.6140747	0.00029793198339999997	563.4987793	0.0005675675349999998
562.7315674	0.00028698615644000004	563.6166382	0.0006463871980000001
562.8490601	0.0003297584335	563.7344971	0.0007582879629999999
562.9665527	0.00031479731119	563.852356	0.0008282593919999998
563.0840454	0.00016478468020000002	563.9702759	0.0006030811929999998
563.2015381	0.00018362879930000002	564.0881348	0.00076156828438
563.3190308	0.00022021959010000002	564.2059937	0.000736670336
563.4365234	0.00015577209529	564.3239136	0.0007440812190000002
563.5540771	0.00035623341690000005	564.4417725	0.00086444999757
563.6715698	0.0005235469144	564.5596313	0.0008459062959
563.7890625	0.0004324572074	564.6775513	0.0004425300289999999
563.9066162	0.0005728567485	564.7954102	0.000507857883
564.0241089	0.000374072406	564.9133301	0.00043621042300000007
564.1416016	0.00033581437310000004	565.031189	0.0005897805099999995
564.2591553	0.00031679336099999997	565.1491089	0.001221821992
564.3766479	0.0002737037575	565.2670288	0.0038403773220000003
564.4942017	0.0003441623994	565.3849487	0.0058729996966
564.6117554	0.00017420197759	565.5028076	0.004964163759000001
564.729248	0.00028280990224	565.6207275	0.003325491212
564.8468018	0.00030384678389	565.7386475	0.0021278872150000006
564.9643555	0.0003173468867	565.8565674	0.0016966571855
565.0818481	0.0010792854591000001	565.9744873	0.0011037556106
565.1994019	0.0021574801067	566.0924072	0.0010236190281
565.3169556	0.00239742091797	566.2103271	0.0013190542081
565.4345093	0.0016065644883	566.3282471	0.0010928526175
565.552063	0.00136439592095	566.446167	0.0007754545660000004
565.6696167	0.0010973350439	566.5641479	0.0008560077981999999
565.7871704	0.0007015558803300001	566.6820679	0.0006072663236000001
565.9047241	0.0006737884250999999	566.7999878	0.0004038568589999998
566.0223389	0.0005597398413	566.9179688	0.0006257131465
566.1398926	0.0004299921565	567.0358887	0.0008020374225000001
566.2574463	0.000290746427484	567.1538086	0.0005220896569999994
566.375	0.00026613699449999997	567.2717896	0.00048458055250000004
566.4926147	0.00019002828051	567.3897095	0.0006611294815
566.6101685	0.00034245381540000007	567.5076904	0.00063834109093
566.7277832	0.00021834434300000002	567.6256714	0.00067619989566
566.8453369	0.0001869572443	567.7435913	0.0007730178769999999
566.9629517	0.00027015460369999997	567.8615723	0.0007436515290000002
567.0805054	6.897236749999998e-05	567.9795532	0.0006676256880000001
567.1981201	0.00013182906699999998	568.0975342	0.0005685314540000001
567.3157349	0.0002576268743	568.2155151	0.0006401905775300001
567.4332886	0.00025545797684	568.3334351	0.0008210390800000001
567.5509033	0.00039217478479999996	568.451416	0.0012210842689999997
567.6685181	0.0003974407337	568.569397	0.0017471204050000001
567.7861328	0.0002972785442	568.6873779	0.001110349317
567.9037476	0.00026521928517	568.8054199	0.0010355808769999999
568.0213623	0.0002404146944	568.9234009	0.0007974056059999999
568.1389771	0.00025993740023	569.0413818	0.0009700665249999995
568.2565918	0.0004605434369	569.1593628	0.0010693074581999999
568.3742065	0.0005845247651	569.2773438	0.0013776898854000001
568.4918213	0.0005146182666	569.3953857	0.001602149801
568.609436	0.00039317524349999995	569.5133667	0.0012747114520000003
568.7270508	0.00026448132120000003	569.6313477	0.0006833262749999999
568.8447266	0.0004723405727	569.7493896	0.0008957596801400001
568.9623413	0.00024492165539999995	569.8673706	0.0007927173280000001
569.0799561	0.0003162266221	569.9854126	0.0005596538540000001
569.1976318	0.0006070747039000001	570.1034546	0.00047433734290000003
569.3152466	0.0008308201068000001	570.2214355	0.0004442768982
569.4329224	0.0006920423769000001	570.3394775	0.0007611482285
569.5505371	0.00050341385757	570.4575195	0.0009402284631000001
569.6682129	0.00039902070419999995	570.5755005	0.0006764522984
569.7858887	0.00033190487917	570.6935425	0.0006098840380000001
569.9035034	0.0002866061986	570.8115845	0.0005062207637
570.0211792	0.00019988873822999998	570.9296265	0.0005406381099999997
570.138855	0.00022123541565999998	571.0476685	0.0002072487878
570.2565308	0.00028851238313	571.1657104	0.0006738707890000003
570.3742065	0.000265542767	571.2837524	0.0005632849646999998
570.4918213	0.00027071700247	571.4017944	0.000577131869
570.6094971	0.00029450809229999997	571.5198364	0.000833181897
570.7271729	0.000226351980957	571.6378784	0.0005675824349999996
570.8449097	0.00016345899345	571.7559814	0.0005972823129999998
570.9625854	0.00027857028913	571.8740234	0.00045329914399999996
571.0802612	0.00019084135420000003	571.9920654	0.0007157945080000002
571.197937	0.00020848887656	572.1101685	0.00045576691600000005
571.3156128	0.00024673400909999997	572.2282104	0.00038456433650000006
571.4332886	0.00030682113722	572.3463135	0.0005712332209999995
571.5510254	0.0003246050037	572.4643555	0.0005353327140000003
571.6687012	0.0002663692503	572.5824585	0.00031084314099999997
571.786438	0.00016383282490000002	572.7005005	0.0006114674506600001
571.9041138	0.0001269313425565	572.8186035	0.00021888292399999988
572.0218506	0.00019046527449999997	572.9367065	0.0004396454315000001
572.1395264	0.00011939517394	573.0547485	0.0004807892260000001
572.2572632	0.0003438115237	573.1728516	8.11432836999999e-05
572.374939	7.853947863999999e-05	573.2909546	0.0004686363970000003
572.4926758	0.0002461548138	573.4090576	0.0007058978665
572.6104126	0.00030117057040000004	573.5271606	0.00022174906899999998
572.7281494	0.0001587214647	573.6452637	0.0005723114589999999
572.8458252	0.00026361460189	573.7633667	0.0003622728400000004
572.963562	8.275615980000002e-05	573.8814697	0.00035799824400000005
573.0812988	0.00024236655739999998	573.9995728	0.00019614335907
573.1990356	0.00021469767669999998	574.1176758	0.0011551807767
573.3167725	0.000108652036033	574.2357788	0.0029570148319999993
573.4345093	0.00026234341200000004	574.3538818	0.0032069955480000002
573.5522461	0.00022173134490000002	574.4719849	0.0021161856129999997
573.6699829	0.00016661218260000002	574.5901489	0.001668106649
573.7877808	0.00030702154618000003	574.708252	0.00114746514718
573.9055176	0.0003228508286	574.826416	0.0006589264376
574.0232544	0.00087307869402	574.944519	0.0006383534055999999
574.1409912	0.00141521390494	575.0626221	0.0005779986391000001
574.2587891	0.0011276376608000001	575.1807861	0.0004311171360000003
574.3765259	0.0007750088112	575.2989502	0.0007098036589999999
574.4943237	0.0006287197175	575.4170532	0.0002475891379
574.6120605	0.0005154933752000001	575.5352173	0.00042931700620000006
574.7298584	0.0003566824307	575.6533813	0.0005626529449999996
574.8475952	0.0003589020635	575.7714844	0.00035880878599999985
574.9653931	0.0001782438485	575.8896484	0.0001309146179999999
575.0831909	0.0002875612408	576.0078125	0.0006157803875999999
575.2009277	0.0001385168289	576.1259766	0.0005693938580000001
575.3187256	0.0002049852337	576.2441406	0.0003307559529999995
575.4365234	0.0001260873978	576.3623047	0.00047585973500000045
575.5543213	0.0001242703293	576.4804688	0.0005913018250000004
575.6721191	0.0003123850766	576.5986328	0.0007683024750000001
575.789856	0.00026177807009999997	576.7167969	0.00039804680300000025
575.9076538	0.0001500494254	576.8349609	0.000593957491
576.0254517	0.0001620580733	576.953125	0.0007447490930000001
576.1433105	9.671227781999999e-05	577.0712891	0.00042988941644
576.2611084	7.387221559999998e-05	577.1895142	0.00044666882600000006
576.3789062	0.0002167925268	577.3076782	0.0007702598523299999
576.4967041	0.0001751121599000001	577.4258423	0.000830452656
576.614502	0.0001495676406	577.5440674	0.002377589234
576.7323608	4.4954125799999964e-05	577.6622314	0.0016891168775999999
576.8501587	0.00014384293765	577.7804565	0.0019071205169
576.9679565	0.00024487474000000004	577.8986206	0.0010174708440000002
577.0858154	0.0001419410691	578.0168457	0.0008711978008
577.2036133	0.00034008777218000005	578.1350708	0.0005525553130000002
577.3214722	0.0009917164426	578.2532349	0.0004652247300000001
577.43927	0.0015046361658	578.37146	0.0005141751753
577.5571289	0.0013594429032999999	578.4896851	0.0003171428110000001
577.6749268	0.0009765495198	578.6079102	0.0005032941115
577.7927856	0.000649296533	578.7260742	0.0006294744089999998
577.9106445	0.0005618834693	578.8442993	0.000500730006
578.0285034	0.00031787529579999996	578.9625244	0.0005647055799999998
578.1463013	0.0002094019729	579.0807495	0.00046520657
578.2641602	0.00034893174234999996	579.1989746	0.0005244095809999998
578.382019	0.0002830728772	579.3171997	0.0005912978669999997
578.4998779	0.0002497879832	579.4354248	0.000673803268
578.6177368	0.0003452970995	579.5537109	0.00037926156100000046
578.7355957	0.0003268569489	579.671936	0.0005512895289999998
578.8534546	0.00044437128239999997	579.7901611	0.000464773737
578.9713135	0.000406584848	579.9083862	0.0004677586260000005
579.0891724	0.0003709983866	580.0266724	0.0001778930889999998
579.2070923	0.00034320141276	580.1448975	0.00032483437099999936
579.3249512	0.00033743993572700004	580.2631226	0.0005609403599999999
579.4428101	0.00021899554119999998	580.3814087	0.0006627291440000002
579.5606689	0.00010954801110000004	580.4996338	0.0010628370001
579.6785889	0.00010428522360000003	580.6179199	0.0009130290710000002
579.7964478	0.00025583751817	580.736145	0.0008589285430000001
579.9143677	0.0002521555871	580.8544312	0.0005157683049999999
580.0322266	0.00020683856560000004	580.9727173	0.00026187440399999973
580.1501465	0.00018967001230000007	581.0909424	0.0005221440227
580.2680054	0.0005713785649	581.2092285	0.0003157427855
580.3859253	0.0004836653534	581.3275146	0.00019103533099999997
580.5038452	0.00030507623159999997	581.4458008	0.00027806172099999974
580.6217041	0.00025875915889999994	581.5640869	0.00030879603590000006
580.739624	0.00023674140171	581.682373	0.000343422406
580.8575439	0.00021423881113999998	581.8006592	0.0002727257089999999
580.9754639	0.00028356693295	581.9189453	0.00038122257688
581.0933838	0.00025823985919999994	582.0372314	0.0002566126650000002
581.2113037	0.0001809235546	582.1555176	0.000324193854
581.3292236	0.00026339580660000004	582.2738037	0.0004210665359999999
581.4471436	0.00028532216126	582.3920898	0.00026250491000000004
581.5650635	0.00021084790940000003	582.510376	0.00024171313300000007
581.6829834	0.0002865084462	582.6287231	0.00026134331699999985
581.8009033	0.000327387941	582.7470093	0.0004336612770000003
581.9188232	0.00031982778449999997	582.8652954	0.0002900052350000002
582.0367432	0.00019074205189999996	582.9836426	0.00042338413199999965
582.1547241	0.0001854234724	583.1019287	0.000359548023
582.272644	0.00015778682429999999	583.2202759	0.0002793120220000002
582.390564	0.00023544127179999999	583.338562	0.00023110257500000026
582.5085449	8.973054360000003e-05	583.4569092	0.0002894911450000001
582.6264648	0.00010924563685000001	583.5751953	0.0013773279499
582.7444458	0.000253390579	583.6935425	0.0019536582401000003
582.8623657	0.00023642029738	583.8118896	0.0012980853209999992
582.9803467	0.00028547080725	583.9301758	0.0010599389498
583.0982666	0.00024838845279999996	584.0485229	0.0009957850271
583.2162476	0.00013998686340000008	584.1668701	0.0005605923948
583.3342285	0.00018150109827	584.2852173	0.0004882292124
583.4521484	0.00048496364610000004	584.4035645	0.0003170673740000001
583.5701294	0.00090837906828	584.5219116	0.0006175580202999999
583.6881104	0.0004817438894	584.6402588	0.0005915758010999999
583.8060913	0.00044785234785999997	584.758606	0.000337512145
583.9240723	0.00031274730279999996	584.8769531	0.00039905129230000005
584.0420532	0.000256328698	584.9953003	0.0003314388450000001
584.1600342	0.0001962721289	585.1136475	0.0004049078852
584.2780151	0.00026096704825	585.2319946	0.0003459868019999998
584.3959961	0.0003415827523	585.3503418	0.000145904021
584.5139771	0.0002806293342	585.46875	0.000370865688
584.631958	0.000272412799	585.5870972	0.0004103677350000001
584.749939	0.00031500716064	585.7054443	7.640058200000018e-05
584.8679199	0.0001668275799	585.8238525	0.0001826514490000002
584.9859619	0.0002804839314	585.9421997	0.0003823273579999999
585.1039429	6.920899609999997e-05	586.0606079	0.00017187860800000005
585.2219238	0.00023533283088	586.1789551	0.0012812940410000001
585.3399658	0.00020125167789999997	586.2973633	0.0019102355875000002
585.4579468	0.00011762688509999998	586.4157104	0.0016424322970000002
585.5759888	0.00021010925410000004	586.5341187	0.001182664186
585.6939697	0.00020308839160000002	586.6525269	0.0010022689239
585.8120117	0.0001433011057	586.7709351	0.000994503498
585.9299927	0.00026711118702	586.8892822	0.0008053240600000003
586.0480347	0.0006121137704	587.0076904	0.0006586397649
586.1660767	0.0010885347728	587.1260986	0.0003323713310000001
586.2841187	0.00088579252312	587.2445068	0.0006216973989999998
586.4020996	0.00052782998317	587.362915	0.00028559018420000015
586.5201416	0.0003533574927	587.4813232	0.0004005017689999999
586.6381836	0.00030306191190000004	587.5997314	0.0003223810349999999
586.7562256	0.00019641510149999997	587.7181396	0.0003575694289999999
586.8742676	0.000280312408	587.8365479	0.0001263473529000001
586.9923096	0.00015954865370000003	587.9549561	0.0002661717008
587.1103516	0.00024494178156	588.0733643	0.0002966313629999993
587.2283936	0.00022226644799999993	588.1918335	0.00037454045399999995
587.3464355	0.0003326486585	588.3102417	0.00035690562800000034
587.4644775	0.0001877413742	588.4286499	0.002055270132
587.5825195	9.488996875e-05	588.5471191	0.0031483010390000003
587.7006226	0.0001546279819	588.6655273	0.00237547420665
587.8186646	0.00014858633947000002	588.7839355	0.0017431642623
587.9367065	0.00014821934750000007	588.9024048	0.001738173887
588.0548096	0.00021909543282	589.020813	0.004547279561
588.1728516	0.0003078963055	589.1392822	0.007168393582999999
588.2908936	0.0009219999191999999	589.2577515	0.0053727033663
588.4089966	0.0012556583681	589.3761597	0.004140651901
588.5270386	0.00111824665871	589.4946289	0.0027967863719999997
588.6451416	0.0006710258024	589.6130981	0.0019001746550000006
588.7632446	0.0009159766777999999	589.7315063	0.0012139285759500001
588.8812866	0.0017338092727	589.8499756	0.00109205064642
588.9993896	0.0027387537997000003	589.9684448	0.0007772475950000002
589.1174927	0.0022906082453	590.0869141	0.0006886226547200001
589.2355347	0.0016581332023	590.2053833	0.0005707193629999998
589.3536377	0.0010303191373999998	590.3238525	0.0005535850070000001
589.4717407	0.0009160995542	590.4423218	0.000565448776
589.5898438	0.0005619378499	590.560791	0.000703947153
589.7079468	0.0004411786503	590.6792603	0.0005048647290999999
589.8260498	0.00030606480140000006	590.7977295	0.00026834814339999995
589.9441528	0.0002468038365	590.9161987	0.0004766617209999997
590.0622559	0.00016274489460000002	591.034729	0.00040847691699999987
590.1803589	0.00026190567591	591.1531982	0.0006884400496
590.2984619	0.00020975328510000005	591.2716675	0.0014267972878099998
590.4165649	7.345911579999999e-05	591.3901978	0.0066997430984
590.534729	0.0002883051638	591.508667	0.0097474126337
590.652832	0.00021709754950000003	591.6271362	0.006905370392000001
590.7709351	0.0001612255583	591.7456665	0.0052570241969999995
590.8890381	9.162198689999999e-05	591.8641357	0.0036298582562
591.0072021	0.00020400597710000003	591.982666	0.0022208467130000005
591.1253052	0.0007167940202999999	592.1011353	0.0013141150120000002
591.2434692	0.0025604820111	592.2196655	0.001229694578999999
591.3615723	0.0043479767046	592.3381958	0.0006751290059999995
591.4797363	0.0034557654873000002	592.456665	0.0006633409070999999
591.5978394	0.002176447562952	592.5751953	0.0005633629044000001
591.7160034	0.0015824932778	592.6937256	0.000454660971
591.8341675	0.00104730252498	592.8122559	0.00037753046499999993
591.9522705	0.0007346965719	592.9307861	0.0007494864989999999
592.0704346	0.0005400102382	593.0492554	0.002590218559
592.1885986	0.00033748130957	593.1677856	0.004169154447
592.3067627	0.00022442627228	593.2863159	0.0032681055596
592.4248657	0.00028925527299	593.4048462	0.0025223726116000004
592.5430298	0.00022579023430000002	593.5233765	0.001546462765
592.6611938	0.00021608597300000002	593.6419678	0.0012771767219
592.7793579	0.0004386392247	593.760498	0.0008842321109999995
592.897522	0.0009552482006	593.8790283	0.0004703570160000002
593.015686	0.0017419885841	593.9975586	0.00041200174
593.1338501	0.0013589231533	594.1160889	0.0001118825749
593.2520752	0.0011737064342	594.2346802	0.00031344592620000003
593.3702393	0.0005927980533000001	594.3532104	0.0007498636839999998
593.4884033	0.0005247392982999999	594.4717407	0.0018276827758999998
593.6065674	0.0004063661327	594.590332	0.0025592352029999996
593.7247314	0.00041414023145	594.7088623	0.0015316708010000004
593.8429565	0.0001943248207	594.8274536	0.0010089947172
593.9611206	0.00021523430760000002	594.9459839	0.00078628524715
594.0793457	0.00020370524720000001	595.0645752	0.000689419685
594.1975098	0.0002552576479	595.1831665	0.0007387316436
594.3157349	0.0006030409713	595.3016968	0.0006073794866
594.4338989	0.0005969039775	595.4202881	0.0006367834288999999
594.552124	0.0005651134126	595.5388794	0.0004915741739999998
594.6702881	0.0004294185055	595.6574097	0.00021349475699999985
594.7885132	0.00022237174560000005	595.776001	0.00040197453900000005
594.9067383	0.00028391619527999996	595.8945923	0.00048291799699999973
595.0249023	0.0003369750193	596.0131836	0.00025999583879999995
595.1431274	0.0003987929376	596.1317749	0.0003020426961
595.2613525	0.0004875586019	596.2503662	0.00012773321999999965
595.3795776	0.00030717565822	596.3689575	4.0122540999999864e-05
595.4978027	0.0003277828218	596.4875488	2.0816922000000543e-05
595.6160278	0.0001645654411	596.6061401	0.00023378088369999995
595.7341919	0.00010400003520000001	596.7247314	0.0004557676439
595.852417	0.00017087816380000003	596.8433228	0.0004315450787
595.9707031	0.00012083572809999996	596.9619141	0.0003096055588
596.0889282	0.00011098498358999998	597.0805664	0.0006039076251999999
596.2071533	0.00019091045393	597.1991577	0.0007833704589999999
596.3253784	1.0136282099999989e-05	597.317749	0.0008155433459999997
596.4436035	0.0001313954999	597.4364014	0.001188098918
596.5618286	0.00020399781348	597.5549927	0.001126570627
596.6801147	0.00019935045569999997	597.673645	0.001146779512
596.7983398	0.00021761986867	597.7922363	0.000488292426
596.9165649	0.00026351684940000003	597.9108887	0.0005797748449999996
597.0348511	0.00017634409227999998	598.02948	0.000423095887
597.1530762	0.00030787298238	598.1481323	0.00016217454689999996
597.2713623	0.0004824231582	598.2667236	7.122824899999988e-05
597.3895874	0.0005037968804	598.385376	0.00041173031780000004
597.5078735	0.00032429185012	598.5040283	0.00027946243100000073
597.6260986	0.000285532442	598.6226196	0.00039991969300000015
597.7443848	0.00020499135276	598.741272	0.0005962904540000001
597.8626099	0.0002633713884	598.8599243	0.00091859780511
597.980896	0.00019143534884	598.9785767	0.001493973192
598.0991821	0.00019455612350000002	599.097229	0.0019164521945
598.2174683	0.00024787274020000004	599.2158813	0.0015322463579999996
598.3357544	0.00012379151310000004	599.3345337	0.0014275019060000001
598.4539795	8.600522775999999e-05	599.453186	0.001206890331
598.5722656	0.00015060111759999999	599.5718384	0.0007819933819999997
598.6905518	0.0003630490101	599.6904907	0.0006073331459999992
598.8088379	0.0007968758727	599.8091431	0.0003845522442
598.927124	0.0008824419928	599.9277954	0.0006182130900000003
599.0454102	0.0007081098156	600.0464478	0.0006088265220000003
599.1636963	0.00072716521025	600.1651611	0.0015813503996
599.2819824	0.00045987227350000005	600.2838135	0.0013609547169999995
599.4003296	0.00046793455843	600.4024658	0.0009279400109999999
599.5186157	0.0003250332229	600.5211792	0.0008636944111000001
599.6369019	0.00024121496249999996	600.6398315	0.0009135215080000002
599.755188	0.0001234671799	600.7585449	0.0005674576380000004
599.8735352	0.0001985038398	600.8771973	0.0009264932010000001
599.9918213	0.0004807256627	600.9959106	0.0007281880829999999
600.1101074	0.00067273361127	601.114563	0.0006067903019999999
600.2284546	0.00053045259121	601.2332764	0.000769787235
600.3467407	0.00039396041396	601.3519287	0.000672913157
600.4650879	0.00031686495640000003	601.4706421	0.000777548412
600.583374	0.0004054293967	601.5893555	0.0011443513217
600.7017212	0.00031358140399999996	601.7080078	0.0014718077150000005
600.8200073	0.000330219810188	601.8267212	0.0012476809790000001
600.9383545	0.0003034201218	601.9454346	0.0009122328775000001
601.0567017	0.00031347131878	602.0641479	0.0011175153780000006
601.1750488	0.00017883269169999998	602.1828613	0.000872756588
601.293335	0.00020885012779999997	602.3015747	0.000977719319
601.4116821	0.0003368178441	602.4202881	0.0007143723770000002
601.5300293	0.0005713062419	602.5390015	0.00046735745900000007
601.6483765	0.0004406279768	602.6577148	0.001008356921
601.7667236	0.00044227865149999994	602.7764282	0.0014127478930000001
601.8850708	0.00038303429019999997	602.8951416	0.0017387713746
602.003418	0.00024999527519	603.013855	0.00146812173282
602.1217651	0.00017959732210000003	603.1325684	0.00128017188351
602.2401123	0.000256286340559	603.2513428	0.001401888323
602.3584595	0.00018330296739999994	603.3700562	0.0076475080273
602.4768066	0.0002789038117	603.4887695	0.022243750516
602.5951538	0.00034288485759999997	603.6075439	0.022054306925999998
602.713562	0.0005767740804	603.7262573	0.015629002129
602.8319092	0.0005055642687	603.8449707	0.011478310921
602.9502563	0.0004628100287000001	603.9637451	0.006833066233
603.0686035	0.00055107453953	604.0824585	0.003983705307999999
603.1870117	0.0020765063818	604.2012329	0.0028547113759999996
603.3053589	0.007092512794399999	604.3199463	0.0020770970730000005
603.4237671	0.0094558672277	604.4387207	0.0028457692819999995
603.5421143	0.0080139826456	604.5574951	0.007668402279
603.6605225	0.0050395377255	604.6762085	0.009909365324999999
603.7788696	0.0032670229556	604.7949829	0.007371534125999999
603.8972778	0.0023428098064	604.9137573	0.0058124468195
604.015625	0.0014049801098000002	605.0325317	0.0042414679770000005
604.1340332	0.0009702713723	605.1512451	0.0026283725170000004
604.2524414	0.0009354602665	605.2700195	0.0018957079155
604.3708496	0.0021547299982	605.3887939	0.0015373080382
604.4891968	0.0039616886354999995	605.5075684	0.002461527474
604.607605	0.0038214719387	605.6263428	0.00295568211
604.7260132	0.0029152563217	605.7451172	0.002359225298
604.8444214	0.00196077123097	605.8638916	0.0020506365693
604.9628296	0.0017163916786	605.982666	0.0015078333680000001
605.0812378	0.0011337085161	606.1014404	0.0023474794002000003
605.199646	0.0009206544202999999	606.2202759	0.004957654052
605.3180542	0.0009448361673599999	606.3390503	0.0049842398149999995
605.4364624	0.0013724605672	606.4578247	0.0039158832219
605.5548706	0.0011518382528999999	606.5765991	0.002723555662
605.6732788	0.0007998375801	606.6954346	0.002010991331
605.791687	0.000614296936	606.814209	0.001222676598
605.9101562	0.0006620880158	606.9329834	0.0010327768980000003
606.0285645	0.001697563098294	607.0518188	0.0006620972419
606.1469727	0.0024391528716	607.1705933	0.0006200782959
606.2653809	0.0019400477326	607.2894287	0.0005804605310000001
606.3838501	0.0014039366384000001	607.4082031	0.0005768015979999994
606.5022583	0.0009657015617	607.5270386	0.0004932800653999999
606.6207275	0.00079257827	607.645813	0.00043341820200000014
606.7391357	0.0004972258320299999	607.7646484	0.0005808915010000002
606.857605	0.0004906879039999999	607.8834839	0.0004168297159999994
606.9760132	0.0003977049782	608.0023193	0.0005582247395999999
607.0944824	0.0003557464115	608.1210938	0.0005867362489
607.2128906	0.00019112724117000001	608.2399292	0.000179261435
607.3313599	0.0002554811363	608.3587646	0.000780595932
607.4498291	0.00025654250929999997	608.4776001	0.00043370954515
607.5682373	0.0002022218542	608.5964355	0.000287659
607.6867065	0.00024636955642	608.715271	0.00042555335316
607.8051758	0.00028547451080000003	608.8341064	0.0002975142560000003
607.923645	0.00030620407052	608.9529419	0.00058881667788
608.0421143	0.00034418508216999997	609.0717773	0.000363691477
608.1605835	0.000222109431	609.1906128	0.00046889576999999995
608.2790527	0.0002878081432	609.3094482	0.0009956292337
608.397522	0.0002437395306	609.4282837	0.000883930828
608.5159912	0.00021776027279999999	609.5471191	0.0008540474810000004
608.6344604	0.00026368473751	609.6659546	0.0007993086480000001
608.7529297	0.00034397857960000004	609.7848511	0.0005722674540000004
608.8713989	0.00021484828178999999	609.9036865	0.0006716138741
608.9898682	0.00022920205079999997	610.022522	0.0009133706329999998
609.1083374	0.00024028600819999996	610.1414185	0.001841732563
609.2268066	0.0003833130322	610.2602539	0.00206698527512
609.3453369	0.00035425496749999996	610.3790894	0.0016551834994
609.4638062	0.00020577243420000002	610.4979858	0.002030185889
609.5822754	0.00016456804579999994	610.6168213	0.002819224494
609.7008057	0.0003383697913	610.7357178	0.004046113550499999
609.8192749	0.000444813064	610.8546143	0.003730346915
609.9378052	0.00068442339399	610.9734497	0.0026996944802999997
610.0562744	0.0009664670792	611.0923462	0.001943276031
610.1748047	0.0009984833887	611.2112427	0.001257503172
610.2932739	0.0015778132949	611.3300781	0.0008235877467000001
610.4118042	0.0027132206883	611.4489746	0.0015042684970000006
610.5302734	0.0033282890509000003	611.5678711	0.009727296649000001
610.6488037	0.0031586044931	611.6867676	0.025167608225699998
610.767334	0.0022688682077000003	611.805603	0.023039282419999998
610.8858032	0.00163563329307	611.9244995	0.0162774765016
611.0043335	0.0010434457221	612.043396	0.0120162755728
611.1228638	0.00082116710841	612.1622925	0.007398335263000001
611.241394	0.0011618510620999998	612.281189	0.004655485857
611.3599243	0.008296235551400001	612.4000854	0.003125796561
611.4784546	0.0378857456656	612.5189819	0.0028689121829999996
611.5969849	0.0620248802148	612.6379395	0.0023044242986
611.7155151	0.0524767642486	612.7568359	0.0016434649000000002
611.8340454	0.034976600271669996	612.8757324	0.0016823620539999995
611.9525757	0.022200425034323002	612.9946289	0.0014711807009999997
612.071106	0.0151008795328	613.1135254	0.0012013533269
612.1896362	0.0100721623612	613.2324829	0.0010639124090000003
612.3081665	0.0074489869585	613.3513794	0.0010235973166000001
612.4266968	0.0061468876662	613.4702759	0.0008842968379999998
612.5452271	0.0045087221951	613.5892334	0.00048354700265
612.6638184	0.0031007679064	613.7081299	0.000549413031
612.7823486	0.0022076939490000003	613.8270874	0.0008804834209999999
612.9008789	0.00195334098	613.9459839	0.000766891754
613.0194702	0.0014001169479	614.0649414	0.0011593492229999998
613.1380005	0.00113635222786	614.1838379	0.0013195127250000003
613.2565918	0.0007798246807	614.3027954	0.0009239739739999998
613.3751221	0.0005301393685	614.4216919	0.000768783037
613.4937134	0.00042007518643	614.5406494	0.000795700936
613.6122437	0.00038399279580000005	614.6596069	0.0015678373159999995
613.730835	0.00045067366589	614.7785645	0.0027709963614999996
613.8493652	0.0014413554821	614.8974609	0.0022022807900000003
613.9679565	0.002203988377	615.0164185	0.001742929919
614.0865479	0.0019994461037	615.135376	0.0011251284014
614.2050781	0.0013739959973	615.2543335	0.0007344461040000002
614.3236694	0.0011242957267	615.373291	0.00056126971322
614.4422607	0.0009906825872	615.4922485	0.0005118379487
614.5608521	0.0012092817925	615.6112061	0.0005036965598
614.6793823	0.0015180634218	615.7301636	0.0013360721060000002
614.7979736	0.0011631417434	615.8491211	0.0011928500609999998
614.9165649	0.00093481163643	615.9680786	0.0012115836140000002
615.0351562	0.0006699185615	616.0870361	0.00107587790219
615.1537476	0.00040568341499999997	616.2059937	0.000748450635
615.2723389	0.00030816579240000006	616.3249512	0.0006305803540000007
615.3909302	0.00030267105468	616.4439697	0.0004067094999999996
615.5095215	0.0005003479018000001	616.5629272	0.0003469577060000004
615.6281738	0.0007875042065	616.6818848	0.0006001840810000002
615.7467651	0.0006466667691	616.8009033	0.0008121173589999999
615.8653564	0.000463538745	616.9198608	0.0004515888286
615.9839478	0.00047804896890000007	617.0388184	0.0006348593743
616.1025391	0.0003796019882	617.1578369	0.0018673525486999998
616.2211914	0.0003962385963	617.2767944	0.005318997311
616.3397827	0.00031013222819099997	617.395813	0.014962498465100001
616.458374	0.0002662238548	617.5147705	0.019790023567
616.5770264	0.0005518739199	617.6337891	0.014168324647999999
616.6956177	0.00029747563530000006	617.7527466	0.010400897826999999
616.81427	0.0004547709978	617.8717651	0.007242800435
616.9328613	0.0004283331218	617.9907837	0.004209267907
617.0515137	0.0020572763754099998	618.1097412	0.0025447402149999998
617.170105	0.0137213756063	618.2287598	0.001991057303
617.2887573	0.035689946569099996	618.3477783	0.0013745438779999997
617.4073486	0.0411745873829	618.4667969	0.0009162487699999999
617.526001	0.030458454452500002	618.5858154	0.000562553527
617.6446533	0.0191608000264	618.7047729	0.0006037459239999999
617.7633057	0.0124639970511	618.8237915	0.0008045537685
617.881897	0.008264508592699999	618.9428101	0.00057960607953
618.0005493	0.0054025498689	619.0618286	0.0004582346879999999
618.1192017	0.0034566232066	619.1808472	0.0003112012059999997
618.237854	0.0019599742593	619.2998657	0.0003280420790000003
618.3565063	0.0014190869403	619.4188843	0.00026811100599999967
618.4751587	0.00086883096809	619.5379639	0.00046626420199999993
618.593811	0.0006857308909	619.6569824	0.0001474923920000001
618.7124634	0.0005916502851	619.776001	0.00020640337610000007
618.8311157	0.00079762210952	619.8950195	0.0003959879979999999
618.9497681	0.0005749006087	620.0140381	0.00011217105200000011
619.0684204	0.0004859935434	620.1331177	0.00028520869099999974
619.1870728	0.0004642494605	620.2521362	0.0003518347148
619.3057251	0.00040715743669999995	620.3711548	0.0004054927269999996
619.4243774	0.00031668117296999995	620.4902344	0.0003850099160000002
619.5430908	0.0001835113362	620.6092529	0.00042203246259999995
619.6617432	0.00024435338849999996	620.7282715	0.000394265051
619.7803955	0.00028539395130000003	620.8473511	0.000130087477411
619.8991089	0.00029524705314	620.9663696	0.00038689770799999997
620.0177612	0.0003117511514999999	621.0854492	0.0005834837216000001
620.1364136	0.00046012549865	621.2045288	0.0002448786404
620.255127	0.00070075315531	621.3235474	0.0006435837130000003
620.3737793	0.000390683941	621.442627	0.0021800876859
620.4924927	0.00043898199875000004	621.5617065	0.0026788329709
620.611145	0.00024072197451	621.6807251	0.0021430533379999993
620.7298584	0.0002088168985	621.7998047	0.002754197456
620.8485718	0.00025149474825	621.9188843	0.0022512874559999993
620.9672241	0.00011505102159999997	622.0379639	0.0016232617199999997
621.0859375	0.0002194681001	622.1569824	0.0012882114389999996
621.2046509	0.0005270155379	622.276062	0.0005349618150000002
621.3233032	0.0008261622279	622.3951416	0.0006308362499000001
621.4420166	0.0012338781668000001	622.5142212	0.0005210211969999996
621.56073	0.0012603586656	622.6333008	0.00027711421699999996
621.6794434	0.0011473352494	622.7523804	0.00056936522
621.7981567	0.0009559679165	622.87146	0.0004695376846
621.9168091	0.0009396391837000001	622.9905396	0.0001597781659999995
622.0355225	0.0005489542382	623.1096191	0.000293541525
622.1542358	0.0004406335648	623.2286987	0.0003727018775
622.2729492	0.0002955751697	623.3478394	0.0001801392060000002
622.3916626	0.00020253547700000004	623.4669189	0.00013823201899999978
622.510376	0.000128804415	623.5859985	0.00036270577401000003
622.6291504	0.0002194179834	623.7050781	0.00039261521300000004
622.7478638	0.000201454879527	623.8242188	0.00031035866420000007
622.8665771	0.00021996090069999994	623.9432983	0.0009950035021
622.9852905	2.3011060000000005e-05	624.0623779	0.0003157500179999991
623.1040039	0.0002646521315999999	624.1815186	0.0004477571929999999
623.2227173	0.0001645497396	624.3005981	0.0008166297339999998
623.3414917	0.00018520792949999992	624.4197388	0.0030782202373000004
623.4602051	0.00016812224928	624.5388184	0.0074645931604
623.5789185	0.00014426413690000003	624.657959	0.007185086840999999
623.6976929	0.0002467353552	624.7770386	0.005276375452999999
623.8164062	0.00019674008949999996	624.8961792	0.004224348581
623.9351807	0.00038796360608	625.0152588	0.0027063638117
624.053894	0.0006449308021	625.1343994	0.0021616879384999997
624.1726685	0.0012709490729199998	625.25354	0.001420495101
624.2913818	0.0066816939798999995	625.3726807	0.001023641788
624.4101562	0.0160396299082	625.4917603	0.0010041435011999998
624.5288696	0.0171772375358	625.6109009	0.0006107531950000002
624.647644	0.0122068186459	625.7300415	0.00046683568499999994
624.7664185	0.007747494295100001	625.8491821	0.0005404227420000001
624.8851318	0.0051153925020000005	625.9683228	0.00039702188199999995
625.0039062	0.0034123852966	626.0874634	0.0003271927129999998
625.1226807	0.0024610070689	626.206604	0.00039312045509999995
625.2414551	0.0016200686511	626.3257446	0.0004346300850000002
625.3602295	0.0011042295809	626.4448853	0.0001866347150000008
625.4789429	0.0005999857387	626.5640259	0.0003400656860999999
625.5977173	0.0005493437310899999	626.6831665	0.0003345208250000002
625.7164917	0.0004352874385	626.8023071	0.0004119244410000001
625.8352661	0.0003443214955	626.9214478	0.0002125431780000001
625.9540405	0.0002816372726	627.0405884	0.00029026321100000026
626.0728149	0.00020953335656	627.159729	0.00052762430275
626.1915894	0.00022121207440000003	627.2788696	0.0002634245900000002
626.3103638	0.0003314358619	627.3980713	0.0002747296819999999
626.4291992	0.0001914259628	627.5172119	0.0004421685589999999
626.5479736	0.0001983998227	627.6363525	0.0004010163245999999
626.666748	0.00022420901230000006	627.7555542	0.0001383808558
626.7855225	7.652113708e-05	627.8746948	0.0003710207529999997
626.9042969	0.00011397889460000008	627.9938965	0.0003741232795999999
627.0231323	0.00012583045459999998	628.1130371	0.0005585723560000001
627.1419067	0.000197673653	628.2322388	0.0005498710079999999
627.2606812	0.00011499278479999998	628.3513794	0.0002941846761
627.3795166	0.00022251540219999998	628.4705811	0.000649463618
627.498291	0.00021808510069999998	628.5897217	0.0007159705270000007
627.6171265	0.0001784242777	628.7089233	0.0005186598863999999
627.7359009	7.886943060000001e-05	628.828064	0.000499449088
627.8546753	0.000152800596	628.9472656	0.0006287684669999999
627.9735107	0.00010945991380000001	629.0664673	0.000525850337
628.0923462	0.0002826035197	629.1856689	0.00014996831299999994
628.2111206	0.00025917329917	629.3048096	0.0005033815978
628.3299561	0.00020239313019999996	629.4240112	0.00028179795499999995
628.4487305	0.00021228707986	629.5432129	0.00036316993600000015
628.5675659	0.00017629563810000006	629.6624146	0.0005836557830000001
628.6864014	0.0001726917944	629.7816162	0.0007171817124
628.8052368	3.934151019999995e-05	629.9008179	0.001975071151
628.9240112	0.00019710781002000002	630.0200195	0.0023073621559999997
629.0428467	0.0001804681524	630.1392212	0.0019114397000000003
629.1616821	0.00022426308710000003	630.2584229	0.0014944479339999998
629.2805176	0.00012108555529999999	630.3776245	0.001069410937
629.399353	3.153957369999999e-05	630.4968262	0.00072339424693
629.5181885	2.444116400000004e-05	630.6160278	0.00046943197949999996
629.6370239	0.00044920446819999996	630.7352295	0.000383558217
629.7558594	0.0007095184407	630.8544312	0.0007053508889999999
629.8746948	0.00097616617498	630.9736328	0.0024664359519
629.9935303	0.0009627608819000001	631.0928955	0.00366147303056
630.1123657	0.0005491683841	631.2120972	0.002715424634
630.2312012	0.00042118140849999996	631.3312988	0.0021753186590000003
630.3500366	0.0004068278067	631.4505615	0.0015959377052
630.4688721	0.00013433414279999997	631.5697632	0.0009897560809999997
630.5877075	0.000182950372431	631.6889648	0.0009651189909999998
630.706604	0.00043106713570000005	631.8082275	0.0005502188579999999
630.8254395	0.000996969844	631.9274292	0.000268831151
630.9442749	0.0015670414722	632.0466919	0.00021434808099999973
631.0631714	0.0014781797947	632.1658936	0.0006960380703
631.1820068	0.0009911248635000001	632.2851562	0.0004292725353
631.3008423	0.000688967295	632.4043579	0.00030768103900000003
631.4197388	0.0005139926507	632.5236206	6.280001299999952e-05
631.5385742	0.0003299923846	632.6428833	0.0004788869409999999
631.6574707	0.00023149624760000003	632.762085	0.00037072412700000015
631.7763062	0.00021813023702	632.8813477	0.00032831216230000003
631.8952026	0.00017954604109999997	633.0006104	0.0002683023930000004
632.0140381	0.00015447729675	633.119812	0.0002599879227
632.1329346	0.00013481265350000001	633.2390747	0.00043371334319999995
632.2518311	0.0001205319204	633.3583374	0.00019610926389999997
632.3706665	0.000193127722	633.4776001	0.00032876864139999996
632.489563	0.00042421061519999994	633.5968628	0.0005195670527999999
632.6084595	0.0005226469944999999	633.7161255	0.0005046622829999999
632.7272949	0.00046534946890000004	633.8353882	0.0003070090900000001
632.8461914	0.00043514522259999996	633.9545898	6.0849473799999966e-05
632.9650879	0.0002270862024	634.0738525	0.00023238343420000003
633.0839844	0.0001891382199	634.1931763	0.0001896640750000001
633.2028809	0.00036056530005	634.312439	0.00024909013899999987
633.3217773	0.0003355977824	634.4317017	0.00039389415199999993
633.4406738	0.00034389735083000005	634.5509644	0.0005219334280000001
633.5595703	0.000232465245	634.6702271	6.663170700000015e-05
633.6784668	0.0002541908471	634.7894897	1.3992655999999978e-05
633.7973633	0.0002636942372	634.9087524	0.00017535581700000007
633.9162598	0.00027445581871999994	635.0280762	0.0004990802847999999
634.0351562	0.00017864006799999998	635.1473389	0.0003379787085999999
634.1540527	4.783095210000003e-05	635.2666016	0.00034863990700000004
634.2729492	0.00023554672949999996	635.3858643	0.00049427711
634.3918457	1.9007304219999997e-05	635.505188	0.00020770286210000004
634.5107422	8.230390090000001e-05	635.6244507	0.00018859468400000013
634.6296997	9.036385018000001e-05	635.7437744	-5.256105199999937e-05
634.7485962	5.991541549999998e-05	635.8630371	0.00020100577969999996
634.8674927	0.00023767622041000002	635.9823608	0.0002266805314
634.9863892	0.00031635310366	636.1016235	0.0003990824915
635.1053467	0.00032527357688	636.2209473	0.0003278468500000002
635.2242432	0.00022902984350000002	636.34021	0.0002945226149999999
635.3432007	0.0003110561957	636.4595337	0.00044000084700000015
635.4620972	0.0001391395927	636.5787964	0.0003674090403
635.5809937	0.0002769346538	636.6981201	0.0007912712170000001
635.6999512	0.00024114854750000004	636.8174438	0.0007897942196
635.8189087	0.00035189164194	636.9367065	0.00049999960716
635.9378052	0.00040878289841	637.0560303	0.0007710652420000004
636.0567627	0.00033853837519999997	637.175354	0.0014287540690000001
636.1756592	0.0002636708086	637.2946777	0.0020028664729000003
636.2946167	0.00018256907061	637.4140015	0.0015143736381999999
636.4135742	0.00026264729245	637.5332642	0.0012543343469999999
636.5324707	0.00037363107915	637.6525879	0.0007674592779999998
636.6514282	0.0003786159505	637.7719116	0.0008375122559000001
636.7703857	0.00044051069561	637.8912354	0.0008102405116999999
636.8893433	0.00042955565729999994	638.0105591	0.000540647656
637.0082397	0.0005723020877	638.1298828	0.00040875445100000004
637.1271973	0.0009601815979	638.2492065	0.00027260463700000013
637.2461548	0.0006869344943	638.3685303	0.00030997023000000007
637.3651123	0.0005422528483	638.487854	0.00018073152799999957
637.4840698	0.0003994890431	638.6071777	0.00127131748
637.6030273	0.000244719733	638.7265625	0.0033290585270000003
637.7219849	0.00022185160921	638.8458862	0.003826676751
637.8409424	0.00017861468949999996	638.96521	0.00270281767
637.9598999	0.00027675867747	639.0845337	0.0024849630420000005
638.0788574	0.00022197596259999994	639.2039185	0.0018532655083999998
638.1978149	0.00024760172520000006	639.3232422	0.001076462679
638.3167725	0.00017861447304	639.4425659	0.0009674811741000001
638.43573	0.0003690103768	639.5618896	0.0009006649491
638.5547485	0.001168477058	639.6812744	0.0005973316730000003
638.6737061	0.0018524344782	639.8005981	0.0002943173750000001
638.7926636	0.00153433599962	639.9199829	0.0005806038389999997
638.9116211	0.001138554071	640.0393066	0.0006621307699999999
639.0306396	0.0009465335749	640.1586914	0.0016967123370000003
639.1495972	0.0006413731899	640.2780151	0.001900510047
639.2685547	0.0005355777248	640.3973999	0.0014335720766
639.3875732	0.0004938890197000001	640.5167236	0.0011107460596
639.5065308	0.00044491459269999995	640.6361084	0.001114621526
639.6255493	0.0004496316396	640.7554932	0.000522491522
639.7445068	0.0008496692753	640.8748169	0.0005626962519999995
639.8635254	0.0020261465108	640.9942017	0.0005154609680000002
639.9824829	0.0036392269536	641.1135864	0.00031612347800000044
640.1015015	0.0031963767833999997	641.2329102	0.00035939691600000035
640.220459	0.0022444303609	641.3522949	0.0002587863709999998
640.3394775	0.0016982285309	641.4716797	0.00044205691699999994
640.4584961	0.0012823034925	641.5910645	0.0012319459347
640.5774536	0.0008256764413	641.7104492	0.007544838823
640.6964722	0.0006510476815	641.829834	0.015395450174
640.8154907	0.0006237619381999999	641.9492188	0.012548772149
640.9344482	0.0005392287567000001	642.0686035	0.0094194629343
641.0534668	0.0004916076432	642.1879272	0.006727970675
641.1724854	0.00033173334671000003	642.307373	0.00436064857
641.2915039	0.0003601241333	642.4267578	0.0029573265930000004
641.4105225	0.000375755073	642.5461426	0.0022735456010000003
641.529541	0.0019191871401000001	642.6655273	0.0014696330769999998
641.6485596	0.0057002810933	642.7849121	0.0013298585545
641.7675781	0.0068189070446	642.9042969	0.000854257495
641.8865356	0.00544898364705	643.0236816	0.0008284329670000001
642.0055542	0.0035778791066	643.1430664	0.0008632057574000001
642.1246338	0.0022200367242	643.2625122	0.000876969221
642.2436523	0.0016499149208999999	643.381897	0.00104481725614
642.3626709	0.0013667300809	643.5012817	0.0009461292358000001
642.4816895	0.0007352090469999999	643.6206665	0.0008243710763
642.600708	0.00053986955758	643.7401123	0.0008476746296999999
642.7197266	0.00045102711010000003	643.8594971	0.0005630576049999994
642.8387451	0.00032342765189999996	643.9789429	0.0007537421769999999
642.9578247	0.0003158833569	644.0983276	0.0006095750720000004
643.0768433	0.0003810123562	644.2177124	0.000563775888
643.1958618	0.0003893937095999999	644.3371582	0.0007530977020000001
643.3148804	0.0003525109205	644.456543	0.0007849118269000001
643.43396	0.0002646378271	644.5759888	0.00052663348106
643.5529785	0.00017281258264	644.6954346	0.000447854516
643.6720581	0.00044373257699	644.8148193	0.0006029219370000001
643.7910767	0.0005582910671000001	644.9342651	0.0003871601080000001
643.9100952	0.0006463802856	645.0536499	0.000509598758
644.0291748	0.0006287584256	645.1730957	0.0002585416660000001
644.1481934	0.0005722938221	645.2925415	0.000549538764054
644.2672729	0.0007127448188	645.4119263	0.0004974568149000001
644.3862915	0.0008516520321	645.5313721	0.00022628745504000002
644.5053711	0.0006907466449999999	645.6508179	0.00043640111109999997
644.6244507	0.000463837423	645.7702637	0.0005343013907999999
644.7434692	0.00036822889528	645.8897095	0.0004900998829000001
644.8625488	0.0002845732233	646.0091553	0.0003745979629999998
644.9816284	0.00020302518166	646.12854	0.0006301432730000001
645.100647	0.0002739039774	646.2479858	0.00041386578300000015
645.2197266	0.00025341495344	646.3674316	0.0002715777228
645.3388062	0.00028812917300000005	646.4868774	0.000499840127
645.4578857	0.0002911130577	646.6063232	0.00031376152700000014
645.5769653	0.0002671661496	646.725769	0.0006207925039999997
645.6959839	0.000210653013066	646.8452148	0.0008978615520000002
645.8150635	0.00028873712290000003	646.9646606	0.0011726541125
645.9341431	0.00014316110170000003	647.0841675	0.000914803241
646.0532227	0.00024006504100000003	647.2036133	0.0004916698669999997
646.1723022	0.00012721681559999998	647.3230591	0.0007327813659999995
646.2913818	0.00011290938710000002	647.4425049	0.0005385247060000001
646.4104614	0.00010916056635000001	647.5619507	0.0005413022590000001
646.529541	0.0002078226826	647.6814575	0.000589239876
646.6486206	0.00033149825317	647.8009033	0.00023074634300000035
646.7677002	0.0004536812047999999	647.9203491	0.0005797448109999999
646.8867798	0.0005729576223	648.0397949	0.00044637196700000013
647.0059204	0.00047498854110000007	648.1593018	0.0006611194403
647.125	0.0005115524037	648.2787476	0.0007018453910000002
647.2440796	0.0005238425655999999	648.3982544	0.002303635585
647.3631592	0.00038269670760000005	648.5177002	0.004857005784
647.4822388	0.0002692864801	648.637146	0.004038134589999999
647.6013794	0.00031758366095	648.7566528	0.0031664730053
647.720459	0.00022996464389999998	648.8760986	0.0023549098984
647.8395386	0.00032680776349	648.9956055	0.0016609620070000002
647.9586792	0.0001840233454	649.1151123	0.0012402534489999997
648.0777588	0.00034781801147	649.2345581	0.0008701235060000001
648.1968994	0.0017399375942	649.3540649	0.0006879904249
648.315979	0.0069583896544	649.4735107	0.0008731656199
648.4350586	0.0104678550577	649.5930176	0.0007512879092
648.5541992	0.0084870699207	649.7125244	0.0007814716375
648.6732788	0.0062833284539	649.8319702	0.0005351640864000001
648.7924194	0.0039578083666999995	649.9514771	0.0005456134669999998
648.9115601	0.0027398583192	650.0709839	0.0006574497089999998
649.0306396	0.0018232458384	650.1904907	0.0003981173509999998
649.1497803	0.0012337501395000001	650.3099976	0.000721882563
649.2688599	0.0008116938989	650.4294434	0.0006893837126000001
649.3880005	0.0005806990376	650.5489502	0.0005492523779999999
649.5071411	0.0005417487846	650.668457	0.000201177114
649.6262817	0.0005444581839	650.7879639	0.00041849771500000006
649.7453613	0.00027195687289999996	650.9074707	0.0003786769230000003
649.864502	0.00025497566090000004	651.0269775	0.00037632533300000024
649.9836426	0.00048497159149999997	651.1464844	0.0005381943190000001
650.1027832	0.0007414048014999999	651.2659912	0.000526157907
650.2219238	0.0007887599786000001	651.385498	0.00046764570300000027
650.3410034	0.0007538369828	651.5050049	0.0005774395540000003
650.460144	0.0005230479437	651.6245117	0.000679683755
650.5792847	0.0004176578368	651.7440796	0.0005564368330000001
650.6984253	0.0003350308034	651.8635864	0.0005164912439999999
650.8175659	0.00041988177689999994	651.9830933	0.0005659451710000002
650.9367065	0.00043182295489	652.1026001	0.0005268903920000001
651.0558472	0.0004222628049	652.2221069	0.000393625349
651.1749878	0.00044686729959999996	652.3416748	0.00028020970000000004
651.2941284	0.0002803221724	652.4611816	0.00024865585150000004
651.4133301	0.0003890619992	652.5806885	0.0002724331571
651.5324707	0.00020624644820000003	652.7002563	0.0003279521483999999
651.6516113	0.00019528816122	652.8197632	0.00027069216600000053
651.770752	0.0003039470612	652.93927	0.0004120143130000001
651.8898926	0.00021541527533999998	653.0588379	0.000463464266399
652.0090332	0.0002045238071	653.1783447	0.0003687692806
652.1282349	9.43701743e-05	653.2979126	0.00041126133860000004
652.2473755	0.00018653573350000004	653.4174194	0.00045788030549999995
652.3665161	9.888906789999998e-05	653.5369873	0.0001304710750000002
652.4857178	0.0001624299329	653.6564941	0.00019100161448
652.6048584	0.00017978402319999997	653.776062	0.0004930075374
652.723999	0.000212531173	653.8956299	0.000835860614
652.8432007	-5.586596699999982e-06	654.0151367	0.001489440328
652.9623413	0.0001214404765	654.1347046	0.001648218524
653.081543	0.00016260101983	654.2542114	0.0012835210649999994
653.2006836	0.00010962560190000002	654.3737793	0.0007000300099999999
653.3198853	2.0407459999999744e-06	654.4933472	0.001256730175
653.4390259	0.00020894824409999998	654.612915	0.000750136649
653.5582275	8.964386139e-05	654.7324219	0.00056293194935
653.6773682	0.00025773333620000003	654.8519897	0.00045718415600000005
653.7965698	0.00045017553199999997	654.9715576	0.000583938323
653.9157715	0.0010057926409	655.0911255	0.0004086242990000001
654.0349121	0.0009943000914	655.2106934	0.0006268870057
654.1541138	0.0007977369243000001	655.3302612	0.00023778784099999983
654.2733154	0.0007062101795	655.4498291	0.00042022764700000003
654.3925171	0.0004201306438	655.569397	0.0004918533379999999
654.5116577	0.00025705847838	655.6889648	0.00018667313299999995
654.6308594	0.00022845171040000001	655.8085327	0.00024234852699999993
654.750061	0.000220002291608	655.9281006	0.0004660286940000001
654.8692627	0.0002994129317	656.0476685	0.000250604702
654.9884644	0.00015380038525999998	656.1672363	0.00024246063500000018
655.107605	0.00029523210829999997	656.2868042	0.0017223192261000002
655.2268066	0.00021757757351999999	656.4063721	0.0075852682353
655.3460083	0.0001657606045	656.5259399	0.015187555923999998
655.46521	0.00015613684448	656.6455078	0.013098406601
655.5844116	0.0002004671696	656.7650757	0.009590798288
655.7036133	0.00012476169286	656.8847046	0.006965247681
655.8228149	0.00021982209004000003	657.0042725	0.004371839808
655.9420166	0.00030772941504	657.1238403	0.00297264522
656.0612183	0.000131244451	657.2434692	0.0022185541459999996
656.180481	0.0008946437883	657.3630371	0.0015966539508000001
656.2996826	0.0038826828532000004	657.482605	0.0013578397338
656.4188843	0.0066439030929	657.6022339	0.0009410356868000001
656.5380859	0.00591820903323	657.7218018	0.0007194932550000002
656.6572876	0.0044552588228	657.8413696	0.0008803821400000002
656.7764893	0.0030352939505	657.9609985	0.0006263642136
656.895752	0.00180686682478	658.0805664	0.0005687118969999998
657.0149536	0.00145520675152	658.2001953	0.000493775472
657.1341553	0.0009819124825	658.3197632	0.0005320584746
657.253418	0.0006861161382999999	658.4393921	0.000592808705
657.3726196	0.000474226796045	658.55896	0.0006501015739999996
657.4918213	0.00048328684349999997	658.6785889	0.0005817061759999997
657.611084	0.00034054917337	658.7982178	0.00030862051100000003
657.7302856	0.00022527383409999996	658.9177856	0.00017879018599999998
657.8495483	0.00023561012495	659.0374146	0.0002818707730000001
657.96875	0.00032948888839999996	659.1570435	-4.5272520999999934e-05
658.0880127	0.0003588228501	659.2766113	0.0002522192662
658.2072144	0.00026716862340000005	659.3962402	0.00041015120200000015
658.3264771	0.00025138057571	659.5158691	0.0002898540697
658.4456787	0.00020607170879999998	659.635498	0.00035023823100000006
658.5649414	0.00018599845859	659.7550659	0.0006389739574
658.6841431	0.000204359676	659.8746948	0.00040097115500000065
658.8034058	0.00030554784095	659.9943237	0.0007047588
658.9226685	0.0003310446628	660.1139526	0.00046219710209999997
659.0418701	0.00018382985213	660.2335815	0.00045407778820000006
659.1611328	0.0002829808218	660.3532104	0.0002602422610000002
659.2803955	0.00015835691010000001	660.4728394	0.0004095383919999998
659.3996582	0.00022172831820000002	660.5924683	0.001036606263
659.5188599	0.00017967879372999998	660.7120972	0.002454628004
659.6381226	0.00026989090840000003	660.8317261	0.002301159082
659.7573853	0.00034992270958	660.951355	0.0018556782739
659.8766479	0.0001620407856	661.0709839	0.0014563777371999998
659.9959106	0.000293944453	661.1906128	0.000705377082
660.1151733	0.0002761139913	661.3102417	0.0006806403400000001
660.234436	0.00023820155909999997	661.4298706	0.0004316837299999999
660.3536377	0.000213858555	661.5494995	0.0006633880539999998
660.4729004	0.00052983366185	661.6691895	0.000669833505
660.5921631	0.0011343781083	661.7888184	0.00020926329300000003
660.7114258	0.001245621137357	661.9084473	0.00044311565579999997
660.8306885	0.0008782588703999999	662.0280762	0.00021037505999999939
660.9500122	0.0006249222497	662.1477661	1.9277446000000222e-05
661.0692749	0.00060656878488	662.267395	0.00032564904499999994
661.1885376	0.0003819403355	662.3870239	0.0006521326145
661.3078003	0.0004343267501	662.5067139	0.00031518284299999946
661.427063	0.0004553491381	662.6263428	0.0004206320729999999
661.5463257	0.00035202350410000005	662.7459717	0.00016840125310000004
661.6655884	0.00032958229714	662.8656616	0.0002612988470000006
661.7849121	0.00032234622629999995	662.9852905	0.00077309667542
661.9041748	0.00020610891808	663.1049805	0.0001752183300000004
662.0234375	0.00022887003440000002	663.2246094	0.0005935388610000003
662.1427002	0.00032265014303	663.3442993	0.000277172658
662.2620239	0.0004322469466999999	663.4639282	0.0004605515860000003
662.3812866	0.00035553419365	663.5836182	0.00016695261000000032
662.5005493	0.0004298872953999999	663.7032471	0.00023389165299999995
662.619873	0.00028071739143	663.822937	0.0008523536380000002
662.7391357	0.0002029350435	663.942627	0.0036387810255
662.8584595	0.00027964708895000004	664.0622559	0.009815942733
662.9777222	0.00017593346999999994	664.1819458	0.013488794565
663.0969849	0.0002197276408	664.3016357	0.012072522197000002
663.2163086	0.00021392924819999999	664.4212646	0.013724535584
663.3355713	0.0003139654145	664.5409546	0.0328408140952
663.454895	0.00033884702130000004	664.6606445	0.0501430179
663.5742188	0.00039155936979999996	664.7803345	0.040442548225
663.6934814	0.0010784438343	664.8999634	0.030916294547499997
663.8128052	0.0080557031757	665.0196533	0.021265747839
663.9320679	0.024370914416100002	665.1393433	0.0139559509734
664.0513916	0.0367166879924	665.2590332	0.009461399979
664.1707153	0.0367301521436	665.3787231	0.0067813898784
664.289978	0.03693638197207	665.4984131	0.0048875137
664.4093018	0.0774992690749	665.618103	0.0032025300889999995
664.5286255	0.1260812413405	665.737793	0.0022726247550000005
664.6479492	0.1158115191396	665.8574829	0.0019127703857
664.7672119	0.08894132551275	665.9771729	0.0017333503349999998
664.8865356	0.0599340778122	666.0968628	0.0015085390770000003
665.0058594	0.03892816995874	666.2165527	0.001481351676
665.1251831	0.0267524375565	666.3362427	0.001938912319
665.2445068	0.0182833063053	666.4559326	0.0016892571010000005
665.3638306	0.0118035136553	666.5756226	0.0018064302277999997
665.4831543	0.008094274512	666.6953125	0.0025768465132
665.602417	0.0055891815568000006	666.8150635	0.0029629019549999996
665.7217407	0.0039609150847	666.9347534	0.0042864175631
665.8410645	0.0029682231402	667.0544434	0.0030386147560000003
665.9603882	0.0022508022667999997	667.1741333	0.002271762816
666.0797119	0.0018409917246000002	667.2938232	0.0015493617389999996
666.1990356	0.0016969693971	667.4135742	0.0012970748358999999
666.3184204	0.0015903808527	667.5332642	0.0009428032209999999
666.4377441	0.0014291258122	667.6529541	0.0009086738570000001
666.5570679	0.001885483129	667.7727051	0.0011193044490000002
666.6763916	0.0039285210663	667.892395	0.004131394904
666.7957153	0.0065003214407	668.012085	0.007666489572999999
666.9150391	0.0059466242815	668.1318359	0.0071128214326
667.0343628	0.004420106998099999	668.2515259	0.005403808784000001
667.1537476	0.00324671500538	668.3712769	0.0038636369859999997
667.2730713	0.0020060604730999998	668.4909668	0.004354736767
667.392395	0.0016505764802	668.6107178	0.0124459779461
667.5117188	0.0012439653507999998	668.7304077	0.020448151273999998
667.6311035	0.00123829040255	668.8501587	0.016725370197
667.7504272	0.0023504190033	668.9698486	0.012980827367
667.869751	0.00482912408227	669.0895996	0.0086702333506
667.9891357	0.0049678281358	669.2093506	0.006234489847000001
668.1084595	0.0037682842231	669.3290405	0.004215596709
668.2278442	0.0028673669436999998	669.4487915	0.0030516383709999996
668.347168	0.0047992328032	669.5685425	0.0023844707760000004
668.4665527	0.02151959916863	669.6882324	0.0016662126869999999
668.5858765	0.0455492483693	669.8079834	0.0014132552318000002
668.7052002	0.0460688457873	669.9277344	0.001087403687374
668.824585	0.035839176254900004	670.0474243	0.0012514780971000002
668.9439697	0.0247252468548	670.1671753	0.001316569978
669.0632935	0.0156606886567	670.2869263	0.0012310633900000003
669.1826782	0.0108460549919	670.4066772	0.0009647381084000001
669.302002	0.0067738399959	670.5264282	0.0006136512379999997
669.4213867	0.0048766998948	670.6461792	0.00042294734099999984
669.5407715	0.0032790267721000002	670.7658691	0.0007680620474000001
669.6600952	0.0022594518964000002	670.8856201	0.0004981136879
669.77948	0.00165632256514	671.0053711	0.00059169827723
669.8988647	0.0014605100438	671.1251221	0.00024371268199999997
670.0181885	0.0012419141566	671.244873	0.0005047321319999994
670.1375732	0.0009367695602	671.364624	0.0003370137419999998
670.256958	0.0008321168716	671.484375	0.0003913476830000001
670.3763428	0.00049739521453	671.604126	0.0004241055570000001
670.4957275	0.0003515378921	671.723877	0.00035402021600000003
670.6150513	0.00028990464854000003	671.8436279	0.00032702973100000006
670.734436	0.00043524432110000005	671.9634399	0.0003617913459999999
670.8538208	0.00032774987998	672.0831909	0.0009112283589999999
670.9732056	0.00039122818631	672.2029419	0.0008938109090000001
671.0925903	0.00018224935047	672.3226929	0.000702017453
671.2119751	0.0003362476127	672.4424438	0.0006041317250000003
671.3313599	0.00025516454480999996	672.5621948	0.0005338657650000005
671.4507446	0.00011317644390000003	672.6820068	0.00029373442519999997
671.5701294	0.0001532105961495	672.8017578	0.0004605518190000002
671.6895142	0.00022371165689999997	672.9215088	0.0004788592929999998
671.8088989	0.00040006770271700003	673.0412598	0.0005352890580000002
671.9282837	0.00038903040699999995	673.1610718	1.3355864000000068e-05
672.0476685	0.0006453235692	673.2808228	0.00046987517199999977
672.1670532	0.00064331438627	673.4005737	0.0002558738930000001
672.286438	0.0005449234595	673.5203857	0.0003727024014
672.4058228	0.00038429682351	673.6401367	0.0005301967029999999
672.5252686	0.00025249062306999996	673.7599487	0.00016969529680000003
672.6446533	0.00030876754320000006	673.8796997	0.00028075068300000006
672.7640381	0.0003400667338	673.9994507	0.00030719046500000003
672.8834229	0.00025180279050000007	674.1192627	0.00023665302499999998
673.0028076	0.0002698132012	674.2390137	0.00032549304899999985
673.1222534	0.0001514971664	674.3588257	0.0003540976899999997
673.2416382	0.00028488198767	674.4785767	0.00028390949600000034
673.3610229	0.00023824544049999997	674.5983887	0.00032042386000000027
673.4804688	9.678503559999997e-05	674.7182007	0.00011727784290000001
673.5998535	0.00022258647369999995	674.8379517	0.0003116987640000004
673.7192383	6.254517934e-05	674.9577637	0.0003942798359999997
673.8386841	0.0002066803282	675.0775146	0.00015888171401
673.9580688	0.00013177303480000003	675.1973267	0.0012083132750000001
674.0775146	0.0002846450516	675.3171387	0.008235837331000001
674.1968994	0.00023927316211	675.4368896	0.02369945473
674.3162842	0.00022851634999999996	675.5567017	0.0260176204037
674.43573	0.00022132376035999997	675.6765137	0.020730122689
674.5551147	0.00018955778790000005	675.7963257	0.017279873597999998
674.6745605	0.0002873182166	675.9160767	0.012467307506999998
674.7939453	0.00020302573099999997	676.0358887	0.008665075291
674.9133911	0.00021980341259999998	676.1557007	0.0062534227020000005
675.0328369	0.00031434919219999996	676.2755127	0.004286416573000001
675.1522217	0.0019994801845	676.3953247	0.002972202026
675.2716675	0.008836056236740001	676.5151367	0.0022859917949999992
675.3910522	0.0140890945962	676.6349487	0.0017726207151999998
675.510498	0.012710627546099999	676.7546997	0.0025576739568000002
675.6299438	0.012768299292199999	676.8745117	0.0030453887310000005
675.7493896	0.0125917762194	676.9943237	0.0025904400389999997
675.8687744	0.00955352013296	677.1141357	0.0019117243360000002
675.9882202	0.0067506133347	677.2339478	0.0015150214893999998
676.107666	0.0048590488008000005	677.3537598	0.0013543548989999998
676.2271118	0.0031898101438	677.4735718	0.0008603346070000001
676.3464966	0.0021730660811	677.5933838	0.0005508144389999997
676.4659424	0.0015197768805999998	677.7132568	0.00034319068069999995
676.5853882	0.0013753562235	677.8330688	0.0003796271049999996
676.704834	0.0016621779064000001	677.9528809	0.0004112110470000001
676.8242798	0.0014613007952	678.0726929	0.00034483280620000004
676.9437256	0.0010917033938	678.1925049	0.0002832338209999997
677.0631714	0.0008591270235	678.3123169	0.00039858696999999985
677.1825562	0.0006836329412	678.4321289	0.0003635575999999998
677.302002	0.0005509270559	678.552002	0.0004649301990000002
677.4214478	0.00041428653640000003	678.671814	0.00029413122699999995
677.5408936	0.00028588503478	678.791626	0.00016380939699999972
677.6603394	0.0003597925388	678.911438	0.00021411839399999985
677.7797852	0.00024415380910000004	679.031311	0.00029640377100000016
677.899292	5.304644579999995e-05	679.151123	0.0003976635629999994
678.0187378	0.0001752342505	679.2709351	0.0001586368309999999
678.1381836	0.00023266702190000003	679.3908081	0.00021235132599999994
678.2576294	0.00012004224845	679.5106201	6.0537364000000544e-05
678.3770752	0.00018593392449999993	679.6304321	-1.932121800000009e-05
678.496521	0.00025303478288	679.7503052	1.1101132999999808e-05
678.6159668	0.00010196276709999999	679.8701172	0.0005222412290000001
678.7354126	0.00019380175219000002	679.9899902	0.00010471511599999999
678.8549194	0.0002459128736	680.1098022	0.00015938258700000027
678.9743652	0.00012907342169999995	680.2296753	0.00017535046576
679.093811	0.0001939095382	680.3494873	0.0003570616250000002
679.2132568	0.0001081386727	680.4693604	0.00014985096700000002
679.3327637	6.995638250000002e-05	680.5891724	0.0002658199519999997
679.4522095	0.00022939194605000002	680.7090454	0.00038234866199999976
679.5716553	0.00010596362700000003	680.8288574	0.0004107970739999998
679.6911621	0.00013602593753	680.9487305	0.0005180377050000001
679.8106079	0.00010950678560000003	681.0686035	0.0005291027490000001
679.9300537	0.00010025102530000001	681.1884155	0.0004369508824
680.0495605	0.00012135549340000002	681.3082886	0.00040822534299999984
680.1690063	0.0002077181561	681.4281006	0.0002637002619999998
680.2884521	0.0001726162445	681.5479736	0.00026919366799999997
680.407959	4.2774176110000004e-05	681.6678467	0.0001639474650000001
680.5274048	0.0002096546232	681.7877197	0.0004015301819999999
680.6469116	0.000247600241	681.9075317	0.00018309755249999997
680.7663574	0.0002940471168	682.0274048	0.00038136355599999996
680.8858643	0.0008790279826000001	682.1472778	0.00020208815099999984
681.0053101	0.0011045636057	682.2671509	0.00015466730099999992
681.1248169	0.0007191147306000001	682.3869629	0.00013205366849
681.2442627	0.0008352228905	682.5068359	0.000454911031
681.3637695	0.00042928090984999996	682.626709	1.4742370999999699e-05
681.4832764	0.00040043467741	682.746582	0.0002522689465
681.6027222	0.00044305229496	682.8664551	0.0007210342449999998
681.722229	0.0002028163872	682.9863281	0.0007736576959999999
681.8417358	0.0005097622052	683.1062012	0.0007525942928999999
681.9611816	0.0005237001751	683.2260742	0.00040251895580000006
682.0806885	0.000409617991	683.3459473	0.00046762079000000007
682.2001953	0.0003267951542	683.4658203	0.00019693094999999848
682.3196411	0.00023058186886	683.5856934	0.0005147135809999998
682.4391479	0.00034484095530000003	683.7055664	0.00028435979099999953
682.5586548	0.00019164811963000002	683.8254395	0.00045584188800000015
682.6781616	0.0002442950645	683.9453125	0.00022517330900000045
682.7976685	0.0003912257962	684.0651855	0.00024303840400000023
682.9171143	0.0005063459685	684.1850586	0.00034295951260999996
683.0366211	0.0003932976688	684.3049316	0.0003498578439999995
683.1561279	0.00034375308309999994	684.4248047	0.00015488080700000006
683.2756348	0.0003477983882	684.5446777	0.0001410186519999997
683.3951416	0.00022044139040000002	684.6646118	0.00029759173050000005
683.5146484	0.0001484297245	684.7844849	0.000408849911
683.6341553	0.0002494132641	684.9043579	0.00016687787099999994
683.7536621	0.00018813864339	685.024231	0.00014022621300000004
683.8731689	0.00024024875889999998	685.144104	0.00021783189004000002
683.9926758	0.000163669909	685.2640381	3.675045500000024e-05
684.1121826	5.578038689999998e-05	685.3839111	0.00025744398590000003
684.2316895	0.00024196566666	685.5037842	0.00041127315490000003
684.3511963	0.00015711053125999999	685.6237183	0.0004955461490000002
684.4707031	6.315700736e-05	685.7435913	0.0004216174130000001
684.59021	7.971534789999999e-05	685.8634644	0.00031528365799999994
684.7097168	0.00024951222802	685.9833984	0.0002735049930000003
684.8292236	0.00014749435649999998	686.1032715	0.0005206235220000001
684.9487305	0.00013982848396	686.2231445	0.001046392135
685.0682373	7.05331331e-05	686.3430786	0.0020730532710000003
685.1877441	0.0001259483688	686.4629517	0.003327172715
685.307312	0.00013898586619999996	686.5828857	0.004656594247
685.4268188	0.00021644969092	686.7027588	0.004031642689
685.5463257	0.0001399552275	686.8226929	0.0029111198677
685.6658325	0.000152662565852	686.9425659	0.0023347704846
685.7853394	0.00017225957709999997	687.0625	0.0017890199089999996
685.9049072	0.00036154568080000004	687.182373	0.006617072038000001
686.0244141	0.0005764135567	687.3023071	0.021374339941
686.1439209	0.002588822099	687.4221802	0.026872371908
686.2634277	0.005276106239400001	687.5421143	0.0209532702009
686.3829956	0.008818758534799999	687.6619873	0.0159286579558
686.5025024	0.011507207261799999	687.7819214	0.010713541179
686.6220703	0.009402159252	687.9018555	0.007225099951
686.7415771	0.007058944728	688.0217285	0.005675640190000001
686.861084	0.0049815740640000005	688.1416626	0.004888296476
686.9806519	0.0036261255158000004	688.2615967	0.003680348164
687.1001587	0.0064001147989	688.3814697	0.0028454193666
687.2197266	0.013154821167200001	688.5014038	0.002634470002
687.3392334	0.0141184359921	688.6213379	0.001818418969
687.4588013	0.0107545923992	688.741272	0.0026830104179999996
687.5783081	0.0078242174785	688.861145	0.005620385519799999
687.697876	0.005122046306099999	688.9810791	0.0070421859275
687.8173828	0.0033850089240999998	689.1010132	0.006516560563
687.9369507	0.0026398244377	689.2209473	0.0047657293032999995
688.0564575	0.00209224343809	689.3408813	0.0036982692545
688.1760254	0.0017211174419999998	689.4608154	0.0024308917343
688.2955322	0.0010348745854	689.5806885	0.001820718869
688.4151001	0.0008784639356	689.7006226	0.001124050701
688.534668	0.0011153831438	689.8205566	0.000910276809
688.6541748	0.00455991675	689.9404907	0.000860869535
688.7737427	0.0104633560716	690.0604248	0.00081783325006
688.8933105	0.0117134887401	690.1803589	0.000691900027
689.0128174	0.0093763662444	690.300293	0.000758642796
689.1323853	0.0068151169983	690.4202271	0.0007111258450999999
689.2519531	0.0045793466557	690.5401611	0.00030839955399999995
689.37146	0.0030935833352	690.6600952	0.00042007584100000033
689.4910278	0.0021587097657999998	690.7800293	0.000361884712
689.6105957	0.0013749766221	690.8999634	0.00013206561194
689.7301636	0.00082124494654	691.0198975	0.0003193359589
689.8497314	0.0005785432586000001	691.1398315	0.0003306018188999999
689.9692383	0.00031863440018	691.2598267	-3.143458199999995e-05
690.0888062	0.00034844101169999997	691.3797607	0.0002913889469999993
690.208374	0.00025670687318	691.4996948	0.0001895292954
690.3279419	0.00033603812329999997	691.6196289	0.0003086277290000007
690.4475098	0.00018267121050999998	691.739563	0.0002867535219999999
690.5670776	0.00018658174670000002	691.8594971	0.00032115899379999997
690.6866455	0.00025724123948	691.9794922	0.0005104106677
690.8062134	0.00016519095510000002	692.0994263	0.0004798885199999998
690.9257202	0.000196031775	692.2193604	0.0005842917599999998
691.0452881	0.00011937471569999997	692.3392944	0.0004836219304
691.164856	7.7071488701e-05	692.4592896	0.00025551184100000004
691.2844238	0.0002457655209	692.5792236	0.0005598111019999999
691.4039917	3.847553305e-05	692.6991577	0.0005687933879999999
691.5235596	0.0002652970434	692.8190918	0.0008641951709999999
691.6431274	0.00024344988199000002	692.9390869	0.0006073112600000004
691.7627563	0.00016537038029999996	693.059021	0.0005311316339999999
691.8823242	0.00014409827053000001	693.1790161	0.0003671503055
692.0018921	0.00017579926499999997	693.2989502	0.0005391864109999993
692.12146	0.00011962949243	693.4188843	0.00026044272799999975
692.2410278	0.0001641046838	693.5388794	0.00046898494430000005
692.3605957	7.3010702177e-05	693.6588135	0.0003355860239999998
692.4801636	0.00030088843769999997	693.7788086	0.0010811262769999997
692.5997314	0.00027367334400000003	693.8987427	0.0054073240600000004
692.7193604	0.00034148344999999995	694.0187378	0.0116928800716
692.8389282	0.00029900193474	694.1386719	0.010405668986
692.9584961	0.00028401990126	694.258667	0.007776919757000001
693.078064	0.00020319345642	694.3786011	0.006100043655000001
693.1976318	0.00022002833430000005	694.4985962	0.004198581097
693.3172607	0.00021464241585000002	694.6185303	0.0028422926559999997
693.4368286	0.0001273001544	694.7385254	0.0022559617640000003
693.5563965	0.00027247656184999997	694.8584595	0.0017638736754
693.6760254	0.0005374793836	694.9784546	0.001255460083
693.7955933	0.0026472193203299996	695.0984497	0.0010730368079999997
693.9151611	0.0053510766009	695.2183838	0.0009818795956
694.03479	0.0051089441406	695.3383789	0.001987341791
694.1543579	0.0039704392257000004	695.458374	0.002508544596
694.2739258	0.002813232408	695.5783081	0.0022367861820000003
694.3935547	0.0019736205724	695.6983032	0.0015789691824
694.5131226	0.0011178640998	695.8182983	0.0013256571260000004
694.6327515	0.0009849291232	695.9382324	0.0009849582857
694.7523193	0.0007287927437	696.0582275	0.0012665819380000003
694.8718872	0.00032065040429999996	696.1782227	0.001809121517
694.9915161	0.0004473594454	696.2982178	0.002746094251
695.111084	0.0004229245824	696.4181519	0.002759844414
695.2307129	0.00068980987273	696.538147	0.011085634122
695.3502808	0.0010693266377999999	696.6581421	0.08074315427699999
695.4699097	0.0008536063979	696.7781372	0.221841145347
695.5894775	0.0008067775056000001	696.8981323	0.2338116093684
695.7091064	0.0007049471023	697.0181274	0.18285380634499998
695.8287354	0.0005114856467000001	697.1380615	0.136475251938
695.9483032	0.0006670152942999999	697.2580566	0.09081653590410001
696.0679321	0.0006977048764999999	697.3780518	0.063315125768
696.1875	0.0012188432447000001	697.4980469	0.04478257289
696.3071289	0.0012228145935	697.618042	0.032939876432
696.4267578	0.0050370283131	697.7380371	0.0246204273429
696.5463257	0.039892517291	697.8580322	0.0187461254
696.6659546	0.1109574961761	697.9780273	0.014152323130000002
696.7855835	0.1301130830362	698.0980225	0.01045579603
696.9051514	0.0985343546241	698.2180176	0.007733262492800001
697.0247803	0.07808970074579999	698.3380127	0.005444796287000001
697.1444092	0.055148247628199996	698.4580078	0.004151192726
697.2640381	0.0354027446006	698.5780029	0.003055133624
697.383606	0.0216059185931	698.697998	0.0023432485759999995
697.5032349	0.01177681243002	698.8179932	0.002426497172
697.6228638	0.0065636034701	698.9379883	0.001973179809
697.7424927	0.004213358858	699.0580444	0.001521734288
697.8621216	0.0028120817444	699.1780396	0.0015298407530000002
697.9816895	0.0016913926515	699.2980347	0.0013289055789999999
698.1013184	0.0015235607428	699.4180298	0.0017502367841999997
698.2209473	0.0012711390156	699.5380249	0.0017554233197
698.3405762	0.00116182721074	699.65802	0.001484417822
698.4602051	0.0009515013658	699.7780762	0.0011924237479999998
698.579834	0.00085043775467	699.8980713	0.0009981292533
698.6994629	0.0008043019919	700.0180664	0.0009121180039999999
698.8190918	0.0008144599851000001	700.1380615	0.00087538915981
698.9387207	0.0005244999192999999	700.2580566	0.0010782753809999998
699.0583496	0.00074519256304	700.3781128	0.0006260431839
699.1779785	0.0009109657259	700.4981079	0.0006738314400000006
699.2975464	0.0009142780545399999	700.618103	0.000667222077
699.4171753	0.0010455872693	700.7381592	0.0007511605509999998
699.5368042	0.00089615603797	700.8581543	0.0005603656754
699.6564941	0.0006038693100200001	700.9781494	0.0004816032306
699.776123	0.0007311647059	701.0982056	0.0005618082359999995
699.895752	0.0004580873938	701.2182007	0.0005451546749999999
700.0153809	0.00033499655546	701.3381958	0.0005603050809999998
700.1350098	0.0003940407913999999	701.458252	0.0007177625090000002
700.2546387	0.000228395732804	701.5782471	0.0005586628099999999
700.3742676	0.00043828986240000006	701.6983032	0.0005690057875999999
700.4938965	0.000407589470372	701.8182983	0.0002677451703
700.6135254	0.0003571148845	701.9383545	0.0004896698229
700.7331543	0.0002953683724	702.0583496	0.0005689829120000003
700.8528442	0.0004084225875	702.1784058	0.0006430562644000001
700.9724731	0.00013732575470000002	702.2984009	0.0001958752980000004
701.0921021	0.00023715217685999998	702.418457	0.00022515584699999997
701.211731	0.0002070587361	702.5384521	0.0005790319989999999
701.3313599	0.00019378902291	702.6585083	0.000547576696
701.4510498	0.00029544866989999997	702.7785034	0.000489108497
701.5706787	0.00023098220479000003	702.8985596	0.0009020119614000001
701.6903076	0.00017250073140000005	703.0185547	0.0054455669011
701.8099365	0.000208676589	703.1386108	0.018557695555
701.9296265	0.0001769201335	703.258606	0.022055396345
702.0492554	0.00016190582388999998	703.3786621	0.017491632604000003
702.1688843	0.00023570176559999995	703.4987183	0.01361700124
702.2885742	0.00023494302879999997	703.6187134	0.009463620373
702.4082031	0.0003404907765	703.7387695	0.006374132354
702.527832	0.000205389897519	703.8588257	0.0047191625341
702.647522	0.0002965567837	703.9788208	0.003680353751
702.7671509	0.00041455190510000003	704.098877	0.002758180955
702.8867798	0.0016194259511	704.2189331	0.002012689132
703.0064697	0.0057169933281	704.3389893	0.0016685449519999998
703.1260986	0.0087551518231	704.4589844	0.0011586854228999998
703.2457886	0.0067354231870000005	704.5790405	0.0006899521689999999
703.3654175	0.0059868702375	704.6990967	0.0008183857419999992
703.4850464	0.004495102715459999	704.8191528	0.0005809997382999999
703.6047363	0.0026592002836000003	704.9391479	0.000729775056
703.7243652	0.0015615626033	705.0592041	0.0008646241770000001
703.8440552	0.000854431910512	705.1792603	0.000683398335
703.9636841	0.0006108033704	705.2993164	0.000428349479
704.083374	0.00040600693319999996	705.4193726	0.0004605145660000003
704.2030029	0.00031709307220000006	705.5394287	0.0006880853320000001
704.3226929	0.0002594851103	705.6594238	0.0006849633060000003
704.4423218	0.0003450472577	705.77948	0.000576212536
704.5620117	0.00027784137630000003	705.8995361	0.0006053909889999999
704.6817017	0.00028512463178	706.0195923	0.0005239058519
704.8013306	0.00010910625860000001	706.1396484	0.000363259576
704.9210205	0.0002942893625	706.2597046	0.000512088649
705.0406494	0.00025650506729999996	706.3797607	0.0004343329929999999
705.1603394	0.00017877091889	706.4998169	0.0008043610720000001
705.2800293	0.00018168067619999997	706.619873	0.005866778086
705.3996582	0.00022234579223	706.7399292	0.050763871519999997
705.5193481	0.00018440876729999996	706.8599854	0.16155571912
705.6390381	0.000403308979	706.9800415	0.189441973548
705.758667	0.00043804687449999996	707.1000977	0.1567698870765
705.8783569	0.00018807155355000002	707.2201538	0.120044261659
705.9980469	0.0002933922369	707.34021	0.081568687918
706.1177368	0.00023009999127	707.4602661	0.0559856503995
706.2373657	0.0003976531589	707.5803223	0.040545062392
706.3570557	0.0003839113924	707.7003784	0.029465979665000003
706.4767456	0.0011988590119000001	707.8204346	0.022408911606900003
706.5964355	0.0134530280044	707.9404907	0.016649490219
706.7160645	0.0606584909572	708.0605469	0.012590977831000001
706.8357544	0.090030630421	708.1806641	0.009156222339
706.9554443	0.07578172965869999	708.3007202	0.0065963070369000005
707.0751343	0.0696549804985	708.4207764	0.004761670250999999
707.1948242	0.052350483252300004	708.5408325	0.0035720694580000005
707.3144531	0.0294270835119	708.6608887	0.0027750490699999996
707.4341431	0.0155537893339	708.7809448	0.002398807789
707.553833	0.00855332081153	708.901062	0.002412118251
707.6735229	0.005044277495200001	709.0211182	0.0019730223570000004
707.7932129	0.0034385679316000003	709.1411743	0.0017105177979999998
707.9129028	0.0023745861837	709.2612305	0.0011075879449999998
708.0325928	0.00208345466662	709.3813477	0.0008640268350000001
708.1522827	0.0016216552467	709.5014038	0.001018032315
708.2719727	0.0013195043865	709.62146	0.0007656514649999999
708.3916626	0.001064937329	709.7415161	0.000676739961
708.5113525	0.000904426357	709.8616333	0.0007264032030000001
708.6309814	0.0007276943360999999	709.9816895	0.0004997555511000001
708.7506714	0.000837458385	710.1017456	0.0008015926
708.8703613	0.0008675320565000001	710.2218628	0.0007228009634
708.9900513	0.0007556550554	710.3419189	0.000541768037
709.1097412	0.00051013771003	710.4619751	0.0005392283492999999
709.2294922	0.00057444127016	710.5820923	0.0005669763195000001
709.3491821	0.0004747899075	710.7021484	0.0005164002069999998
709.4688721	0.00048470408184	710.8222656	0.00198485842
709.588562	0.0003823013976	710.9423218	0.0038060019730000003
709.708252	0.00028277523962	711.0623779	0.003504631808
709.8279419	0.00030777733622999997	711.1824951	0.0028423595939999994
709.9476318	0.0003088470403	711.3025513	0.0021523523609999996
710.0673218	0.00024977551940000005	711.4226685	0.0015023957823
710.1870117	0.000225840579299	711.5427246	0.001471705618
710.3067017	0.0003166989627	711.6628418	0.0009373577486
710.4263916	0.00023884124680000003	711.7828979	0.0009059542789999998
710.5461426	0.00034554195009999997	711.9030151	0.0008067679593000001
710.6658325	0.0004389914793	712.0230713	0.0005541180719999999
710.7855225	0.0011875784985	712.1431885	0.000511331717
710.9052124	0.0013997326315	712.2632446	0.0004678750410000007
711.0249023	0.0010336702984999999	712.3833618	0.00041561084799999993
711.1446533	0.0009847893234	712.503418	0.0004692962977
711.2643433	0.000705616083	712.6235352	0.0008762436919
711.3840332	0.00037661104945	712.7436523	0.0018566944630000002
711.5037231	0.00035390025010000005	712.8637085	0.002325743436
711.6234131	0.00022480001283	712.9838257	0.001856290851
711.7431641	0.0001938306669	713.1038818	0.0015955935229999998
711.862854	0.0003334783832	713.223999	0.0014002134559999999
711.9825439	0.00018388844910000003	713.3441162	0.0008611021332999999
712.1022949	0.00021310418373999998	713.4641724	0.000823619892
712.2219849	0.0002588787029	713.5842896	0.0005752081049999998
712.3416748	0.00036120456931000003	713.7044067	0.0004629200550000001
712.4614258	0.00045570213119999997	713.8244629	0.0005054617654000001
712.5811157	0.000787098601	713.9445801	0.00043003787870000005
712.7008057	0.0009430532227699999	714.0646973	0.00043827015899999995
712.8205566	0.0009348813764	714.1847534	0.0003893152752
712.9402466	0.0006891472733999999	714.3048706	0.000331988558
713.0599365	0.0005709053803000001	714.4249878	0.0002803753600000001
713.1796875	0.0004053934681	714.545105	0.00037620822000000026
713.2993774	0.000182011118834	714.6651611	0.001905675512
713.4191284	0.00024327961729999996	714.7852783	0.0099216758974
713.5388184	0.00012415171657	714.9053955	0.02262080146
713.6585083	0.00025168503630000003	715.0255127	0.021298123994
713.7782593	0.00019728960620000002	715.1456299	0.016974472321000002
713.8979492	0.0001415170991	715.265686	0.012358190257000001
714.0177002	0.00026332954621	715.3858032	0.008373273539
714.1373901	0.0002198029324	715.5059204	0.0056402299089999995
714.2571411	0.0002349495771	715.6260376	0.0045131003423
714.3768311	0.0002172433596	715.7461548	0.0034357053228
714.496582	0.00029655728575	715.866272	0.002783201868
714.616272	0.001729889627	715.9863281	0.0032348844690000002
714.7360229	0.006675107928599999	716.1064453	0.0039082430305
714.8557129	0.0096233883163	716.2265625	0.0032648760246000003
714.9754639	0.0081864039823	716.3466797	0.0027103627218
715.0951538	0.0073121071911	716.4667969	0.0021529751830000003
715.2149048	0.0044558580262000005	716.5869141	0.001468885574
715.3345947	0.00241705089872	716.7070312	0.0013834078559999997
715.4543457	0.0013010162803	716.8271484	0.000932182418
715.5740967	0.0008442553809	716.9472656	0.0008214551490000003
715.6937866	0.00048135097496	717.0673828	0.00052474844413
715.8135376	0.0006178621261000001	717.1875	0.0005408705328
715.9332275	0.0007795992861	717.3076172	0.00042990432200000006
716.0529785	0.0010120423681	717.4277344	0.00025709927999999996
716.1727295	0.0009414995438	717.5478516	0.0006206218384
716.2924194	0.0009325513969000001	717.6679688	0.0004471166467
716.4121704	0.0006965868233	717.7880859	0.0002866748250000004
716.5319214	0.0004890406999	717.9082031	0.0004719721619
716.6516113	0.00033661316050999997	718.0283203	0.0002781164370000001
716.7713623	0.0003945121134	718.1484375	0.00040619971700000005
716.8911133	0.00033078732672	718.2685547	0.0003531437840000001
717.0108032	0.0003134129511	718.3886719	0.00044615333899999986
717.1305542	0.00015095773776	718.5087891	-9.864661899999967e-05
717.2503052	0.00014986525639999998	718.6289062	0.00033078610500000003
717.3700562	0.0002830916055	718.7490234	0.0005049828900000001
717.4897461	0.00021671323339999995	718.8692017	0.0002850001326
717.6094971	0.00029134300713	718.9893188	0.00012541282900000003
717.729248	0.00038464031242	719.109436	0.0004012582360000002
717.848999	0.00031448526032399997	719.2295532	0.0003350377083
717.968689	0.00014309032129999997	719.3496704	-4.3880427000000076e-05
718.0884399	0.00025823966283999996	719.4697876	0.0003486052160000001
718.2081909	0.00034528096151999996	719.5899048	0.0005115143430999999
718.3279419	0.00012585987135999997	719.710083	0.00034959102100000014
718.4476929	0.0001253424852	719.8302002	0.0006016308908000001
718.5674438	0.0002736768366	719.9503174	0.00020977767419999994
718.6871338	0.0001488440758	720.0704346	0.00019957474500000016
718.8068848	0.00018673958770999997	720.1906128	0.00043325149500000014
718.9266357	9.751629114e-05	720.31073	0.00051401163728
719.0463867	0.00013795986879999999	720.4308472	0.0003383392470000003
719.1661377	0.0002633612894	720.5509644	0.0004235645750000003
719.2858887	7.601107060000001e-05	720.6711426	0.0004691163779999999
719.4056396	0.00021139100137	720.7912598	0.0024465669410000004
719.5253296	0.0001047460828	720.911377	0.005917067872999999
719.6450806	5.728965329999998e-05	721.0314941	0.005634875499
719.7648315	0.00014274686695	721.1516724	0.004426314146
719.8845825	0.000101410289	721.2717896	0.0033509196361
720.0043335	0.00013428816597	721.3919067	0.0022755804528
720.1240845	0.00020292904810000002	721.512085	0.001787850167999999
720.2438354	8.378017087e-05	721.6322021	0.0013636881480000003
720.3635864	0.00014321890190000002	721.7523193	0.0010474389409999999
720.4833374	0.00013183981716999998	721.8724976	0.0009732877369999999
720.6030884	0.000363874715947	721.9926147	0.0005843974650000003
720.7228394	0.0011145592434999999	722.1127319	0.0005885479768000001
720.8425903	0.0019438000746	722.2329102	0.0003187243130000001
720.9623413	0.0018412253123	722.3530273	0.0004773275580000001
721.0820923	0.0014591610811	722.4732056	0.0006191355639999997
721.2018433	0.0010652837372	722.5933228	0.00033946102500000044
721.3215942	0.0006782982382	722.7134399	0.0003178257030000001
721.4413452	0.00032279188961	722.8336182	0.00014034763499999993
721.5610962	0.0003657201742	722.9537354	0.0004251290810000001
721.6808472	0.0001284659083	723.0739136	0.0002856918149999996
721.8005981	0.00023268006040000003	723.1940308	0.0006659952920000005
721.9203491	0.00014792929869999994	723.314209	0.00067461282
722.0401001	0.00017738374304	723.4343262	0.0008950865589999997
722.1598511	0.000137373445385	723.5545044	0.0013211336920000002
722.2796631	0.00016625296849999999	723.6746216	0.0013440048780000002
722.3994141	0.00019071697169999999	723.7947998	0.001199926599
722.519165	0.00014333610310000004	723.914917	0.0006674276669999999
722.638916	0.00019769767821	724.0350952	0.0006396445679999999
722.758667	0.00016756678820000002	724.1552124	0.00040591135600000043
722.878418	5.634492849999998e-05	724.2753906	0.0003799218680000001
722.9981689	0.00020658280120000003	724.3955078	0.0004013087019
723.1179199	0.00023117865197999998	724.515686	0.00043398560899999996
723.2377319	0.00022225407880000007	724.6358032	0.00042134628200000013
723.3574829	0.0007839273312	724.7559814	0.0002503499271999999
723.4772339	0.0016206838484999998	724.8760986	0.0003096596339999995
723.5969849	0.00180812958601	724.9962769	0.0004549161529999995
723.7167358	0.001437977859	725.1164551	0.00037777097900000035
723.8365479	0.0009962130571	725.2365723	0.0004828129900000004
723.9562988	0.0006150768022	725.3567505	0.0005421652459999997
724.0760498	0.0003771337506	725.4768677	0.00037131132500000004
724.1958008	0.0001754491823	725.5970459	0.00018435772649999998
724.3155518	0.00030001833510000003	725.7172241	0.00018998468300000012
724.4353638	9.455179670000004e-05	725.8373413	0.000525593758
724.5551147	0.00022311522842999998	725.9575195	0.000289557152
724.6748657	0.0001350420061	726.0776978	0.0003534771968
724.7946167	0.00015077932040000002	726.1978149	0.00023575237740000002
724.9144287	0.0001365116769	726.3179932	7.67512250000003e-05
725.0341797	8.8840643e-05	726.4381714	0.0003263526600000002
725.1539307	0.0002880938992	726.5582886	0.0003431944640000001
725.2737427	0.00018749276930000002	726.6784668	0.0010403634806
725.3934937	0.00024268034029999999	726.798645	0.001404246315
725.5132446	0.000209179445	726.9187622	0.001334615867
725.6330566	0.00018321462269999997	727.0389404	0.0010018851700000012
725.7528076	6.32296578e-05	727.1591187	0.001292030095
725.8725586	0.00015360213	727.2792969	0.003741942579
725.9923706	7.512285446000002e-05	727.3994141	0.016907681948
726.1121216	0.00010387002840000001	727.5195923	0.042590079361
726.2318726	0.00011962197456	727.6397705	0.043867034485000005
726.3516846	0.0001337620488	727.7599487	0.033966039424
726.4714355	0.00019837531724	727.8800659	0.023752548848000002
726.5911865	0.0003430232755	728.0002441	0.016701466757
726.7109985	0.000467477226284	728.1204224	0.012793163304000002
726.8307495	0.0005377117777000001	728.2406006	0.009483639384
726.9505005	0.00030624009012	728.3607178	0.007211230230000001
727.0703125	0.0004889703705000001	728.480896	0.0055007897903
727.1900635	0.0011690172833	728.6010742	0.004517784459
727.3098755	0.0058838386176	728.7212524	0.0039725432284999996
727.4296265	0.0155222619692	728.8414307	0.0029550071337999997
727.5494385	0.016759250812199998	728.9616089	0.002303522895
727.6691895	0.0122977610148	729.0817261	0.0020172058138999997
727.7889404	0.0085799714721	729.2019043	0.00145054424095
727.9087524	0.00485592433	729.3220825	0.0010575847699999998
728.0285034	0.0022991599979	729.4422607	0.0009043011819999999
728.1483154	0.0011846168781000001	729.562439	0.0006651366130000001
728.2680664	0.00098512112939	729.6826172	0.0005993247905
728.3878784	0.0006676737867	729.8027954	0.0005610142840000005
728.5076294	0.0006841612634000001	729.9229736	0.0007134145708
728.6274414	0.0008248763042	730.0430908	0.0007442072969999999
728.7471924	0.0006708539436999999	730.163269	0.0006532635310000001
728.8670044	0.00066857394453	730.2834473	0.00038823566899999994
728.9867554	0.0004089168797	730.4036255	0.0005020154640999999
729.1065674	0.0004963256215	730.5238037	0.0002854788908
729.2263184	0.00036438519600000003	730.6439819	0.00045244628600000017
729.3461304	0.00038938791849999995	730.7641602	0.00030839117975
729.4658813	0.00023643118030000003	730.8843384	0.00042273849299999996
729.5856934	0.00020517285159999998	731.0045166	0.00041504506900000033
729.7054443	0.00017050537279999998	731.1246948	0.0004053357991000001
729.8252563	0.0001672520448	731.244873	0.0008864318959999999
729.9450684	0.0001378389424	731.3650513	0.0032645156609999995
730.0648193	0.00024186934751000002	731.4852295	0.0043604253445
730.1846313	0.00027475555540000003	731.6054077	0.003575511858
730.3043823	0.00018123987683	731.7255859	0.00329816980944
730.4241943	0.00017206539630000003	731.8457642	0.0038678238640000003
730.5439453	0.00031190723896	731.9659424	0.0029399306519999995
730.6637573	3.79191188e-05	732.0861206	0.002546470147
730.7835693	0.00012037189299999999	732.2062988	0.0017582830040000002
730.9033203	0.00012545721259999998	732.3264771	0.001304370119
731.0231323	0.00019087849071	732.4466553	0.0011083038407999999
731.1429443	0.0003243829124000001	732.5668335	0.0011358666230000007
731.2626953	0.00094536924012	732.6870117	0.0007706317119999997
731.3825073	0.0011304192012999998	732.8071899	0.0006189739790000001
731.5022583	0.0010213786004	732.9273682	0.00045916332606
731.6220703	0.0010765103798	733.0475464	0.00034625153099999994
731.7418823	0.0009567127854	733.1677246	0.00043026637200000014
731.8616333	0.0005068744358000001	733.2879028	0.0001712045639999998
731.9814453	0.0005023763806	733.4081421	0.00025414954800000037
732.1012573	0.00031732958091	733.5283203	0.0005226547370000001
732.2210083	0.00021887104959999993	733.6484985	0.0003306001017
732.3408203	0.0001905538957	733.7686768	0.00018052523899999987
732.4606323	0.0001716148108	733.888855	0.00026333052700000005
732.5803833	0.00021546565399	734.0090332	0.00036051776199999986
732.7001953	0.00016066149690000003	734.1292114	0.0003507537477
732.8200073	0.00013175749339999998	734.2493896	0.0004450813869999999
732.9398193	0.0001897702168	734.3696289	0.0002702977510000001
733.0595703	0.00014101247874	734.4898071	-0.00010192068299999957
733.1793823	0.00012507844070000002	734.6099854	0.000500713941
733.2991943	9.598381166e-05	734.7301636	0.00035097199719999993
733.4189453	0.00021985477360000002	734.8503418	0.000426496262
733.5387573	0.00022108839043	734.97052	0.00045847985899999995
733.6585693	0.0001784357009	735.0906982	0.0005146942559999998
733.7783813	0.00024375841533999998	735.2109375	0.001343716635
733.8981323	0.00012846321619999998	735.3311157	0.0033376240169999995
734.0179443	9.521869650000003e-05	735.4512939	0.007852449547
734.1377563	0.0002472751366	735.5714722	0.0084022371153
734.2575684	0.0003275041345	735.6916504	0.005891438569
734.3773804	0.0002196444257	735.8118896	0.004451445246
734.4971313	0.00031572328593	735.9320679	0.0031743356949999997
734.6169434	0.0003630889987	736.0522461	0.0026072705225
734.7367554	0.00031124067753	736.1724243	0.0019638081141
734.8565674	0.0005268840467999999	736.2926636	0.0016596678179999999
734.9763794	0.00032445114624999997	736.4128418	0.001179998275
735.0961304	0.00039364345140000006	736.53302	0.0011591878719999999
735.2159424	0.0008716602241999999	736.6531982	0.0007908260449999999
735.3357544	0.0020035860066	736.7734375	0.0005062285340000005
735.4555664	0.0023035538474	736.8936157	0.0007670756892000001
735.5753784	0.0018008341724000002	737.0137939	0.0007870510459999998
735.6951294	0.0012539883611	737.1339722	0.0021967093929999995
735.8149414	0.0010731755176	737.2542114	0.010529346061999999
735.9347534	0.0005679664756	737.3743896	0.022718893886300003
736.0545654	0.0004259365378	737.4945679	0.020016600846
736.1743774	0.00029825027020000003	737.6148071	0.0140936298396
736.2941895	0.00035931461019999997	737.7349854	0.010185715978000002
736.4140015	0.00016365529521000002	737.8551636	0.007505554709
736.5337524	0.0003240486694	737.9753418	0.006042154738999999
736.6535645	0.00021978030275269998	738.0955811	0.00553317368
736.7733765	0.0003389256017	738.2157593	0.006650070190999999
736.8931885	0.0002471459084	738.3359375	0.026361118183
737.0130005	0.0004203203425	738.4561768	0.131216223795
737.1328125	0.0018183199139	738.576355	0.259550630459
737.2526245	0.0050249291812	738.6965332	0.2160211315894
737.3724365	0.00435439375	738.8167725	0.1558092428938
737.4921875	0.0039469148757	738.9369507	0.111859033578
737.6119995	0.0030320305377999996	739.0571289	0.08042746712900001
737.7318115	0.0020647902712	739.1773682	0.063511497805
737.8516235	0.0013461421476000002	739.2975464	0.049839599993
737.9714355	0.0016590423766	739.4177856	0.040055674849
738.0912476	0.00275453843655	739.5379639	0.031511378473299996
738.2110596	0.0053504031675	739.6581421	0.025000978727
738.3308716	0.0274421600371	739.7783813	0.019734261557
738.4506836	0.0695069301611	739.8985596	0.0149746925592
738.5704956	0.073654366761	740.0187378	0.011700660222
738.6903076	0.0531240623553	740.1389771	0.008475508305
738.8101196	0.0388803726539	740.2591553	0.006937393921000001
738.9299316	0.024939151101000003	740.3793945	0.0057967182949000004
739.0497437	0.0135667221334	740.4995728	0.0045661480687
739.1695557	0.0067719158539	740.619812	0.0039650881660000005
739.2893677	0.0048115923414	740.7399902	0.003274966497
739.4091797	0.0040126645177	740.8601685	0.002572004683
739.5289917	0.0032425121464	740.9804077	0.002339972183
739.6488037	0.0026205679164	741.1005859	0.0021774357885
739.7685547	0.00225931502853	741.2208252	0.001864653896
739.8883667	0.0019162645917000002	741.3410034	0.0028118724010000005
740.0081787	0.0015533205875	741.4612427	0.002919163788
740.1279907	0.0015744117552	741.5814209	0.002319001476
740.2478027	0.0013108474959	741.7016602	0.002151853405
740.3676147	0.0011792768198000002	741.8218384	0.001268160762
740.4874268	0.0009857492987	741.9420166	0.0013162768439999996
740.6072388	0.0008714307623	742.0622559	0.0014078526293
740.7270508	0.0007525331748	742.1824341	0.0010831375835
740.8469238	0.0005711894628	742.3026733	0.0012899064460000003
740.9667358	0.0006441567529999999	742.4228516	0.0011265911744999999
741.0865479	0.0005970824573	742.5430908	0.0015770285972
741.2063599	0.0007239940168	742.663269	0.0020047139840000004
741.3261719	0.0008791250874999999	742.7835083	0.002374831121
741.4459839	0.0006945864443000001	742.9036865	0.0015130317770000001
741.5657959	0.0006490207306	743.0239258	0.0013742712330000002
741.6856079	0.0005255264986	743.144104	0.0010908395049999998
741.8054199	0.0004546542768	743.2643433	0.001039926768464
741.9252319	0.0003876433766	743.3845215	0.0009802498393
742.0450439	0.00022297420949999997	743.5047607	0.0006355044900000003
742.164856	0.00012445851460000002	743.624939	0.00031814443999999935
742.284668	4.266866020000002e-05	743.7451782	0.00017356314000000102
742.40448	3.1181843999999906e-05	743.8653564	0.0001731803600000005
742.524292	0.00017818791090000008	743.9855957	-2.606212999999892e-05
742.644104	6.187328870000015e-05	744.105835	-5.6275160000000823e-05
742.763916	0.00010381572059999997	744.2260132	0.0001385677599999996
