Wellenlänge 1	Intensität 1	Wellenlänge 2	Intensität 2
321.4651794	0.000304413959	321.4895935	-0.00021290592999999997
321.5724487	-0.00020425277799999975	321.5973206	0.0011648274970000004
321.6797485	-0.00028714537600000017	321.7050476	-0.0007024137310000004
321.7870483	0.0006268327120000005	321.8128052	-0.0027293264800000022
321.8943481	0.0001117195929999995	321.9205627	-0.0021941587299999996
322.0016785	-0.000279245899999999	322.0283203	-0.0008021220499999995
322.1089783	-0.00043614167990000004	322.1360779	-0.00016903271900000055
322.2163086	0.0008431607860000002	322.2438354	-0.0009618662299999969
322.3236389	-3.131851599999947e-05	322.3516235	-0.0010507143999999996
322.4309692	-6.340048300000015e-05	322.4594116	-0.001406144350000001
322.5383301	0.00016828719600000056	322.5671997	-0.0004527076525
322.6456909	0.00030677439600000026	322.6750183	-0.0017393753000000053
322.7530518	-0.00018996512499999934	322.7828064	-0.0017623491600000027
322.8604126	-0.0002032187770000006	322.890625	0.0011842176359999988
322.9677734	0.000521170441	322.9984436	0.000638606026
323.0751648	6.311759399999992e-05	323.1062622	-0.0016102492899999973
323.1825256	-0.00021271000200000006	323.2141113	-0.001138539059999999
323.289917	-0.0007461863569999993	323.3219299	-0.00047856313200000033
323.3973389	0.00021475036196	323.4297791	0.0012860596200000001
323.5047302	0.000423344318	323.5376282	0.0001632384899999985
323.6121521	0.00047871912899999976	323.6455078	-0.0012615062300000007
323.719574	0.0001448788680000002	323.7533569	0.00017377873799999995
323.8269958	-0.00016072299999999977	323.8612366	0.00137912808
323.9344177	0.00029279990100000014	323.9691162	-0.001263383780000002
324.0418701	-0.00010825600000000102	324.0769958	5.758181000000209e-05
324.149292	6.774952600000026e-05	324.1848755	0.00017243390899999989
324.2567444	1.5236437000000057e-05	324.2927856	-0.0021451171500000005
324.3641968	-0.00023371400299999987	324.4006958	5.8889389000000084e-05
324.4716797	0.00025438843299999993	324.508606	8.479133000000028e-05
324.5791321	-0.0006184038355999999	324.6165161	-0.001172488559999997
324.686615	-0.00022883410500000026	324.7244263	-0.00041847582999999904
324.7940979	-0.00029243255260000007	324.8323669	9.742193000000093e-05
324.9016113	0.00029353541329999995	324.9403076	-0.0018333345599999967
325.0090942	0.00019599264499999946	325.0482483	-0.0012943334870000002
325.1166077	-0.00017438642699999993	325.156189	-0.0003283117000000002
325.2241211	0.000870236196	325.2641602	-0.0006864629600000019
325.3316345	-5.165685400000024e-05	325.3721313	6.726942999999916e-05
325.4391479	-0.00034863111800000003	325.4801025	-0.00264089275
325.5466919	0.0004476420599999996	325.5880737	0.001168476413999999
325.6542358	0.0003425367179999998	325.6960449	-0.0008843876400000013
325.7617798	7.512653200000005e-05	325.8040466	0.0006530198739999999
325.8693237	0.0007175565699999997	325.9120483	0.00070535205
325.9768677	-0.00031293928599999965	326.02005	0.0008155377600000003
326.0844421	-6.412458600000008e-05	326.1280518	0.0019498264889999998
326.1920166	-4.896149099999948e-05	326.2360535	0.0002892427100000001
326.2995911	-0.00026731844999999983	326.3440857	0.0010356216219999997
326.4071655	-0.0002963650039999998	326.4521179	-0.001117732609
326.5147705	0.0009283199910000012	326.5601501	-0.0003316644500000014
326.622345	9.409571099999996e-05	326.6681824	-0.0010730270299999997
326.72995	0.00012466381300000012	326.7762451	0.0005848247089999999
326.8375549	-0.00038622249900000004	326.8843079	-0.0015595052399999983
326.9451904	-0.00022784247999999962	326.9923706	0.0011655669620000003
327.0527954	-0.0007208583409999995	327.1004333	-1.7882091999999947e-05
327.1604309	0.0002761091999999993	327.2084961	-0.00022520963100000017
327.2680664	0.0003029170910000003	327.3165894	0.0001701973369999995
327.3757324	0.00016960912039999996	327.4246826	-0.00013543339400000007
327.4833679	0.00020397128600000043	327.5327759	0.0014756661839999997
327.5910339	0.0009369738399999999	327.6408691	0.00017192121600000001
327.6987	0.000342823565	327.7489624	0.0016202805540000004
327.806366	0.00015540324960000004	327.8570862	0.000622708117
327.914032	0.00031142064839999995	327.96521	-0.0004219599099999985
328.0217285	0.00018585938900000064	328.0733337	7.50599400000003e-05
328.1293945	0.0001336312850000001	328.1814575	0.00034990627299999986
328.2370911	0.0002750623970000001	328.2896118	-0.0008291052700000016
328.3447876	9.184386722999999e-05	328.3977661	-0.001952715219999998
328.4525146	0.00044635299130000005	328.5059204	-8.187629299999909e-05
328.5602112	-0.00011504674299999979	328.6140747	0.0006773136411
328.6679382	0.00077519333	328.722229	0.00015938840999999912
328.7756653	-8.805650000000623e-06	328.8304138	-0.0007448848399999979
328.8834229	-0.0004930994469999998	328.9385986	-0.0005416050600000003
328.9911499	-0.0003957347940000003	329.0467834	0.0007354121189999999
329.0989075	3.781938000000013e-05	329.1549683	0.00042891921500000027
329.206665	0.00048621464499999916	329.2631531	-0.0017078518900000006
329.3144226	0.00068463934445	329.3713684	-0.0013702890142
329.4221802	4.184292600000004e-05	329.4795837	-0.0015472816300000011
329.5299683	-2.6666560000000207e-05	329.5877991	-0.00059178285
329.6377258	-4.397239529999996e-05	329.6960144	0.0004136133940000012
329.7455139	-0.0006652092559999998	329.8042603	-0.00038523972000000135
329.8533325	0.0002033938654	329.9124756	0.0015356205399999993
329.9611206	-0.0005827760299999991	330.0207214	0.0008035033388
330.0689392	0.00032010208900000014	330.1289673	0.0010083625237
330.1767273	0.0005300994970000002	330.2372437	0.0002441497060000006
330.2845459	-0.00011508817999999858	330.3454895	-0.0003422470770000005
330.392395	-0.0004285043110000002	330.4537659	-0.00011920183999999945
330.5002136	-4.844169600000002e-05	330.5620422	0.0017455354685999998
330.6080627	0.00021112990000000074	330.6703186	-0.0015990189279999996
330.7159119	-0.0002466551960000002	330.7786255	-0.0009926364289999999
330.823761	0.00038340687800000016	330.8869019	0.0005851788449999992
330.9316101	0.0001041381619999995	330.9952087	-0.00011956831400000006
331.0394897	-0.00020800717199999982	331.1035156	-0.0021972209199999926
331.1473694	1.777568800000011e-05	331.211853	0.0004667495379999994
331.2552185	9.69115700000002e-05	331.3201599	-0.0007182993000000026
331.3631287	-0.001419915585	331.4284973	-0.00113607571
331.4710083	6.6912035e-05	331.5368347	-0.0003351634399999994
331.5789185	-0.0004085898400000001	331.6451721	0.0009775208310000005
331.6868286	0.0006715036000000006	331.7535095	-0.0013192780399999965
331.7947388	-0.0003354586660000002	331.8618774	0.0013011835979999998
331.9026489	-0.00011823279799999965	331.9702148	0.00028473045700000074
332.0105591	-0.000244272058	332.0785828	-0.0006493795700000006
332.1184998	-0.0004182755900000012	332.1869507	0.0003049904479999997
332.2264404	-0.00032399781100000014	332.2953491	-0.0005539776799999997
332.3343811	0.00023190677099999956	332.403717	-0.00045529008000000024
332.4423218	4.179542999999987e-06	332.5121155	-0.0020346250400000016
332.550293	-0.0003602523299999997	332.6205139	-0.0027556419399999976
332.6582642	1.0833144000000315e-05	332.7289124	-0.0016269013300000065
332.7662048	0.00012454856199999986	332.8373413	0.0013266815810000004
332.8742065	0.0005529946650000002	332.9457703	0.001046332530000001
332.9821777	-0.00013344734899999999	333.0541687	0.0004416727460000002
333.0901794	0.00023502484000000046	333.1625977	-0.002271872010000002
333.1981506	-0.00023580562270000003	333.2710571	-0.0002115098800000003
333.3061523	-2.301111800000026e-05	333.3794861	0.00041880062799999965
333.4141846	-0.0002817437059999999	333.4879456	0.000670515
333.5221863	-2.8286129000000548e-05	333.596405	0.0015366671140000002
333.6302185	-0.00014002050799999995	333.7048645	-5.325302999999865e-05
333.7382507	-0.00013927184099999951	333.813324	-0.0016547590500000028
333.846283	3.6430544999998746e-05	333.921814	0.0008700396899999994
333.9543152	-9.63932839999999e-05	334.030304	-0.00146393664
334.0623779	0.00019336095989999993	334.1387939	-0.0004933111631999999
334.1704102	-0.0005519445959999997	334.2472839	-0.0026786793000000003
334.2784729	-0.0002727762330000001	334.3557739	0.001047123689
334.3865356	0.0002087125176	334.4642944	-0.0010460838699999989
334.4946289	0.0005044692669999998	334.5728149	-0.0013546496600000003
334.6026917	0.0003890977240000003	334.6813354	0.0003619478089999994
334.7107849	-0.00029218176490000003	334.789856	0.0006791902709999999
334.8188782	0.00029917527000000027	334.8983765	-7.847602999999995e-05
334.9269714	-0.00043986854099999995	335.0069275	-0.00011018826600000002
335.0350952	0.00018392875800000118	335.1154785	-0.001940377059999998
335.1431885	0.00012787431500000009	335.2240295	-0.0013792850099999948
335.2513123	-0.00046628667039999995	335.3325806	-0.0003230981600000002
335.359436	-6.374018299999977e-05	335.4411621	0.002042767590000001
335.4675598	-0.00042390963099999974	335.5497131	0.0008729998949999996
335.5757141	0.00032474543	335.6582947	0.0010359692390000002
335.6838379	0.00024673435800000006	335.7668762	0.0013934987369999998
335.7919922	-0.0002654969139	335.8754883	-0.0006735436699999986
335.9001465	0.0003498685550000005	335.9840698	-0.0012918114600000002
336.0083313	-0.0006512625839999999	336.0926819	-0.0011977478899999963
336.1164856	0.00040174651080000003	336.2012939	-0.0012533422499999974
336.2246704	0.00043626269300000003	336.309906	0.0007287494370000003
336.3328552	-9.539793300000028e-05	336.4185181	0.00042201764900000067
336.44104	0.0006606471433	336.5271606	-0.0003714030600000008
336.5492249	0.0002140910360000003	336.6358032	0.000376755837
336.6574402	7.128343000000273e-06	336.7444458	-0.0007035555320000003
336.7656555	0.000476334244	336.8530884	0.00025044137100000015
336.8738708	-0.0005242091140000003	336.961731	0.0008098885880000002
336.9820862	0.00014777859905	337.0704041	0.0002326313500000017
337.0903015	0.0005831085140000003	337.1790771	7.944275000000035e-05
337.1985474	-0.00021553877799999985	337.2877502	-0.0004880619239999995
337.3067932	-0.0005501776470000002	337.3964233	-0.0008964035699999991
337.4150391	-0.000214231667	337.5050964	0.0003648614509999997
337.5232849	0.00047344248700000036	337.6138	0.0017741071
337.6315613	-0.00028984993700000017	337.7225037	0.00014682789299999988
337.7398071	1.0893912999999922e-05	337.8312073	0.0002377005300000009
337.8480835	5.865329900000063e-05	337.9399109	-0.0002716630700000007
337.9563599	0.00030601327299999994	338.048645	-0.0006090179099999989
338.0646667	-0.00015953788599999946	338.1573486	0.0013574865876
338.1729431	-0.00010914506800000011	338.2660828	-0.00032660364999999997
338.28125	9.021582100000002e-05	338.3748169	0.0014431409650000001
338.3895569	-0.0002943907170000001	338.4835815	-0.00022684736199999993
338.4978638	-4.8317481000000224e-05	338.5923157	0.0007295861140000001
338.6061707	0.0004341527819999996	338.7010803	-0.00020122434999999932
338.7145081	-1.2340954999998793e-05	338.809845	0.0007422585099999997
338.8228455	0.00022938870899999984	338.9186096	0.0011067306590000006
338.9311829	-0.00010052137099999994	339.0274048	0.0006616469469999998
339.0395203	0.0003158561899999999	339.1361694	-0.0015911050099999997
339.1478577	0.00019357271999999987	339.2449646	0.00040169153300000093
339.2562256	6.267102399999929e-05	339.3537598	-0.0006799716499999997
339.3645935	0.00042119482500000034	339.4625549	-4.062987999999858e-05
339.4729614	3.181956700000011e-05	339.5713501	0.0008060634099999985
339.5813293	-0.00014705211000000037	339.6801758	-0.0026243161400000027
339.6896973	0.0003833323719999995	339.7890015	-0.001493690540000002
339.7980957	0.00013524631500000015	339.8978271	0.003507882299999987
339.9064941	0.0004540202200000003	340.0066528	-0.0012595765300000006
340.0148926	0.00011398643300000039	340.115509	4.556309499999939e-05
340.123291	-0.0002937214449999998	340.2243347	-3.090547400000018e-05
340.23172	-1.3723970000000668e-05	340.3331909	-0.0018843710400000026
340.3401489	0.00027965195499999977	340.4420471	0.0017587841139
340.4485474	0.00010212382699999992	340.5509033	0.0005803424799999991
340.5570068	0.0002259786700000003	340.65979	0.000384293497000001
340.6654358	-0.0006478023720000005	340.7686768	0.0013276105750000006
340.7738647	0.00024561304600000024	340.877533	0.0009924266490000007
340.8823242	0.000163258519	340.9864502	-0.0016873739699999994
340.9907837	-0.00026198569699999955	341.0953369	-0.0014597624599999998
341.0992432	-2.920965200000009e-05	341.2042236	-0.001469913869999999
341.2077332	0.000403123442	341.3131409	0.00023960694999999865
341.3161926	0.0006068168440000001	341.4220581	-0.0017308555600000011
341.4246826	0.00023859283100000002	341.5309753	-0.0010521197699999993
341.5331726	3.392808199999958e-05	341.6398926	-0.0020764186050000006
341.6416626	-0.0008201566529999994	341.7488403	-0.0017316527700000015
341.7501831	0.0003034863600000007	341.8577881	-0.0016724262400000002
341.8586731	0.00031030649009	341.9667358	0.001101742382
341.9671936	0.00039820745600000016	342.0756836	-6.115808999999917e-05
342.0757141	0.0005626245410000003	342.1846313	-0.0010608648880000016
342.1842346	0.000447377679	342.2936096	-0.0023723076999999995
342.2927856	-1.9250146599999996e-05	342.4025574	0.00017028464899999972
342.4013367	-0.00023280270399999962	342.5115356	-0.0014164512979999997
342.5098572	0.000435562222	342.6205444	0.000778340734999999
342.6184082	6.080349000000011e-05	342.7295227	0.00046060187699999925
342.7269897	0.0007454715670000001	342.8385315	0.0010582171399999996
342.8355408	0.00044919270999999993	342.9475098	0.0003516078000000006
342.9441223	-0.00019802898200000025	343.0565186	-0.0011679809600000021
343.0527039	0.000603246969	343.1655579	-0.00090082176
343.1612854	-0.0003186073150000003	343.2745667	-0.0014862380899999979
343.2698669	0.00045556481999999964	343.383606	-0.0003452859819999994
343.378479	-5.57927400000012e-05	343.4926453	0.00030201674000000095
343.4870911	9.163096499999971e-05	343.6016846	-0.00039844307999999974
343.5956726	-0.00012397021099999975	343.7107239	-0.001916946144
343.7043152	-0.00014583393899999988	343.8197632	-0.001017744650000001
343.8129272	-0.00010018772499999998	343.928833	0.0010166517450000004
343.9215698	0.000449165236	344.0379028	0.000174269081
344.0301819	-0.00033688265999999925	344.1469727	-0.002440851179999995
344.1388245	-0.0004067076369999997	344.2560425	0.0010632029739999996
344.247467	-2.4380161999999414e-05	344.3651428	0.0016073728909999996
344.3561401	-0.00030839396599999973	344.4742126	0.0011156465619999998
344.4647827	0.00088405514184	344.583313	1.7879531000000205e-05
344.5734558	-0.0008213085819999998	344.6924133	-0.0004537191710000002
344.6821289	0.00025902513883	344.8015137	-0.0016428027300000002
344.790802	-0.00038960203600000003	344.9106445	0.0007304158059999993
344.8995056	-0.0002708091639999999	345.0197754	-0.0015026777999999977
345.0081787	0.00015086820400000023	345.1289062	-0.001896288240000002
345.1168823	0.0004015774469999997	345.2380371	0.000858791173
345.2255859	0.0004000704499999999	345.347168	0.00044767977700000024
345.3343201	-0.0002543660809999999	345.4562988	-0.0013960888600000002
345.4430237	0.0004243007860000002	345.5654602	0.0009998297319999995
345.5517578	6.1711296e-05	345.6746216	-8.622463800000112e-05
345.6604919	-0.0004427675100000007	345.783783	0.0006175823510000001
345.7692261	-6.385214510000003e-05	345.8929749	-0.0009097992440000001
345.8779602	-8.883140899999982e-05	346.0021362	-0.0017292313199999965
345.9866943	0.000292213634	346.1113281	-0.0021590776700000022
346.095459	0.00044909538700000067	346.22052	0.0004102615599999998
346.2042236	-0.00024653505499999846	346.3297119	-0.0010062009100000012
346.3129883	-0.00012883171499999957	346.4389038	0.0016178309375000002
346.4217529	0.00028001982799999957	346.5481262	0.0011612921999999987
346.5305481	-0.0002280455080000002	346.6573486	0.0009743787234
346.6393433	0.00037679448700000083	346.766571	7.837545200000025e-05
346.7481079	-0.0006052104289999999	346.8757935	0.0009986711670000002
346.8569336	-0.00020594780474	346.9850159	0.0002907935989999999
346.9657288	1.2182629999999556e-05	347.0942688	-0.0010968204600000017
347.0745239	0.00011007057099999998	347.2034912	0.0009256857439999995
347.1833496	0.0001900584900000001	347.3127441	-0.0001447536050000007
347.2921753	-0.0004309746439999998	347.4220276	0.0010323193859999996
347.401001	0.0006970306860000011	347.5312805	0.0017244725019999996
347.5098572	0.0003774976299999993	347.6405334	0.0010929517439999996
347.6186829	-0.000228231671	347.7498169	0.00021151034099999976
347.7275391	0.00026521086699999967	347.8591003	0.0017624181346
347.8363953	0.0001695322281	347.9683838	-0.0018081292499999985
347.9452515	0.00031138106700000006	348.0776978	0.000554521568
348.0541077	-4.7258567000000445e-05	348.1869812	0.0007985914130000001
348.1629944	0.00027043884600000054	348.2962952	-0.002061298119999999
348.2718811	-6.596744100000008e-05	348.4056091	0.0004910472780000003
348.3807678	0.00017258711100000008	348.5149231	0.0008369202838000001
348.4896545	-0.0003682185199999999	348.6242676	0.0009003067390000001
348.5985413	-0.0002081303399999999	348.7336121	0.0019953526204
348.7074585	-0.00014221854500000037	348.842926	0.00014946423000000014
348.8163757	-0.0005365839460000003	348.9522705	-0.00036405026899999967
348.925293	0.000538258814	349.0616455	0.0004354966799999995
349.0342102	-0.00010053772710000004	349.17099	-0.0014524869699999998
349.1431274	-0.0001963858950000002	349.280365	0.00042777509000000054
349.2520752	4.419917199999994e-05	349.3897095	-0.0016611320899999997
349.3610229	0.0002085505979999994	349.4990845	-0.00035085901000000107
349.4699707	-0.00012855790000000124	349.60849	-0.00018693134199999992
349.5789185	-1.771375499999995e-05	349.717865	-0.0015496052800000049
349.6878967	0.0004547997380000002	349.8272705	0.0008305758300000028
349.7968445	0.00022914959099999948	349.936676	-0.0022210162099999993
349.9058228	-0.0008785501200000018	350.0460815	-0.0008627884100000024
350.014801	0.0004769301739999997	350.1554871	-0.0014150440699999996
350.1237793	0.00037437291760000004	350.2648926	0.0005131200889999998
350.2327881	-4.04884340000002e-05	350.3743286	0.0012633548999999994
350.3417664	0.0004930244759999997	350.4837646	-0.0005865059799999989
350.4507751	2.147164199999864e-05	350.5932007	0.0009291092859999997
350.5597839	8.343742199999984e-05	350.7026367	-0.0003944332709999998
350.6688232	0.0007741427979999996	350.8121033	-0.0005635134870000001
350.777832	0.0002741022036	350.9215393	-0.0004340820019999997
350.8868713	0.0001221676359999999	351.0310059	0.0007701795539999997
350.9959106	1.4397782000000539e-05	351.1404724	0.0011646626550000008
351.10495	-0.00012675812499999932	351.249939	-0.001932023090000002
351.2139893	0.0001859283080000002	351.359436	0.0012979349119999995
351.3230286	-0.00013890978899999988	351.4689026	0.0007395166900000007
351.4320984	0.00010657683000000074	351.5783997	0.0007012571440000001
351.5411682	0.00018787989400000007	351.6878967	-0.001419624312
351.650238	-2.791930450000003e-05	351.7974243	0.00032366812199999956
351.7593079	0.0005938103419999997	351.9069214	0.0009874766689999996
351.8684082	0.0003108982930000001	352.016449	0.0013558995000000004
351.9775085	0.0006352730559999998	352.1259766	0.0023627928450000004
352.0866089	6.0228398999999985e-05	352.2355042	0.0005132928499999995
352.1957092	0.00021187867899999987	352.3450317	-0.00028535537500000083
352.3048096	0.00020537507959999992	352.4545593	0.0007709190250000005
352.4139099	-0.00023998611099999997	352.5641174	0.0002875295469999999
352.5230408	0.0005892761547	352.6736755	0.0008544567980000002
352.6321716	0.00038258638299999963	352.7832336	-0.001385906709999999
352.7413025	-0.00020719272999999983	352.8927917	0.0008428546140000002
352.8504333	-0.00012779142699999996	353.0023804	-0.00033361138800000033
352.9595947	-7.421866760000005e-05	353.1119385	0.0005856915379999997
353.0687561	-6.745115400000009e-05	353.2215271	-0.0014403145799999975
353.1779175	4.61288720000003e-05	353.3311157	0.0005348252599
353.2870789	-5.641719300000011e-05	353.4407349	-0.00104582309
353.3962402	5.523115399999959e-05	353.5503235	-0.0003514168800000002
353.5054321	0.00021284492670000006	353.6599426	-0.0006025917800000016
353.6145935	-0.0002853563100000001	353.7695618	0.0005320720380000005
353.7237854	9.853207000000072e-05	353.8791809	-0.0005905695720000003
353.8329773	-0.00036131404399999956	353.9888	0.00196730718
353.9421997	0.0006394344389999999	354.0984192	0.0018975321439999998
354.0513916	-0.000389307272	354.2080688	-0.002026364210000001
354.160614	-0.00045143274480000003	354.3177185	-0.0003478502331
354.2698364	-0.00035281013700000016	354.4273682	-0.0005474649300000016
354.3790588	-1.592282299999956e-05	354.5370178	-0.002207836139999999
354.4882812	-0.0004202907439999999	354.646698	0.0013621011749999998
354.5975342	-0.00023622857399999923	354.7563477	-0.0005895541980000009
354.7067871	0.00023879995600000013	354.8660278	-0.0014534061699999993
354.81604	-0.00010924320600000023	354.975708	-0.0007181335300000015
354.925293	0.0004962112290000003	355.0854187	0.0007105414116
355.0345459	9.455787999999984e-05	355.1950989	-0.00020415941199999985
355.1438293	7.794145500000012e-05	355.3048096	-0.00014544837000000053
355.2530823	3.0197566900000015e-05	355.4145203	0.0005429293999999994
355.3623657	-0.00043036322999999953	355.524231	-0.00186096132
355.4716797	7.2239897999999e-05	355.6339417	-0.000741327180000001
355.5809631	6.421306100000022e-05	355.7436523	0.0001303283500000002
355.6902466	-0.0001475997259999997	355.8533936	-0.0006010737299999985
355.7995605	-8.911639499999992e-05	355.9631348	0.0012576347209999998
355.9088745	-0.00044970493800000014	356.072876	-0.0004626408044
356.0181885	-0.00015476520630000005	356.1826172	0.0003867312329999999
356.127533	0.0003326255830000003	356.2923889	0.0013307339969999999
356.2368469	-0.0002135122199999999	356.4021301	-0.0008635683910000001
356.3461914	5.9324319999999944e-05	356.5119019	0.0003733099430000002
356.4555359	-0.0005246023938	356.6216736	-0.00029452284800000027
356.5648804	2.2626016000000136e-05	356.7314453	5.257409999999928e-05
356.6742249	0.00019798101799999978	356.8412476	-0.00152321905
356.7835999	-0.0001730403746	356.9510498	0.00019588251599999998
356.8929749	2.8661453000000496e-05	357.0608215	-7.888395300000017e-05
357.0023499	-0.000241759117	357.1706238	-0.0001252889600000008
357.1117249	7.87335084e-05	357.2804565	-0.0011825561539999998
357.2210999	-5.978113099999998e-05	357.3902588	-0.0013400660829999992
357.3305054	-0.00011590681999999915	357.5000916	-0.0004184832799999996
357.4398804	0.0003295569909999999	357.6099243	-0.0017306040900000007
357.5492859	0.00024274224399999968	357.7197571	-0.0002706218499999996
357.6586914	-0.00015901820699999996	357.8295898	0.0012521087190000002
357.7681274	-7.121788800000008e-05	357.9394226	-0.0018890285800000003
357.877533	-0.00020021887039999996	358.0492859	0.0006115164724000001
357.986969	-0.0001260265126	358.1591492	-4.432117600000011e-05
358.096405	0.0002460752150000001	358.2690125	-0.0003124112269999998
358.2058411	0.00015600025599999973	358.3788757	0.0011992035439999998
358.3153076	0.00021892879200000048	358.488739	-0.0016130469700000039
358.4247437	0.00010285247099999992	358.5986328	-0.0017225351200000003
358.5342102	0.0003332929333	358.7085266	0.0005573718810000005
358.6436768	0.0003276176290000002	358.8184204	-0.00041511934000000063
358.7531433	0.00020938180389999997	358.9283142	0.0014064209830000002
358.8626099	-0.0004933783780000003	359.038208	0.0011983327569999999
358.9721069	0.0007340135049999999	359.1481323	0.0002446821890000001
359.081604	-4.081567699999993e-05	359.2580566	0.001346894539999999
359.1910706	-0.00040407463712	359.367981	-0.00015239790099999886
359.3005981	0.000516048399	359.4779053	0.00043001398500000076
359.4100952	0.0003747995361	359.5878296	0.0023738439200000003
359.5195923	-0.00017230724899999945	359.6977844	0.0009432937950000003
359.6291199	0.0004690983340000002	359.8077393	-0.0001031379209999999
359.7386475	-0.0002959803969	359.9176941	-0.00022864574600000003
359.848175	0.000924470136	360.0276489	0.00014511800507
359.9577332	0.00012523727500000047	360.1376038	0.0006450098010000009
360.0672607	1.4714890000013664e-06	360.2475891	-0.0009231977200000047
360.1768188	0.00043659937000000044	360.3575439	-0.0011608237400000006
360.286377	-0.0005989643980000002	360.4675293	0.00027871597500000057
360.3959351	-5.447364000000067e-07	360.5775146	0.001407385804
360.5054932	0.0005434360350000007	360.6875305	-0.001991048449999998
360.6150818	0.00025942811040000004	360.7975159	0.0012441976
360.7246399	-0.0003094435670000003	360.9075317	0.00011583045099999856
360.8342285	0.00022620707799999966	361.0175476	0.003303896636
360.9438171	-0.0001315497799999994	361.1275635	-9.981822199999976e-05
361.0534363	-0.0004591015169999992	361.2375793	0.007887937129999998
361.1630249	0.000689830747	361.3476257	0.001679739798
361.272644	-0.00021463539500000007	361.4576721	-0.0007243212299999982
361.3822632	-6.51367000000045e-06	361.5677185	0.0004060566399999993
361.4918823	0.00036628311499999934	361.6777649	-0.0003715120230000004
361.6015015	-0.00033699162300000014	361.7878113	-0.00019549997500000003
361.7111511	0.00021817325599999995	361.8978882	0.0006645417310000004
361.8207703	-0.00014001847010000005	362.0079346	0.000565436669999999
361.9304199	-0.00011253939	362.1180115	0.00098840706
362.0400696	0.0004307746419999997	362.2280884	0.0010553924400000005
362.1497498	-0.000198688824	362.3381653	-0.0014102961900000002
362.2593994	0.0005710065816	362.4482727	0.0008811522299999996
362.3690796	-0.000598122365	362.5583801	-0.0009661242299999987
362.4787598	-0.00013157026900000035	362.6684875	0.0008348792320000001
362.5884399	0.00019257376000000014	362.778595	-0.0007706098300000012
362.6981201	0.0005477066149999999	362.8887024	0.0005665033820000001
362.8078003	-0.0001632962380000002	362.9988098	0.0014669061640000007
362.917511	-0.00016990420399999985	363.1089478	0.0005577988930000003
363.0272217	3.739376600000012e-05	363.2190857	0.0003057075669999996
363.1369324	-0.0004088711000000012	363.3292236	-0.0010290928200000007
363.2466431	-0.0007640276453	363.4393616	0.0017151474020000001
363.3563843	-0.0006679622450000001	363.5494995	0.0008229333999999998
363.466095	-0.0002911649639999996	363.659668	0.0015572983539999998
363.5758362	-0.00017925584600000022	363.7698364	0.0007151872850000001
363.6855774	0.0004764073530000002	363.8800049	0.002093600103999999
363.7953186	0.0006264329714	363.9901733	-0.0002045473090000003
363.9050903	-0.00014070677599999993	364.1003723	-0.0013233777100000003
364.0148315	0.0006913479880000005	364.2105408	0.0010867030359999995
364.1246033	0.0007313289680000003	364.3207397	-0.0026648011989999993
364.234375	0.0007597208020000005	364.4309387	-0.0012230128100000001
364.3441467	-9.008136120000002e-05	364.5411377	0.001223870786
364.453949	2.5624991399999988e-05	364.6513367	0.001725503709
364.5637207	-0.0001685388849999997	364.7615662	0.00013516272880000004
364.6735229	0.00048540392800000033	364.8717957	-0.0004984317399999993
364.7833252	8.973385999999986e-05	364.9820251	-0.0012035686599999994
364.8931274	-0.0009427783079999997	365.0922546	-0.0017889067499999994
365.0029602	-0.0002390854060000001	365.2024841	-0.0010263621800000004
365.1127625	-0.000240178313	365.3127441	0.0002535285890000001
365.2225952	0.0011819340289	365.4229736	0.0016595409249999995
365.332428	-0.0002793313470000002	365.5332336	-0.0011220108699999988
365.4422607	-0.0006476393900000004	365.6435242	-0.0024336576500000005
365.5520935	0.000202990137	365.7537842	0.00033516157399999993
365.6619568	1.7733546000000015e-05	365.8640442	0.0005744874949999996
365.7718201	-0.00014907307900000012	365.9743347	-0.0021152347299999985
365.8816833	-0.00034548807900000025	366.0846252	-0.0005757026399999983
365.9915466	-0.0004548760479999999	366.1949158	-0.006016861181999999
366.1014099	-0.000624150969	366.3052063	-0.00034710393000000027
366.2113037	-4.987031206e-05	366.4155273	-0.0001435149460000014
366.321167	0.0008400008079999998	366.5258179	0.0007470026610000005
366.4310608	0.0011080693219999997	366.6361389	-4.7692098000000696e-05
366.5409546	0.0003122955089999999	366.74646	0.0008123558939999997
366.6508789	0.0006953643315	366.8568115	0.0017912586919999998
366.7607727	-1.9536585999999946e-05	366.9671326	0.0006566790400000001
366.870697	0.00014500273400000051	367.0774841	0.0009875050749999998
366.9806213	9.457342070000004e-05	367.1878052	0.00042588170600000013
367.0905457	-3.0394643000000027e-05	367.2981567	-0.0013163071199999987
367.20047	-2.3288419999999838e-05	367.4085388	0.0007285191669999993
367.3104248	0.000442710705	367.5188904	3.6726706000000378e-06
367.4203491	-0.0002845590939999998	367.6292725	0.0006047612979999993
367.530304	-0.00031051074619999996	367.739624	0.0010026693339999998
367.6402588	0.0002202461469999993	367.8500061	-0.00017789658099999928
367.7502136	0.0003698897490000001	367.9604187	-0.00016168691000000013
367.860199	-6.0691730999999985e-05	368.0708008	-0.0012500025300000023
367.9701538	0.0001801862380000005	368.1812134	0.001154145691
368.0801392	-0.0004585487770000004	368.2915955	0.0004695728399999998
368.1901245	0.00016148830800000007	368.4020081	0.0013827020300000003
368.3001404	-0.00041740387699999975	368.5124207	-0.0011131456100000013
368.4101257	0.0005039912639999995	368.6228638	-0.0017400030000000004
368.5201416	-0.00010691303699999957	368.7332764	-2.2437787300000003e-05
368.630127	0.00028943829200000007	368.8437195	-0.0009042574099999996
368.7401428	0.0006743522820000002	368.9541626	-0.00018703390399999993
368.8501892	-0.00035123807000000083	369.0646057	-0.0013466253899999982
368.9602051	8.747517100000002e-05	369.1750488	-0.0013711005400000031
369.0702209	-0.000371067785	369.2855225	0.00013321114200000013
369.1802673	-0.0009487358624999999	369.3959656	1.1917200000002848e-05
369.2903137	-0.0004022452049999995	369.5064392	0.00013293419000000046
369.4003601	0.000344974455	369.6169128	0.0007236488159999988
369.510437	-0.0003675916230000001	369.727417	0.0015363846909999999
369.6204834	-8.935295100000011e-05	369.8378906	0.0049375854399999995
369.7305603	-0.00044448672999999883	369.9483948	-0.0012100487900000012
369.8406372	0.0006501683960000006	370.0588684	-0.0006960732800000008
369.9507141	0.0002644569620000002	370.1693726	-0.0008891979200000011
370.060791	7.304829000000235e-06	370.2799072	-0.0001124781560000003
370.1708984	-0.0003188196569999999	370.3904114	-0.0019804760800000015
370.2810059	0.0005038126839	370.500946	-0.001443693410000002
370.3910828	-0.00027758721299999973	370.6114502	5.493150099999998e-05
370.5011902	0.0006934427659999998	370.7219849	-0.0011530332259999995
370.6113281	-0.0006818599070000002	370.8325195	-0.002162929630000001
370.7214355	0.00010887673100000005	370.9430847	-0.0021742759280000013
370.8315735	-6.737513500000005e-05	371.0536194	0.0011066542930000004
370.9417114	-0.00018298451320000015	371.1641846	-0.0011490061899999994
371.0518494	0.00043528060999999986	371.2747498	0.001543456455
371.1619873	-0.0003483712200000001	371.3853149	-0.002119695769999999
371.2721252	-5.037820660000003e-05	371.4958801	0.0006584264340000002
371.3822937	0.0007364274929999998	371.6064758	0.00093628093
371.4924622	-0.00036757905100000005	371.7170715	-0.00043298677000000105
371.6026306	0.0003132405690000001	371.8276367	0.000748038292
371.7127991	-5.5127776999999364e-05	371.9382629	-0.0009712576800000039
371.8229675	-0.0003170298870000003	372.0488586	-0.0010141693100000002
371.9331665	-0.00024379323999999987	372.1594543	0.0010691569190000002
372.0433655	-0.00016212835899999996	372.2700806	0.0019339788700000003
372.1535645	-0.00048378074999999994	372.3807068	0.002086843364
372.2637634	0.0003519710150000008	372.491333	-0.0003638928750000006
372.3739624	0.0008657732979999999	372.6019592	0.0017494423663
372.4841919	-0.00015698419900000028	372.7125854	-0.0005404693079999997
372.5944214	-0.00033296086000000023	372.8232422	0.0003888590872
372.7046204	0.00039881747999999904	372.9338989	0.0014227419160000002
372.8148804	-0.00018784473600000004	373.0445557	0.000542499125
372.9251099	-0.00010506948499999953	373.1552124	-0.00020906422000000098
373.0353394	0.0009941178139999999	373.2658691	1.0427089999999126e-05
373.1455994	0.0005936597000000001	373.3765564	0.0008722171189999997
373.2558594	0.0009151755367	373.4872131	0.000781663228000001
373.3661194	0.0006792303170000003	373.5979004	0.0013539427890000002
373.4763794	-0.000305789406	373.7085876	0.0002903677499999993
373.5866699	0.000103979779	373.8193054	-0.0008179899300000022
373.6969299	0.000264177099	373.9299927	-0.0010346230099999992
373.8072205	-0.00039790201119999997	374.0407104	-0.0007863752549999992
373.917511	0.00033041276099999954	374.1514282	0.0005444465209999997
374.0278015	0.000520530856	374.262146	-0.00012548454000000167
374.1381226	0.00014903489500000047	374.3728638	0.001198705752
374.2484131	-0.00014913594300000003	374.4835815	-0.0010950081100000036
374.3587341	9.875930899999955e-05	374.5943298	-0.0005378387899999983
374.4690552	4.498264700000007e-05	374.7050781	-0.002045284960000001
374.5793762	0.00043171737300000054	374.8158264	-0.0004671299799999997
374.6897278	-0.00030083814599999974	374.9265747	0.00012379977900000031
374.8000488	0.00015627779100000011	375.037323	0.001222241671000001
374.9104004	0.0001780730670000001	375.1481018	-0.0020550135500000018
375.020752	5.617152058000001e-05	375.2588806	0.0013556070630000002
375.1311035	0.000152241438	375.3696594	-0.0007182820482000001
375.2414551	-7.016349999999349e-07	375.4804382	0.0016352793318
375.3518372	0.0002608255020000003	375.591217	-0.0017772763999999996
375.4621887	0.00016430984766	375.7020264	0.0009586811940999999
375.5725708	-0.0003929343079999998	375.8128052	-0.0002536522200000009
375.6829529	-0.0004886495879999992	375.9236145	0.00047028705
375.7933655	-0.00010101345799999996	376.0344238	-0.0016262959700000003
375.9037476	-0.0004108864820000001	376.1452332	0.0007567410359999999
376.0141602	-1.1585769000000117e-05	376.256073	0.0006399499289999992
376.1245728	-4.097516700000015e-05	376.3669128	-0.0011989893399999996
376.2349854	-0.000276185805	376.4777222	0.0012176209130000002
376.3453979	-0.0005113091320000001	376.588562	-2.02208800000013e-05
376.4558105	0.0003106032970000001	376.6994324	0.0011639958249999999
376.5662537	0.00035267160200000034	376.8102722	5.252472999999966e-05
376.6766968	0.0003658795903	376.9211121	0.00015313550999999925
376.7871399	4.38640418e-05	377.0319824	0.0028103214281
376.897583	0.0009673956079999998	377.1428528	9.350664899999972e-05
377.0080261	0.00117131535653	377.2537231	0.0008730445989999997
377.1184998	0.00012654183411000002	377.364624	-0.0013118050999999936
377.2289429	0.00021918723399999996	377.4754944	0.0019504422377999999
377.3394165	0.00015123142	377.5863953	0.0015007266799999999
377.4498901	0.00023843639100000003	377.6972961	0.0010889636471000002
377.5603943	-0.0009587843672000001	377.808197	-0.0018734578099999996
377.6708679	-4.997943000000209e-06	377.9190979	0.0005050692700000001
377.7813721	0.0006825574669999997	378.0300293	0.001515767539999999
377.8918762	-0.00011672638399999949	378.1409302	0.0009144786799999988
378.0023804	0.000817129272	378.2518616	0.0014906195
378.1128845	0.00013703736499999985	378.362793	0.0001550204999999985
378.2233887	0.0008827201089999996	378.4737244	0.0017749965189999997
378.3339233	0.0009460849649999999	378.5846863	0.0018467304760000003
378.444458	0.0003703765110000001	378.6956177	0.0007329527299999999
378.5549927	0.0004477510230000009	378.8065796	-0.0005237385600000005
378.6655273	0.0007368379160000001	378.9175415	4.804192570000002e-05
378.776062	0.000763907563	379.0285034	0.0005564079619999997
378.8866272	0.0005715210000000002	379.1394653	0.000751724001
378.9971619	0.00016267469600000006	379.2504578	-0.0011160764799999986
379.1077271	0.00022847595359999997	379.3614197	-0.0009793639180000011
379.2182922	0.0002835327759999999	379.4724121	0.00012159766600000014
379.3288879	-9.819073600000026e-05	379.5834045	4.193372999999889e-05
379.4394531	0.0003102426420000001	379.6944275	-0.0018475465499999955
379.5500488	7.414160059999997e-05	379.8054199	0.0011822815290000001
379.6606445	0.000502376352	379.9164429	-0.001508418479999999
379.7712402	-1.0168645000000094e-05	380.0274658	-0.0014807209299999985
379.8818359	0.0004124483090000002	380.1384888	0.0007422501220000002
379.9924622	-7.03632830000001e-05	380.2495117	0.0020815320299999995
380.1030579	0.00012072967399999988	380.3605347	0.0007489830019999999
380.2136841	0.00011171028020000003	380.4715881	0.0002336697649999997
380.3243103	0.00023653125400000061	380.5826111	-0.00022796261999999921
380.4349365	2.5978544999999843e-05	380.6936646	0.0008925162250000003
380.5455627	0.00042968790499999985	380.804718	-0.0004134047699999987
380.6562195	0.0005456111389999995	380.915802	-0.001062124969999998
380.7668762	-0.0002688351089999998	381.0268555	-0.00016701593999999403
380.877533	0.0003050654189999998	381.1379395	-0.0009411293999999973
380.9881897	5.969963999999991e-05	381.2490234	0.00185742625
381.0988464	0.00041142664799999947	381.3601074	0.0015939752630000001
381.2095337	0.00038175704	381.4711914	0.0027043792071
381.3201904	0.0005391547459999996	381.5822754	0.00013678148400000055
381.4308777	0.0006494910630999999	381.6933899	0.0009897164999999996
381.5415649	-0.00017185817749999993	381.8045044	0.0015922897147
381.6522522	0.00039871496830000007	381.9156189	-0.0003338363000000011
381.76297	0.0003941617909999995	382.0267334	0.0013708374460000006
381.8736572	-0.00017825560599999974	382.1378479	0.0013622367406
381.984375	-7.424829599999997e-05	382.2489929	-0.0008705109399999994
382.0950928	0.00035901355999999997	382.3601074	0.001350395033
382.2058105	0.000297714258	382.4712524	-0.0012976080200000004
382.3165588	7.820408799999977e-05	382.5823975	0.0013829405125339999
382.4272766	0.0005296703890000005	382.693573	0.0012830527270000002
382.5380249	0.0009708106490000003	382.804718	0.0019255433
382.6487732	0.00024132675000000008	382.9158936	0.000608887756
382.7595215	-3.170175500000032e-05	383.0270386	-0.0009047388999999968
382.8702698	0.0002587274649999997	383.1382141	0.001967401476
382.9810486	0.0005576636614	383.2494202	0.0006773779170000001
383.0917969	0.000477042165	383.3605957	-0.0016869641800000001
383.2025757	0.00021465588400000016	383.4718018	-0.0005206447100000004
383.3133545	1.205829900000066e-05	383.5829773	0.00047039846000000024
383.4241333	-7.912656290000005e-05	383.6941833	-0.0021176934300000012
383.5349426	-0.000771354185	383.8053894	0.0035445550399999994
383.6457214	0.0006004411270000001	383.916626	0.004425914024000001
383.7565308	0.003109455341	384.027832	0.004010241014000001
383.8673401	0.002301788656	384.1390686	-0.0003197994100000018
383.9781494	0.00020475120969999996	384.2503052	0.0012841671700000012
384.0889893	0.0009569455870000001	384.3615417	0.001699394663
384.1997986	-8.336175000000015e-05	384.4727783	-0.0005787853100000032
384.3106384	0.000615523199999999	384.5840149	-0.00041853635999999916
384.4214783	0.0005738041369999997	384.695282	0.0013389531519999998
384.5323181	-0.00036067189700000023	384.8065491	0.006195251831
384.643158	0.0004777745349999994	384.9178162	0.0005882082049999998
384.7540283	0.00012231617999999833	385.0290833	0.00021943822500000015
384.8648682	0.00062909373	385.1403503	0.0011085423179999997
384.9757385	0.0003041513269999999	385.2516174	0.0010035810990000008
385.0866089	0.0003391507196	385.362915	0.0009112870320000001
385.1974792	0.0006882997699999998	385.4742126	0.0031073674619000002
385.3083801	0.0016108250709999995	385.5855103	0.0008154176199999981
385.4192505	0.000958767021	385.6968079	0.0012357267550000004
385.5301514	0.000806483906	385.808136	-0.0006772801199999984
385.6410522	0.0003090125392000001	385.9194336	0.0007564988920000003
385.7519531	0.00028665707220000016	386.0307617	-3.970042000000021e-05
385.862854	-6.499001799999994e-05	386.1420898	0.0023792884320000002
385.9737854	-0.000122257043	386.253418	0.0010679876430000007
386.0846863	0.0002257670270000003	386.3647461	0.0010624993589999996
386.1956177	0.0003456727140000002	386.4761047	0.001393379640000001
386.3065491	0.00034533254800000026	386.5874634	0.0007361278399999997
386.4174805	-7.980223800000026e-05	386.698822	-0.00038346647999999706
386.5284424	0.0003771944909999993	386.8101807	0.0003937203499999979
386.6393738	0.0002404609700000001	386.9215393	0.0005179794970000002
386.7503357	0.00042323349000000007	387.0328979	0.0005991733629999996
386.8612976	0.0005582945890000002	387.1442871	0.0010657771490000002
386.9722595	0.001300679752	387.2556763	0.001695309184
387.0832214	-4.4209882999999856e-05	387.3670654	-0.0009420514099999985
387.1942139	0.0010661538690000007	387.4784546	-0.0006008818700000002
387.3052063	0.00037572486300000004	387.5898438	-0.0016432851529999994
387.4161682	0.00017289165400000053	387.7012634	0.0010312465019999993
387.5271912	0.0003343032294	387.8126526	0.0007555065679999999
387.6381836	0.00043276755610000006	387.9240723	-0.0008670184700000014
387.749176	-0.00022287131299999997	388.0354919	0.0013944832610000004
387.860199	-0.00040010106799999966	388.1469421	0.0016180648230000002
387.9712219	0.0007972077001	388.2583618	0.0009262724780000004
388.0822449	9.897840200000013e-05	388.369812	0.0009955875499999996
388.1932678	0.0007615492219999998	388.4812317	0.0006447564809999992
388.3042908	0.0002647202930000001	388.5926819	0.0020758121389000002
388.4153442	0.00012903381099999868	388.7041626	-5.060620999999821e-05
388.5263672	0.00027124071500000046	388.8156128	0.00037271645849999994
388.6374207	0.0003513740399999996	388.927063	0.0008758744229999996
388.7484741	0.0002629691729999998	389.0385437	-0.0010861000000000013
388.8595276	0.0004801077299999999	389.1500244	-0.001019369345
388.9706116	0.0006448504277	389.2615051	0.001525895321
389.081665	-0.00013814400900000016	389.3729858	0.0009599281479999999
389.192749	0.00033365981700000024	389.4844971	0.00030607893099999974
389.303833	0.0002403990370000008	389.5959778	0.0015105076599999999
389.414917	0.00018611195269999998	389.707489	0.0021964614280000003
389.5260315	0.0003452708479999996	389.8190002	0.0016725845629999994
389.6371155	0.001058221795	389.9305115	-0.000504307450000005
389.74823	0.0009355116629999999	390.0420532	0.00018294225400000003
389.8593445	0.0010013916320999999	390.1535645	0.0006628135234100001
389.970459	0.0006879309649999998	390.2651062	0.0016701562559
390.0815735	-0.0011980953859999997	390.3766479	0.0021120849994
390.1927185	0.0003195982420000007	390.4881897	0.0006671505980000002
390.303833	0.0002564862662	390.5997314	-0.0009677968900000007
390.414978	-3.833754500000004e-05	390.7112732	-0.001086906529999999
390.526123	0.0002138204870000002	390.8228455	-0.0007141344299999991
390.6372681	0.00026892405000000005	390.9344177	-0.000957680859999999
390.7484436	0.00020113284700000022	391.04599	-0.0019110478430000005
390.8595886	-5.168467799999965e-05	391.1575623	0.001163442386
390.9707642	-0.00014679762499999983	391.2691345	-0.0017407648300000016
391.0819397	0.0005645282219999999	391.3807373	-0.0010433141139999987
391.1931152	0.0008624246402	391.4923096	0.0011030300519999994
391.3042908	0.00044976060966	391.6039124	-0.0007339473799999989
391.4154663	0.0003523975600000003	391.7155151	8.797086999999884e-05
391.5266724	-5.685316799999992e-05	391.8271179	0.0013253116049999998
391.6378784	0.000602568151	391.9387512	-0.00018604938000000085
391.7490845	0.0007460371119999997	392.050354	-0.00016076863000000045
391.8602905	9.947083900000049e-05	392.1619873	-0.000341497369999999
391.9714966	0.00035530189100000005	392.2736206	0.0015044445140000012
392.0827332	5.3604599000000273e-05	392.3852539	-0.00032852404
392.1939697	-0.00020532577699999984	392.4969177	-0.00020584185000000095
392.3052063	-0.00031461822799999997	392.608551	0.0007735360420000007
392.4164429	0.00010155560500000032	392.7202148	0.0010687043541
392.5276794	0.0005011614409999999	392.8318787	0.0010101065279999998
392.638916	0.0007644619329999999	392.9435425	-0.00015677884000000336
392.7501831	0.0010505291284	393.0552063	0.0024542715400000005
392.8614502	0.0013394001869999998	393.1668701	0.0004492830399999981
392.9727173	0.0012707042039999997	393.2785645	-0.0003067851099999991
393.0839844	0.0003672526220000003	393.3902283	0.002230963204000001
393.1952515	0.0009737145120000002	393.5019226	-0.0013579279199999982
393.3065491	0.0012361123230000002	393.6136169	-0.0005078762799999997
393.4178162	0.00048126652800000065	393.7253418	0.00032122060999999896
393.5291138	0.0007658006506000001	393.8370361	0.000967891886000001
393.6404114	0.0007205183792	393.948761	0.0001814952100000003
393.7517395	0.00041244854200000016	394.0604858	0.0021684679670000004
393.8630371	0.00048557459400000013	394.1722107	0.00046079326399999995
393.9743652	-0.000171509222	394.2839355	-7.184315999999961e-05
394.0856628	-0.00030374201000000003	394.3956604	0.0004004556700000009
394.196991	0.0001693626400000002	394.5074158	-0.0020029619300000016
394.3083191	0.0008181335869999998	394.6191406	-0.0004176218099999976
394.4196777	0.0003161826169999996	394.730896	-0.00018365495000000065
394.5310059	6.900634699999984e-05	394.8426514	0.001631855034
394.6423645	0.0012773773629999995	394.9544373	0.0015542656200000018
394.7537231	0.00160409743	395.0661926	0.00344294589
394.8650818	0.0013395669000000002	395.1779785	0.005191937090000001
394.9764404	0.00262267352	395.2897339	0.015251119387
395.0877991	0.005500211612999999	395.4015198	0.016231905669999998
395.1991882	0.009726214685	395.5133057	0.005795279520000002
395.3105774	0.008876139303	395.6251221	0.002541739499999999
395.4219666	0.0016834248089999998	395.736908	0.002051932271999999
395.5333557	0.0011213673280000003	395.8487244	0.0003112149429999999
395.6447449	0.0004293615930000003	395.9605408	7.670000199999985e-05
395.7561646	0.0002046897999999995	396.0723572	-0.001336254180000003
395.8675537	0.0005364105455	396.1841736	-0.0009498056000000026
395.9789734	-0.00022817531130000005	396.29599	-0.0008745938600000017
396.0903931	0.00060844305	396.4078369	0.0011901247194999998
396.2018127	-0.00015792669799999989	396.5196838	0.0009378569085
396.3132629	0.0006338957466999999	396.6315308	0.0020280742324000002
396.4246826	0.0008261513430000002	396.7433777	7.917871699999936e-05
396.5361328	0.00017738156000000026	396.8552246	-0.0005259653550000005
396.647583	-9.510852399999964e-05	396.9670715	0.001137515763
396.7590332	0.0001898988849999999	397.078949	0.0003075599699999994
396.8704834	2.5689601999999943e-05	397.1908264	0.0011290567930000005
396.9819641	0.0007499312050000002	397.3027039	0.0009747962469999994
397.0934143	0.0008792481380000003	397.4145813	0.0018408531320000003
397.204895	0.0005291989099999988	397.5264587	0.0013074562890000004
397.3163757	0.0008074683129999996	397.6383667	0.0007111295130000006
397.4278564	-0.00033917394500000003	397.7502441	-0.0004831263800000006
397.5393677	0.0002532447690000001	397.8621521	0.0024347734288
397.6508484	-2.2350810000000207e-05	397.9740601	0.0019300661222000001
397.7623596	0.0006020991199999996	398.085968	0.00036250706699999906
397.8738708	0.0005723861979999995	398.1979065	0.0016304678279999993
397.9853821	0.00021508755200000005	398.3098145	0.0019740347491999997
398.0968933	0.0007565086710000007	398.4217529	0.0005050972099999995
398.2084045	0.0005172621459999995	398.5336914	0.0014622220769999993
398.3199463	0.0006793705980000001	398.6456299	0.0015056901619999999
398.431488	0.00022144149900000035	398.7575989	0.0009335868530000002
398.5430298	-0.00012044981200000013	398.8695374	0.0012488104400000003
398.6545715	0.0006219125360000001	398.9815063	0.0013060900379999992
398.7661133	0.0007605436259999995	399.0934448	0.0010601046959999995
398.8776855	-0.0003761663099999999	399.2054138	4.2686239999999154e-05
398.9892273	-0.00015334505599999982	399.3174133	0.001044125296
399.1007996	0.00043469661610000005	399.4293823	0.000538959066
399.2123718	0.0002749836999999997	399.5413513	-0.0014094486800000014
399.3239441	0.00031917728499999964	399.6533508	-0.0008870046599999994
399.4355469	0.00027604983200000014	399.7653503	0.0015716152270000006
399.5471191	0.0009050647422699999	399.8773499	0.0029436573400000027
399.6587219	0.0007848264650000001	399.9893494	0.0042984096799999994
399.7703247	0.0021176803800000005	400.1013794	0.0020279845344
399.8819275	0.0014204344697000002	400.2133789	0.001942905016
399.9935303	0.0006974502459999995	400.3254089	-0.0007777791499999978
400.1051636	0.0003437050620000003	400.437439	0.001776422374
400.2167664	0.00024280790200000013	400.549469	-0.0004949085400000053
400.3283997	-0.00024476193360000007	400.661499	0.001180897470000001
400.440033	-0.00037297769499999986	400.7735596	0.001028941478
400.5516663	0.0003027264029999994	400.8855896	-5.561671999999851e-05
400.6632996	0.0005918848329999997	400.9976501	-1.9280240000002502e-05
400.7749634	0.00039570033500000053	401.1097107	-4.69926699999991e-05
400.8865967	-6.654299800000008e-05	401.2217712	-0.0012993291000000032
400.9982605	0.0007543059619	401.3338318	-0.0005064383200000001
401.1099243	0.0006782975979999998	401.4459229	0.001792429597
401.2216187	0.00025068549400000025	401.5580139	0.002027779351999999
401.3332825	0.00032714847400000004	401.6700745	0.0022519927009999998
401.4449463	0.0005547681349999996	401.782196	0.0022313883599999994
401.5566406	0.0009811214400000001	401.8942871	0.0022898716899999987
401.668335	0.002675063791	402.0063782	0.0015546351204000003
401.7800293	0.002093250514	402.1184998	-9.913044099999976e-05
401.8917236	0.001226325752	402.2305908	0.0023762220499999997
402.0034485	0.0008771945729999994	402.3427124	0.0022388028450000003
402.1151428	0.0005197208359999997	402.454834	-0.00042971224000000127
402.2268677	0.00032315384302	402.5669861	0.0026035930496
402.3385925	0.0003194492309999998	402.6791077	9.670760999999986e-05
402.4503174	0.0011102771399999992	402.7912598	-8.867308999999969e-05
402.5620728	0.000401326223	402.9033813	0.00232086221157
402.6737976	0.0003420793219999999	403.0155334	0.0016140027430000003
402.785553	0.0004335585979999999	403.1276855	0.00038464607490000004
402.8973083	0.0002390068259999999	403.2398682	-0.0015110783299999986
403.0090637	0.00024691922600000014	403.3520203	-0.0011959243500000022
403.1208191	0.00028284220100000066	403.4642029	-0.0012214072100000008
403.2325745	0.0007192902485500001	403.5763855	0.05244737860000004
403.3443604	0.0003349985930000002	403.6885681	0.0010310369539999996
403.4561157	0.0009653290765000001	403.8007507	0.00033279508000000346
403.5679016	0.0005314489830000003	403.9129333	0.0027140984300000007
403.6796875	0.0016455692239999995	404.0251465	0.00048011727299999973
403.7915039	0.0012148213570000004	404.1373291	0.0006046118199999999
403.9032898	0.0007845130749999998	404.2495422	0.0006041955199999997
404.0151062	0.0009907577179999998	404.3617554	0.0018820305705
404.1268921	0.0009228308914999999	404.4739685	0.0013678357939999998
404.2387085	0.0003920998429999998	404.5862122	0.0019840223614
404.3505249	0.0006004110964300001	404.6984253	0.005361632677
404.4623718	0.0010357622519999998	404.8106689	0.0156482810107
404.5741882	0.003071753541	404.9229126	0.028938976121
404.6860352	0.010682811612	405.0351562	0.01861348376
404.7978821	0.017236649061	405.1473999	0.007635687479
404.909729	0.010798536704	405.2596741	-0.0005494132599999924
405.0215759	0.003517616715	405.3719177	0.003373607178
405.1334229	0.0011635966362	405.4841919	0.0017818091440000008
405.2453003	0.0011153822996	405.5964661	0.000386269760000002
405.3571472	0.001176645397	405.7087402	0.0055642370100000005
405.4690247	0.0006443120079999997	405.8210144	0.007089108230000002
405.5809021	0.004171863781	405.9333191	0.0033819917600000013
405.6927795	0.004762521712	406.0455933	0.004864222836000001
405.8046875	0.0025655695934	406.1578979	-0.00032936408999999917
405.9165649	0.0011325550729999996	406.2702026	-0.0010068640100000005
406.0284729	0.0012414788066000002	406.3825073	0.0005285060029999993
406.1403809	-0.0002468287710000001	406.4948425	-0.0005964804400000016
406.2522888	0.0009183455260000006	406.6071472	0.0002835532599999996
406.3641968	0.0006858953269999999	406.7194824	-0.0018408168099999997
406.4761353	0.00014192750700000017	406.8318176	-0.0002206033099999994
406.5880432	0.0004765880299999999	406.9441528	0.001272585243
406.6999817	0.00013432838100000018	407.056488	0.0016428893379999993
406.8119202	0.0006762734849999998	407.1688232	0.0005416711799999998
406.9238586	0.0005691014230000003	407.281189	0.0007965256227
407.0357971	0.0014692144469999995	407.3935242	0.0006578015099999984
407.1477661	0.0005065905859999997	407.5058899	0.003449273761
407.2597046	0.0007324609899999994	407.6182556	0.0076695773800000006
407.3716736	0.001072938089	407.7306519	0.012388466389999998
407.4836426	0.00565050426	407.8430176	0.00667564580334
407.5956116	0.009819604685	407.9554138	0.0024737948599999997
407.7076111	0.003906072583	408.0677795	0.001021899283
407.8195801	0.0004472881549999999	408.1801758	0.001710882410000003
407.9315796	0.00041782856000000066	408.292572	0.000640526419999999
408.0435791	0.0006617851319999999	408.4049988	0.0014540553100000006
408.1555786	0.000841276487	408.517395	0.0014114417100000026
408.2675781	0.0007476384051	408.6298218	0.0040279068638
408.3795776	0.0015929240764000002	408.742218	0.0019200947199999978
408.4916077	0.0025935810696	408.8546448	0.002506828634
408.6036377	0.0015643504440000008	408.9670715	0.0008030261380000004
408.7156677	0.0012130236719999996	409.0795288	-0.0007360372699999999
408.8276978	0.0012696683400000002	409.1919556	0.0011166380799999993
408.9397278	0.0005695340220000008	409.3044128	-0.0005662394700000004
409.0517578	0.0005023240082	409.4168396	-0.0002386104300000011
409.1638184	0.00027803331600000005	409.5292969	-9.101279999999996e-05
409.2758789	0.0007346258500000001	409.6417847	-0.00028867646999999885
409.3879089	-0.0004311632360000004	409.7542419	0.0017787013199999993
409.5	0.0008054859353000001	409.8666992	-0.0009048963010000015
409.6120605	0.0005316077730000003	409.979187	-0.0009442195299999984
409.7241211	9.175599499999972e-05	410.0916748	0.0022337897679999994
409.8362122	-5.2475370999999996e-05	410.2041626	0.0024102949539999995
409.9483032	0.0005711889819999998	410.3166504	-0.002489268780000005
410.0603943	0.0004959754297999999	410.4291382	0.002042447333
410.1724854	0.0008180681609999997	410.5416565	0.0020379689529999995
410.2845764	0.0007364004859999997	410.6541443	0.002264107574
410.3966675	0.0001997335349999997	410.7666626	0.00258542969
410.5087891	0.0010531982410000003	410.8791809	0.007112127724000002
410.6209106	0.002227064226000001	410.9916992	0.005636609393
410.7330322	0.00419710300418	411.104248	0.004520435724431
410.8451538	0.005510354879999999	411.2167664	0.0013076720061
410.9572754	0.0004332587129999999	411.3293152	0.001478507649
411.0694275	0.0005809096600000001	411.441864	0.0013905633239999996
411.1815796	0.0002047573220000003	411.5544128	-0.0004439745100000003
411.2937012	0.0002106914471	411.6669617	0.0013677971460000007
411.4058533	0.0010807858779999999	411.7795105	-0.0003797337400000024
411.5180359	0.0004099872899999998	411.8920898	-0.0004901867399999989
411.630188	0.000326763838	412.0046692	0.0010537318900000012
411.7423401	0.00046027265499999984	412.1172485	-3.400444999999974e-05
411.8545227	0.0002586450430000003	412.2298279	0.0004954617500000005
411.9667053	1.6417353999999794e-05	412.3424072	-0.0015726461999999997
412.0788879	0.0008643606558	412.4549866	-0.0005466677299999986
412.1910706	0.0008749482219999999	412.5675964	0.0009443676100000017
412.3032837	-0.00010165944599999999	412.6802063	0.0007308917119999998
412.4154663	0.0011148983599999999	412.7927856	0.0001458411570000001
412.5276794	0.0006132978010000003	412.9053955	0.0006362169519999999
412.6398926	0.0005584087775	413.0180359	0.001058545898
412.7521057	0.0007510213179999998	413.1306458	0.0011456056970000003
412.8643188	0.0003686908170000003	413.2432861	-0.0017824359199999987
412.9765625	0.0009073176919000001	413.355896	0.00026961789000000055
413.0887756	0.0012432434599999997	413.4685364	0.0015034067909999995
413.2010193	0.00047858106000000025	413.5811768	0.008379944600000001
413.3132629	0.001731210854	413.6938477	0.015016239605000002
413.4255066	0.004744655914	413.806488	0.008745374391
413.5377502	0.007295142045	413.9191589	0.002088987734
413.6499939	0.005166335497	414.0317993	0.0012880382129999996
413.7622681	0.0019601209206	414.1444702	0.00044226087999999983
413.8745422	0.000284441514	414.2571411	5.025695999999989e-05
413.9868164	0.0004678873227	414.3698425	0.00011747143999999918
414.0990906	0.0006888816130000003	414.4825134	-0.0010123029399999976
414.2113647	0.0010951845909999997	414.5952148	0.002966565662
414.3236694	0.0006927633003	414.7078857	0.0004685632890000001
414.4359436	0.0013558994980000004	414.8205872	0.0028308096810000004
414.5482483	0.0007452545689999998	414.9333191	0.0018058382010000002
414.660553	0.0012348764579999997	415.0460205	0.0021857339890000004
414.7728577	0.00077517499813	415.1587219	0.00273443514
414.8851624	0.000874670688	415.2714539	0.00043944828999999824
414.9974976	0.0006073201069999997	415.3841858	0.0023941256217
415.1098022	0.0014171486260000001	415.4969177	0.0011965581209999994
415.2221375	0.000630882569	415.6096497	0.00011369957999999951
415.3344727	0.0011688320714499999	415.7223816	0.0014390442520000003
415.4468079	0.0010536445770000006	415.8351135	0.002458312549
415.5591736	0.001300628297	415.947876	0.0008865892899999964
415.6715088	0.001181732048	416.0606384	0.00319732217063
415.7838745	0.0013062865469999998	416.1734009	0.014086730309000001
415.8962402	0.0019162448003000002	416.2861633	0.10400619728
416.008606	0.004344088608	416.3989258	0.14533434252
416.1209717	0.046000086817000005	416.5117188	0.059789896009999996
416.2333374	0.084950828689	416.6244812	0.0160250029908
416.3457031	0.054907850226	416.7372742	0.00870282948
416.4580994	0.0154968748634	416.8500671	0.019352121280000002
416.5704956	0.0050780035089999995	416.9628601	0.026284703521
416.6828918	0.00926367519	417.0756531	0.011285134125
416.7952881	0.012457787058999999	417.1884766	0.005600922159
416.9076843	0.009469999468999998	417.3012695	0.002023618669999998
417.0201111	0.003463524859	417.414093	0.0004334431100000008
417.1325378	0.002025550697	417.5269165	-0.0005352413300000001
417.2449341	0.0015068603680000008	417.63974	0.002721758562
417.3573608	0.0007704920129999997	417.752594	0.0026895285119999997
417.4698181	0.001223118976	417.8654175	0.002904127349999999
417.5822449	0.0010055699389999997	417.9782715	0.002068006899
417.6946716	0.0012241220100000002	418.091095	0.0009951293499999986
417.8071289	0.0006157222670000002	418.203949	0.0026757250309999998
417.9195862	0.0011468577428000002	418.3168335	0.001383796334000001
418.0320435	0.002252633683	418.4296875	0.0011309068599999993
418.1445007	-8.120574100000007e-05	418.5425415	0.0091511080971
418.256958	0.002005895599999998	418.655426	0.02761705034
418.3694458	0.003774951096	418.7683105	0.026584201024
418.4819336	0.012752851475000002	418.8811951	0.009795458521999999
418.5944214	0.017791379132	418.9940796	0.004737395328999999
418.7069092	0.00951841849734	419.1069641	0.004206905607
418.819397	0.0036603088955000002	419.2198792	0.002541053110000002
418.9318848	0.001873554197	419.3327637	0.003923587035999999
419.0444031	0.00168315263	419.4456787	0.021486837885
419.1568909	0.0014807443360000002	419.5585938	0.06786723359359999
419.2694092	0.005761587294	419.6715088	0.05999108299
419.3819275	0.027784283738	419.7844238	0.016947686669999996
419.4944458	0.040405486713000004	419.8973694	0.004653234030000002
419.6069946	0.018929641	420.0102844	0.002208787949999999
419.7195129	0.0069164767629999995	420.12323	0.006905207410000001
419.8320618	0.002229550621	420.2361755	0.06405734457000001
419.9446106	0.0024918240959999997	420.3491211	0.128042208927
420.0571594	0.0198186369331	420.4620972	0.14798641951000002
420.1697083	0.0590345416234	420.5750427	0.19811876959400002
420.2822571	0.081278968839	420.6880188	0.1205812068015
420.3948364	0.10221121832800001	420.8009644	0.031034786720999998
420.5073853	0.100918445752	420.9139404	0.011207983833
420.6199646	0.034930433614699996	421.0269165	0.006918919505
420.7325439	0.01091534365	421.1399231	0.002541532739999998
420.8451538	0.0036540164730999997	421.2528992	0.0031869778170000003
420.9577332	0.0024285288528	421.3659058	0.0010034050799999986
421.0703125	0.0022192269679	421.4788818	0.0023279213234199997
421.1829224	0.001824876526	421.5918884	0.002653642092
421.2955322	0.0009856967950000002	421.704895	0.0006219781939999988
421.4081421	0.0015891765939999999	421.8179321	0.0024757799688
421.520752	0.0009241572110000001	421.9309387	0.0008659353480000003
421.6333618	0.0008204584886999999	422.0439758	0.0007195305070000005
421.7460022	0.0009107310319999996	422.1570129	-7.005967000000071e-05
421.8586426	0.0009878250419	422.2700195	0.0032245768229999996
421.9712524	0.0011576020620000004	422.3830872	0.003543290775
422.0838928	0.0016767773779999997	422.4961243	-0.0013780593899999985
422.1965637	0.001962196198	422.6091614	-0.001025089990000002
422.3092041	0.0008466868890000001	422.722229	-0.00029898435000000334
422.421875	0.0006820688431999999	422.8352661	0.0006830058999999986
422.5345154	0.00048235710999999966	422.9483337	-0.00017882137999999936
422.6471863	0.0010184262647	423.0614014	0.0027962421300000003
422.7598572	0.0007167209399999998	423.1744995	0.004692514660200001
422.8725281	0.0016821800526	423.2875671	0.007332831155
422.9852295	0.0013108882119999997	423.4006653	0.00776476576
423.0979004	0.0042694000003	423.5137329	0.0048147090708
423.2106018	0.006315651812999999	423.6268311	0.0004357192599999983
423.3232727	0.0047050457508	423.7399292	0.0022299276900000003
423.4359741	0.002314487006	423.8530579	-8.237361999999943e-05
423.5487061	0.0015434334020000013	423.966156	0.0013101892499999997
423.6614075	0.0012796656230000007	424.0792542	0.00303751661
423.7741089	0.0005160933361	424.1923828	0.004558966498
423.8868408	0.0019534449089999998	424.3055115	0.0054643363700000004
423.9995728	0.0024766010467	424.4186401	0.0011030454200000005
424.1123047	0.0027683633379999998	424.5317688	0.0011668531299999993
424.2250366	0.0021458771000000005	424.644928	0.0013569305297
424.3377686	0.001294246176	424.7580566	0.001569120213
424.450531	0.0010640253309999997	424.8712158	0.0023085603609000003
424.5632629	0.0011902351399999999	424.984375	0.0022314125670000002
424.6760254	0.0014509446910000003	425.0975342	0.0007780576119999997
424.7887878	0.001109828241	425.2106934	0.00015514437099999924
424.9015503	0.0009131142870000002	425.3238525	0.0011529263570000002
425.0143433	0.000469714753	425.4370422	0.004013381433
425.1271057	0.0006148656830000003	425.5502014	0.0096003525
425.2398987	0.0012508630749999998	425.6633911	0.014804877806
425.3526917	0.002947714413	425.7765808	0.00754112006
425.4654541	0.008059063228	425.8897705	0.003957380191
425.5782776	0.008406328272	426.0029907	0.0028974814400000003
425.6910706	0.003907956183	426.1161804	0.0021619983000000023
425.8038635	0.002313391102	426.2294006	0.00517230853
425.916687	0.0018168304229	426.3426208	0.054249152519999996
426.0295105	0.0014673890540000002	426.4558411	0.12663618937
426.142334	0.010780450657	426.5690613	0.079106986986
426.2551575	0.052298453172000006	426.6822815	0.022902840514000003
426.367981	0.07107624551099999	426.7955017	0.0084997875966
426.4808044	0.031088896560999998	426.9087524	0.00606943027782
426.5936584	0.010683378675	427.0220032	0.016881251476
426.7065125	0.0028051940609	427.1352539	0.0407388722555
426.8193665	0.004323626054	427.2485046	0.030461464077
426.9322205	0.017479917037	427.3617554	0.010460592805000002
427.0450745	0.026341383583000002	427.4750366	0.003914229569999997
427.1579285	0.015266139522	427.5882874	0.017435314129999997
427.270813	0.006134794563999999	427.7015686	0.0670975419902
427.3836975	0.0037861192830000003	427.8148499	0.0623205402788
427.496582	0.020919390258	427.9281311	0.018868349959
427.6094666	0.040677232665	428.0414124	0.007898628710000001
427.7223511	0.027247416319500003	428.1547241	0.016369680871
427.8352356	0.010588309727	428.2680054	0.02831885219
427.9481506	0.0052158706789999995	428.3813171	0.019478714099999996
428.0610352	0.012358667795999999	428.4946289	0.008173991693
428.1739502	0.0173369089206	428.6079407	0.0040271879399999995
428.2868652	0.00914377909841	428.7212524	0.003916465445
428.3998108	0.004200440832	428.8345642	0.00178964809
428.5127258	0.0022192243490000004	428.9479065	0.0002766661399999995
428.6256409	0.0023688548240000003	429.0612488	0.0017438307400000005
428.7385864	0.0026578871186000003	429.1745605	0.0035449387499999997
428.851532	0.0014862492098	429.2879028	-0.00013840942999999994
428.9644775	0.0018276160120000002	429.4012756	0.0009976830330000012
429.0774231	0.001060277573	429.5146179	0.0027385848220999997
429.1903687	0.001463190769	429.6279602	0.0019920865309999997
429.3033447	0.001356441295	429.741333	0.001975473948
429.4163208	0.00041013769800000033	429.8547058	0.0010963007799999983
429.5292664	0.0012913751420000003	429.9680786	0.001849899069
429.6422424	0.0014429623260000003	430.0814514	6.0312400000008676e-06
429.7552185	0.0006053030960000002	430.1948242	0.0012244284199999997
429.8682251	4.0097159999998716e-05	430.3082275	0.0038742027250000003
429.9812012	0.0008161208534	430.4216003	0.029421080254
430.0942078	0.0015041092410000003	430.5350037	0.061963484629999996
430.2072144	0.0041957465583	430.648407	0.041964985897
430.3202209	0.023566085147	430.7618103	0.010873615739999998
430.4332275	0.037296358035	430.8752136	0.004863099894
430.5462341	0.0196940219	430.9886475	0.003556408453
430.6592407	0.007509813881000001	431.1020508	0.0013797469400000009
430.7722778	0.002876943559	431.2154846	0.0012341160299999994
430.8853149	0.0009392439389999995	431.3289185	0.00446345284
430.9983521	0.0016016461889999997	431.4423523	0.004797966918
431.1113892	0.0024923819579999998	431.5557861	0.0018811523880000007
431.2244263	0.003021758516	431.6692505	0.0021719041979
431.3374634	0.0020781536734000004	431.7826843	0.0019349514919
431.450531	0.0017708963716	431.8961487	0.0018109441739999994
431.5635986	0.0015267199198	432.009613	0.0014296639709999999
431.6766357	0.0008959299890000001	432.1230774	0.0029689962393
431.7897339	0.0022907942471000003	432.2365417	0.0010610393940000001
431.9028015	0.0010670320113	432.3500061	0.001510898117
432.0158691	0.0012840205452	432.463501	-0.0013596490099999983
432.1289673	0.0006564789219999998	432.5769653	-0.00013311578999999907
432.2420349	0.0008581862785	432.6904602	0.0021468508049999994
432.3551331	0.0034437598660000002	432.8039551	0.0011641043239999996
432.4682312	0.0009632572764	432.91745	0.0006705205899999976
432.5813293	0.0009108509400000001	433.0309753	-0.000619295990000001
432.694458	0.0006647203119999998	433.1444702	0.0007920004430000006
432.8075562	0.00071732467	433.2579956	0.0021796701450000015
432.9206848	0.000846985961	433.3714905	0.000733146450000003
433.0338135	0.0017199923169000002	433.4850159	0.006685581060000001
433.1469116	0.0013594188500000001	433.5985413	0.016331771387
433.2600708	0.0033886637539999997	433.7120972	0.052072783465
433.3731995	0.006838277912	433.8256226	0.06574972346
433.4863281	0.015502730388	433.9391785	0.039633791890000006
433.5994873	0.03282994684	434.0527039	0.020894464100000003
433.7126465	0.03894525999	434.1662598	0.009554379618999999
433.8258057	0.024883283765	434.2798157	0.0040936616710000005
433.9389648	0.013272763696	434.3934021	0.005322508514000001
434.052124	0.00562977884	434.506958	0.004088200629
434.1652832	0.0033316565099	434.6205139	0.004134784104
434.2784729	0.002970116853	434.7341003	0.0011998638499999964
434.3916626	0.0035675927070000003	434.8476868	0.014383676926999999
434.5048218	0.0014557084070000005	434.9612732	0.0214889067033
434.618042	0.002908651019	435.0748596	0.018029424361999998
434.7312317	0.008829905888	435.188446	0.0367127303
434.8444214	0.013382327158	435.302063	0.03017124161
434.9576416	0.0198991118811	435.4156494	0.009654961529999999
435.0708313	0.039093595816	435.5292664	0.004204809669
435.1840515	0.035231104582999995	435.6428833	0.0055583289939
435.2972717	0.013717479304	435.7565002	0.0008170846900000008
435.4104919	0.006901140558	435.8701172	0.0006525777299999994
435.5237427	0.004596748389	435.9837646	0.0005444670100000007
435.6369629	0.0028706992739999998	436.0973816	0.00025932025000000025
435.7502136	0.0011442406100000005	436.2110291	0.00215454679
435.8634338	0.0010848932439999999	436.3246765	0.0002664737400000002
435.9766846	0.0008189247449999998	436.438324	0.0007475372410000007
436.0899353	0.0006922208699999995	436.5519714	0.0021033491910000014
436.2032166	0.0004997062490000002	436.6656494	0.005382461939000001
436.3164673	0.0012023237070000001	436.7792969	0.00565669802
436.4297485	0.0017296407603000002	436.8929749	0.00301374658
436.5429993	0.0017493241459999994	437.0066528	0.0006557367799999991
436.6562805	0.0020993358916999998	437.1203308	0.0046928878872
436.7695618	0.002299431479	437.2340088	0.0054083034195
436.8828735	0.0019321515579	437.3476868	0.005159309134
436.9961548	0.0016654444333000001	437.4613647	0.010655870659999997
437.109436	0.0031811774824	437.5750732	0.014093173787999999
437.2227478	0.00334657589	437.6887817	0.004300516100000002
437.3360596	0.008283001367000001	437.8024902	0.0035418896000000005
437.4493713	0.010417579203999999	437.9161987	0.003884288485
437.5626831	0.004933204502000001	438.0299072	0.003640862179999999
437.6759949	0.0023380755449999998	438.1436157	0.0014571938700000016
437.7893372	0.003270063549	438.2573547	0.002668563277
437.9026489	0.003242644946000001	438.3710938	0.008879893459
438.0159912	0.002856072504	438.4848328	0.00568658113
438.1293335	0.0032474501030000007	438.5985718	0.0019677281399999996
438.2426758	0.006273629608999999	438.7123108	0.002253829500999999
438.3560486	0.0048242795163	438.8260498	0.0034760297270000004
438.4693909	0.0026217526760000005	438.9398193	0.006959877904999999
438.5827637	0.0023579635602	439.0535583	0.0031995079479999996
438.696106	0.002105753636	439.1673279	0.003026561346
438.8094788	0.0035421811040000006	439.2810974	-0.00037085264999999965
438.9228516	0.002323827124	439.3948669	0.00014762394000000095
439.0362244	0.0013334239484	439.5086365	0.0010975487499999999
439.1496277	0.0007267444744	439.6224365	0.002566676589999999
439.2630005	0.0007949619323	439.7362061	0.0019314452079999996
439.3764038	0.0007028123370000014	439.8500061	-0.001229733230000002
439.4898071	0.0002956301910000004	439.9638062	-0.00046250410000000033
439.6032104	0.0009327337609999998	440.0776062	0.0003314251100000002
439.7166138	0.00024909057537	440.1914062	0.0009436635300000005
439.8300171	2.777797699999988e-05	440.3052368	0.0009961388999999987
439.9434509	0.0011312714779999995	440.4190369	0.008263089927
440.0568542	0.000994872302	440.5328674	0.01139773242
440.1702881	0.0019959865022999997	440.646698	0.00645387545
440.2837219	0.007674482183999999	440.760498	0.0006392300199999992
440.3971558	0.013117095923	440.8743591	0.0018648393450000009
440.5105896	0.009476073665	440.9881897	0.0034230141899999995
440.624054	0.0031863208860000002	441.1020203	0.0013532789889999998
440.7374878	0.0021117278670999997	441.2158813	0.00267156816718
440.8509521	0.0006853197699999997	441.3297424	0.001396891196
440.9644165	0.0004774866389	441.4436035	-0.0009306706500000067
441.0778809	0.0007476678002	441.5574646	1.4547259999999132e-05
441.1913452	0.0009813327340000002	441.6713257	0.0016200616960000006
441.3048096	0.0017747786368	441.7851868	0.0005623446779999992
441.4183044	0.0007680235430000005	441.8990784	-0.000799238679999998
441.5317688	0.000662110775	442.0129395	0.0022375621192
441.6452637	0.0009030364500000002	442.1268311	0.0017807041300000005
441.7587585	0.0008571778889999999	442.2407227	0.0009411163600000008
441.8722534	0.0004483414809999999	442.3546143	0.0015772390180000002
441.9857483	0.001745312126	442.4685364	6.0219320000002435e-05
442.0992737	0.00018565449899999968	442.582428	0.001672178739
442.2127686	0.0011398209604000001	442.6963501	-0.0003791339700000007
442.3262939	0.0006350169130999999	442.8102722	0.004011371406000001
442.4398193	0.0009578759198999999	442.9241638	0.013924976809999996
442.5533447	0.0009402956350000003	443.0380859	0.028494521980000003
442.6668701	0.0015988422100000003	443.1520386	0.019456052218
442.780426	0.011186607644	443.2659607	0.0060956086940000005
442.8939514	0.024554855652	443.3799133	0.008652424906999998
443.0075073	0.0195589536839	443.4938354	0.011322688310000002
443.1210632	0.0091503490116	443.6077881	0.0068487965040000005
443.2345886	0.0075634107949999994	443.7217407	0.003196323756999999
443.348175	0.010771670609	443.8356934	0.00210856274
443.461731	0.007656932167900001	443.9496765	0.003060671497000001
443.5752869	0.004623427871	444.0636292	0.002881497843
443.6888733	0.0026243424510000004	444.1776123	0.0004025679099999985
443.8024597	0.001967288787	444.2915649	0.0021138926969999994
443.9160461	0.0011321778880000002	444.4055481	0.002655257936
444.0296326	0.0009275497869999996	444.5195312	0.002514376769999999
444.143219	0.0010872812564	444.6335449	0.002657183679
444.2568054	0.0015630831480000001	444.7475281	-6.044841999999773e-05
444.3704224	0.0011099348769999999	444.8615112	-0.0003068763799999978
444.4840088	0.00033636577499999987	444.9755249	0.0013288175105
444.5976257	0.0009414439550000002	445.0895386	0.00028996914999999956
444.7112427	0.0011316838210000003	445.2035522	0.0025411068920000003
444.8248596	0.0007919734340000005	445.3175659	0.0027285208929999985
444.9384766	0.00034490064670000006	445.4315796	0.0038425002132
445.052124	0.0011347232649	445.5456238	0.0013239399990000005
445.165741	0.0016434086716999997	445.6596375	0.0003255084200000022
445.2793884	0.0016789690708000002	445.7736816	0.0005126930800000012
445.3930359	0.00145502828662	445.8877258	0.0018102973699999992
445.5066833	0.000455784844	446.00177	-0.00032735243999999775
445.6203308	0.0005782754160000001	446.1158142	0.00027682258999999973
445.7340088	0.0005655754360000004	446.2298889	0.0019399430600000002
445.8476562	-0.00021241139599999996	446.3439331	0.0010610921310000004
445.9613342	0.0005803736858	446.4580078	0.0029339843889999995
446.0750122	0.000583670100000001	446.5720825	0.00010599941000000168
446.1886902	0.0010869200339999998	446.6861572	-0.0009415857500000013
446.3023682	0.0010341814490000003	446.8002319	0.0008880037350000002
446.4160461	0.0014287761879999998	446.9143066	-0.0012621190399999989
446.5297241	0.00047809022360000003	447.0283813	0.001204776577000001
446.6434326	0.000976990909	447.1424866	-0.0005110260099999986
446.7571411	0.0005400504449999998	447.2565918	0.0014078025996
446.8708496	0.0010343209722999999	447.370697	-0.001642350100000002
446.9845581	0.0003990437829999999	447.4848022	0.0018273442999999986
447.0982666	0.0005305118974999999	447.5989075	-0.0007104277699999974
447.2119751	0.000404146267	447.7130127	-0.00019673910000000006
447.3257141	-9.414687519999996e-05	447.8271484	0.0055870516250000005
447.4394226	0.000647387467	447.9412537	0.007142980118
447.5531616	0.000489393714	448.0553894	0.005001845303999999
447.6669006	0.00173089815466	448.1695251	0.0009392425399999994
447.7806396	0.0038521340756	448.2836609	0.002509810959999999
447.8943787	0.0028142377846	448.3977966	0.0024699196220000002
448.0081482	0.00022652741610000002	448.5119629	0.006245162687
448.1218872	0.0005966997995999999	448.6260986	0.012064031792
448.2356567	0.0005721732739999998	448.7402649	0.008093459764
448.3494263	0.0032644471501	448.8544312	0.003665621396
448.4631958	0.007205910979	448.9685974	0.0011459058199999993
448.5769653	0.007999826921	449.0827637	0.0007183691489999998
448.6907654	0.0029681732409999996	449.1969299	0.002360226120999999
448.8045349	0.001600045246	449.3111267	0.0006105499349999995
448.918335	0.0012202425860000001	449.425293	-0.0004166998000000033
449.0321045	-0.00015058345200000007	449.5394897	0.0032709203600000004
449.1459045	0.0007765600459999997	449.6536865	0.0007859598799999992
449.2597046	9.820703399999976e-05	449.7678833	0.00042250844999999933
449.3735352	0.000686957268	449.8820801	-8.098594000000015e-05
449.4873352	0.001456721685	449.9963074	0.0017339782779999995
449.6011658	0.0007989662700000006	450.1105042	0.002110527829
449.7149658	0.0003576674502	450.2247314	0.0025667970769
449.8287964	0.0012166369699999997	450.3389587	0.00010547041999999993
449.942627	0.0010509273854000002	450.4531555	0.0008816011200000005
450.0564575	0.0005427996510999999	450.5674133	0.001043020748
450.1703186	0.0009580051989999999	450.6816406	0.0016124192619999993
450.2841492	0.0007750927469999998	450.7958679	0.00064984337
450.3980103	0.0011113012151	450.9101257	-0.0007346645000000027
450.5118408	0.0005194419070000001	451.0243835	0.0005416329900000006
450.6257019	0.0007197924420000003	451.1386108	0.0023347687678
450.739563	0.0010936416802	451.2528687	0.002301800763
450.8534241	0.0005625383930000002	451.367157	0.010580167170000002
450.9673157	0.00025071797400000014	451.4814148	0.05202046409
451.0811768	0.0008155377580000003	451.5956726	0.053346455089999995
451.1950684	0.0031500156039999997	451.7099609	0.0176311476351
451.30896	0.021240124945	451.8242493	0.005308546130000001
451.4228516	0.0336698305942	451.9385376	0.004752341309
451.5367432	0.017865812404999997	452.0528259	0.002905461934999999
451.6506348	0.008693289012	452.1671143	0.0005484521399999991
451.7645264	0.0037656743079999997	452.2814026	0.0014385350516
451.8784485	0.002118264325	452.3957214	0.001049609850000001
451.9923706	0.0010805951315	452.5100098	0.0013764798600000017
452.1062927	0.0012449922509999998	452.6243286	0.013656367898699999
452.2202148	0.0006636986509999999	452.7386475	0.015488652742999999
452.334137	0.001167658716	452.8529663	0.004854647439999998
452.4480591	0.0046589257544	452.9672852	0.003877230687
452.5620117	0.008053602883	453.0816345	0.0017456756949999989
452.6759338	0.005592139903999999	453.1959534	0.0028109322300000003
452.7898865	0.0026942661499999997	453.3103027	0.0020016371269999996
452.9038391	0.0019275210789999999	453.4246521	0.0007630269900000021
453.0177917	0.0007893377910000001	453.5390015	0.0021390030200000004
453.1317444	0.000753494212	453.6533508	0.0013522864320000003
453.245697	0.0007466801328000001	453.7677002	0.0011908215817
453.3596802	0.0017259437590000002	453.8820801	0.001053457148
453.4736633	0.0013673560459999997	453.9964294	0.0012945309279999997
453.587616	0.0011152795994	454.1108093	0.0016519202910999999
453.7015991	0.0006859099959999997	454.2251892	0.001383082939
453.8155823	0.0004730137299999999	454.3395691	0.0019960266069999994
453.9295959	-0.00016631605099999992	454.453949	5.919114000000128e-05
454.0435791	0.0006347186860000001	454.5683594	0.0005653314299999997
454.1575928	0.0005663233461000001	454.6827393	-0.00026944652000000097
454.2715759	0.0010227700699999998	454.7971497	0.006472846261
454.3855896	0.0008491845799999996	454.9115295	0.024811701382
454.4996033	0.00095845221041	455.0259399	0.037564478353
454.6136169	0.001683820216415	455.1403503	0.010930008082600001
454.7276611	0.009919347708000001	455.2547913	0.004363746381
454.8416748	0.017870213252	455.3692017	0.0018226429900000014
454.955719	0.011548416922000001	455.4836426	0.0030939398570000005
455.0697327	0.0064789876339999995	455.598053	0.0019848272179999998
455.1837769	0.003372862469	455.7124939	0.0011052992200000014
455.297821	0.0015338151719999993	455.8269348	-0.0007745474599999969
455.4118652	0.0006717368959999999	455.9413757	0.0020654730035
455.5259399	0.000820213696	456.0558167	0.0025564735992
455.6399841	0.0009069269291000001	456.1702881	0.0009358488020000007
455.7540588	0.0008618718134	456.284729	-0.0005846470599999987
455.8681335	7.784607807e-05	456.3992004	0.0027737555210000002
455.9822083	0.0013069164122000002	456.5136719	0.0017465418200000005
456.096283	0.0012204106899999997	456.6281433	-0.0005184113999999983
456.2103577	0.00107931071009	456.7426147	0.0012550354
456.3244324	0.00037410960795	456.8570862	0.0020952746299999978
456.4385376	0.00101530645042	456.9715881	0.00265545784548
456.5526123	0.0013436025469999997	457.0860596	0.001938740025
456.6667175	0.0007518215570000001	457.2005615	0.0020735955339999997
456.7808228	0.0020554517977	457.3150635	-0.001179307697999999
456.894928	0.0013927109540000007	457.4295654	0.0006835870500000001
457.0090637	0.0013979862560999999	457.5440674	1.4830380000004084e-05
457.1231689	0.0008164676840000003	457.6585693	7.657707000000014e-05
457.2373047	0.0009905754129999997	457.7731018	0.0003858692900000002
457.3514099	0.0004808325320000001	457.8876038	0.0024829532490000003
457.4655457	0.0008508802860000002	458.0021362	0.0037443870640000007
457.5796814	0.001498675672	458.1166687	0.0003410223869999996
457.6938171	0.0008522769200000001	458.2312012	0.0025703459999999977
457.8079834	0.0010324176410000004	458.3457336	0.012672665529
457.9221191	0.0008948021569999999	458.4602966	0.012177031490000004
458.0362854	0.001244345156	458.5748291	0.006057586519999998
458.1504211	0.005112624378	458.6893921	0.0025598213539999998
458.2645874	0.010298531736	458.8039246	0.00200328883
458.3787537	0.008000555215	458.9184875	0.00247175526
458.4929199	0.0038097361100000015	459.0330505	0.0021381502153
458.6071167	0.0020907458380000003	459.147644	0.00047319009999999967
458.721283	0.00086085570543	459.262207	0.004227558034
458.8354797	0.0013628759476	459.3768005	0.017250013539999998
458.9496765	0.0014381178190000002	459.4913635	0.02541348152
459.0638733	0.0018108393990000004	459.605957	0.013181130866999999
459.1780701	0.0060645481571	459.7205505	0.003830253149999999
459.2922668	0.017155773009	459.835144	0.0017952434699999992
459.4064636	0.017698021608	459.9497375	0.0059689858460000005
459.5206909	0.007504892532	460.0643616	0.011809365819999997
459.6348877	0.0043465653440000005	460.1789551	0.0082996795
459.749115	0.0028830762893	460.2935791	0.005700975660000003
459.8633423	0.0047737413843	460.4082031	0.004787134938
459.9775696	0.0054077811069999995	460.5228271	0.0015208832900000004
460.0917969	0.004423115053	460.6374512	0.003827459180000001
460.2060547	0.0032187031176000003	460.7520752	0.0023534362841
460.320282	0.0019036754968	460.8666992	0.00020969007199999994
460.4345398	0.00030101047739999995	460.9813538	0.002606976311999999
460.5487976	0.0014320438499999999	461.0960083	0.0022061541599999943
460.6630554	0.0018049596697	461.2106323	0.02184369508
460.7773132	0.0012235182799999996	461.3252869	0.04456970468
460.891571	0.0004649763505	461.4399414	0.027281210758
461.0058289	0.005658968177	461.5546265	0.009778041392
461.1201172	0.02486419678	461.669281	0.004283902932999999
461.2344055	0.033515622141	461.7839661	0.002614052970000001
461.3486633	0.017078829934	461.8986206	0.0003751032099999982
461.4629517	0.00894359406	462.0133057	-9.009614999999638e-05
461.57724	0.004130649497	462.1279907	0.0007348135100000014
461.6915588	0.002189601539	462.2426758	0.001267379615
461.8058472	0.001564262202	462.3573914	0.0017159092239999998
461.920166	0.001293317648	462.4720764	0.0015912689260000005
462.0344543	0.0004939331557	462.586792	0.0023103803399999994
462.1487732	0.0011359826606	462.7014771	0.002099923323
462.263092	0.0005985819151000001	462.8161926	0.000470226629999999
462.3774109	0.0007309499190000001	462.9309082	-0.0006694421200000022
462.4917603	0.0006296204519999999	463.0456238	0.0015572644800000007
462.6060791	0.0007694315866999999	463.1603699	0.007152064239
462.7204285	0.0002868894953999999	463.2750854	0.0059539219300000015
462.8347473	0.000777812675	463.3898315	0.002202158790000002
462.9490967	0.0027688795229999998	463.5045471	0.0011100489699999994
463.063446	0.004961782600000001	463.6192932	0.00039710197599999997
463.1777954	0.00356746302	463.7340393	0.0007702766450000003
463.2921753	0.0024093454710000005	463.8487854	-0.0002802107499999991
463.4065247	0.00180147881473	463.963562	0.0026806070239999997
463.5209045	0.00065869611852	464.0783081	0.004288697615
463.6352539	0.0007737267880999999	464.1930847	0.0018935250099999992
463.7496338	0.00060748728	464.3078308	-0.00010020099999999768
463.8640137	0.0014450441809999999	464.4226074	0.0007959757930000001
463.9783936	0.0035409306288	464.537384	0.0027002958229
464.092804	0.001515274111	464.6521606	0.003469578922
464.2071838	0.0014409315770000002	464.7669678	0.0002803755899999996
464.3215942	0.0012066212075	464.8817444	0.001768728136
464.4360046	0.001468281029	464.9965515	0.00204440392
464.5503845	0.0006494801489999999	465.1113281	0.0016557350799999999
464.6647949	0.0007268227639999998	465.2261353	0.00321190193807
464.7792358	0.001029451611	465.3409424	0.0006366763299999988
464.8936462	0.001388688106	465.4557495	0.0018642786860000003
465.0080566	0.0011729642280000003	465.5705872	0.0018017427070000005
465.1224976	0.0008169286879999996	465.6853943	0.0016855774449999993
465.2369385	0.0011130321650000001	465.8002319	0.0006393529500000016
465.3513794	0.0012722623069999998	465.9150391	0.0019653545462
465.4658203	0.0007264814340000002	466.0298767	0.0070552583799999985
465.5802612	0.001021135598	466.1447144	0.023215302269
465.6947021	0.0005498399844000001	466.259552	0.020050719377
465.8091736	0.0010485155499999998	466.3744202	0.0037906747399999996
465.9236145	0.0091245941581	466.4892578	0.0030459704579
466.0380859	0.016953926532	466.604126	0.01710269926
466.1525574	0.011180027852	466.7189941	0.0013937908807000001
466.2670288	0.0058522442119	466.8338318	0.0007450459599999994
466.3815002	0.0027523176392	466.9487	0.0020322678590000004
466.4959717	0.0017263537739	467.0635986	0.0025885143691000002
466.6104736	0.000634217402	467.1784668	0.0014439804939999999
466.7249451	0.000456747366	467.293335	0.0026044053950000003
466.839447	0.0009530973617000001	467.4082336	0.001033911482
466.953949	0.000621443382	467.5231323	3.691390000000461e-05
467.0684509	0.00029602833100000024	467.6380005	0.00111656962
467.1829529	0.0002677862066	467.7528992	0.00023923441999999795
467.2974854	0.00113940150948	467.8678284	0.002794598695
467.4119873	0.0007043903752999999	467.9827271	-0.0006319433400000032
467.5265198	0.0017543660940000003	468.0976257	0.001262211241
467.6410217	0.000840921887	468.2125549	7.314609999999749e-06
467.7555542	0.0010402928451999998	468.3274536	0.0012240823707
467.8700867	0.0007410616236000001	468.4423828	0.0016980725339999997
467.9846191	0.0007132348982	468.557312	0.0009834915399999991
468.0991821	0.0009456306583	468.6722412	0.0006842296570000002
468.2137146	0.0008158269330000001	468.7872009	0.0008056676100000014
468.3282776	0.0010196550138	468.9021301	0.001582466066
468.4428406	0.0006370926279999998	469.0170898	5.459785999999828e-05
468.557373	0.0007217833195000001	469.132019	0.0007318370049999999
468.671936	0.0005197735739999999	469.2469788	-0.000700097529999999
468.7865295	0.00011356360999999898	469.3619385	0.0022313640221000002
468.9010925	0.0011265622449999997	469.4768982	0.0014877179637
469.0156555	0.0005008848389999997	469.5918884	-2.769752999999542e-05
469.130249	0.00037930539109999996	469.7068481	0.0015344581916
469.2448425	0.001192799885	469.8218079	0.0008829105600000019
469.359436	0.0003293442715	469.9367981	0.001869739035
469.4740295	0.001097862609	470.0517883	0.0004907910480000002
469.588623	-2.95637292e-05	470.1667786	0.0005366057199999996
469.7032166	0.0014817456250000001	470.2817688	0.0009080637300000003
469.8178101	0.0011725191725999997	470.396759	0.001095540820000001
469.9324341	0.000764568802	470.5117798	0.010389969215000001
470.0470581	0.0006576925079	470.62677	0.02000221179
470.1616821	0.0009189052509999997	470.7417908	0.013099636417
470.2763062	0.0017071358160000002	470.8568115	0.005538145312999999
470.3909302	0.007282188977	470.9718323	0.0035000490050000003
470.5055542	0.01200012828	471.086853	0.0008031101899999993
470.6201782	0.007048101863000001	471.2018738	0.0011308956900000014
470.7348328	0.004594168626	471.3168945	-0.00026735664000000076
470.8494873	0.002491651918	471.4319458	0.00079145282
470.9641418	0.001705618691	471.5469666	-0.0010045282599999983
471.0787964	0.0007593736519999998	471.6620178	0.000565663919999999
471.1934509	0.0006517542060000001	471.7770691	-0.00043179466999999916
471.3081055	0.0011565935274	471.8921204	0.0003529992000000006
471.42276	0.001520719845	472.0071716	0.0008695749569999998
471.5374451	0.00043273437799999995	472.1222534	0.001857092837
471.6521301	0.0008906801229999995	472.2373047	0.0024103131434
471.7667847	0.000939514721	472.3523865	0.0011282651689999996
471.8814697	0.00017270099490000003	472.4674377	0.0025032618999999996
471.9961548	0.000844340073	472.5825195	0.0009231809500000014
472.1108704	0.0004474344023	472.6976013	0.0013038739600000002
472.2255554	0.0007400126200000001	472.8127136	0.003949442880000001
472.340271	0.0010076328179999998	472.9277954	0.007936613635
472.4549561	0.0015207279940000003	473.0428772	0.021589499086
472.5696716	0.0011907080190000003	473.1579895	0.016744995489999998
472.6843872	0.0013875057920000001	473.2731018	0.008277667919
472.7991028	0.0059387129730000005	473.3881836	0.0036028371545999997
472.9138184	0.014427366896999999	473.5032959	0.007460934342000001
473.0285645	0.013808091167	473.6184387	0.004182692620000001
473.14328	0.006765232189	473.733551	0.002791722301000001
473.2580261	0.004117268138000001	473.8486633	0.00699686442381
473.3727722	0.003455063968	473.9638062	0.013467539099999998
473.4875183	0.0029559312390000005	474.078949	0.008811753240000005
473.6022644	0.002887919632	474.1940613	0.002650465809999999
473.7170105	0.0061975356660000005	474.3092041	0.0017894711330000007
473.8317566	0.012427516282	474.4243469	0.002172291977
473.9465332	0.011574705382	474.5395203	0.00015002488999999938
474.0612793	0.0054682960033	474.6546631	0.002601296641000001
474.1760559	0.003009501379	474.7698364	-0.00012781564999999988
474.2908325	0.002148647326	474.8849792	0.002371488348948
474.4056091	0.0014378768390000008	475.0001526	-0.0007028169900000006
474.5203857	0.0005461920509999998	475.1153259	-0.014369765290000003
474.6351624	0.0011432548635	475.2304993	0.0011973389189999998
474.7499695	0.0007468325202000001	475.3456726	0.001483523752000001
474.8647461	0.0013097722550000006	475.4608765	0.0008929595299999975
474.9795532	0.0014052129120000001	475.5760498	0.0023389738059999996
475.0943604	0.0011952170753	475.6912537	0.004486180143
475.2091675	0.0008456557990000001	475.8064575	0.0009204428699999996
475.3239746	0.0009587677199999999	475.9216614	0.0010229525999999982
475.4388123	0.0014066661249999997	476.0368652	0.0020564887086000003
475.5536194	0.0016965819519999998	476.1520691	0.0021796745713
475.668457	0.0019266959280000006	476.2672729	0.0032081640089
475.7832642	0.0015848240582	476.3824768	0.0025512785654
475.8981018	0.00097953425577	476.4977112	0.001660573295999999
476.0129395	0.0011619449651999998	476.6129456	0.001665837597
476.1277771	0.0008862130349999997	476.7281799	0.009693770437
476.2426147	-0.00017992663200000003	476.8434143	0.033954873680000004
476.3574829	0.000502114592	476.9586487	0.03347048257
476.4723206	0.0006349085596999999	477.0738831	0.013165536333000001
476.5871887	0.00660119718	477.1891479	0.006837811329999999
476.7020569	0.021746463142000003	477.3043823	0.006687732410000001
476.816925	0.0259576489959	477.4196472	0.0024268599229999997
476.9317932	0.012843354022	477.5349121	0.0028218943620000004
477.0466614	0.008426596643	477.650177	0.0018512695822
477.1615295	0.0057196770208	477.7654419	0.00111271441
477.2764282	0.0030220465270999995	477.8807068	0.002153908834
477.3912964	0.0012129220409999998	477.9959717	0.0016328702912000001
477.5061951	0.001110968297	478.1112671	-0.00018532946000000133
477.6210938	0.0015080757439999998	478.226532	0.0013639824500000005
477.7359924	0.00156084192	478.3418274	0.00027194059999999937
477.8508911	0.0010656302696	478.4571228	0.002023985610000001
477.9658203	0.0012386627490000002	478.5724182	-0.0005533667299999993
478.080719	0.0007455045852	478.6877136	0.0011398984937
478.1956482	0.0003807388709999998	478.8030396	-0.00046880915999999995
478.3105469	0.000898562837	478.918335	-0.0001355605199999995
478.4254761	0.000578869135	479.0336609	0.002947968548
478.5404053	0.0009583039200000004	479.1489563	0.001110425219999999
478.6553345	0.00040953559799999993	479.2642822	0.001254627946
478.7702942	0.0007920307692000001	479.3796082	0.0003383606699999993
478.8852234	0.0006827097390000002	479.4949341	0.0030462467119999996
479.0001831	0.0005357327172	479.6102905	0.0014081448299999993
479.1151123	0.0004902712529999999	479.7256165	0.0016197350339999996
479.230072	0.0012279680229999998	479.8409729	-7.114559000000013e-05
479.3450317	0.0008421237579999998	479.9562988	-8.398572999999965e-05
479.4599915	0.00086301319604	480.0716553	0.0019385979970000002
479.5749512	0.0011350284330000002	480.1870117	0.0010327177878999999
479.6899414	0.00045912034689999997	480.3023682	-0.00022841338000000044
479.8049011	0.00108866021	480.4177246	0.0025314448870000002
479.9198914	0.0009365814039999998	480.5331116	0.0021194224250000006
480.0348816	0.0008414746260000001	480.648468	-0.005668981932
480.1498413	0.0006193338200000001	480.763855	0.0023878063079999998
480.2648621	0.000908453018	480.8792419	0.0114917000175
480.3798523	0.0008509205700000001	480.9946289	0.025286637249999994
480.4948425	0.0007892420986	481.1100159	0.017551583239999998
480.6098328	0.0008176957490000003	481.2254028	0.008763708638
480.7248535	0.009547675259	481.3407898	0.005024013808
480.8398743	0.026641588051700003	481.4562073	0.002811934799999999
480.954895	0.028648667392	481.5715942	0.003460616804
481.0699158	0.014456992622999999	481.6870117	0.0020500443640000003
481.1849365	0.007664559875	481.8024292	-3.207382000000071e-05
481.2999573	0.004672897397	481.9178467	0.002000236879999999
481.414978	0.0026731218679999997	482.0332642	0.0012265597470000004
481.5300293	0.001626418845	482.1486816	0.0004698205739999996
481.6450806	0.00134289117393	482.2640991	0.001996285282
481.7601013	0.0007482608780000001	482.3795471	-0.0007027518000000017
481.8751526	0.0006903680039999998	482.4949951	-0.0022301850859999996
481.9902039	0.0006744824638999999	482.6104126	0.00214331178
482.1052856	0.00019961618810000002	482.7258606	0.0026610543723
482.2203369	0.0014081056	482.8413086	0.0023255894196
482.3353882	0.0015609790569999994	482.9567871	0.002392905997
482.45047	0.000565226189	483.0722351	-0.0008309213499999996
482.5655518	0.00019458355399999943	483.1876831	0.00036191753999999937
482.6806335	0.00027924030999999967	483.3031616	0.0015483573099999998
482.7957153	0.0008153817610000004	483.4186401	-1.948047499999994e-05
482.9107971	0.0013198776870000002	483.5341187	0.0018316063213
483.0258789	0.000491263344	483.6495972	0.0013608597199999996
483.1409912	0.0007646931330000002	483.7650757	-7.138401000000155e-05
483.256073	0.001095059211	483.8805542	-0.0002528093699999956
483.3711853	0.000878928578	483.9960327	0.0035125932189999996
483.4862976	1.8056482000000044e-05	484.1115417	0.0007128063599999984
483.6014099	0.0009881996669	484.2270203	0.0011381078500000003
483.7165222	0.00064482652667	484.3425293	0.00220279862
483.8316345	0.0012907216008	484.4580383	0.00188728581408
483.9467468	0.0015850254568	484.5735474	0.0016996623019999999
484.0618896	0.0005306142850000002	484.6890564	0.00264363992
484.177002	0.0016112634910000001	484.8045959	0.00048570334899999956
484.2921448	0.001177530736	484.920105	0.001686250907
484.4072876	9.103817800000004e-05	485.0356445	0.0005119927300000007
484.5224304	-9.969202800000007e-05	485.1511841	0.010119904765
484.6375732	0.001030843006	485.2666931	0.010975470766
484.7527161	0.0011084799191	485.3822327	0.004793284461
484.8678894	0.0020838321650000005	485.4978027	0.002780337820000001
484.9830322	0.006349976408	485.6133423	0.0012960489899999997
485.0982056	0.010652217083000001	485.7288818	0.0027216933649999997
485.2133789	0.0066706393846	485.8444519	-0.0010120142300000003
485.3285522	0.004278283333	485.9599915	0.0025293511570000002
485.4437256	0.0018270674629999998	486.0755615	-0.00031079166000000033
485.5588989	0.0014137191464000001	486.1911316	0.002900809047
485.6741028	0.0008266926749999999	486.3067017	-0.00012706966000000305
485.7892761	0.0007936600599999996	486.4222717	0.005032574292
485.90448	0.0014362139649999987	486.5378723	0.007995776830000002
486.0196838	0.000610018032	486.6534424	0.009169031633
486.1348572	0.0007385374049999997	486.769043	0.004009810276
486.250061	0.003039518138	486.884613	0.002913990757
486.3652954	0.007038583280000001	487.0002136	0.002960217190000001
486.4804993	0.0095778686668	487.1158142	0.0011793375000000023
486.5957031	0.0046403867014	487.2314148	0.00192971807
486.7109375	0.002317821141	487.3470154	0.002067240421000001
486.8261719	0.0023135598759999997	487.4626465	0.00022752768999999978
486.9413757	0.002319576917	487.5782471	0.003635416741
487.0566101	0.0019369912339999998	487.6938782	0.00024671200700000003
487.1718445	0.001176099526	487.8095093	0.0008375030000000033
487.2871094	0.0011690733949999994	487.9251404	0.00385712832
487.4023438	0.0015747374859999995	488.0407715	0.006951747459999998
487.5175781	0.0007499917409999998	488.1564026	0.006739387751999999
487.632843	0.0009192151410200001	488.2720337	0.019691306171
487.7481079	0.0011379707139999998	488.3876953	0.05597153771300001
487.8633728	0.002951055998	488.5033264	0.047281524170000006
487.9786377	0.004318504361	488.618988	0.01762031392
488.0939026	0.009964639320000001	488.7346497	0.00795727223
488.2091675	0.037241115697	488.8503113	0.0034462679200000026
488.3244629	0.0514870422808	488.9659729	0.004138957476
488.4397278	0.027587242656	489.0816345	0.0036314055299999995
488.5550232	0.016327116634	489.1972961	0.010253271551999999
488.6703186	0.009543460793	489.3129883	0.010655082759000001
488.785614	0.0048913422797	489.4286499	0.0093834037
488.9009094	0.00374421932041	489.544342	0.002748195079999998
489.0162048	0.00455244584	489.6600342	0.003607315007999999
489.1315002	0.007775282486999999	489.7757263	0.004634745420000001
489.2468262	0.006945527857	489.8914185	0.00463960599
489.3621216	0.0031658066441000005	490.0071106	0.002846775577
489.4774475	0.0021815001960000004	490.1228333	0.0031050110710000006
489.5927734	0.002362729515	490.2385254	0.0011900449169999997
489.7080994	0.0029667620549000003	490.354248	-0.00011949241000000152
489.8234253	0.0015971455719999998	490.4699707	0.0028446826620000002
489.9387512	0.0009222105149999989	490.5856934	0.0021617757160000005
490.0540771	0.0012148964454	490.701416	0.0024929612991
490.1694336	0.001319293165	490.8171387	0.00424500180128
490.28479	0.0005297893650000008	490.9328613	0.0022059064400000022
490.400116	0.0005734092843	491.048584	0.0004998985700000007
490.5154724	0.0016782375167999999	491.1643372	0.0028057862099999994
490.6308289	0.0025479379110000004	491.2800903	6.389990999999991e-05
490.7461853	0.002854300546	491.3958435	0.0012363884500000005
490.8615723	0.001641468844	491.5115662	0.0033790210292999998
490.9769287	0.0006991375699999997	491.6273499	0.0014197304800000008
491.0923157	0.000734594184	491.743103	0.0019060131100000002
491.2076721	0.0009215734890000004	491.8588562	0.0014493521300000013
491.3230591	0.0003636422330000001	491.9746399	0.0019862484200000013
491.438446	0.00087750775307	492.0903931	0.0005400935179999998
491.553833	0.0003533556586999999	492.2061768	0.002058392390999999
491.66922	0.0009854873600000005	492.3219604	0.002002891851
491.7846375	0.0010652125348000001	492.4377441	0.0028607598509999997
491.9000244	0.0013902143110000004	492.5535278	0.0023549878950000006
492.0154419	0.0010079336350000004	492.6693115	0.0013492582370000002
492.1308594	0.00064314071639	492.7850952	0.000846393872
492.2462463	0.00114741845758	492.9009094	0.0015456705586
492.3616638	0.00131080444372	493.0167236	0.0011265635548
492.4771118	0.0005007893779000001	493.1325073	0.0002460204999999993
492.5925293	0.0004288090859999999	493.2483215	3.255910000001319e-06
492.7079468	0.0005779440980000004	493.3641357	0.0018114219420000003
492.8233948	0.0009012306100000004	493.47995	0.0020982166749999994
492.9388123	0.0011699721220000004	493.5957947	0.0044662654400000005
493.0542603	0.0009394371899999997	493.7116089	0.005084654549
493.1697083	0.0002987084439999999	493.8274536	0.0007770582999999977
493.2851562	0.0009402009890000001	493.9432678	0.0016025835699999998
493.4006042	0.0019351443335	494.0591125	0.0030090450309
493.5160522	0.004218407324	494.1749573	0.0020735664270000002
493.6315308	0.0034192718449	494.290802	0.0013841392355
493.7469788	0.0018917699350000001	494.4066467	0.0013663675599999998
493.8624573	0.0013509402637000001	494.522522	0.0021460996940000005
493.9779358	0.0019784311003	494.6383667	0.0035612322400000018
494.0934143	0.0012480951850000008	494.7542419	0.002247638999999999
494.2088928	0.0008116691610000001	494.8700867	0.00191531237
494.3243713	0.0005988786288	494.9859619	0.001899753697
494.4398499	6.984267399999999e-05	495.1018372	0.004993708810000001
494.5553589	0.001328984392	495.2177124	0.0010568806899999995
494.6708374	0.0009770002219999996	495.3335876	0.0032971501349999995
494.7863464	0.00024401902920000005	495.4494934	0.001920115668
494.9018555	0.0005409989979999999	495.5653687	0.0012062336310000006
495.0173645	0.000711460947	495.6812744	-0.0005894005299999991
495.1328735	0.0005798491770000001	495.7971497	0.00223975163
495.2483826	0.0015053469689999995	495.9130554	0.004247292879999996
495.3638916	0.0015756755600000003	496.0289612	0.00506588944656
495.4794312	0.001080957358	496.1448669	0.003214436583
495.5949402	0.0004817651360000002	496.2607727	0.0032512019390000006
495.7104797	0.0009489054789999999	496.376709	0.0008011688469999993
495.8260193	0.0018248292619999999	496.4926147	0.0013061687400000022
495.9415588	0.002643179731	496.608551	0.0024371147200000012
496.0570984	0.0013569714499999997	496.7244873	0.0082244589
496.1726379	0.0009273394825	496.8403931	0.015643755904000002
496.288208	0.0011829609279000002	496.9563293	0.01142592914
496.4037476	0.0007004345530000002	497.0722961	0.0031764320999999943
496.5193176	0.0019774341487	497.1882324	0.0036631673599999987
496.6348877	0.008775383583	497.3041687	0.0021346090400000007
496.7504272	0.012138008375	497.4201355	0.0014367047699999982
496.8659973	0.0059816290745	497.5360718	0.00456043214186
496.9815979	0.0042516968675	497.6520386	0.0033649876699999998
497.097168	0.0022757421250000007	497.7680054	-0.0016115233299999893
497.212738	0.001714943442	497.8839722	0.0006525367500000018
497.3283386	0.0017121065180000002	497.999939	0.0011906092999999993
497.4439087	0.00242653257785	498.1159058	0.0023336955340000007
497.5595093	0.0016405928180000002	498.2319031	0.0018898770199999998
497.6751099	0.000855627936	498.3478699	0.0014833887109999997
497.7907104	0.00037473335400000003	498.4638672	0.0020152853976
497.906311	0.00038775801600000014	498.5798645	0.0013635070070000003
498.0219116	0.001449004514	498.6958313	0.00021579860999999811
498.1375427	0.000596271595	498.8118286	-0.00024067609999999656
498.2531433	0.0006587608369999999	498.9278564	0.002358805155
498.3687744	0.000516136409	499.0438538	0.0015291972119999987
498.4844055	0.0007325059270000002	499.1598511	0.0023103062999999995
498.6000366	0.000613546814	499.2758789	0.0015840325510000004
498.7156677	0.0005041742699999994	499.3918762	0.003901909571
498.8312988	0.0007378594019999997	499.5079041	0.002866646270000002
498.9469299	0.00037850555999999983	499.6239319	0.0035676439290999997
499.0625916	0.0010398514570000008	499.7399597	-0.0001507364199999986
499.1782227	0.00042311288400000016	499.8559875	0.0005362695080000004
499.2938843	0.0011015034030699999	499.9720459	0.00158191752
499.4095459	0.0011812579468	500.0880737	0.0019064908850000002
499.5252075	0.0009092598920000001	500.2041016	-7.564201999999895e-05
499.6408691	0.0003012781959999995	500.3201599	0.0006846059100000003
499.7565308	0.00121237448579	500.4362183	0.0023154895700000025
499.8721924	0.0010165058484	500.5522766	0.0005237059669999998
499.987854	0.0012933827239999997	500.668335	0.0005793645900000026
500.1035461	0.00040338653999999995	500.7843933	0.0028210433660000003
500.2192383	0.0012978827579999998	500.9004517	0.0025108675479999995
500.3348999	0.0009749355959999999	501.0165405	0.002062178683
500.450592	0.0002586515620000007	501.1325989	0.0016690622999999995
500.5662842	0.0010387237995000001	501.2486877	0.006020570177
500.6820068	0.0015203474319999998	501.3647766	0.006942681503
500.797699	0.001429953714	501.480835	0.0040496401520000004
500.9133911	0.0011495834621	501.5969238	-0.00024252385000000237
501.0291138	0.0040858946739999995	501.7130432	0.003117483342
501.1448364	0.006855331478	501.8291321	0.002491586375
501.2605286	0.005619493778	501.9452209	0.00606701523
501.3762512	0.003212366486	502.0613403	0.009406372900000001
501.4919739	0.002030160976629	502.1774292	0.008464788203
501.6077271	0.0020876475609999997	502.2935486	0.00427311298
501.7234497	0.0015094995030000002	502.409668	0.0014561677925300001
501.8391724	0.005441362034999999	502.5257874	4.024059000000413e-05
501.9549255	0.0076075093819999995	502.6419067	0.00160249323
502.0706787	0.0055210114801	502.7580566	2.6356430000000833e-05
502.1864014	0.003328491235	502.874176	0.0007802825399999998
502.3021545	0.0020319486505999997	502.9902954	0.0015911539080000004
502.4179077	0.0013505530079999997	503.1064453	0.009189848789999998
502.5336609	0.0011981937571	503.2225952	0.0024937894190000002
502.6494446	0.0008505461446	503.3387451	-0.0011869594399999996
502.7651978	0.0007236385719999999	503.454895	0.0014291340499999992
502.8809814	0.0006521642209999998	503.5710449	0.0032778593009999994
502.9967346	0.0008009621961000001	503.6871948	0.0019933448640000006
503.1125183	0.001036018366	503.8033752	0.0024349885099999996
503.228302	9.386707100000023e-05	503.9195251	0.002030991018
503.3440857	0.0011584367606	504.0357056	0.00037423521000000404
503.4598694	0.0011365933172	504.1518555	0.002364228945
503.5756836	0.001386346994	504.2680359	0.0019516116010000004
503.6914673	0.0009560585019999998	504.3842163	0.001030544750000001
503.8072815	0.0010673874060000005	504.5003967	0.0009534601200000027
503.9230652	0.0005103314181	504.6166077	-0.0006667175329999999
504.0388794	0.001365562901000001	504.7327881	0.0027740467339999993
504.1546936	0.0009074006230000006	504.848999	0.002116729500000001
504.2705078	0.0006206739929999999	504.9651794	0.0008030012300000028
504.386322	0.0009914499023	505.0813904	0.0036592059770000004
504.5021667	0.0007670405319999999	505.1976013	0.006601481003
504.617981	0.001125816605	505.3138123	0.006972674048
504.7337952	0.001056869282	505.4300232	0.0037605259600000003
504.8496399	0.0013875209260000001	505.5462341	0.0008856952199999997
504.9654846	0.0020634232204	505.6624451	0.004829189507
505.0813293	0.003066365374	505.7786865	0.0057920116524
505.1971741	0.0025154092147	505.894928	0.004489277606
505.3130188	0.0020203233584999997	506.0111389	0.001443799580000002
505.4288635	0.0018436375536000002	506.1273804	0.002902119654
505.5447388	0.002216185443000001	506.2436218	0.005758180279999999
505.6605835	0.0031075270380000004	506.3598633	0.00701081567
505.7764587	0.0024621716294	506.4761047	0.007309227249999998
505.892334	0.002302581881	506.5923767	0.005826145410000004
506.0081787	0.0020865437114000003	506.7086182	0.005287690321
506.124054	0.001804019324	506.8248901	0.0020229220399999998
506.2399597	0.004796984722	506.9411316	0.0015470707439
506.355835	0.0066155635282	507.0574036	0.0010235751980000006
506.4717102	0.007143394093	507.1736755	0.0031949139086
506.587616	0.004815490101	507.2899475	0.0027331430499999993
506.7034912	0.003404459218	507.4062195	0.0022485768400000005
506.819397	0.002399759134	507.522522	0.004544962198
506.9353027	0.0020689354645	507.6387939	0.003561831080000001
507.0512085	0.0013354076080000004	507.7550964	0.003856409341
507.1671143	0.0012484638719999998	507.8713684	0.0011325385399999985
507.28302	0.0019289106423	507.9876709	0.0033914376959999996
507.3989563	0.0022140548100000003	508.1039734	-0.00031705200999999905
507.5148621	0.0020219888540000007	508.2202759	0.0028037172739999996
507.6307983	0.001989631448	508.3365784	0.003907512874000001
507.7467346	0.002187220845	508.4529114	0.0033633382990000005
507.8626404	0.00128818769	508.5692139	0.0008726567000000018
507.9785767	0.00108691211628	508.6855469	0.0016232263300000015
508.0945129	0.0017515157814	508.8018494	0.003479847684
508.2104797	0.0015665541284000002	508.9181824	0.00322507741
508.326416	0.0016077856706	509.0345154	0.0047958579379999994
508.4423523	0.001624666853	509.1508484	0.0042059233382
508.5583191	0.00217117770071	509.2671814	0.0040432640527
508.6742859	0.0006343860587000001	509.3835144	0.006110599262999999
508.7902527	0.0014881873500000014	509.4998779	0.0031358031600000006
508.9062195	0.0028520439813999997	509.6162109	0.00262257829
509.0221863	0.0020725463978	509.7325745	0.0034924228672000004
509.1381531	0.0023907942230000003	509.848938	0.0024244589799999987
509.2541199	0.0034677113870000002	509.965271	0.0027076594999999996
509.3700867	0.0018491414379999994	510.0816345	0.0021029254400000003
509.486084	0.002452285728	510.197998	0.00301238243
509.6020813	0.0018142446347	510.3143921	0.0002660551109999994
509.7180786	0.0006159504410000001	510.4307556	0.007357750090000004
509.8340454	0.0014006080456000001	510.5471497	0.001291698718
509.9500427	0.0010738396376	510.6635132	0.0019291052599999994
510.0660706	0.0011600286230000001	510.7799072	0.0032299971180000005
510.1820679	0.0008130188799999999	510.8963013	-0.00045303626999999846
510.2980652	0.001502231695	511.0126953	0.0005917195299999997
510.414093	0.0012316093779999998	511.1290894	0.0024123361800000003
510.5300903	0.0007443379150000001	511.2454834	0.0023954696900000006
510.6461182	0.0011375769682	511.3618774	0.0011212136599999985
510.762146	0.0009102951729999999	511.478302	0.0028655342770000005
510.8781738	0.00097178272	511.594696	0.0017596809200000002
510.9942017	0.0011863360410000001	511.7111206	-0.00036944822000000224
511.1102295	0.0003267740829999994	511.8275452	0.003362269883
511.2262878	0.0007998212604	511.9439392	-0.00038355215999999817
511.3423157	0.0011771596040000003	512.0603638	0.001367948950000003
511.458374	0.001676748041	512.1768188	0.0050593167509999995
511.5744324	0.00152481392047	512.2932129	0.0039860680699999994
511.6904602	0.0012000132411	512.409668	0.0021530268699999997
511.8065186	0.0007298516579999996	512.526123	0.0017615668470000005
511.9225769	0.0013773683460000007	512.6425781	0.0014559034019999998
512.0386353	0.0018681283110000002	512.7590332	0.001436838880000001
512.1547241	0.0025239959944	512.8754272	0.0030178623279999996
512.270813	0.0015599732290000005	512.9918823	0.001125317068999999
512.3868408	0.001745849615	513.1083374	0.0038550121239999996
512.5029297	0.0005154176620000006	513.2248535	0.00047444366000000057
512.6190186	0.0015689469869999998	513.3413086	0.002207888523
512.7351074	0.0017981699199999994	513.4577637	0.0027469699270000003
512.8511963	0.0019353154641000001	513.5742188	0.0014926616570000001
512.9672852	0.0016276729290000003	513.6907349	0.0012270230800000004
513.083374	0.001503729261	513.8071899	0.0018679634669999997
513.1995239	0.001328101848	513.923645	0.0025053201239999996
513.3156128	0.0011287337406000002	514.0401611	0.0011141076680000004
513.4317017	0.0009678503260000001	514.1566772	0.001950229984
513.5478516	0.0004887038370000002	514.2731323	0.002285244875
513.6639404	0.0010671405817699999	514.3896484	0.00226647761844
513.7800903	0.000933066476	514.5061646	0.0035221260099999978
513.8961792	0.0008636340208	514.6226807	0.005862371993
514.0123291	0.000945161097	514.7391357	0.0046965940854
514.128418	0.00016795191899999975	514.8556519	0.005755281425
514.2445679	0.002433071611	514.972168	0.0053902479126
514.3607178	0.004780209622999999	515.0886841	0.003101096954
514.4768677	0.0053032685826	515.2052612	0.00284601489667
514.5930176	0.004334448138	515.3217773	0.0030461603310000004
514.7091675	0.005599153228	515.4382935	0.008717325633
514.8253174	0.006156136631	515.5548096	0.01197437942
514.9414673	0.0041197168170000005	515.6713867	0.008211563342000001
515.0576172	0.0028033266136	515.7879028	0.0037580158099999998
515.1737671	0.0020904272099999998	515.9044189	0.003725390417000001
515.289917	0.0050632113996	516.0209961	0.0025184162664
515.4061279	0.006463996368	516.1375732	0.0015592400739
515.5222778	0.004891424207299999	516.2540894	0.006582164089
515.6384888	0.003940183786	516.3706665	0.004070746712000001
515.7546387	0.0022956091563	516.4872437	0.012159923099999997
515.8708496	0.0013967086569999995	516.6037598	0.027773285289999998
515.9869995	0.000963187893	516.7203369	0.022513149309999998
516.1032104	0.0016289381309999998	516.8369141	0.011181747541
516.2194214	0.0014014234700000013	516.9534912	0.00528676994
516.3355713	0.006062915549	517.0700684	0.00282250903
516.4517822	0.015713233968	517.1866455	0.00060281903
516.5679932	0.014711871978999999	517.3032837	0.0014675259600000004
516.6842041	0.008218457694	517.4198608	0.0031425049499999996
516.800415	0.005761425941000001	517.536438	0.002654165961
516.916626	0.004008429823	517.6530762	0.001501357765
517.0328369	0.0024707747796	517.7696533	-9.943544000000012e-05
517.1491089	0.002018209081	517.8862305	0.00200919807
517.2653198	0.0012133000419999995	518.0028687	0.0011791139800000003
517.3815308	0.001200841274	518.1194458	0.0046172638249
517.4978027	0.0014452277679999999	518.236084	0.00158585235
517.6140137	0.001072969055	518.3527222	0.0019882228199999998
517.7302856	0.001100499416	518.4693604	0.0020981244799999996
517.8464966	0.0014149732454000002	518.5859375	0.00259216968
517.9627686	0.002760326024	518.7025757	-0.0002875579499999996
518.0789795	0.002831683029000001	518.8192139	0.0007229596399999996
518.1952515	0.0025056435259999997	518.9358521	0.0023639416299999997
518.3115234	0.000764681259	519.0524902	0.01816473389
518.4277954	0.0013874881401	519.1691284	0.037181784867
518.5440674	9.623449300000036e-05	519.2858276	0.026054285470000004
518.6603394	0.0010783136830000003	519.4024658	0.012934633997
518.7766113	0.0016342914896	519.519104	0.007753107235000001
518.8928833	0.008991511538	519.6357422	0.0037467563529999994
519.0091553	0.017251908314	519.7524414	0.0034377288536999997
519.1254272	0.010373682714999999	519.8690796	0.0029356889400000002
519.2416992	0.006729648216	519.9857788	0.0005567893399999989
519.3580322	0.003963245196	520.102417	0.0017574597150000005
519.4743042	0.0028036890286000002	520.2191162	-0.00021737067999999526
519.5906372	0.0026014465834	520.3358154	0.0023597190200000014
519.7069092	0.0017720344768000001	520.4524536	0.0016551333388
519.8232422	0.001263792277	520.5691528	0.0006744863929999999
519.9395142	0.0012066492339999997	520.6858521	-0.0005939677300000057
520.0558472	0.0009794291110000004	520.8025513	0.0023411749870000005
520.1721802	0.0016768852951	520.9192505	0.0022666892029999993
520.2884521	0.0009148714600000002	521.0359497	0.0025199907830000005
520.4047852	0.001141125569	521.1526489	0.001040947619999998
520.5211182	0.0012834758231	521.2693481	0.002413030946
520.6374512	0.0007734548989999999	521.3860474	0.003019241267
520.7537842	0.0012940131199999996	521.5028076	0.0018880977289999997
520.8701172	0.0018125553619999998	521.6195068	0.0011564399999999982
520.9864502	0.0014069657770000002	521.7362061	0.0030413828799999987
521.1027832	0.0016303590091999998	521.8529663	0.004065599292
521.2191772	0.0020235669800000005	521.9696655	0.002951324219
521.3355103	0.0015578641904999998	522.0864258	0.00308381302738
521.4518433	0.001018831856	522.203125	0.004054228077
521.5682373	0.001585045364	522.3198853	0.012635858728999999
521.6845703	0.0023155286909999997	522.4366455	0.018794414587999998
521.8009644	0.0013547316776	522.5534058	0.0125512963991
521.9172974	0.0016838203301000002	522.670105	0.00698936032
522.0336914	0.0017710117973	522.7868652	0.002324262629999999
522.1500854	0.004783633863	522.9036255	0.0017002988609999999
522.2664185	0.008537172574	523.0203857	0.0028226490539999998
522.3828125	0.008280512993	523.137146	0.0016500321219999996
522.4992065	0.0040132383582	523.2539062	0.002756907601000001
522.6156006	0.002417781390000001	523.3707275	0.0015640594099999988
522.7319946	0.002044330118	523.4874878	0.0012382678699999986
522.8483887	0.0017774216829999998	523.604248	0.0023950771430000005
522.9647827	0.001803179388	523.7210083	-1.3559999999940286e-06
523.0811768	0.0017020783859999999	523.8378296	0.003012094414
523.1976318	0.0011891438620000002	523.9545898	0.0023509915900000004
523.3140259	0.0005623872849999999	524.0714111	0.002351908013
523.4304199	0.001392099541	524.1881714	0.0025912122799999996
523.546875	0.0011458863739999998	524.3049927	0.00027719327
523.663269	0.0005301160275	524.421814	0.003685887907
523.7797241	0.0012096460268000001	524.5385742	0.0024106833150000003
523.8961182	0.001205976005	524.6553955	0.00252831727
524.0125732	0.001086858567	524.7722168	0.0007444024100000009
524.1289673	0.0009844321739999988	524.8890381	0.002664349973
524.2454224	0.0014524946460000002	525.0058594	0.0027459377890000003
524.3618774	0.0014821633230000003	525.1226807	0.002099089033
524.4783325	0.0005594370899999999	525.239502	0.00308207213
524.5947876	0.001220255625	525.3563232	0.0007324833400000029
524.7112427	0.00100795746035	525.4731445	0.006804205361
524.8276978	0.0016288212499999998	525.5900269	0.010353354732000001
524.9441528	0.00170688238	525.7068481	0.007571622729999998
525.0606079	0.001054653432	525.8236694	0.0050774645
525.177063	0.0014392514710000002	525.9405518	0.005079767899
525.2935181	0.0024187344533	526.057373	0.003624797798
525.4100342	0.004746039399999999	526.1742554	0.0016617812200000002
525.5264893	0.0052781666741	526.2910767	0.0020472649480000006
525.6429443	0.004470020533	526.407959	0.0015295786435000002
525.7594604	0.003622961463	526.5248413	0.0019318279810000005
525.8759155	0.0018923771570000004	526.6417236	0.002332446631
525.9924316	0.0013734800740000004	526.7585449	0.00046203100000000163
526.1089478	0.0007883153376	526.8754272	0.0023529604079999995
526.2254028	0.0014405066620000002	526.9923096	0.000995792449000001
526.3419189	0.0007438519930000002	527.1091919	-3.096834000000312e-05
526.4584351	0.0009487956999999999	527.2260742	0.002386087319
526.5749512	0.0004262544681	527.3429565	0.0013579232610000003
526.6914673	0.0007733566460000002	527.4598389	0.00024425471199999993
526.8079834	0.0010418966993	527.5767822	0.0024511744259999996
526.9244995	0.0009732078800000002	527.6936646	0.0012156269520000006
527.0410156	0.0010612723419999998	527.8105469	-0.0013063242619999992
527.1575317	0.0011111729541	527.9274902	0.0015004498419999997
527.2740479	0.00026026810499999993	528.0443726	0.0022619722727
527.390564	0.0009194341260000002	528.1613159	0.003358724992000001
527.5071411	0.00047977501500000037	528.2781982	0.0163751673
527.6236572	0.000155185698	528.3951416	0.002930841410000001
527.7401733	0.0009422749200000014	528.5120239	0.0019525047399999995
527.8567505	0.0013466891829999996	528.6289673	0.0022460871839999996
527.9732666	0.0008738248150000003	528.7459106	0.0027189868996
528.0898438	0.0006648070410000002	528.862854	0.0013987366099999995
528.2064209	0.001957215369	528.9797974	0.001819512799999999
528.322937	0.0006515209675	529.0966797	0.001559731318
528.4395142	0.001651274972	529.213623	0.002225064207
528.5560913	0.0009502535689999998	529.3306274	0.0011413563000000002
528.6726685	0.0008322438220000001	529.4475708	0.001138370490000002
528.7892456	0.00177866791	529.5645142	0.0017470619059000003
528.9058228	0.0012283501564000002	529.6814575	0.00023555336520000001
529.0223999	0.0009395882445	529.7984009	1.7026905000000134e-05
529.1389771	0.0012242635709999996	529.9154053	0.0018480615690000014
529.2555542	0.0008980818099999996	530.0323486	0.0028002598560000003
529.3721313	0.0004631974154999999	530.149292	0.002584650646
529.4887085	0.0007742570017000002	530.2662964	0.0007309967191
529.6053467	0.0009193244619999999	530.3832397	-0.0008518360599999997
529.7219238	0.0002959128615	530.5002441	0.002002608613
529.838562	0.0008794043679999999	530.6172485	0.0004559159270000001
529.9551392	0.000677279779	530.7341919	0.000123172999999999
530.0717773	-6.483541800000013e-05	530.8511963	8.774549000000256e-05
530.1883545	0.0005603157331	530.9682007	0.002423902044
530.3049927	0.000343566761	531.0852051	0.0007237680199999978
530.4216309	-4.507228699999989e-05	531.2022095	-0.0002714730800000009
530.538208	0.0006096940479999998	531.3192139	0.0005274079699999976
530.6548462	0.0006140999903	531.4362183	0.0006471425299999986
530.7714844	0.0005898491945	531.5532227	0.0021062865800000018
530.8881226	0.0006012360100000002	531.6702271	0.0015659411439999998
531.0047607	0.0012312969775199998	531.7872314	-0.0003169905399999992
531.1213989	0.0007018456240000005	531.9042969	0.00227628585321
531.2380371	0.0009443766899999997	532.0213013	0.0024336343630000003
531.3546753	0.0011295211731000001	532.1383057	0.0022387429999999996
531.4713135	0.0008198716670000002	532.2553711	0.0021106176999999993
531.5880127	0.0009575955339999999	532.3723755	0.0020636729920000003
531.7046509	0.0011491968762	532.4894409	-0.0006305994499999999
531.8212891	0.0011043607959999998	532.6064453	0.002089774230000001
531.9379883	0.0009896029368999999	532.7235107	0.0007517151499999986
532.0546265	0.0011913031344000001	532.8405762	0.0021965180049999997
532.1713257	0.001353575848000001	532.9575806	0.00199952349
532.2879639	0.00030234083500000003	533.074646	0.00089878533257
532.4046631	0.0004704066079999998	533.1917114	0.0004536956599999961
532.5213623	0.0006888164200000001	533.3087769	-0.00044519827000000234
532.6380005	0.0005541644049999999	533.4258423	0.00065386761
532.7546997	0.0002922224810000002	533.5429077	-0.00013508835583
532.8713989	0.00020582601400000004	533.6599731	0.0006125271299999985
532.9880981	0.00038474426000000006	533.7770386	0.0013853730699999994
533.1047974	0.00119644159	533.894104	0.0015798145900000008
533.2214966	0.00166955451834	534.0112305	0.0003298707299999974
533.3381958	0.0017677976282	534.1282959	0.002430021297
533.454895	0.0007844684301	534.2453613	0.0003995262099999973
533.5715942	0.0004636459049999998	534.3624878	7.687043999999969e-05
533.6883545	0.0014310084511	534.4795532	0.0033350503100000005
533.8050537	0.00070609781	534.5966797	0.0025894009156
533.9217529	0.0003952053380000002	534.7137451	0.0006926208700000006
534.0385132	0.00101345498	534.8308716	0.0008483398710000005
534.1552124	0.001402081165	534.947998	0.003434666437
534.2719727	0.0006603326180000002	535.0650635	0.0018485281600000014
534.3886719	0.00063882472018	535.1821899	0.0027197590099999995
534.5054321	0.001052251027	535.2993164	0.00243978668
534.6221924	0.0013098566559999998	535.4164429	0.002077352488
534.7388916	0.0011877410580000002	535.5335693	0.0007434133399999987
534.8556519	0.0016555660409999992	535.6506958	0.000871270900000002
534.9724121	0.0021038502450000003	535.7678223	0.0022011473800000007
535.0891724	0.00035355682500000027	535.8849487	0.002103945705999999
535.2059326	0.001939510926	536.0020752	0.0006522983299999986
535.3226929	0.0014147064650000003	536.1192017	0.0010950714400000013
535.4394531	0.0010372581747	536.2363892	0.0017407508599999993
535.5562134	0.0015571038240000008	536.3535156	0.002714415546000001
535.6729736	0.0006891258530000001	536.4706421	0.0026394412850000003
535.7897339	0.0011752697170000002	536.5878296	0.0014715511350000005
535.9065552	0.001412444864	536.7049561	0.0020395922479999997
536.0233154	0.0008497691014999999	536.8221436	0.0029965797399999997
536.1400757	0.0009174188619999989	536.93927	0.0026516875949999996
536.256897	0.0015590602999999998	537.0564575	-0.0005375891899999999
536.3736572	0.0009337342340000002	537.173645	0.0024166908100000002
536.4904785	0.0012540293389999998	537.2908325	0.003060646356999999
536.6072388	0.0008214949629999999	537.407959	0.001546721902
536.7240601	0.0014754357981	537.5251465	0.004144747858
536.8408813	0.00067699106145	537.642334	-0.005494166159999999
536.9576416	0.0010173933119999997	537.7595215	0.0025722235500000024
537.0744629	0.0005111689097	537.876709	0.0021013524400000008
537.1912842	0.00061318480856	537.9938965	0.00045967660999999757
537.3081055	0.0014839749780000003	538.111084	0.003057522699999999
537.4249268	0.0018066450135	538.2283325	0.0023915749099999994
537.541748	0.003098701124	538.34552	0.0021984563209999997
537.6585693	0.0009726338902999999	538.4627075	0.0008928896900000007
537.7753906	0.0014652472164	538.579895	0.0014495402599999999
537.8922119	0.0010530925349999994	538.6971436	0.0007793237459999998
538.0090942	0.0009038611309999996	538.8143311	0.0021494184771000003
538.1259155	0.00104280281	538.9315796	0.0021006101750000008
538.2427368	0.0010466915846000001	539.0487671	-0.0005240067799999991
538.3596191	0.000844833906	539.1660156	0.0020129759799999997
538.4764404	0.0005498186220000002	539.2832642	0.0008171573299999985
538.5933228	0.00040948903199999995	539.4004517	0.003315381242
538.710144	0.0008432646279999999	539.5177002	0.004088331949999999
538.8270264	0.001052167499	539.6349487	0.0024789814
538.9439087	0.0009316215289999997	539.7521973	0.00302756480263
539.06073	0.001548295957	539.8694458	0.00313986736027
539.1776123	0.0010642766135	539.9866943	0.0007923077800000011
539.2944946	0.001412515529	540.1039429	0.0030345180999999995
539.411377	0.0005657381839999998	540.2211914	0.0018918085809999999
539.5282593	0.002138918032	540.3384399	0.002979019191
539.6451416	0.0017519907563	540.4556885	0.0019855524292
539.7620239	0.001729506882	540.572937	0.0026015387889999995
539.8789062	0.0014127231557	540.6902466	0.001607573358
539.9957886	0.0008389493450000002	540.8074951	0.001374359999
540.1126709	0.00048427796000000004	540.9248047	0.0014665089500000006
540.2295532	0.001956617925	541.0420532	0.0028851274399999995
540.3464966	0.0005549797790000005	541.1593628	0.0007163621499999967
540.4633789	0.0006382153370000001	541.2766113	0.001448765400000003
540.5802612	-5.000177699999997e-05	541.3939209	0.003630351280000001
540.6972046	0.0008250307290000002	541.5111694	0.004328823182000001
540.8140869	0.001351079179017	541.628479	0.0001779533899999991
540.9310303	0.0013949372514000002	541.7457886	0.002282355214
541.0479736	0.001600679941	541.8630981	0.003014954739999999
541.164856	0.001927214325	541.9804077	0.002341986401
541.2817993	0.00289112702	542.0976562	0.0002836100699999955
541.3987427	0.0036783544350000004	542.2149658	0.0006702989300000003
541.515686	0.0017463684780000001	542.3323364	0.005183595230000001
541.6325684	0.002110145521	542.449646	0.011151084672000003
541.7495117	0.00172001215501	542.5669556	0.011895238072
541.8664551	0.0015555776777000001	542.6842651	0.008093452079
541.9833984	0.001385918818	542.8015747	0.0024746898599999987
542.1004028	0.0010912567379999997	542.9188843	0.0036283950319999994
542.2173462	0.0037868609610000013	543.0362549	0.001824995502
542.3342896	0.0072566693414	543.1535645	0.0014609992499999974
542.4512329	0.0058362213890000006	543.2709351	0.0010612751359999999
542.5681763	0.004114908865	543.3882446	0.0014182254699999994
542.6851807	0.0032951580359999993	543.5056152	0.0024593677370000006
542.802124	0.002092936076	543.6229248	-0.00045055895999999984
542.9191284	0.0006291954779999998	543.7402954	0.0015834076300000003
543.0360718	0.0012042094026	543.857666	0.0008595981629999994
543.1530762	0.0015808138999999994	543.9750366	0.0021096710099999996
543.2700195	0.001213124488	544.0923462	-0.00026006438000000104
543.3870239	0.0008346831455000001	544.2097168	0.002265551592999999
543.5040283	0.0005507590250000004	544.3270874	0.005686797671
543.6209717	0.0007326379399999992	544.444458	0.006975216325
543.7379761	0.0008410150180000013	544.5618286	0.008193455055
543.8549805	0.0009520564919999997	544.6791992	0.006932351739999999
543.9719849	0.0009110337120000001	544.7965698	0.006787240967
544.0889893	0.0025108950215	544.9140015	0.0013495311100000032
544.2059937	0.004177495371999999	545.0313721	0.0016231704499999992
544.322998	0.004549801582	545.1487427	0.0011523682600000015
544.4400024	0.00477188034	545.2661133	0.001860163757
544.5570068	0.003943332471000001	545.3835449	0.010027022332999999
544.6740723	0.004280213033499999	545.5009155	0.02080590837
544.7910767	0.0023352481073000003	545.6183472	0.019668143704
544.9080811	0.0025773295342	545.7357178	0.012923721224
545.0251465	0.0008349986750000003	545.8531494	0.006719608799999999
545.1421509	0.0022952859290000004	545.9705811	0.00686231974897
545.2592163	0.007577043959999999	546.0879517	0.008103650999000001
545.3762207	0.013771804050000001	546.2053833	0.0101970258406
545.4932861	0.012792706493999998	546.3228149	0.004188595330000001
545.6102905	0.0071529030099999995	546.4402466	0.00333615206
545.727356	0.005990975999999999	546.5576782	0.0034247925470000003
545.8444214	0.0052448596689	546.6750488	0.0008354838999999996
545.9614868	0.006686859531000001	546.7924805	0.0007056556600000055
546.0785522	0.005361938966	546.9099731	0.00186162535
546.1956177	0.0035823662769999993	547.0274048	0.004061374115
546.3126221	0.0026079495439999996	547.1448364	0.004654705527
546.4296875	0.0016814498230000004	547.2622681	0.0033343946599999983
546.546814	0.0018326775169999997	547.3796997	0.003846100068999999
546.6638794	0.0015996959989999998	547.4971924	0.0033654924500000002
546.7809448	0.0019428811795999998	547.614624	0.003059418870999999
546.8980103	0.0020605751780000004	547.7320557	0.00502108224
547.0150757	0.0020361045175	547.8495483	0.0043543893899999995
547.1322021	0.0019802548919999998	547.96698	0.0027901144933000005
547.2492676	0.0016475962619	548.0844727	0.0025503240759000003
547.366333	0.0025910977280000002	548.2019653	0.0006666202099999997
547.4834595	0.002196590410000001	548.319397	5.8297060000003786e-05
547.6005249	0.0034651199824	548.4368896	0.001744068223
547.7176514	0.0029795318839999996	548.5543823	0.0024208915419999992
547.8347778	0.002310409793	548.671875	0.0007422873699999989
547.9518433	0.0020591730720000002	548.7893066	0.001184571530000001
548.0689697	0.00133442614948	548.9067993	0.0018719532519999998
548.1860962	0.0018562140176	549.024292	0.0025279754800000016
548.3032227	0.0012375803488999999	549.1417847	0.004018593696
548.4203491	0.000699274359	549.2592773	0.0008031912199999991
548.5374146	0.001925012155	549.3768311	0.0034946434903
548.654541	0.0011993628579	549.4943237	0.0023687975499999993
548.7716675	0.0008486504670000001	549.6118164	0.0038929008879999994
548.888855	0.0008349562989999997	549.7293091	0.028756878338
549.0059814	0.0020156322279	549.8468628	0.050354443489000006
549.1231079	0.0024487780180000003	549.9643555	0.03958596569
549.2402344	0.0018463365270000001	550.0818481	0.02411557176
549.3573608	0.002101477235	550.1994019	0.015576238746
549.4745483	0.00439039222	550.3168945	0.0068997902271
549.5916748	0.017779332818999998	550.4344482	0.006487821229000001
549.7088623	0.031976442548	550.552002	0.0027036145299999988
549.8259888	0.025660278739	550.6694946	0.0037059816499999997
549.9431763	0.016202198921	550.7870483	0.009532451571599999
550.0603027	0.010906542996	550.9046021	0.012469336389999999
550.1774902	0.00816913601	551.0221558	0.009820444977
550.2946167	0.0054588308560000005	551.1397095	0.005428425969999998
550.4118042	0.004246068012	551.2572021	0.002246687190000001
550.5289917	0.0029596297530000005	551.3747559	0.004121720325
550.6461792	0.005931538998999999	551.4923096	0.003639995119000001
550.7633667	0.008929613745	551.6099243	0.0019677522946
550.8805542	0.006325501715	551.727478	0.0021422347059999996
550.9977417	0.004533425322	551.8450317	0.002888643415
551.1149292	0.0031479799659999996	551.9625854	0.0015996918099999997
551.2321167	0.002889629686	552.0801392	0.001012693159
551.3493042	0.0018757247599999998	552.1977539	0.0015746355933
551.4664917	0.001917258603	552.3153076	0.0026449717119999996
551.5836792	0.001474031946	552.4329224	0.0016953926500000004
551.7009277	0.0008412284659	552.5504761	-6.76065599999956e-05
551.8181152	0.001822475346	552.6680908	0.005534554835999999
551.9353027	0.002024640795	552.7856445	0.005409136420000002
552.0525513	0.001353613101	552.9032593	0.00512805861
552.1697388	0.0013520973447000001	553.020813	0.0018816431989999993
552.2869873	0.0008253129200000001	553.1384277	0.0022804848900000035
552.4041748	0.0015885494650000002	553.2560425	0.015355325299999998
552.5214233	0.003094196320000001	553.3736572	0.002395400778
552.6386719	0.004283367307	553.491272	0.0018667010589999995
552.7559204	0.004033612319999999	553.6088867	0.0013721697030000006
552.8731079	0.0031897864540000004	553.7265015	0.0014417544000000018
552.9903564	0.0026368550019999996	553.8441162	0.00212062151
553.107605	0.0017722528430000007	553.961731	0.00031701103000000147
553.2248535	0.0014962696298	554.0793457	-3.05213000000009e-05
553.3421021	0.001702710753	554.1969604	0.003287108266
553.4593506	0.0016016526496999998	554.3145752	0.0022221900292
553.5765991	0.0023154325320000006	554.432251	0.0009375996899999989
553.6938477	0.0024350114396	554.5498657	0.0012793503699999997
553.8110962	0.0015452434309999995	554.6674805	0.0015016198100000003
553.9284058	0.0019383912439999997	554.7851562	0.0029470916776
554.0456543	0.001358817564	554.902771	0.00318281271
554.1629028	0.0025483472270000007	555.0204468	-0.00034568645000000037
554.2802124	0.0018709180879999988	555.1380615	0.0021668364646
554.3974609	0.00053394306	555.2557373	0.0011950610299999997
554.5147705	0.001474296208	555.3734131	-0.0008159689599999964
554.632019	0.0014653112445	555.4910278	0.00025655328999999935
554.7493286	3.923010000000081e-05	555.6087036	0.001261089
554.8665771	0.000878002029	555.7263794	0.0028777299400000005
554.9838867	0.0014366405089999996	555.8440552	-0.00017056986999999801
555.1011963	0.00048508285530000006	555.961731	0.009826399616
555.2185059	0.001621188124746	556.0794067	0.03923196344999999
555.3357544	0.001676221844	556.1970825	0.052960986153
555.453064	0.0015581095651	556.3147583	0.036224048579999994
555.5703735	0.0023864312099999997	556.4324341	0.027455803940000002
555.6876831	0.001246147324	556.5501099	0.014685439175
555.8049927	0.006830031518	556.6677856	0.008255759249999998
555.9223022	0.024787320987	556.7854614	0.004160050476900001
556.0396118	0.0384820652213	556.9031982	0.002820745109999998
556.1569824	0.029601221667	557.020874	0.003921279335
556.274292	0.019229445843	557.1386108	0.0009247437100000019
556.3916016	0.013434043502800001	557.2562866	0.0011504739599999987
556.5089111	0.008724728367000001	557.3740234	0.00797184743
556.6262817	0.005214584177	557.4916992	0.019660754011799998
556.7435913	0.003524594940999999	557.609436	0.020680067479999998
556.8609619	0.002277276712	557.7271118	0.01370156638
556.9782715	0.00215402618	557.8448486	0.009788731113
557.0956421	0.0013258177789999999	557.9625854	0.00661194766827
557.2129517	0.004503622651	558.0803223	0.004804136464
557.3303223	0.011643073059	558.197998	0.0036060148819999993
557.4476929	0.014861690810999998	558.3157349	0.0034637153199999996
557.5650024	0.009935644455	558.4334717	0.004107327201
557.682373	0.006627372467000001	558.5512085	0.0045580854600000015
557.7997437	0.00540345884	558.6689453	0.0031586196240000006
557.9171143	0.004723357736	558.7866821	4.9093737999999706e-05
558.0344849	0.0028033670970000002	558.9044189	0.0023903298429999997
558.1518555	0.002764077390999999	559.0222168	0.0020926464299999975
558.2692261	0.0018180294429999996	559.1399536	0.002473011619999993
558.3865967	0.0023761012711	559.2576904	0.005950786169999999
558.5039673	0.0014870082959999994	559.3754883	0.0005780626000000018
558.6213379	0.0013779229489999999	559.4932251	0.0005863569700000001
558.7387695	0.001399783534	559.6109619	0.001650346443
558.8561401	0.0020508042649	559.7287598	0.0021384641293
558.9735107	0.0022787051280000006	559.8464966	0.0019860379399999992
559.0909424	0.0030282819659999995	559.9642944	0.005774980876000001
559.208313	0.0015135668219999994	560.0820923	0.005011777393
559.3257446	0.0019746402391	560.1998291	0.005199061701999999
559.4431152	0.0011211701787999999	560.317627	0.003900438550000003
559.5605469	0.0018954227848	560.4354248	0.0056130616
559.6779175	0.0016632149929999996	560.5531616	0.0045541567960000005
559.7953491	0.003066370729	560.6709595	0.005701859016
559.9127808	0.004640295171	560.7887573	0.014463553672000001
560.0301514	0.0036069219920000003	560.9065552	0.04971016757
560.147583	0.004731832305	561.024353	0.05057059228
560.2650146	0.0037863314695399997	561.1421509	0.03651318513
560.3824463	0.0036342139936999997	561.2599487	0.027540531942
560.4998779	0.0032538580709999994	561.3777466	0.0154245361347
560.6173096	0.007374130888	561.4956055	0.006129259250000001
560.7347412	0.027557077815	561.6134033	0.005228396389
560.8521729	0.04245177307	561.7312012	0.0024913102399999956
560.9696045	0.03338893525941	561.8490601	0.001545533529999997
561.0870361	0.021200028012	561.9668579	0.002613687888
561.2045288	0.0147741097305	562.0846558	0.0044288013882
561.3219604	0.010177934775	562.2025146	0.005236280383000001
561.4393921	0.006232667132	562.3203125	0.004748923243
561.5568848	0.0031591540899	562.4381714	0.003514884273
561.6743164	0.0028081224299999997	562.5560303	0.00300160702
561.7918091	0.001949290749999999	562.6738281	0.003777201986
561.9092407	0.0020910984898	562.791687	0.0037338118999999995
562.0267334	0.003088974855	562.9095459	-0.0002990439500000011
562.144165	0.002910498297	563.0273438	0.0015265923651499999
562.2616577	0.0022462467309999996	563.1452026	0.0008121756809999995
562.3791504	0.0020559309049999995	563.2630615	0.0010091811400000025
562.4966431	0.0024845898149999995	563.3809204	0.0020710155299999995
562.6140747	0.0022420733004	563.4987793	0.0028981544309999996
562.7315674	0.0019305612077	563.6166382	0.00036481395000000083
562.8490601	0.001275680552	563.7344971	0.0021447474200000007
562.9665527	0.00046006985900000005	563.852356	0.0031602783099999986
563.0840454	0.0011895312920000003	563.9702759	0.0013835132200000003
563.2015381	0.0008088579633699999	564.0881348	0.004571857164
563.3190308	0.0007665240554000001	564.2059937	0.003884589067
563.4365234	0.001135085011	564.3239136	0.00466505811
563.5540771	0.0008614349065	564.4417725	0.004509106743999999
563.6715698	0.0020418105704	564.5596313	0.00171616487
563.7890625	0.001959582092	564.6775513	0.003085243399
563.9066162	0.0023405915127	564.7954102	0.00010348949599999976
564.0241089	0.0023393878368	564.9133301	0.0028345203019999998
564.1416016	0.0028109231489999997	565.031189	0.0037150550700000007
564.2591553	0.0027358473750000003	565.1491089	0.007305573670000003
564.3766479	0.0024316166744500003	565.2670288	0.019225453023
564.4942017	0.00172057721111	565.3849487	0.029594114053999997
564.6117554	0.001578841359	565.5028076	0.022914535128999998
564.729248	0.0012241713710000003	565.6207275	0.015581627380000001
564.8468018	0.0017046313729999997	565.7386475	0.009937494061000002
564.9643555	0.003715968575	565.8565674	0.006155749778
565.0818481	0.009510501753999999	565.9744873	0.0045448723247
565.1994019	0.018643926362999996	566.0924072	0.004658784721
565.3169556	0.019712774546	566.2103271	0.006056506187
565.4345093	0.012886590092000001	566.3282471	0.006756154359
565.552063	0.008604241536000002	566.446167	0.0037955567200000026
565.6696167	0.005601663841	566.5641479	0.004262251081
565.7871704	0.004005168797999999	566.6820679	0.0028363280010000012
565.9047241	0.0030165525379999996	566.7999878	0.002736735158000001
566.0223389	0.0041772809925	566.9179688	0.002021043561
566.1398926	0.003978754161	567.0358887	0.001400378067
566.2574463	0.003133092658	567.1538086	0.0013621728870000004
566.375	0.0026771456177000002	567.2717896	0.0019796709529999994
566.4926147	0.0024174363938000002	567.3897095	0.00204941067541
566.6101685	0.0012760360842	567.5076904	0.003686703742
566.7277832	0.0014336516609999997	567.6256714	0.0018340819519999999
566.8453369	0.0016342807215	567.7435913	0.001513073686
566.9629517	0.000892268959	567.8615723	0.0027148592636
567.0805054	0.0012893893290000001	567.9795532	0.002124056569
567.1981201	0.001145630958	568.0975342	0.0020167045300000016
567.3157349	0.0010387740329999998	568.2155151	-0.0004301415799999996
567.4332886	0.001033523353	568.3334351	0.0027436762999999992
567.5509033	0.0013144906843	568.451416	0.004801839590000002
567.6685181	0.001526574269	568.569397	0.0069711823
567.7861328	0.0016868049279999998	568.6873779	0.003557801249999999
567.9037476	0.000780403614	568.8054199	0.003298282630000003
568.0213623	0.0009442759333000001	568.9234009	0.0012408122500000007
568.1389771	0.0010502513615	569.0413818	0.008168881749999999
568.2565918	0.0026737987646	569.1593628	0.004518344536
568.3742065	0.0042303812230000005	569.2773438	0.00863504922
568.4918213	0.004054668359000001	569.3953857	0.005301631990000003
568.609436	0.0033897281395	569.5133667	0.005197203834
568.7270508	0.002524013747	569.6313477	0.0014358460900000015
568.8447266	0.0021692778462	569.7493896	0.0025187321000000006
568.9623413	0.002022041007	569.8673706	0.0015592239799999998
569.0799561	0.0039902878922	569.9854126	0.000867817085
569.1976318	0.004475011490000001	570.1034546	0.001840328799999999
569.3152466	0.0042271112319999995	570.2214355	0.0033213042193
569.4329224	0.0024331503080000003	570.3394775	0.0042164193587
569.5505371	0.0026213582600000005	570.4575195	0.0027740150689999996
569.6682129	0.0016189534219999994	570.5755005	0.0035215783910000006
569.7858887	0.0008663376799999999	570.6935425	0.0032412568100000008
569.9035034	0.00041009299499999985	570.8115845	0.0018345476129999995
570.0211792	0.00100922864	570.9296265	0.002603246830000001
570.138855	0.0013757753190000001	571.0476685	5.418551200000012e-05
570.2565308	0.002138146665	571.1657104	0.0004555936899999988
570.3742065	0.0013494920000000007	571.2837524	0.0020357714388
570.4918213	0.0012832186626	571.4017944	0.0009620562199999993
570.6094971	0.00165350677	571.5198364	0.0009144553900000008
570.7271729	0.001504069427	571.6378784	0.0010067373599999992
570.8449097	0.001237189863	571.7559814	0.0014427136599999973
570.9625854	0.0007606935680000001	571.8740234	0.00207122788
571.0802612	0.0009574501309999998	571.9920654	0.0008359528149999998
571.197937	0.0009073149400000008	572.1101685	0.0022490755946
571.3156128	0.000640619546	572.2282104	0.0025530250280000003
571.4332886	0.0016919670159999999	572.3463135	-0.0011042207499999991
571.5510254	0.00105112987784	572.4643555	9.733997999999966e-05
571.6687012	0.0011007459830000002	572.5824585	0.002445960417
571.786438	0.0015023891752	572.7005005	0.0015509888472999998
571.9041138	2.9749470000000212e-05	572.8186035	0.000654128962
572.0218506	0.0009421354629999999	572.9367065	0.0015393858800000007
572.1395264	0.0012810330369999999	573.0547485	-0.0016738176399999985
572.2572632	0.0016563297250000008	573.1728516	0.0018709669819999995
572.374939	0.0007331883540000004	573.2909546	-0.00019357353999999855
572.4926758	0.0011162965089999998	573.4090576	0.001683264969999999
572.6104126	0.0007563584949999997	573.5271606	0.0012355893859999998
572.7281494	0.0003221835940000004	573.6452637	-0.0010471232199999944
572.8458252	0.0006471232918999999	573.7633667	0.0016851428660000002
572.963562	0.0007655269147	573.8814697	0.0012148297389999998
573.0812988	0.0006497105354	573.9995728	0.0009585469960000006
573.1990356	0.000609900104	574.1176758	0.005751528779999999
573.3167725	0.0007988228470000003	574.2357788	0.017117367474
573.4345093	0.0008214910049999999	574.3538818	0.017118510673999998
573.5522461	0.0007986901330000002	574.4719849	0.011431742456999999
573.6699829	0.0011206341440000002	574.5901489	0.008892884594
573.7877808	0.0007100801439999999	574.708252	0.006015306341999999
573.9055176	0.0022732457150000003	574.826416	0.003307937411
574.0232544	0.006020493806	574.944519	0.0040448234799
574.1409912	0.013027431909	575.0626221	-0.0004917383199999972
574.2587891	0.011050907429000001	575.1807861	0.0022732781949999998
574.3765259	0.006751040811	575.2989502	0.0008726902299999988
574.4943237	0.004593585618000001	575.4170532	0.00021099857999999985
574.6120605	0.00290469086	575.5352173	0.0016361544840000006
574.7298584	0.0020250345110000003	575.6533813	0.0001832353880000001
574.8475952	0.0011724131179999993	575.7714844	0.0009552030830000001
574.9653931	0.0006962460470000004	575.8896484	0.002993159345
575.0831909	0.0012787692250000003	576.0078125	0.0010866383099999988
575.2009277	0.0006872547091999999	576.1259766	0.0008727903479999995
575.3187256	0.0010078587363	576.2441406	-0.0001269355400000012
575.4365234	0.00033739302299999954	576.3623047	-0.000420365479999997
575.5543213	0.00046997982999999986	576.4804688	1.6238540000001328e-05
575.6721191	0.000993517693	576.5986328	-0.0004276177000000006
575.789856	0.0009549632669999999	576.7167969	0.000546888622914
575.9076538	0.0007677956604000001	576.8349609	0.0029966023578
576.0254517	0.00028597164780000005	576.953125	0.0014485330330000004
576.1433105	0.0005477308289999999	577.0712891	0.00031988509000000116
576.2611084	0.0006688493299999996	577.1895142	0.001098019187
576.3789062	0.0010313002281	577.3076782	0.0018576551229999997
576.4967041	0.0004903944210000004	577.4258423	0.0036253742900000004
576.614502	0.0008341539650000003	577.5440674	0.0047179609500000025
576.7323608	0.0009871073999999994	577.6622314	0.006581269321
576.8501587	0.0007471523719999999	577.7804565	0.0054724486499999996
576.9679565	0.0007335497060000007	577.8986206	0.0053887695396
577.0858154	0.000882770051	578.0168457	0.0034473710690000004
577.2036133	0.0006818245169999998	578.1350708	0.003014958929
577.3214722	0.003091996099	578.2532349	-1.7909340000000357e-05
577.43927	0.0057681315809	578.37146	7.815658999999961e-05
577.5571289	0.0047620222026	578.4896851	0.0006568022100000015
577.6749268	0.003616057104	578.6079102	0.0021978528240000003
577.7927856	0.0028041844480000003	578.7260742	0.002876537387
577.9106445	0.0021613056309999997	578.8442993	-0.00017306953000000014
578.0285034	0.001697857515	578.9625244	0.000373493879999999
578.1463013	0.0012835820669999999	579.0807495	-0.00029308954299999985
578.2641602	0.0014922535629000003	579.1989746	0.002183986829999998
578.382019	0.0017100718830999999	579.3171997	0.003303884063
578.4998779	0.00214221736	579.4354248	0.0009732693400000027
578.6177368	0.0014428570869999997	579.5537109	0.00016883016000000112
578.7355957	0.001058289548	579.671936	0.0022064554500000003
578.8534546	0.0012161284680000002	579.7901611	0.0008052401299999991
578.9713135	0.00103607492202	579.9083862	0.0022137009069999997
579.0891724	0.0016116807240000005	580.0266724	0.0005534850100000002
579.2070923	0.0010815165	580.1448975	-0.0005739033199999993
579.3249512	0.0011267346559999999	580.2631226	0.0011911615800000025
579.4428101	0.0017931333270000001	580.3814087	0.00493441522
579.5606689	0.0008108092009999996	580.4996338	0.004532314839999999
579.6785889	0.0010715229440000002	580.6179199	0.003490735772999999
579.7964478	-3.113410999999993e-06	580.736145	0.0034780991220000005
579.9143677	0.00041076980774	580.8544312	0.0005454569999999992
580.0322266	0.0014379452909999996	580.9727173	0.0016707170289999998
580.1501465	0.001974517476	581.0909424	0.002608495706
580.2680054	0.004246467491000001	581.2092285	0.00237489399
580.3859253	0.004695597919	581.3275146	0.0025013499
580.5038452	0.0024236742177	581.4458008	0.0006491141390000009
580.6217041	0.0018076382695	581.5640869	-0.000430651009999998
580.739624	0.00091073406	581.682373	0.002508400939999999
580.8575439	0.0013420309410000003	581.8006592	-0.0014099190000000008
580.9754639	0.0012282310050000002	581.9189453	-0.0012424867600000014
581.0933838	0.0007182722919999995	582.0372314	0.0005148760999999988
581.2113037	0.0007374855337	582.1555176	0.0014706542719999998
581.3292236	0.0014552028154000002	582.2738037	0.0064633600998
581.4471436	0.000618712045	582.3920898	0.0023757210876
581.5650635	0.0005831727760000002	582.510376	0.0006692186000000003
581.6829834	0.0005701933989999998	582.6287231	0.001639326103
581.8009033	0.0011313203720000001	582.7470093	0.0009646024600000001
581.9188232	0.001218487509	582.8652954	0.0016575267076999998
582.0367432	5.987587789000001e-05	582.9836426	-5.042367000000075e-05
582.1547241	0.0008491724729999999	583.1019287	0.0010024966910000001
582.272644	-0.00019941176289999993	583.2202759	-0.0005583018000000009
582.390564	-0.00010792165999999994	583.338562	0.0010503978000000191
582.5085449	0.0004905178215	583.4569092	0.001509507186999999
582.6264648	0.0008887164289999999	583.5751953	0.008418662470000001
582.7444458	0.0004674643279999999	583.6935425	0.009477711983
582.8623657	9.471504000000026e-05	583.8118896	0.00647617877
582.9803467	0.0006567784590000001	583.9301758	0.005737880250000001
583.0982666	0.0009543658229999997	584.0485229	0.002809830006999999
583.2162476	0.0006951200780000001	584.1668701	0.042272621767
583.3342285	0.0019213715569999998	584.2852173	0.0023047979919999994
583.4521484	0.005514134649999999	584.4035645	0.001627149994
583.5701294	0.007794278678	584.5219116	0.003043780099999999
583.6881104	0.0053867935200000005	584.6402588	0.00031618704100000016
583.8060913	0.003943753662	584.758606	0.0011481745130000002
583.9240723	0.0021815179495999998	584.8769531	0.0013020699800000007
584.0420532	0.001769467956	584.9953003	-0.000390307512
584.1600342	0.0014610413930999998	585.1136475	0.00190021005
584.2780151	0.0012855163950000002	585.2319946	0.0020415177610000005
584.3959961	0.0007985762789999998	585.3503418	0.0008787568599999997
584.5139771	0.001301540528	585.46875	0.0006508096119999997
584.631958	0.0008230511594	585.5870972	-0.0010567866199999998
584.749939	0.00102622481	585.7054443	-4.788675000000006e-05
584.8679199	0.0008877902289999998	585.8238525	-0.00067134202
584.9859619	-2.9248418000000012e-05	585.9421997	0.00184319168
585.1039429	0.0003526643849999997	586.0606079	0.001281847596
585.2219238	0.0006178622129999999	586.1789551	0.007424696697000001
585.3399658	0.000525705982	586.2973633	0.009513798169999999
585.4579468	0.00036069937099999973	586.4157104	0.007283290381
585.5759888	0.0006924252959999997	586.5341187	0.006744450424
585.6939697	0.0006024283350000003	586.6525269	0.0033271480300000045
585.8120117	0.0008382524830000001	586.7709351	0.0019083051000000004
585.9299927	0.001850562636	586.8892822	0.0030272658900000003
586.0480347	0.0058401543640000005	587.0076904	0.00189282
586.1660767	0.008567232696300001	587.1260986	0.0016757957699999985
586.2841187	0.007182664704	587.2445068	0.0024287961429999994
586.4020996	0.004230211027999999	587.362915	0.0018580646719999995
586.5201416	0.0037129560949999995	587.4813232	-0.0001165624699999996
586.6381836	0.0020729564129999996	587.5997314	0.002531396222
586.7562256	0.0023674606342	587.7181396	0.0016061592619999998
586.8742676	0.0013812687240000003	587.8365479	-0.0010782238100000008
586.9923096	0.0008218421140000001	587.9549561	0.0024192743000000013
587.1103516	0.0013785057672	588.0733643	0.0020037526260000002
587.2283936	0.0011225463819999996	588.1918335	0.00086886064
587.3464355	0.0013618639492	588.3102417	0.002049369740000001
587.4644775	0.0010245667072	588.4286499	0.009104805295
587.5825195	0.0013660360130000005	588.5471191	0.009829146790000003
587.7006226	0.0011470951139999994	588.6655273	0.008773897309
587.8186646	0.0010876145242999999	588.7839355	0.007022727279999998
587.9367065	0.0006052777169999997	588.9024048	0.00731314439
588.0548096	0.00062946620707	589.020813	0.0258798711
588.1728516	0.0012387365559999998	589.1392822	0.041507348414
588.2908936	0.0064692400627	589.2577515	0.03063211497
588.4089966	0.009711293734	589.3761597	0.02243545745
588.5270386	0.008100472386	589.4946289	0.014926484789999998
588.6451416	0.006100560069	589.6130981	0.009284916804
588.7632446	0.006752109155	589.7315063	0.006231134408
588.8812866	0.01825695904	589.8499756	0.0034894971200000006
588.9993896	0.029239721248000002	589.9684448	0.0017221867999999974
589.1174927	0.024060162133	590.0869141	0.0030107474889999996
589.2355347	0.015619963405	590.2053833	0.0032831868149999985
589.3536377	0.01047382201	590.3238525	0.0017737373709999999
589.4717407	0.007033516884	590.4423218	0.002346658614
589.5898438	0.005092024337	590.560791	0.002039731015
589.7079468	0.004082485335	590.6792603	0.0017863473619000002
589.8260498	0.0025570380387	590.7977295	-0.0006198175199999996
589.9441528	0.002069215989	590.9161987	0.00214761158
590.0622559	0.0013581290860000001	591.034729	0.0023398371420000003
590.1803589	0.0014958949034	591.1531982	0.0023388131520000006
590.2984619	0.0012036471160000004	591.2716675	0.006673252209999998
590.4165649	0.001356933731	591.3901978	0.041980524086000004
590.534729	0.0008218759900000001	591.508667	0.059433828832999996
590.652832	0.0012692278250000001	591.6271362	0.042043051213000004
590.7709351	0.0012667411940000006	591.7456665	0.030951230961599997
590.8890381	0.0005139052517000001	591.8641357	0.019985008986000002
591.0072021	0.0008073775100000003	591.982666	0.013596462549000002
591.1253052	0.0068226952569999996	592.1011353	0.0092114995906
591.2434692	0.025659738111999997	592.2196655	0.0057035893259
591.3615723	0.041684569326	592.3381958	0.0021132137599999996
591.4797363	0.034170057155	592.456665	0.0033099018000000008
591.5978394	0.022819527888000003	592.5751953	0.0024470565800000007
591.7160034	0.015722786654000002	592.6937256	0.00037044286999999773
591.8341675	0.011045700403	592.8122559	0.0038666650072
591.9522705	0.007929731159999998	592.9307861	0.0049637546800000015
592.0704346	0.005062798271	593.0492554	0.017843485807
592.1885986	0.003273534123	593.1677856	0.026399065736000003
592.3067627	0.0016099037600000006	593.2863159	0.021777987478
592.4248657	0.0016918608460000004	593.4048462	0.015020130199999999
592.5430298	0.0017934211282999999	593.5233765	0.010564786847000001
592.6611938	0.0012118961896	593.6419678	0.007195404149
592.7793579	0.0026695001869999997	593.760498	0.0046691368913
592.897522	0.010898880195	593.8790283	0.004151595757
593.015686	0.017963341439	593.9975586	0.0016285786399999995
593.1338501	0.016013970778	594.1160889	0.003170926127
593.2520752	0.01042770571	594.2346802	0.0008809715499999982
593.3702393	0.006764702500000001	594.3532104	0.0014018658600000004
593.4884033	0.0043408216150000005	594.4717407	0.005742363629999997
593.6065674	0.00431669834186	594.590332	0.009686398317
593.7247314	0.0022383062313	594.7088623	0.005722969770000003
593.8429565	0.0015788665039999997	594.8274536	0.005825922125999999
593.9611206	0.0015752315520000002	594.9459839	0.0041099393273
594.0793457	0.0013814436386000001	595.0645752	0.003594963112
594.1975098	0.0022760208230000003	595.1831665	0.004584441194
594.3157349	0.004269698634999999	595.3016968	0.0027339905549999995
594.4338989	0.006888821488	595.4202881	0.0027848911706999996
594.552124	0.005751310383999999	595.5388794	0.002967467532
594.6702881	0.003638840513	595.6574097	0.0013371342800000009
594.7885132	0.003074443667	595.776001	0.002372511197
594.9067383	0.002449664521	595.8945923	0.00099451316
595.0249023	0.0023464126282	596.0131836	0.0008757585893
595.1431274	0.002027041744	596.1317749	0.0006061047299999976
595.2613525	0.001946876408	596.2503662	0.0011830432299999999
595.3795776	0.001481011394	596.3689575	5.346164000000035e-05
595.4978027	0.0010728770860000004	596.4875488	0.0021448447360000004
595.6160278	0.0012503613249999997	596.6061401	-4.317238999999862e-05
595.7341919	0.0015014756939999998	596.7247314	0.0005502663600000027
595.852417	0.0009752467739999999	596.8433228	0.0018846793129999994
595.9707031	0.001451345743	596.9619141	0.0005920827400000012
596.0889282	0.0008339132760000001	597.0805664	0.0022258833069999998
596.2071533	0.001012173016	597.1991577	0.003281304497
596.3253784	-0.000267739407	597.317749	0.0031401291500000005
596.4436035	0.0011529885230000003	597.4364014	0.005924840225
596.5618286	0.0008578926790000002	597.5549927	0.0038288943500000006
596.6801147	0.0004724422470000003	597.673645	0.004045355483
596.7983398	0.001067108707	597.7922363	0.0040853943208389995
596.9165649	0.0010537509800000004	597.9108887	0.002960662823
597.0348511	0.0021130307580000006	598.02948	0.0028062844648
597.1530762	0.002437127172	598.1481323	0.0020621829314
597.2713623	0.0034641157840000006	598.2667236	-0.00011699832999999965
597.3895874	0.0039100532885	598.385376	-0.0005067251699999997
597.5078735	0.002563535003	598.5040283	0.0017674975100000004
597.6260986	0.001483833184	598.6226196	0.0020674769769999995
597.7443848	0.0020057272630000004	598.741272	0.001024086029999996
597.8626099	0.001659975154	598.8599243	0.0034955805200000013
597.980896	0.0003900136799999997	598.9785767	0.008679850959999999
598.0991821	0.00070678709016	599.097229	0.009566693799000001
598.2174683	0.0008087472530000001	599.2158813	0.006557023619
598.3357544	0.0007978081710000012	599.3345337	0.0066942677369999995
598.4539795	0.0009995792059999996	599.453186	0.0032409401609999992
598.5722656	0.0009123873899999999	599.5718384	0.0022402610599999984
598.6905518	0.001993420534	599.6904907	0.00029115006000000193
598.8088379	0.0042628831581	599.8091431	0.00203657988
598.927124	0.006192899862499999	599.9277954	0.00021695718000000128
599.0454102	0.0052625761746	600.0464478	0.0029228385599999983
599.1636963	0.004271020647	600.1651611	0.00650501857
599.2819824	0.0029737192670000003	600.2838135	0.004064786249999999
599.4003296	0.0018146862270000002	600.4024658	0.005951210157999999
599.5186157	0.0017188296187	600.5211792	0.005164856557
599.6369019	0.0019866889349999996	600.6398315	0.0020519401900000005
599.755188	0.0015097637660000003	600.7585449	0.0056239344409
599.8735352	0.0016744256718	600.8771973	-0.0009722504800000024
599.9918213	0.003406244331000001	600.9959106	0.0026739016200000004
600.1101074	0.00489277625	601.114563	0.0014406423999999973
600.2284546	0.004428643005700001	601.2332764	0.003296100768
600.3467407	0.002924709581	601.3519287	0.00317129027
600.4650879	0.0024163729979999994	601.4706421	0.0021052844800000005
600.583374	0.0024225651289999997	601.5893555	0.0041631887440000005
600.7017212	0.0027808046430000005	601.7080078	0.0056855343300000055
600.8200073	0.002386672655	601.8267212	0.005857523530999999
600.9383545	0.0017377424520000004	601.9454346	0.0033535184380000006
601.0567017	0.0024036905965	602.0641479	0.004283350425999999
601.1750488	0.00173108323402	602.1828613	0.0019897164898
601.293335	0.001587116858	602.3015747	0.0022023394699999983
601.4116821	0.0031521911740000005	602.4202881	0.0018796473749999997
601.5300293	0.00359613367649	602.5390015	0.002133943606
601.6483765	0.0039684505315	602.6577148	0.005842640997
601.7667236	0.0028475167342	602.7764282	0.009563960129999998
601.8850708	0.0026738617449	602.8951416	0.008622752500000004
602.003418	0.0019076435130000002	603.013855	0.006802559829000002
602.1217651	0.0012541215399999995	603.1325684	0.005023862468
602.2401123	0.00147574749318	603.2513428	0.007677421905
602.3584595	0.0009174700829999993	603.3700562	0.04103022069
602.4768066	0.0023521685510000004	603.4887695	0.11618489493999999
602.5951538	0.004551945719	603.6075439	0.11132897106999999
602.713562	0.00799679698	603.7262573	0.07759989146299999
602.8319092	0.006842956179999999	603.8449707	0.05509518273
602.9502563	0.0042313912996	603.9637451	0.033618981953999996
603.0686035	0.0040958083411	604.0824585	0.018847269467
603.1870117	0.01807586616	604.2012329	0.013092401666
603.3053589	0.062396850206000005	604.3199463	0.007745567710000005
603.4237671	0.08914586435699999	604.4387207	0.011371519410000003
603.5421143	0.070255658594	604.5574951	0.041568415704
603.6605225	0.045447123241	604.6762085	0.05325626582
603.7788696	0.029938568480999996	604.7949829	0.0372044146
603.8972778	0.020564228010199997	604.9137573	0.02768750302
604.015625	0.012775944776000001	605.0325317	0.018448517892
604.1340332	0.008158370391000001	605.1512451	0.01199131133
604.2524414	0.008126485163999999	605.2700195	0.0076409652799999984
604.3708496	0.020449691215	605.3887939	0.005126632749999999
604.4891968	0.035924291701	605.5075684	0.00977028906
604.607605	0.034863461274	605.6263428	0.012121947490000003
604.7260132	0.023746378257	605.7451172	0.0099773588299
604.8444214	0.015652740955	605.8638916	0.006148470569999998
604.9628296	0.011519182936000003	605.982666	0.006805328418999999
605.0812378	0.007857917808000001	606.1014404	0.008550804109999997
605.199646	0.005437518936	606.2202759	0.023067877624
605.3180542	0.0068879402219999995	606.3390503	0.02081600484
605.4364624	0.010046249601	606.4578247	0.015265326361400001
605.5548706	0.009753680676	606.5765991	0.011604238304999999
605.6732788	0.006212434735	606.6954346	0.006298540160000001
605.791687	0.00458474236	606.814209	0.006603760413999999
605.9101562	0.0055962083862	606.9329834	0.0026799933999999987
606.0285645	0.013303688257999999	607.0518188	0.0038583222780000006
606.1469727	0.018577135052	607.1705933	0.00405774735512
606.2653809	0.0144071973006	607.2894287	0.000932570550000001
606.3838501	0.010264914483000001	607.4082031	0.0012934468699999993
606.5022583	0.0063309124092	607.5270386	0.0011003473770000004
606.6207275	0.004565262701	607.645813	0.0019414855639999997
606.7391357	0.004093016499000001	607.7646484	0.0002982653700000018
606.857605	0.0035533569749999997	607.8834839	0.00015018321999999903
606.9760132	0.001899888273	608.0023193	0.0009085827622000001
607.0944824	0.001964412746	608.1210938	0.0024771024479999996
607.2128906	0.0012058275750000003	608.2399292	0.0006478969099999975
607.3313599	0.0007118796929999997	608.3587646	0.0006586033899999982
607.4498291	0.0011690366080000002	608.4776001	0.0024439699480000004
607.5682373	0.0013375536070000002	608.5964355	0.0006192373099999995
607.6867065	0.000993388123	608.715271	0.0022516897879999997
607.8051758	0.0011199386790000003	608.8341064	0.0019489107649999999
607.923645	0.0009561507	608.9529419	0.001985074950000002
608.0421143	0.0008490779430000012	609.0717773	-0.00048115663000000003
608.1605835	0.00091440555165	609.1906128	4.429556000000098e-05
608.2790527	0.0011195545090000002	609.3094482	0.004442006352
608.397522	0.0012475023969999999	609.4282837	0.0033760089400000012
608.5159912	0.0016569157590000001	609.5471191	0.004072019598
608.6344604	0.0011912293849000001	609.6659546	0.00225179084
608.7529297	0.0008520013660000001	609.7848511	0.002727120649000001
608.8713989	0.0009109391830000001	609.9036865	0.002022837289
608.9898682	0.001157879364	610.022522	0.003980524139
609.1083374	0.0013462335330000005	610.1414185	0.009461523959999999
609.2268066	0.0038492665629999995	610.2602539	0.009107101709999996
609.3453369	0.00237690657	610.3790894	0.009989493294
609.4638062	0.002832477214	610.4979858	0.00638678484
609.5822754	0.001999496017	610.6168213	0.012340767772
609.7008057	0.0017214852849999998	610.7357178	0.020308900629999998
609.8192749	0.0039835394714	610.8546143	0.017659066239999997
609.9378052	0.00860032428	610.9734497	0.012128747063999998
610.0562744	0.008856718892000001	611.0923462	0.008461195042000002
610.1748047	0.007754668830999999	611.2112427	0.00647538248
610.2932739	0.005998896901	611.3300781	0.003984873179999999
610.4118042	0.0061570876279	611.4489746	0.0027885502200000016
610.5302734	0.0112220717149	611.5678711	0.004910960799999999
610.6488037	0.015309826938	611.6867676	0.01034374349
610.767334	0.012836588080999998	611.805603	0.00850202795
610.8858032	0.008576633879	611.9244995	0.005812268700000001
611.0043335	0.005754850921	612.043396	0.0028937365800000003
611.1228638	0.0038075158379999993	612.1622925	0.003248164430000002
611.241394	0.0026911722970000005	612.281189	0.002629894760000001
611.3599243	0.004054940189	612.4000854	0.0017790906199999998
611.4784546	0.008018410299	612.5189819	0.0016155950720000006
611.5969849	0.00977521145	612.6379395	0.0012156367300000005
611.7155151	0.008941577748000001	612.7568359	0.0020513981599999988
611.8340454	0.005600418435	612.8757324	0.002536641440000001
611.9525757	0.0041016671171	612.9946289	0.00629164651
612.071106	0.003731938661	613.1135254	0.004284868949999998
612.1896362	0.0029200924914	613.2324829	0.0032446906000000025
612.3081665	0.0017101953269999999	613.3513794	0.0022057956110000006
612.4266968	0.001895678227	613.4702759	0.002235826570000001
612.5452271	0.0019629776939999997	613.5892334	0.0029876912448
612.6638184	0.002132773632	613.7081299	0.0011771321300000012
612.7823486	0.0032470346774	613.8270874	0.0010613514314
612.9008789	0.004582199036	613.9459839	0.000502738170000001
613.0194702	0.003770137089	614.0649414	0.0011649988599999987
613.1380005	0.002606765134	614.1838379	0.0008781552300000002
613.2565918	0.0023265330824	614.3027954	0.0007964910762
613.3751221	0.0020157119724	614.4216919	0.0018398541719999999
613.4937134	0.0008721298079999995	614.5406494	0.00249508908
613.6122437	0.0006853435189999998	614.6596069	0.009388171140000002
613.730835	0.001285214443	614.7785645	0.014795576220999999
613.8493652	0.001029730309	614.8974609	0.010379359099999985
613.9679565	0.001027728873275	615.0164185	0.00773949921
614.0865479	0.0020404756069999997	615.135376	0.007630978944
614.2050781	0.000668458757	615.2543335	0.004537679372
614.3236694	0.001128856907	615.373291	0.0032453150490000006
614.4422607	0.003207397647	615.4922485	0.0034620484508
614.5608521	0.008236759342	615.6112061	0.003461947659999999
614.6793823	0.011050873669	615.7301636	0.007765397430000001
614.7979736	0.008941089267000001	615.8491211	0.00703637302
614.9165649	0.005378901962999999	615.9680786	0.004973817619999998
615.0351562	0.00408671936	616.0870361	0.005775313708
615.1537476	0.0029437581252	616.2059937	0.0014520436500000053
615.2723389	0.0022735486269999995	616.3249512	0.00276298495
615.3909302	0.0018488070920000001	616.4439697	0.0030467174979999997
615.5095215	0.00463764416	616.5629272	0.0010620318300000008
615.6281738	0.006186195882	616.6818848	0.0020956520461
615.7467651	0.00614866204347	616.8009033	0.0028341375289999996
615.8653564	0.004045869224	616.9198608	0.0015615942000000022
615.9839478	0.0028047913221	617.0388184	0.0039573688704
616.1025391	0.002130464534	617.1578369	0.011396093759000001
616.2211914	0.0014235681159999998	617.2767944	0.016885572579000002
616.3397827	0.0014283768869999998	617.395813	0.021527145289
616.458374	0.0015197907923999998	617.5147705	0.0257684905
616.5770264	0.0019312251820000005	617.6337891	0.021243488749999997
616.6956177	0.0017309144599999995	617.7527466	0.016528603156
616.81427	0.001834011636	617.8717651	0.010093907821
616.9328613	0.0031100291519999997	617.9907837	0.006663036532
617.0515137	0.007962062492	618.1097412	0.005978947738999999
617.170105	0.0125835281175	618.2287598	0.0029312539900000004
617.2887573	0.017588641731	618.3477783	0.0023525534199999986
617.4073486	0.021357586842999998	618.4667969	0.0032268699730000003
617.526001	0.017353484872	618.5858154	-0.0008779317100000017
617.6446533	0.011652972083	618.7047729	0.0016341479500000004
617.7633057	0.007427804176999999	618.8237915	0.0005253041160000003
617.881897	0.0056353413960000005	618.9428101	0.001708695898
618.0005493	0.004271665938000001	619.0618286	-0.0005800332900000003
618.1192017	0.003272158094	619.1808472	-0.0002005305100000014
618.237854	0.0022420540044	619.2998657	2.9038639999999505e-05
618.3565063	0.0011806644030000002	619.4188843	-0.0004946030600000012
618.4751587	0.0013283965526	619.5379639	-0.0014100298299999994
618.593811	0.000828812248	619.6569824	0.000290339819999999
618.7124634	0.0009097233419999998	619.776001	0.0006202124100000012
618.8311157	0.0009954357520000007	619.8950195	0.0003771698099999995
618.9497681	0.0009694886389999997	620.0140381	-0.0009451210499999974
619.0684204	0.0006525046190000001	620.1331177	0.0018825459993000002
619.1870728	0.0004908284170000001	620.2521362	0.00011711940000000073
619.3057251	0.0006430465719999994	620.3711548	-0.0006142780199999975
619.4243774	0.0005865602289999998	620.4902344	-8.754999999971425e-08
619.5430908	0.001109011122	620.6092529	0.0019191436000000005
619.6617432	0.0003803529540000001	620.7282715	0.0015239762099999998
619.7803955	0.0009720170639999999	620.8473511	0.001660928479
619.8991089	0.0002908328309999999	620.9663696	-0.0005520042100000018
620.0177612	0.0012132059780000006	621.0854492	0.0014277487060000002
620.1364136	0.0002983482559999998	621.2045288	0.0005957037200000001
620.255127	0.0007031988349999992	621.3235474	0.0051548071199999995
620.3737793	0.000614442542435	621.442627	0.011640329703500001
620.4924927	0.001225058222	621.5617065	0.013226686046
620.611145	0.0003722170369999996	621.6807251	0.010149054230000003
620.7298584	0.0005508142059999998	621.7998047	0.012962840490000009
620.8485718	0.0004240586420000002	621.9188843	0.012957879578
620.9672241	0.000766029349	622.0379639	0.0075868619589999995
621.0859375	0.0006514135749999999	622.1569824	0.007024287249999999
621.2046509	0.00423471816	622.276062	0.003144696359999999
621.3233032	0.0087595365182	622.3951416	0.0022553429000000003
621.4420166	0.009564245587	622.5142212	0.001883620400000001
621.56073	0.0092345302401	622.6333008	0.0003952868300000009
621.6794434	0.010313081092999998	622.7523804	0.001138347667
621.7981567	0.010123906657	622.87146	0.00020204950099999988
621.9168091	0.006995045172400001	622.9905396	0.0010770699010000002
622.0355225	0.0044077817001	623.1096191	0.0016003972860000005
622.1542358	0.003437431064000001	623.2286987	0.0008232547000000014
622.2729492	0.0028120653009999995	623.3478394	0.0010284273886999999
622.3916626	0.0016377624129999997	623.4669189	-0.0007527824499999995
622.510376	0.001112969592	623.5859985	-0.00010577402999999846
622.6291504	0.000838237174	623.7050781	0.0013987347500000018
622.7478638	0.0008887926233	623.8242188	0.0012301518579999997
622.8665771	0.0011249396490000002	623.9432983	0.0016409419469999996
622.9852905	0.0002962192599999993	624.0623779	-0.0008421987300000003
623.1040039	0.0013593523759999997	624.1815186	-9.442679999999842e-05
623.2227173	0.0009046671920000006	624.3005981	-0.0010172575699999992
623.3414917	0.0013231667689999997	624.4197388	0.002189748339
623.4602051	0.00029504531999999944	624.5388184	0.003855000948
623.5789185	0.0009215904869999997	624.657959	0.0036102109579999996
623.6976929	0.0008317822350000002	624.7770386	0.0009599458400000004
623.8164062	0.0007503171223	624.8961792	0.002935342723
623.9351807	0.0008597746500000002	625.0152588	0.0014499165200000039
624.053894	0.001030990388	625.1343994	0.00452977605
624.1726685	0.0007384228520000008	625.25354	0.0016089268100000012
624.2913818	0.0016572254239999998	625.3726807	0.00443551503
624.4101562	0.0024360203532	625.4917603	0.0028330374049999997
624.5288696	0.0034225506384	625.6109009	0.0025599636100000003
624.647644	0.0025846619388999997	625.7300415	0.000798260789999998
624.7664185	0.0018517153799	625.8491821	-0.0006151609100000024
624.8851318	0.002225678182	625.9683228	-0.0005780067199999996
625.0039062	0.0030094007989999996	626.0874634	-0.0010898485799999968
625.1226807	0.002480350319	626.206604	0.002239245689
625.2414551	0.0019147309939999998	626.3257446	-0.00043461845000000027
625.3602295	0.0011758076729000001	626.4448853	0.0012526828799999997
625.4789429	0.0014409972359999993	626.5640259	0.0006080586499999999
625.5977173	0.0010662712159999997	626.6831665	-0.0017942097000000039
625.7164917	0.00116306684524	626.8023071	0.0005342727529999997
625.8352661	0.0009609377009999996	626.9214478	0.0006460994489999993
625.9540405	0.0010345480400000013	627.0405884	0.00042330194000000064
626.0728149	0.001684161718	627.159729	0.0005626245409999999
626.1915894	0.001074800967	627.2788696	0.0025960324559999998
626.3103638	0.0009079906159999993	627.3980713	0.0007622367699999999
626.4291992	0.0004976345230000003	627.5172119	0.0007534977000000012
626.5479736	4.222965799999994e-05	627.6363525	0.00025164894999999896
626.666748	0.001018493436	627.7555542	-0.0011281445599999954
626.7855225	0.0014390379660000003	627.8746948	0.0015187384539999994
626.9042969	0.0012276247139999998	627.9938965	0.0017257640140000002
627.0231323	0.0002456004732	628.1130371	-0.00067001488
627.1419067	0.0008093249633	628.2322388	0.0031686903527
627.2606812	-2.5249090000000265e-05	628.3513794	0.00298197645296
627.3795166	0.000459437255999999	628.4705811	0.0006809830699999984
627.498291	0.000341072213	628.5897217	0.00027830712000000146
627.6171265	0.0007980575901	628.7089233	0.0022782594899999993
627.7359009	0.00046958681099999993	628.828064	0.00019846670000000025
627.8546753	0.0008601043445799999	628.9472656	-0.0008104778799999969
627.9735107	0.0012789585169999998	629.0664673	-0.00042951666299999997
628.0923462	0.0014688906958000001	629.1856689	-0.0005068909400000009
628.2111206	0.0013715429229999992	629.3048096	-7.642806000000141e-05
628.3299561	0.0013636294749999993	629.4240112	4.735217000000069e-05
628.4487305	0.0014954551585000002	629.5432129	0.002299761633
628.5675659	0.0009122382036999999	629.6624146	5.989895000000148e-05
628.6864014	0.0005310326810000002	629.7816162	0.003672023886
628.8052368	0.0007629236210000001	629.9008179	0.010353587559999995
628.9240112	0.0005142069420000003	630.0200195	0.013546836799000001
629.0428467	0.0006248977739999999	630.1392212	0.008162405349999992
629.1616821	0.0002232078113	630.2584229	0.007583233057999999
629.2805176	0.00040903685289999997	630.3776245	0.0051280334600000005
629.399353	0.0012121488942600002	630.4968262	0.004121185746
629.5181885	0.0017826277759999997	630.6160278	0.0034250911848999997
629.6370239	0.002154025948	630.7352295	0.0029561305420000004
629.7558594	0.00679043085666	630.8544312	0.005401788978
629.8746948	0.010099095760999998	630.9736328	0.013538554313999999
629.9935303	0.007525770456000001	631.0928955	0.017984588166
630.1123657	0.005616121925	631.2120972	0.012615669519999997
630.2312012	0.0037494550048	631.3312988	0.008826786649999998
630.3500366	0.0028011614919999997	631.4505615	0.005026614291000001
630.4688721	0.0022566806289999997	631.5697632	0.0027022734300000024
630.5877075	0.001507709735	631.6889648	0.0053531056621
630.706604	0.0029113423659999998	631.8082275	0.0019415617000000003
630.8254395	0.009161488623000001	631.9274292	0.0003479402500000013
630.9442749	0.013199837530000001	632.0466919	0.000839335850000001
631.0631714	0.011225605848999998	632.1658936	0.0026249578219999996
631.1820068	0.008347194176	632.2851562	0.00037912093000000077
631.3008423	0.00550549	632.4043579	-3.095436999999909e-05
631.4197388	0.0035556568769999995	632.5236206	0.0009201283100000002
631.5385742	0.002904258669	632.6428833	0.000572612509999999
631.6574707	0.002332787728	632.762085	0.00022534654000000084
631.7763062	0.0013755993564	632.8813477	0.0021884617620899997
631.8952026	0.001280558761	633.0006104	0.00020500552000000082
632.0140381	0.00047517009099999966	633.119812	0.0005484139550000003
632.1329346	0.0010882229549999999	633.2390747	1.9752420000001408e-05
632.2518311	0.0004963153624000001	633.3583374	0.0003531151450000009
632.3706665	0.0006674113829	633.4776001	0.00042797904500000046
632.489563	0.0005490197799999999	633.5968628	0.00018581003000000054
632.6084595	0.0007310351360000009	633.7161255	0.0008234982379999997
632.7272949	0.0009063838519999998	633.8353882	-0.00044271163000000023
632.8461914	0.0008337744509999993	633.9545898	0.000978858442
632.9650879	0.000367869332	634.0738525	-0.0003333967200000003
633.0839844	0.0007441865749999999	634.1931763	0.00010794681000000049
633.2028809	0.0005552732619999998	634.312439	-0.0002628751100000014
633.3217773	0.0009735981000000005	634.4317017	0.0001081639784
633.4406738	0.0006241472440000001	634.5509644	-0.0005158465399999999
633.5595703	0.000488419901	634.6702271	-0.0009317919699999982
633.6784668	0.0002764761449999993	634.7894897	-0.00027175620000000067
633.7973633	0.0005461513060000004	634.9087524	0.00017852429300000035
633.9162598	-7.557793289999994e-05	635.0280762	-0.00034265219999999805
634.0351562	0.0002931959460000001	635.1473389	2.8715469999999327e-05
634.1540527	0.0006893421520000002	635.2666016	0.002231175076
634.2729492	0.0002908720629999995	635.3858643	-0.00033079090000000255
634.3918457	0.00024002697299999997	635.505188	0.0010851342230000002
634.5107422	0.0005994694069999999	635.6244507	-0.0012144446299999917
634.6296997	0.000671142829	635.7437744	0.002419851721
634.7485962	0.0003429125069999996	635.8630371	0.0009425166352999999
634.8674927	-0.00011114904199999989	635.9823608	0.0001762136800000022
634.9863892	0.0005059759129999999	636.1016235	0.001653882675
635.1053467	0.001050324645	636.2209473	-0.00027805985900000024
635.2242432	0.0009589821131	636.34021	-0.001253489399999995
635.3432007	0.00017425417899999927	636.4595337	0.0019768253000000003
635.4620972	0.0005358429620000004	636.5787964	0.002088283179999999
635.5809937	0.000639023493	636.6981201	0.0015599113000000012
635.6999512	0.000709682238	636.8174438	0.004249501391
635.8189087	0.0015723893298000002	636.9367065	0.003220624287
635.9378052	0.0006315018979999995	637.0560303	0.0022555515100000003
636.0567627	0.0005445731800000006	637.175354	0.006648375649999998
636.1756592	0.0003976128070000001	637.2946777	0.007681009359000001
636.2946167	0.0008183710749999997	637.4140015	0.005145701570000001
636.4135742	0.0010151714090000001	637.5332642	0.004896224478999999
636.5324707	0.0016496363968	637.6525879	0.0038004551310000002
636.6514282	0.0028848286453	637.7719116	0.001628493889999999
636.7703857	0.002381410682	637.8912354	0.002409562464999999
636.8893433	0.0027738481290000006	638.0105591	0.0008273478600000009
637.0082397	0.004903422901	638.1298828	0.002563447226
637.1271973	0.0071811769738	638.2492065	0.0007624663409999998
637.2461548	0.006840144982000001	638.3685303	-0.00047186762000000007
637.3651123	0.0055793984750000004	638.487854	0.0006505455899999991
637.4840698	0.0028887766531999997	638.6071777	0.0049716867509999995
637.6030273	0.0027616228910000004	638.7265625	0.015504372309999999
637.7219849	0.0017903575209999999	638.8458862	0.014261750509999997
637.8409424	0.0013208489399999996	638.96521	0.011450873684
637.9598999	0.00075828121	639.0845337	0.007526315749999998
638.0788574	0.0008140015419999995	639.2039185	0.006875003919999999
638.1978149	0.0012272340247	639.3232422	0.004207175221
638.3167725	0.0011590085930000002	639.4425659	0.0023924689699999988
638.43573	0.002777546033	639.5618896	0.002351034898
638.5547485	0.009703247283899999	639.6812744	0.0022202326796
638.6737061	0.014696232043	639.8005981	0.000698151059999999
638.7926636	0.012981450185	639.9199829	0.0027953165119999996
638.9116211	0.009149178628999999	640.0393066	-0.0001806467699999939
639.0306396	0.0060484963469999995	640.1586914	-0.0003037862500000002
639.1495972	0.0047663957810000004	640.2780151	0.00037422403999999923
639.2685547	0.0031636031924	640.3973999	0.0011495398349999995
639.3875732	0.001939404756	640.5167236	0.0008441060417999999
639.5065308	0.0017484512639999999	640.6361084	0.0007777269930000011
639.6255493	0.001216669567	640.7554932	0.0008727330699999994
639.7445068	0.0013959930510000001	640.8748169	0.0022970691790000003
639.8635254	0.0013605280550000002	640.9942017	-0.0012330114799999903
639.9824829	0.0015167014200000001	641.1135864	0.00021203048000000002
640.1015015	0.0008471710609999992	641.2329102	-0.0008644983099999962
640.220459	0.0007239519620000001	641.3522949	0.0013563538669999998
640.3394775	0.001556245843	641.4716797	-4.4915820000001466e-05
640.4584961	0.001169162336	641.5910645	0.006093878295000001
640.5774536	0.0012273329780000002	641.7104492	0.030276052649999996
640.6964722	0.001021000906	641.829834	0.058685773979999994
640.8154907	0.0009067385689999999	641.9492188	0.044368198139999995
640.9344482	0.0008999912387999999	642.0686035	0.036964974368999995
641.0534668	0.0013760570440000002	642.1879272	0.024097643790000005
641.1724854	0.0009635281749999997	642.307373	0.0171521573783
641.2915039	0.0008976388487	642.4267578	0.009010329840000001
641.4105225	0.0021569998646999997	642.5461426	0.00810947456
641.529541	0.014548219740999999	642.6655273	0.003334276380000001
641.6485596	0.042145341057	642.7849121	0.00263236463
641.7675781	0.051566399169	642.9042969	0.0038236871473
641.8865356	0.039910037998	643.0236816	0.003305440768999999
642.0055542	0.027003820987	643.1430664	0.0032162969
642.1246338	0.0178937096336	643.2625122	0.004110261799
642.2436523	0.012530008799999999	643.381897	0.00466566463
642.3626709	0.009050662396	643.5012817	0.0006389915999999995
642.4816895	0.005761993234	643.6206665	0.001100299879999999
642.600708	0.004027091897999999	643.7401123	0.0008235843899999998
642.7197266	0.0030700372879	643.8594971	0.0008491687500000004
642.8387451	0.002062324434	643.9789429	0.00012307427999999968
642.9578247	0.0018770147582	644.0983276	0.000460913410000003
643.0768433	0.0019093250741	644.2177124	-0.0015543885500000007
643.1958618	0.002800616901000001	644.3371582	0.0009197760299999996
643.3148804	0.00279174072393	644.456543	0.002865524031
643.43396	0.002392235387	644.5759888	0.0017089010220000004
643.5529785	0.001300283708	644.6954346	0.00129046681788
643.6720581	0.0014455420890000011	644.8148193	-0.0004276661199999997
643.7910767	0.0018925105102	644.9342651	-0.0004561878699999994
643.9100952	0.0020545769366	645.0536499	-0.0010943915699999987
644.0291748	0.001350790262	645.1730957	-0.0009688641899999982
644.1481934	0.001316619571	645.2925415	0.0008434969929999999
644.2672729	0.0008439698730000004	645.4119263	0.0020454828047
644.3862915	0.000762505456	645.5313721	0.0017242589970000001
644.5053711	0.00050658798863	645.6508179	0.002783111064
644.6244507	0.0012211956780000001	645.7702637	0.0018187090740000005
644.7434692	0.0003114929420000006	645.8897095	-0.0007681176100000006
644.8625488	0.00038130907299999996	646.0091553	7.093697999999843e-05
644.9816284	0.0010680616829999998	646.12854	-7.678288899999955e-05
645.100647	0.00027872063199999974	646.2479858	-8.930451999999978e-05
645.2197266	0.0021361754629	646.3674316	-0.00024779886000000223
645.3388062	0.0010126743	646.4868774	0.0016460493210000001
645.4578857	0.0005894514029999999	646.6063232	0.001693388447
645.5769653	0.0012303134420000002	646.725769	0.0022237524399999972
645.6959839	0.000430295709	646.8452148	0.005867857479999999
645.8150635	0.00032109406300000003	646.9646606	0.006801212555
645.9341431	0.0010071208820000002	647.0841675	0.004584672512
646.0532227	0.00085501722	647.2036133	0.002551358190000002
646.1723022	0.0006804752630000001	647.3230591	0.0039150832164
646.2913818	0.0008390607982	647.4425049	0.0018242392699999999
646.4104614	0.0010525428219999998	647.5619507	0.0017184689599999987
646.529541	0.0015129767707	647.6814575	-4.621230000001475e-06
646.6486206	0.003639511764	647.8009033	0.0001782886699999986
646.7677002	0.0040225635169	647.9203491	0.0021494775999999997
646.8867798	0.0035682916640000003	648.0397949	-0.0010571442600000001
647.0059204	0.0025664005951	648.1593018	0.001999177271
647.125	0.0020063221409999995	648.2787476	0.0002894103499999981
647.2440796	0.00152198646573	648.3982544	0.0028361498849999995
647.3631592	0.0016732595394999999	648.5177002	0.0022422708599999994
647.4822388	0.001343498938	648.637146	0.0017577153629999998
647.6013794	0.0006717727519999998	648.7566528	0.0023874156199999996
647.720459	0.00123609594782	648.8760986	0.002748113824
647.8395386	0.0016737011612	648.9956055	0.0001070369000000012
647.9586792	0.0014456531500000001	649.1151123	-8.722580999999917e-05
648.0777588	0.0013559777289999988	649.2345581	0.0020186323599999997
648.1968994	0.0017233894899999999	649.3540649	0.0003308933199999975
648.315979	0.0020948739260999998	649.4735107	-0.00018874368999999974
648.4350586	0.0027948070780000004	649.5930176	0.003295919854999999
648.5541992	0.0024125260529999997	649.7125244	0.002029339790000001
648.6732788	0.001513252617	649.8319702	0.00219940953
648.7924194	0.001175398938	649.9514771	0.00015218556000000036
648.9115601	0.0015754459022999999	650.0709839	0.003913704302
649.0306396	0.001080246643	650.1904907	0.0032359964679999995
649.1497803	0.0009666746429999994	650.3099976	8.694827999999877e-05
649.2688599	0.001179998274	650.4294434	0.0024385261349999998
649.3880005	0.0014392926528	650.5489502	0.002768447157
649.5071411	0.0026160667179999995	650.668457	0.0022325999162
649.6262817	0.001366871409	650.7879639	0.002398584969999999
649.7453613	0.0013251183550000009	650.9074707	-0.0008974112500000006
649.864502	0.0012064685580000004	651.0269775	0.0009796400551
649.9836426	0.0016344606413	651.1464844	0.0006862021999999995
650.1027832	0.0021306840209	651.2659912	-0.0011379606999999993
650.2219238	0.0017695494749	651.385498	-0.001019667840000002
650.3410034	0.001189925475	651.5050049	-0.0011318773000000004
650.460144	0.00028045429	651.6245117	0.001644863514
650.5792847	0.0008063903079999993	651.7440796	0.0014454349899999976
650.6984253	0.0006683477552	651.8635864	0.0006103403900000019
650.8175659	0.0008502453570000002	651.9830933	0.0011428299622
650.9367065	0.0004258286200000006	652.1026001	0.0011120885600000019
651.0558472	0.00035460235080000003	652.2221069	0.001022803596999999
651.1749878	0.000776839559	652.3416748	0.0019151070159999996
651.2941284	0.0009233388120000003	652.4611816	0.00039354106400000047
651.4133301	0.0008880689279999999	652.5806885	-0.0005561523200000029
651.5324707	0.0007019315016	652.7002563	0.0004042405599999979
651.6516113	0.0016372874380000003	652.8197632	-0.0010601095899999968
651.770752	0.0015133031118	652.93927	-0.0008899103800000009
651.8898926	0.0008225932249999995	653.0588379	0.0014500017280000004
652.0090332	0.0006823545846	653.1783447	0.0010365613270000005
652.1282349	0.0009571410479999999	653.2979126	0.0007353289402
652.2473755	0.0008834581829999999	653.4174194	0.00014364719999999942
652.3665161	0.0007369751099999995	653.5369873	0.0016633225599999996
652.4857178	0.00082235945588	653.6564941	0.0009347237650000001
652.6048584	0.0008157785049999998	653.776062	0.001765836263
652.723999	0.00077371276	653.8956299	0.002515271306
652.8432007	0.00033686170400000015	654.0151367	0.0071605129659999996
652.9623413	0.00011736480499999983	654.1347046	0.005811792794000001
653.081543	0.0004804274063	654.2542114	0.003561129789999999
653.2006836	0.00079251267	654.3737793	0.002658179029999999
653.3198853	0.000796651933	654.4933472	0.0020063854700000036
653.4390259	0.0005769066047	654.612915	0.002511142171
653.5582275	0.0007703593000000001	654.7324219	0.00272196671
653.6773682	0.0011259970490000001	654.8519897	0.0019577909200000007
653.7965698	0.002443484496	654.9715576	0.0023179910999999997
653.9157715	0.004909794780999999	655.0911255	0.0008469773400000009
654.0349121	0.004469339154	655.2106934	-0.0021354313999999985
654.1541138	0.004435595358	655.3302612	0.0010478328899999993
654.2733154	0.0022460251637	655.4498291	0.0029057804450000006
654.3925171	0.00146646006	655.569397	-4.377028999999824e-05
654.5116577	0.0017664424083999998	655.6889648	0.001884773141
654.6308594	0.001703010181	655.8085327	0.00018021091999999989
654.750061	0.0013994194453000003	655.9281006	0.0004661995900000007
654.8692627	0.001026941579	656.0476685	0.0006443820899999994
654.9884644	0.0006720880050000004	656.1672363	0.0015174690629999998
655.107605	0.0012256249319	656.2868042	0.0030171161050000003
655.2268066	0.0004776031709999998	656.4063721	0.012259831186999998
655.3460083	0.0008856016210000003	656.5259399	0.02166789584
655.46521	0.0008032352199999998	656.6455078	0.019345195037000003
655.5844116	0.001059998292	656.7650757	0.0143120888421
655.7036133	0.0002574361859999999	656.8847046	0.010783772919999999
655.8228149	0.0006158724430000003	657.0042725	0.007405816349000001
655.9420166	0.0004580153610000003	657.1238403	0.0030134469299999966
656.0612183	0.00033958395900000014	657.2434692	0.003813546616999999
656.180481	0.0036364598189999996	657.3630371	0.0029781078900000015
656.2996826	0.0146737779125	657.482605	0.0031403749020000003
656.4188843	0.024900234067999998	657.6022339	0.0009276177699999999
656.5380859	0.022686294747999998	657.7218018	0.002030123723
656.6572876	0.01672058017	657.8413696	0.001075940210000001
656.7764893	0.011080717085	657.9609985	0.0007116701440000005
656.895752	0.007698383356399999	658.0805664	0.0012436108670000005
657.0149536	0.005350840161	658.2001953	-0.0007884651419999989
657.1341553	0.0036594378760000006	658.3197632	0.001725973562
657.253418	0.002499367576	658.4393921	0.0013752719390000001
657.3726196	0.0023613036610000003	658.55896	0.0012046462501999998
657.4918213	0.0010222022538	658.6785889	-0.0004216059999999997
657.611084	0.0011890931049999996	658.7982178	0.0014779602639999998
657.7302856	0.0014881482350000003	658.9177856	0.0006220849609
657.8495483	0.0010104060639999995	659.0374146	-0.0017641745500000007
657.96875	0.00060362817	659.1570435	-0.0007753129999999997
658.0880127	0.00022475305000000008	659.2766113	-0.0019127503099999991
658.2072144	0.0006191423200000001	659.3962402	0.0006798924879999994
658.3264771	0.0002332244182	659.5158691	0.0020501169491000002
658.4456787	0.0005016385109999997	659.635498	0.001817380078
658.5649414	0.000909235328	659.7550659	-0.00015267357999999842
658.6841431	0.0006237253550000002	659.8746948	0.00220428034
658.8034058	0.00043245998689999993	659.9943237	0.000968347310000001
658.9226685	0.00023274536959999993	660.1139526	0.00040499493499999983
659.0418701	0.00104196556	660.2335815	0.0037525044759999997
659.1611328	0.0010064395610000004	660.3532104	0.0017968853970000004
659.2803955	0.0006100537141000001	660.4728394	0.00012252479999999913
659.3996582	0.0007510134020000002	660.5924683	0.004326805480000001
659.5188599	0.001123188646	660.7120972	0.008311685179999997
659.6381226	0.00117592595	660.8317261	0.010453358289999999
659.7573853	0.001816801727	660.951355	0.006888740699999998
659.8766479	0.0026794392035	661.0709839	0.00720164238
659.9959106	0.0014829906282999997	661.1906128	0.004144172651
660.1151733	0.0020641065210000005	661.3102417	0.0014460459300000006
660.234436	0.0015042680310000003	661.4298706	0.0019442755700000008
660.3536377	0.0015933949035	661.5494995	0.002154567512
660.4729004	0.0040745087900000004	661.6691895	0.0010550860299999992
660.5921631	0.00781357987	661.7888184	0.002567434102
660.7114258	0.009070602244	661.9084473	0.0008321399800000004
660.8306885	0.0071703213618	662.0280762	-0.0003820117570000007
660.9500122	0.005071176856	662.1477661	0.0020446276759999997
661.0692749	0.0036084566676	662.267395	0.0018668388950000003
661.1885376	0.0026322864000000003	662.3870239	0.0012606489469999997
661.3078003	0.0015356745570000003	662.5067139	0.001755597069999999
661.427063	0.001748759299	662.6263428	0.0012583164499999997
661.5463257	0.0004819798051	662.7459717	0.0005032019700000005
661.6655884	0.0009211174910000001	662.8656616	-0.0007259696700000068
661.7849121	0.0009037938440000001	662.9852905	0.0007007804813
661.9041748	0.0008506805179999996	663.1049805	0.0008007878491
662.0234375	0.0002636163263	663.2246094	0.002098296463
662.1427002	0.0005460043321000001	663.3442993	6.700493399999959e-05
662.2620239	0.00023184466410000007	663.4639282	0.0008299143083000001
662.3812866	0.0009696008783	663.5836182	0.0023435924669999997
662.5005493	0.0010283530571	663.7032471	-0.0003983080400000033
662.619873	0.000543908333	663.822937	0.00044640956899999994
662.7391357	0.00021995313000000008	663.942627	9.178917300000007e-05
662.8584595	0.0006987936800000004	664.0622559	0.00127544068
662.9777222	0.0005775317600000014	664.1819458	0.0017843227900000008
663.0969849	0.000592601951	664.3016357	0.0003599831800000005
663.2163086	0.0002534589729999998	664.4212646	0.003017207607
663.3355713	0.0008925459114499999	664.5409546	0.00240761414
663.454895	0.0015866481699999997	664.6606445	0.004452876910350001
663.5742188	0.001530500711	664.7803345	0.003947495832
663.6934814	0.000982744154	664.8999634	0.00313286297
663.8128052	0.0014625285112000001	665.0196533	0.0014569731400000015
663.9320679	0.001277326605999999	665.1393433	0.0015688138099999999
664.0513916	0.0026105472353	665.2590332	0.0014762086789999996
664.1707153	0.002679895842	665.3787231	0.000810639467
664.289978	0.00225992524	665.4984131	0.00015266146
664.4093018	0.0024851970400000005	665.618103	0.0012977207079999994
664.5286255	0.005350212566	665.737793	0.0007522525300000006
664.6479492	0.005309551023	665.8574829	0.0012707100249999999
664.7672119	0.0031970280689999995	665.9771729	0.0010170955200000005
664.8865356	0.0030541447341	666.0968628	0.001692148860000001
665.0058594	0.0022026231456	666.2165527	0.002476361580000001
665.1251831	0.0009582608469999999	666.3362427	0.005218405043
665.2445068	0.0012714937619999998	666.4559326	0.003471016879999997
665.3638306	0.001398827415	666.5756226	0.005237769339999997
665.4831543	0.0007151504981	666.6953125	0.006545485930000001
665.602417	0.0005932254710000005	666.8150635	0.007058484475
665.7217407	0.0009088292719999997	666.9347534	0.002232339239999999
665.8410645	0.0005561395089999999	667.0544434	0.0035654082900000023
665.9603882	0.001146001508	667.1741333	0.0020939791600000004
666.0797119	0.0018947296778	667.2938232	0.00289083926359
666.1990356	0.004080381709999999	667.4135742	0.0026733837989999995
666.3184204	0.004798810929	667.5332642	0.0007847063199999983
666.4377441	0.00528520206	667.6529541	-0.00020809844000000202
666.5570679	0.006637001527000001	667.7727051	0.0021905805900000012
666.6763916	0.006373798707	667.892395	0.00862640328
666.7957153	0.006026755089	668.012085	0.016435714439999995
666.9150391	0.0048780291693	668.1318359	0.014223862439999999
667.0343628	0.0035344740023	668.2515259	0.011050996371
667.1537476	0.0017109755429999991	668.3712769	-0.0033371336700000025
667.2730713	0.0013168631100000019	668.4909668	0.004555817689999998
667.392395	0.0013400896276	668.6107178	0.00567703275
667.5117188	0.0010835891295	668.7304077	0.005428556003
667.6311035	0.0017095324579999996	668.8501587	0.0045260731200000015
667.7504272	0.006913251709	668.9698486	0.005193289369
667.869751	0.015748229022399998	669.0895996	0.0024759892840000002
667.9891357	0.0169110732937	669.2093506	0.0026490769809999998
668.1084595	0.012620734517	669.3290405	0.0026212073900000014
668.2278442	0.009678068571	669.4487915	0.0009677857200000028
668.347168	0.006432574703	669.5685425	0.0012049959040000002
668.4665527	0.0063135983657	669.6882324	0.0012987144290000007
668.5858765	0.006038944238000001	669.8079834	0.0013570575969999998
668.7052002	0.005764299306	669.9277344	0.001589968335
668.824585	0.004825409734999999	670.0474243	0.004691406616999999
668.9439697	0.003631628351	670.1671753	0.003394494764
669.0632935	0.0020694971317	670.2869263	0.00474479329
669.1826782	0.0015987982039999994	670.4066772	0.0046638207863
669.302002	0.0020023572730000004	670.5264282	0.0012264959499999999
669.4213867	0.0016654883804	670.6461792	0.003252560274999999
669.5407715	0.0014522422575	670.7658691	0.0028399725853
669.6600952	0.001027080463	670.8856201	0.0014261025939999996
669.77948	0.0010126373959	671.0053711	0.0012689577399999999
669.8988647	0.0019706788594	671.1251221	-0.00017706584000000067
670.0181885	0.003440837143	671.244873	0.0001631528199999982
670.1375732	0.003599302029	671.364624	0.0009443718000000001
670.256958	0.0033370590100999997	671.484375	0.002209689467999999
670.3763428	0.0023179720149999997	671.604126	0.0019290521739999998
670.4957275	0.0017106278101000003	671.723877	-0.0009320210700000005
670.6150513	0.0014925033319999998	671.8436279	0.0020664941980000004
670.734436	0.0015622947830000002	671.9634399	0.0028073708529999996
670.8538208	0.0005103985310000001	672.0831909	0.005044462160000001
670.9732056	0.0008358540950000005	672.2029419	0.002437192939999999
671.0925903	0.0009766633156000001	672.3226929	0.004092843621
671.2119751	0.0011411695742	672.4424438	0.004386099172
671.3313599	0.0006631700817	672.5621948	0.001359667630000002
671.4507446	0.000743030745	672.6820068	0.000751568939999999
671.5701294	0.0007800766908	672.8017578	2.2698189999999924e-05
671.6895142	0.0011208010256	672.9215088	0.0003431243820000013
671.8088989	0.0009362805581000001	673.0412598	0.0032201384310899996
671.9282837	0.0030803752600000005	673.1610718	0.0017807707190000003
672.0476685	0.0037599112830000005	673.2808228	0.0008072592320000002
672.1670532	0.0035476216001	673.4005737	0.0015755365610000006
672.286438	0.0025238119418	673.5203857	0.0017161243590000006
672.4058228	0.0030268754350000005	673.6401367	0.0001751240300000012
672.5252686	0.002407466643	673.7599487	0.0012078629809999996
672.6446533	0.0017815079541099999	673.8796997	-0.0008821226599999999
672.7640381	0.0005617641432	673.9994507	-0.0003770180100000006
672.8834229	0.001260229388	674.1192627	0.0014326465310000001
673.0028076	0.0009639442728	674.2390137	0.003114009509
673.1222534	0.00042906985599999985	674.3588257	-4.808744400000044e-05
673.2416382	0.0011943592689999999	674.4785767	0.0015020584659999996
673.3610229	0.0009492980310000006	674.5983887	3.8892960000000074e-05
673.4804688	0.00021160952699999982	674.7182007	0.0027351384049999995
673.5998535	0.0003274256018999999	674.8379517	0.0004640733899999999
673.7192383	0.0012522754259999998	674.9577637	0.000979514327
673.8386841	0.000795404427	675.0775146	0.0009100548899999995
673.9580688	0.0005871898029999999	675.1973267	0.004489198327000001
674.0775146	0.0006344539580000002	675.3171387	0.03099465371
674.1968994	0.0009888106729	675.4368896	0.08306466419
674.3162842	-0.0001293011010000001	675.5567017	0.09252014429899999
674.43573	0.000861096661	675.6765137	0.0718223229
674.5551147	0.0005890751490000002	675.7963257	0.05556626059
674.6745605	0.0005015487549999999	675.9160767	0.037133084610000006
674.7939453	0.000841528177	676.0358887	0.0285488034134
674.9133911	0.0010057326870000001	676.1557007	0.01627968345
675.0328369	0.0014537111850000005	676.2755127	0.013619292065
675.1522217	0.014289683425	676.3953247	0.01011724677
675.2716675	0.059234653366	676.5151367	0.005606327199999997
675.3910522	0.09345336906	676.6349487	0.00592231098
675.510498	0.0823306573413	676.7546997	0.01023066754
675.6299438	0.067496227568	676.8745117	0.0152715105249
675.7493896	0.0482704294895	676.9943237	0.013886548579000001
675.8687744	0.032739311228	677.1141357	0.010416950104
675.9882202	0.02270988991158	677.2339478	0.008184956968
676.107666	0.016226008301	677.3537598	0.005384534600000001
676.2271118	0.010322219225	677.4735718	0.0034356182499999995
676.3464966	0.008105414463063	677.5933838	0.0038586552260000003
676.4659424	0.005364151205	677.7132568	0.002742868382
676.5853882	0.0070089772339999995	677.8330688	0.0011483654400000001
676.704834	0.011726276019	677.9528809	0.0026059574450000003
676.8242798	0.012126990128999999	678.0726929	0.0022770375939999998
676.9437256	0.00977732125	678.1925049	0.0021931445224
677.0631714	0.007094756704	678.3123169	0.0001970827500000008
677.1825562	0.004876922932	678.4321289	0.0018306127750000005
677.302002	0.0037070591643	678.552002	0.00010979176000000188
677.4214478	0.0025477114247000002	678.671814	-0.000862043350000001
677.5408936	0.0022346386325100003	678.791626	-0.00029929541000000073
677.6603394	0.0012576574733799998	678.911438	0.0017491048199999998
677.7797852	0.0016105442770000004	679.031311	0.002529711001
677.899292	0.0011991867790000004	679.151123	0.001761783613
678.0187378	0.0011029106099999996	679.2709351	0.003024278206000001
678.1381836	0.001713555306	679.3908081	0.0016168723820000003
678.2576294	0.0009061347082	679.5106201	-0.001140993089999997
678.3770752	0.0008939372055000001	679.6304321	-2.4791809999993863e-06
678.496521	0.0007474897430000006	679.7503052	-0.0001988336500000007
678.6159668	-0.00018404435800000005	679.8701172	0.001813477836
678.7354126	0.0006724805569999995	679.9899902	0.0011831875900000007
678.8549194	0.000686302432	680.1098022	0.000632662093
678.9743652	0.0009816060769999996	680.2296753	0.00064178929
679.093811	0.00019013194799999997	680.3494873	-0.001460380850000012
679.2132568	0.0011280043979999999	680.4693604	-0.0008911155199999993
679.3327637	0.000847011804	680.5891724	0.001645819866
679.4522095	0.00014663487700000005	680.7090454	0.001803452149
679.5716553	0.0005475915964999999	680.8288574	-0.0010972879800000002
679.6911621	-0.00013973144800000052	680.9487305	0.0005530605553
679.8106079	0.00012430991000000023	681.0686035	0.0021652537399999994
679.9300537	0.000722684897	681.1884155	0.001457265113
680.0495605	0.0009759076055000001	681.3082886	0.0009152750135000001
680.1690063	0.00014650874100000002	681.4281006	0.00045120157000000036
680.2884521	-0.00023327278899999996	681.5479736	0.0014870418239999999
680.407959	-9.752065000000025e-05	681.6678467	0.0013748174529999999
680.5274048	0.00032104435400000025	681.7877197	0.0015602498310000002
680.6469116	-0.0004839189935000001	681.9075317	-0.0012090653099999932
680.7663574	0.00068050345726	682.0274048	0.0003901328900000004
680.8858643	0.000823205801999999	682.1472778	0.0013527860900000004
681.0053101	0.00034821953100000014	682.2671509	0.0001314096100000009
681.1248169	0.0009296161589999997	682.3869629	0.0005277888849999999
681.2442627	2.3597852000000266e-05	682.5068359	0.00012927688000000104
681.3637695	0.0009173629799999992	682.626709	0.00165941566
681.4832764	0.0005640042939999996	682.746582	0.0006332509199999999
681.6027222	0.000247218646	682.8664551	0.0028139534409999997
681.722229	0.0007898839542000001	682.9863281	0.0031185476099999995
681.8417358	0.001317295245	683.1062012	0.00304550491
681.9611816	0.0020208384369999996	683.2260742	0.0009421594399999997
682.0806885	0.0014058954836	683.3459473	0.0006245598199999987
682.2001953	0.0010340481530000001	683.4658203	0.0016667858873999999
682.3196411	0.0006512660182	683.5856934	0.0019218036939999995
682.4391479	0.0009206403049999996	683.7055664	0.0023581776770000003
682.5586548	0.0006205723620000001	683.8254395	0.0019212264449
682.6781616	0.0014130775819999998	683.9453125	-0.00039974601000000026
682.7976685	0.0035685571788	684.0651855	0.0015177605700000003
682.9171143	0.003913445981	684.1850586	-0.0005707778099999991
683.0366211	0.00245182548692	684.3049316	0.00015771854700000025
683.1561279	0.0025296117531	684.4248047	0.0014173243544
683.2756348	0.0014117223909999998	684.5446777	0.0010976838821000002
683.3951416	0.0010446760570000002	684.6646118	0.002012728247999999
683.5146484	0.0011372714656	684.7844849	0.0010432963019999999
683.6341553	0.0008028155419999999	684.9043579	0.001040993025
683.7536621	0.0008000106320000002	685.024231	0.0020105871369999998
683.8731689	0.00032078847299999986	685.144104	0.0005540996789999992
683.9926758	0.00023002636220999999	685.2640381	0.00167389051
684.1121826	0.001001863214619	685.3839111	0.0019809249790000002
684.2316895	0.0006711278110000001	685.5037842	0.0032055705665
684.3511963	0.00033436482800000035	685.6237183	0.0015332959600000001
684.4707031	0.0012285647974	685.7435913	0.0020621074370000005
684.59021	0.0008052643379999999	685.8634644	0.0015647895630000012
684.7097168	0.0009588181269999999	685.9833984	4.155933000000306e-05
684.8292236	7.465184899999998e-05	686.1032715	0.00048325582900000073
684.9487305	0.0007358458242199999	686.2231445	0.0026031141169999992
685.0682373	0.0006985871369	686.3430786	0.0003563538199999987
685.1877441	0.0013475371500000013	686.4629517	0.0007816329600000005
685.307312	0.0012289032458	686.5828857	0.0018294365139999995
685.4268188	0.0012579935136999999	686.7027588	0.0015681409279999997
685.5463257	0.0014157061232	686.8226929	0.0012996895239999998
685.6658325	0.0006881544830000005	686.9425659	0.001134184189
685.7853394	0.0007142871619999994	687.0625	0.0034436685969999993
685.9049072	0.0006112206028	687.182373	0.020950964649999997
686.0244141	0.0014709004314000002	687.3023071	0.073090657823
686.1439209	0.0008905204009999998	687.4221802	0.087803026663
686.2634277	0.0005132145010000003	687.5421143	0.06826580316
686.3829956	0.0021502829037	687.6619873	0.050192113966
686.5025024	0.0018772828044	687.7819214	0.034581466347999995
686.6220703	0.0014537789399999995	687.9018555	0.024186076591
686.7415771	0.0010817078900000002	688.0217285	0.018610051837
686.861084	0.001124620903	688.1416626	0.015697605910000002
686.9806519	0.0038733197144999996	688.2615967	0.013389460740000001
687.1001587	0.029329321111	688.3814697	0.011451287195
687.2197266	0.07687997026799999	688.5014038	0.007639637219999999
687.3392334	0.086954363974	688.6213379	0.0071819246218000005
687.4588013	0.06901619548299999	688.741272	0.004763301469999998
687.5783081	0.051187656356000005	688.861145	0.008426632739999999
687.697876	0.033297710587499994	688.9810791	0.013820046556
687.8173828	0.02389542550354	689.1010132	0.016401304859
687.9369507	0.01816855161	689.2209473	0.01149745938
688.0564575	0.014521786944000002	689.3408813	0.01000126312
688.1760254	0.011585987172	689.4608154	0.00649669953
688.2955322	0.008057878585	689.5806885	0.004824758973
688.4151001	0.005637789261	689.7006226	0.0020201131700000007
688.534668	0.003853057511	689.8205566	0.0018129218299999996
688.6541748	0.003971131635	689.9404907	0.002777252350000002
688.7737427	0.007064891746	690.0604248	-0.0001448132100000006
688.8933105	0.012154570083	690.1803589	0.0005439380200000007
689.0128174	0.012607698793	690.300293	0.0025871474645
689.1323853	0.01091319788	690.4202271	0.0009927330540000006
689.2519531	0.007376258960000001	690.5401611	0.0014448928415
689.37146	0.0054552010260000006	690.6600952	-0.0016860365800000082
689.4910278	0.0039720493360000005	690.7800293	0.0008211843600000011
689.6105957	0.0027832803319999995	690.8999634	0.001653136278
689.7301636	0.0013567676069999998	691.0198975	0.002194825327
689.8497314	0.00098203873131	691.1398315	0.0020258755537
689.9692383	0.0015275657639999998	691.2598267	8.135848000000168e-05
690.0888062	0.001311478205	691.3797607	0.0018708221600000005
690.208374	0.0006740919196	691.4996948	0.002035646699
690.3279419	0.0004619009560000002	691.6196289	0.0006095473650000001
690.4475098	9.782612000000003e-05	691.739563	-0.0005063489099999992
690.5670776	0.0009196046740000009	691.8594971	0.0028225950660000004
690.6866455	0.00041319261079999993	691.9794922	0.001040192787
690.8062134	0.00100211057	692.0994263	0.0014872187749999993
690.9257202	0.0011867787690000003	692.2193604	6.915627999999965e-05
691.0452881	0.00044329976700000027	692.3392944	-0.00040577725000000286
691.164856	0.000980079989	692.4592896	-0.0002078693399999998
691.2844238	0.0009854081433	692.5792236	0.002503579948999999
691.4039917	0.00035973079500000067	692.6991577	0.0021415464600000045
691.5235596	0.0012116207217	692.8190918	0.0031562093700000012
691.6431274	0.0007396447480000003	692.9390869	0.003963539609
691.7627563	0.001086964039	693.059021	0.0018971712559999999
691.8823242	0.0004755705599999993	693.1790161	-5.61587500000002e-05
692.0018921	0.0009694427720000001	693.2989502	0.001909739804
692.12146	0.0004233943769999999	693.4188843	0.0004783780898
692.2410278	0.0007414579159999999	693.5388794	0.0017536133530000001
692.3605957	0.00040920265	693.6588135	0.0009666383199999976
692.4801636	0.001909665768	693.7788086	0.003453251899999999
692.5997314	0.002059447113	693.8987427	0.019595569229
692.7193604	0.001724392409	694.0187378	0.03659175523
692.8389282	0.0010207619049999997	694.1386719	0.03296672367
692.9584961	0.001691531856	694.258667	0.025546271349999997
693.078064	0.001566675841	694.3786011	0.020903246480999997
693.1976318	0.000877524144	694.4985962	0.013467901268400001
693.3172607	0.0012449377679999997	694.6185303	0.009097000589999998
693.4368286	0.0010073734734999998	694.7385254	0.004905901849999998
693.5563965	0.0012959267470000002	694.8584595	0.005553141237
693.6760254	0.0034936092560000002	694.9784546	0.0032837498009999997
693.7955933	0.016370662485	695.0984497	0.004186602310000001
693.9151611	0.033919067124	695.2183838	0.005800477811
694.03479	0.032539159874	695.3383789	0.00791279412
694.1543579	0.026096379849	695.458374	0.009225700049999999
694.2739258	0.018666523508	695.5783081	0.008481679717
694.3935547	0.013342462945000001	695.6983032	0.00566110387
694.5131226	0.008920264198	695.8182983	0.004367052579999999
694.6327515	0.005447856965	695.9382324	0.005266658026000001
694.7523193	0.003887278843	696.0582275	0.0038372241
694.8718872	0.002662431917	696.1782227	0.007350031396853
694.9915161	0.002302131907	696.2982178	0.009352697989999999
695.111084	0.0027195645964000004	696.4181519	0.011023105122
695.2307129	0.006178263108	696.538147	0.03211164661
695.3502808	0.007402838673	696.6581421	0.206459521314
695.4699097	0.0069382823715000005	696.7781372	0.52359970471
695.5894775	0.0058596083249	696.8981323	0.526106171286
695.7091064	0.004209390376000001	697.0181274	0.40399870468509996
695.8287354	0.0038758106530000004	697.1380615	0.29727920517
695.9483032	0.0031381361425900003	697.2580566	0.19654105554499998
696.0679321	0.00562331315459	697.3780518	0.13625570391
696.1875	0.0079904569716	697.4980469	0.09775871035
696.3071289	0.0078892126256	697.618042	0.07275229693
696.4267578	0.025917353804000003	697.7380371	0.0545846704013
696.5463257	0.19170610118700002	697.8580322	0.04148033447999999
696.6659546	0.53129203342	697.9780273	0.031573490243000005
696.7855835	0.616310640233	698.0980225	0.019101055340000003
696.9051514	0.463486025139	698.2180176	0.01606473932
697.0247803	0.365175867649	698.3380127	0.011334048114
697.1444092	0.25507065138199997	698.4580078	0.009222077671
697.2640381	0.16359724428	698.5780029	0.006665587420000001
697.383606	0.10139246868759999	698.697998	0.0061044660410000005
697.5032349	0.055446902754	698.8179932	0.004082906989999999
697.6228638	0.031356744003	698.9379883	0.0014369487800000025
697.7424927	0.019621613896	699.0580444	0.004045283887
697.8621216	0.013494840123999999	699.1780396	0.0016700997900000007
697.9816895	0.010153056411400001	699.2980347	0.003856758121
698.1013184	0.00738314727637	699.4180298	0.003935597839999999
698.2209473	0.006423204905	699.5380249	0.00426026061
698.3405762	0.005653041647000001	699.65802	0.0046272879411
698.4602051	0.005162579473	699.7780762	0.004625724628999999
698.579834	0.003854873592000001	699.8980713	0.0018816608899999976
698.6994629	0.0031522391360000006	700.0180664	0.0030394152269999997
698.8190918	0.0034902726760000003	700.1380615	0.003115340834
698.9387207	0.002999998746	700.2580566	0.0027520619913
699.0583496	0.0029229340140000002	700.3781128	0.00163567532
699.1779785	0.002627239563	700.4981079	-0.0005967728799999988
699.2975464	0.0044135015920000005	700.618103	0.00018974859000000024
699.4171753	0.005247326335	700.7381592	-0.0001818053499999979
699.5368042	0.004045491572	700.8581543	0.0001999177100000006
699.6564941	0.004120109137	700.9781494	0.001427897249999999
699.776123	0.003035727423	701.0982056	0.0021074325779999997
699.895752	0.002622981003	701.2182007	0.0022727921650000007
700.0153809	0.0011769361736	701.3381958	0.00233278898695
700.1350098	0.0022439741292	701.458252	0.005358205788
700.2546387	0.00164876174676	701.5782471	0.0019957902839999996
700.3742676	0.00156233965427	701.6983032	0.00129769608638
700.4938965	0.0017601009459999994	701.8182983	0.0021914588279999996
700.6135254	0.0013323710299999996	701.9383545	0.0008304603400000003
700.7331543	0.0011117965919999998	702.0583496	-0.0011694375499999993
700.8528442	0.0011217482096999999	702.1784058	0.0028103962540000004
700.9724731	0.0007382407780000002	702.2984009	0.001710294397
701.0921021	0.00095282164328	702.418457	-0.0008018799100000008
701.211731	0.0011654367263	702.5384521	0.0029099709359999993
701.3313599	0.0009962683538999998	702.6585083	0.00211253413
701.4510498	0.0015259797219999995	702.7785034	0.0026016301123
701.5706787	0.0014567733750000004	702.8985596	0.004266113970000001
701.6903076	0.00082032495626	703.0185547	0.02160471678
701.8099365	0.0015271469020000008	703.1386108	0.075576756618
701.9296265	0.001040005591	703.258606	0.086800128224
702.0492554	0.0013042574138	703.3786621	0.06450202503
702.1688843	0.0012156092560000002	703.4987183	0.051653162569999994
702.2885742	0.0017273086119999987	703.6187134	0.036129838086999995
702.4082031	0.001289212494	703.7387695	0.02541469876
702.527832	0.0016042606439999997	703.8588257	0.019219629701
702.647522	0.001677685068	703.9788208	0.012682296801000002
702.7671509	0.0026648156349999997	704.098877	0.009875301270000001
702.8867798	0.011427678633999998	704.2189331	0.007347048722999999
703.0064697	0.045530788600000004	704.3389893	0.004216672849999999
703.1260986	0.066464221106	704.4589844	0.0049167474502000005
703.2457886	0.051818130766999995	704.5790405	0.00244950503
703.3654175	0.04590909951	704.6990967	0.0012730918800000005
703.4850464	0.034808974716999994	704.8191528	0.0014997543759999992
703.6047363	0.021134388168	704.9391479	0.0018597058999999996
703.7243652	0.011480016398	705.0592041	0.0014343010299999997
703.8440552	0.0072909570884	705.1792603	0.0005948841500000007
703.9636841	0.0045492744534	705.2993164	0.00043326616000000095
704.083374	0.0030677537436	705.4193726	0.0007481691429999998
704.2030029	0.002611914184	705.5394287	-0.00040421262000000027
704.3226929	0.0018175978034999998	705.6594238	0.000790981579999999
704.4423218	0.002387124812	705.77948	0.00039958767999999714
704.5620117	0.0015733993419	705.8995361	0.0020710982501
704.6817017	0.002116434509	706.0195923	0.0013565733100000012
704.8013306	0.0014810741419999996	706.1396484	-0.0009257495399999996
704.9210205	0.001802496321	706.2597046	0.001520847901
705.0406494	0.001405339921	706.3797607	0.0026779170149999997
705.1603394	0.0001924275419999998	706.4998169	0.0017426796300000005
705.2800293	0.00125870263905	706.619873	0.013699110600000002
705.3996582	0.001499667007	706.7399292	0.12038700842999998
705.5193481	0.0009203928049999997	706.8599854	0.36399478279
705.6390381	0.001021924429	706.9800415	0.424010708914
705.758667	0.0013531572179999998	707.1000977	0.35609704811
705.8783569	0.0015973529516	707.2201538	0.273833447118
705.9980469	0.0009836554529999999	707.34021	0.1863409104
706.1177368	0.0012749522000000003	707.4602661	0.12926756967
706.2373657	0.0015027003539	707.5803223	0.09575111046000001
706.3570557	0.0017532968189999999	707.7003784	0.06580952183
706.4767456	0.006299130618000001	707.8204346	0.0518198704272
706.5964355	0.0622558635059	707.9404907	0.037131969816
706.7160645	0.286690916387	708.0605469	0.02821753267
706.8357544	0.428726708824	708.1806641	0.018470393499999994
706.9554443	0.37019290818199996	708.3007202	0.01398241985
707.0751343	0.33802052869	708.4207764	0.00975831039
707.1948242	0.254212437224	708.5408325	0.007178390400000002
707.3144531	0.14388840571199998	708.6608887	0.004945889110000001
707.4341431	0.0772276169193	708.7809448	0.006343008020000001
707.553833	0.043118082916	708.901062	0.008203146455099999
707.6735229	0.0248219860942	709.0211182	0.005689782087
707.7932129	0.016632100569	709.1411743	0.005259432015000001
707.9129028	0.011228195159	709.2612305	0.003911243053
708.0325928	0.008981100282	709.3813477	0.0020369701099999978
708.1522827	0.007034985347999999	709.5014038	0.002347324976000001
708.2719727	0.005687341211	709.62146	0.0032188098419999997
708.3916626	0.005073920940000001	709.7415161	0.003139232169
708.5113525	0.0049927868527	709.8616333	0.0030028265900000004
708.6309814	0.004404108855	709.9816895	0.0028427853249999996
708.7506714	0.0052828613553	710.1017456	0.0014080600810000002
708.8703613	0.0043824618338	710.2218628	0.002094837605
708.9900513	0.00380219554	710.3419189	0.0026248153297
709.1097412	0.0035287253559999994	710.4619751	0.0017146335450000001
709.2294922	0.002874834463	710.5820923	0.0029199565760000008
709.3491821	0.0022911480627	710.7021484	0.0003582798000000033
709.4688721	0.0026077455849999997	710.8222656	0.007412593808999999
709.588562	0.0024345167911	710.9423218	0.014517559670000001
709.708252	0.0016103222740000002	711.0623779	0.013724814404
709.8279419	0.0019845673810000002	711.1824951	0.010791229783000001
709.9476318	0.0012886291300000016	711.3025513	0.009435506771
710.0673218	0.0012416453246	711.4226685	0.006817554764
710.1870117	0.001341770636	711.5427246	0.004205772659999999
710.3067017	0.0013190577740000002	711.6628418	0.0034102438949999998
710.4263916	0.00013855029899999998	711.7828979	0.003753182945000001
710.5461426	0.0016967202540000004	711.9030151	0.002713215538
710.6658325	0.0031256111539	712.0230713	0.0019294947849999998
710.7855225	0.008443414932000001	712.1431885	-0.0004607625299999987
710.9052124	0.009702601238	712.2632446	0.002007588045
711.0249023	0.008128636808	712.3833618	-0.0003260523099999982
711.1446533	0.00717806071	712.503418	0.002309633410000001
711.2643433	0.005031808396000001	712.6235352	0.005481203087
711.3840332	0.002687692679	712.7436523	0.01081462205
711.5037231	0.0021085899779999997	712.8637085	0.011803026309999999
711.6234131	0.0019867535439999995	712.9838257	0.008556310090000002
711.7431641	0.000994691741	713.1038818	0.0065209846999999994
711.862854	0.0005342531949999998	713.223999	0.005877350926000001
711.9825439	0.0009715137999999996	713.3441162	0.004658566322
712.1022949	0.0008642289907000001	713.4641724	0.001820417119999999
712.2219849	0.0009882925079999997	713.5842896	0.00019215606000000038
712.3416748	0.0005978983830000001	713.7044067	0.0018583452330000003
712.4614258	0.0010731136429999993	713.8244629	0.0023943400000000017
712.5811157	0.0052398165283999995	713.9445801	0.0006296134090000003
712.7008057	0.00756054942	714.0646973	0.0014196131399999978
712.8205566	0.006994688651	714.1847534	0.0010796133400000005
712.9402466	0.0056435884999999995	714.3048706	0.0020464941628
713.0599365	0.0053291318470000005	714.4249878	0.0005051121109999994
713.1796875	0.0020125594161	714.545105	-0.0007331371400000064
713.2993774	0.002596340608	714.6651611	0.003703515969999998
713.4191284	0.0011562918079999999	714.7852783	0.023425955320000004
713.5388184	0.001058045541	714.9053955	0.04844913073
713.6585083	0.0013835280846	715.0255127	0.046789687122
713.7782593	0.0004531631710000001	715.1456299	0.03649901599
713.8979492	0.00104184763783	715.265686	0.027665180618000003
714.0177002	0.001024832949	715.3858032	0.019050892908
714.1373901	0.0005797054620000001	715.5059204	0.01257184614
714.2571411	0.0010930709500000003	715.6260376	0.0102666104172
714.3768311	0.0012161056509999999	715.7461548	0.008338271408
714.496582	0.0016531698635	715.866272	0.005473777650000001
714.616272	0.008398380596	715.9863281	0.008069492880000001
714.7360229	0.030699220019	716.1064453	0.01244755369
714.8557129	0.044265172905000004	716.2265625	0.01050173863
714.9754639	0.038209923081000005	716.3466797	0.009110816749999999
715.0951538	0.035135906189999996	716.4667969	0.007049819459999999
715.2149048	0.0216152368223	716.5869141	0.005633862680000001
715.3345947	0.0107525211332	716.7070312	0.005053945819999999
715.4543457	0.005642545235	716.8271484	0.002728350462
715.5740967	0.00475831225	716.9472656	0.0016730995800000002
715.6937866	0.0027855429799999998	717.0673828	0.0015487130799999999
715.8135376	0.0033424014693	717.1875	0.0021408470399999994
715.9332275	0.006153401918	717.3076172	0.0022480748589999997
716.0529785	0.0068933844163	717.4277344	0.0034902161860000005
716.1727295	0.006207463914	717.5478516	0.0013131052199999993
716.2924194	0.0065336964319999994	717.6679688	-0.0008616540599999979
716.4121704	0.004938785451999999	717.7880859	0.0018328803130000003
716.5319214	0.0030506881599	717.9082031	0.002713687252
716.6516113	0.0015411521310000004	718.0283203	0.0008046878500000002
716.7713623	0.0015988270749999998	718.1484375	0.0004940573100000005
716.8911133	0.0015133556439999997	718.2685547	0.0024052034129999995
717.0108032	0.0019298672556999998	718.3886719	0.0013545779509999997
717.1305542	0.000781190815	718.5087891	-0.00021997095000000216
717.2503052	0.00069022784	718.6289062	0.001732169651
717.3700562	0.000428434462	718.7490234	-0.0005964729899999993
717.4897461	0.0013182016560000002	718.8692017	0.002480158580000001
717.6094971	0.0010514075400000003	718.9893188	0.0016695186489999996
717.729248	0.0011732019480000001	719.109436	0.0018666802207
717.848999	0.0008691742550000002	719.2295532	0.0018280781809999992
717.968689	0.0005953270303	719.3496704	0.0003691585729999995
718.0884399	0.0005699316970000001	719.4697876	0.0010737106200000013
718.2081909	0.0007284232420000003	719.5899048	0.0016294306843
718.3279419	0.0008679497990000005	719.710083	0.0006173616279999995
718.4476929	0.0006240465440000001	719.8302002	0.0008688471280000002
718.5674438	0.0003821077990000001	719.9503174	0.00023553520999999855
718.6871338	0.001582820434	720.0704346	0.00181100145
718.8068848	0.0004213952919999999	720.1906128	0.001583077015
718.9266357	0.0008659819140000007	720.31073	0.002437181422
719.0463867	-3.9009609999999736e-05	720.4308472	0.003192803124
719.1661377	0.00073240092	720.5509644	0.002287281674999999
719.2858887	0.0014071383050000001	720.6711426	0.004202162381
719.4056396	0.0008025295100000003	720.7912598	0.012937459858999998
719.5253296	0.00041302898900000013	720.911377	0.032002458811
719.6450806	0.00024793192200000006	721.0314941	0.029458176339999996
719.7648315	0.0006213071759999999	721.1516724	0.022552461824000003
719.8845825	0.000970812747	721.2717896	0.017852670392999998
720.0043335	0.00017038406799999993	721.3919067	0.010160006580000002
720.1240845	0.000367324799999999	721.512085	0.0075744837499999995
720.2438354	-0.000122645869	721.6322021	0.005742829292
720.3635864	0.0008854839470299999	721.7523193	0.005222163631
720.4833374	0.0012908531349999988	721.8724976	0.0042979955325999995
720.6030884	0.0036720717320000004	721.9926147	0.002155885100000001
720.7228394	0.010428072536	722.1127319	0.001205875537999999
720.8425903	0.018376891504	722.2329102	0.0013906145469999992
720.9623413	0.01737986365	722.3530273	0.00017817504000000248
721.0820923	0.0137066248242	722.4732056	0.00031081122000000024
721.2018433	0.009839489939599998	722.5933228	0.0005520461099999992
721.3215942	0.005565839818999999	722.7134399	0.0019855070859999997
721.4413452	0.002353605698	722.8336182	0.0025005382487
721.5610962	0.0017533706560999998	722.9537354	0.0007008807799999996
721.6808472	0.0017112671343999998	723.0739136	0.002761782612
721.8005981	0.0008029155429999995	723.1940308	0.003547400702
721.9203491	0.000797180459000001	723.314209	0.002464270220000002
722.0401001	0.0009581046169999999	723.4343262	0.001339362929999999
722.1598511	0.0014107253523000002	723.5545044	-0.0004971772499999978
722.2796631	0.001088022487	723.6746216	0.001983931754
722.3994141	0.0010394332929999995	723.7947998	0.0008552037200000029
722.519165	0.0005900716649999999	723.914917	0.0006354255599999997
722.638916	0.0005671279499999998	724.0350952	-0.000689907
722.758667	0.0012374828074	724.1552124	-0.00024372153000000105
722.878418	-0.0001302487219999992	724.2753906	-0.0006110370200000034
722.9981689	0.000718828523	724.3955078	0.0016638200616000002
723.1179199	0.0016793545810000002	724.515686	-0.00017639202999999992
723.2377319	0.0015923136962000001	724.6358032	0.00263983995
723.3574829	0.001374564133	724.7559814	0.001926277298000001
723.4772339	7.55577350000005e-05	724.8760986	0.0010343845899999995
723.5969849	0.0006159418269999998	724.9962769	-0.0001284754840000001
723.7167358	0.0013203878188	725.1164551	0.0013787373900000003
723.8365479	0.0005118602420000002	725.2365723	0.002358894795
723.9562988	0.00047838827599999993	725.3567505	0.0005209706799999964
724.0760498	0.0010738689449999999	725.4768677	0.0009737275540000001
724.1958008	0.0004149337760000001	725.5970459	0.0023259219018
724.3155518	7.752841399999953e-05	725.7172241	0.0019833659699999995
724.4353638	0.0008606500920000006	725.8373413	0.001757902908
724.5551147	0.0009067634236	725.9575195	0.00108521616818
724.6748657	0.0006708505100000003	726.0776978	0.0011821307122
724.7946167	0.00044556148399999993	726.1978149	6.576814000000021e-05
724.9144287	0.00031493249110000005	726.3179932	0.0017308117799999991
725.0341797	0.0006249102007	726.4381714	0.001769070048
725.1539307	0.0007225159934	726.5582886	0.001090146601
725.2737427	0.0009265004189999999	726.6784668	0.006740094160000001
725.3934937	0.0010938886549999999	726.798645	0.007999226460000002
725.5132446	0.001092894469	726.9187622	0.007547470045
725.6330566	0.0006390819329999999	727.0389404	0.006473358723
725.7528076	0.0006520041489999999	727.1591187	0.008159256542
725.8725586	0.0008197896529999999	727.2792969	0.014141097669
725.9923706	0.0009456693080999999	727.3994141	0.046236412138
726.1121216	0.0001778574659999999	727.5195923	0.10400109645000001
726.2318726	0.0006845566093	727.6397705	0.101296805796
726.3516846	0.00035287267383	727.7599487	0.07841710059
726.4714355	0.0020880884263	727.8800659	0.054942919875
726.5911865	0.0036022301645	728.0002441	0.0381584391
726.7109985	0.004368328025	728.1204224	0.030422069594999997
726.8307495	0.004190300588999999	728.2406006	0.02158540674
726.9505005	0.0033540303700000003	728.3607178	0.016066455519
727.0703125	0.0039048789476	728.480896	0.012167306610000001
727.1900635	0.006673696218	728.6010742	0.0115168436603
727.3098755	0.03005234525	728.7212524	0.010620206595
727.4296265	0.07214852477559999	728.8414307	0.0070295557419999995
727.5494385	0.07700029419788	728.9616089	0.006333668714999999
727.6691895	0.058011212851	729.0817261	0.005198235153
727.7889404	0.041351055265000006	729.2019043	0.005714805331
727.9087524	0.024049850408999998	729.3220825	0.003580493038
728.0285034	0.01211397677055	729.4422607	0.0013475036199999992
728.1483154	0.007196967489999999	729.562439	0.0038887457929999997
728.2680664	0.00438669743	729.6826172	0.0018868399800000008
728.3878784	0.0041557449150000005	729.8027954	0.00244913867162
728.5076294	0.003616894596	729.9229736	0.002249914455
728.6274414	0.0035782888738	730.0430908	0.001642976886
728.7471924	0.003296702285	730.163269	0.00021491758999999874
728.8670044	0.003854399605	730.2834473	-4.572608000000082e-05
728.9867554	0.0025411467647	730.4036255	0.000690637273
729.1065674	0.0021280316869999997	730.5238037	0.001293198209999999
729.2263184	0.001569627551	730.6439819	0.0015009362289999991
729.3461304	0.001344592427	730.7641602	0.00115066301
729.4658813	0.001195115503	730.8843384	-0.0005908235899999975
729.5856934	0.001078561647	731.0045166	0.002570971148
729.7054443	0.000699626398	731.1246948	3.567711000000001e-05
729.8252563	0.0010420964100000003	731.244873	0.0026711486299999983
729.9450684	0.0012688310810000003	731.3650513	0.013867741913999998
730.0648193	0.0005474847270000001	731.4852295	0.02029117104
730.1846313	0.0011039813399	731.6054077	0.015921098185
730.3043823	0.00026566488670000003	731.7255859	0.01373198256
730.4241943	0.0007836704317000001	731.8457642	0.020895031277
730.5439453	0.0009263568207999999	731.9659424	0.014436300840000006
730.6637573	0.0008790099529999997	732.0861206	0.01158138551
730.7835693	0.000836115564	732.2062988	0.0065163373999999955
730.9033203	0.0009346341542	732.3264771	0.0075528465674999995
731.0231323	0.0006061671310000002	732.4466553	0.005561007656999999
731.1429443	0.0014376714899999987	732.5668335	0.003334067770000001
731.2626953	0.006621513282999999	732.6870117	0.0035204738957
731.3825073	0.0086077877203	732.8071899	0.001241609460000001
731.5022583	0.007855726173	732.9273682	0.0027219583279999996
731.6220703	0.0084030085707	733.0475464	0.0011284791398
731.7418823	0.00818319384789	733.1677246	0.0002469737100000008
731.8616333	0.004815850757	733.2879028	0.00024040042999999914
731.9814453	0.0037992279980000004	733.4081421	-8.017943000000055e-05
732.1012573	0.003221935825	733.5283203	0.0009260782969999996
732.2210083	0.0012168688700000003	733.6484985	0.0024700770150000006
732.3408203	6.262166400000007e-05	733.7686768	0.0015794708160000001
732.4606323	0.001225472430000001	733.888855	-0.002153441310000004
732.5803833	0.0008616445120000001	734.0090332	-0.00036241672999999877
732.7001953	0.0010970053263999998	734.1292114	0.0015266280389
732.8200073	0.001258934848	734.2493896	-0.0011811144600000004
732.9398193	0.0010509076529999998	734.3696289	0.0017342665229999991
733.0595703	0.0011605989418	734.4898071	0.0020089046999999995
733.1793823	0.0006963787598	734.6099854	-0.00023452565999999841
733.2991943	0.0012289714060000007	734.7301636	0.001033987850000001
733.4189453	0.0009931480749999998	734.8503418	0.0008417293399999998
733.5387573	0.0009914895059999996	734.97052	0.0020622611100000014
733.6585693	0.001116215601	735.0906982	0.00095807761
733.7783813	0.0007445645750000002	735.2109375	0.0058508692300000015
733.8981323	0.0006939324665	735.3311157	0.007286535573000002
734.0179443	0.0005952492349999999	735.4512939	0.035681773442
734.1377563	0.0005882263650000001	735.5714722	0.038291659675
734.2575684	0.0007429167169999999	735.6916504	0.025018550449999996
734.3773804	0.0011336207390000002	735.8118896	0.018396062779999996
734.4971313	0.0012603403013000001	735.9320679	0.012992081229999999
734.6169434	0.0016260447667099998	736.0522461	0.010509284679
734.7367554	0.0007626072029999998	736.1724243	0.009333717868
734.8565674	0.0005718031900000002	736.2926636	0.007849205749
734.9763794	0.0007977683560000002	736.4128418	0.003677143709999999
735.0961304	0.0027303855748000002	736.53302	0.004871621262000001
735.2159424	0.004426246512	736.6531982	0.00386963039
735.3357544	0.013867566827000001	736.7734375	0.0035099163600000004
735.4555664	0.017874479414	736.8936157	0.001413905527
735.5753784	0.013016723566000001	737.0137939	0.0023709218999999997
735.6951294	0.0090833388971	737.1339722	0.009556246929999998
735.8149414	0.006904169218	737.2542114	0.05083403177
735.9347534	0.0041949927112	737.3743896	0.10212649871
736.0545654	0.0029955936767	737.4945679	0.08548369724
736.1743774	0.0021747303548	737.6148071	0.061846446249
736.2941895	0.0017412200110000003	737.7349854	0.04417537153
736.4140015	0.001426180708	737.8551636	0.03064372484
736.5337524	0.0018151847179999998	737.9753418	0.024468828687
736.6535645	0.0013343876341	738.0955811	0.0209675394
736.7733765	0.0013261938001	738.2157593	0.021057660229
736.8931885	0.002038430888	738.3359375	0.067512380888
737.0130005	0.002598160936	738.4561768	0.3097460512
737.1328125	0.01416389838415	738.576355	0.5762780538887999
737.2526245	0.037933389653	738.6965332	0.45797000547
737.3724365	0.041557679884	738.8167725	0.33197141046100004
737.4921875	0.030829424268	738.9369507	0.233494631946
737.6119995	0.022880549543	739.0571289	0.16696577707
737.7318115	0.015184389663	739.1773682	0.13515322749
737.8516235	0.008827287703	739.2975464	0.10519645545
737.9714355	0.0064160760087	739.4177856	0.090984880925
738.0912476	0.006028167440000001	739.5379639	0.07228450360899999
738.2110596	0.0178762702248	739.6581421	0.05602219514000001
738.3308716	0.121616145096	739.7783813	0.044542568741
738.4506836	0.32048469857689	739.8985596	0.03360928223
738.5704956	0.3406048996384	740.0187378	0.025650913828
738.6903076	0.24408889406950002	740.1389771	0.020609030499999997
738.8101196	0.178727514704	740.2591553	0.017846019471
738.9299316	0.11433661890300001	740.3793945	0.01068728231
739.0497437	0.06159163453099999	740.4995728	0.009604079649999996
739.1695557	0.0326856575	740.619812	0.009786457755
739.2893677	0.0255982245425	740.7399902	0.00719841756
739.4091797	0.0214645986594	740.8601685	0.0067275655470000004
739.5289917	0.0175296580372	740.9804077	0.006329758675
739.6488037	0.013560099530000001	741.1005859	0.004892837252
739.7685547	0.011213515421999998	741.2208252	0.005675072782
739.8883667	0.009140326641	741.3410034	0.0073063671600000005
740.0081787	0.008102829335	741.4612427	0.00913076661
740.1279907	0.006480046086000001	741.5814209	0.0076980069299999974
740.2478027	0.0069810497517	741.7016602	0.005049794910000002
740.3676147	0.005420570262	741.8218384	0.0058754530616
740.4874268	0.0049123097266	741.9420166	0.0025718584700000005
740.6072388	0.0041955230406	742.0622559	0.004168030107999999
740.7270508	0.0039368455032	742.1824341	0.0033019247930000002
740.8469238	0.0020391760630000004	742.3026733	0.004124989965000001
740.9667358	0.003357519861	742.4228516	0.00386444293
741.0865479	0.0031300922870000003	742.5430908	0.005324842879000001
741.2063599	0.0039184424681	742.663269	0.009941261261
741.3261719	0.0056833105629999995	742.7835083	0.008965224493
741.4459839	0.0048562215522	742.9036865	0.0059476858
741.5657959	0.003461964545	743.0239258	0.0032463260000000008
741.6856079	0.0032736062421	743.144104	0.004413404269
741.8054199	0.0025594800249	743.2643433	0.004496365780000001
741.9252319	0.0025370719956	743.3845215	0.004244883719299999
742.0450439	0.0013614584748	743.5047607	0.0010843388799999971
742.164856	0.00013502500999999778	743.624939	-0.0009149014899999947
742.284668	0.0007130354600000006	743.7451782	-0.0012571811599999955
742.40448	0.0003285445299999988	743.8653564	-0.001156646749999997
742.524292	0.000770403079999999	743.9855957	-0.0010991469000000004
742.644104	0.0010108966400000016	744.105835	-0.0016264729200000036
742.763916	0.0006349179900000008	744.2260132	-0.001113150260000001
