wavelength1	intensity1	wavelength2	intensity2
321.5724487	-0.00010317587300000004	321.5973206	-0.0017496859649999996
321.6797485	-0.0013234519869999998	321.7050476	-0.000847100862
321.7870483	0.00019422825400000013	321.8128052	-0.0011811722100000012
321.8943481	-0.0006554722699999987	321.9205627	-0.0007079336799999981
322.0016785	0.0010241656560000005	322.0283203	0.00018471200000000007
322.1089783	-0.0012307745633	322.1360779	0.0005293251019999998
322.2163086	0.001290732375611	322.2438354	-0.00033866242000000005
322.3236389	-6.894348099999951e-05	322.3516235	0.000434115530000001
322.4309692	-0.0001603830609999998	322.4594116	-0.0007164147679999998
322.5383301	0.0002540464050000001	322.5671997	-0.0015636799508
322.6456909	-0.0005720669290999999	322.6750183	-0.0006339568700000006
322.7530518	-0.00010362919400000014	322.7828064	2.8891490000002018e-05
322.8604126	0.003338911105	322.890625	-0.0005046222359999996
322.9677734	0.000614908524	322.9984436	0.0013538879579000002
323.0751648	0.0027857702200000008	323.1062622	-0.0013478416999999979
323.1825256	-0.000970789464	323.2141113	-0.0008412180399999993
323.289917	-0.000946515473	323.3219299	-0.0008656992570000002
323.3973389	-0.00019414955799999974	323.4297791	-0.0021554320120000005
323.5047302	0.0015887860210000004	323.5376282	-0.0005668224759999996
323.6121521	0.0014415486946	323.6455078	-0.0025198068500000004
323.719574	-0.0017617633559999998	323.7533569	-0.0009794710200000003
323.8269958	-0.0004225252778	323.8612366	-0.00029979227100000033
323.9344177	-0.0009345961740000004	323.9691162	0.005364423619999999
324.0418701	-0.0002183378670000003	324.0769958	-0.0016828486700000006
324.149292	0.0015727975115	324.1848755	-0.00240980601
324.2567444	0.0009906931085	324.2927856	-0.0025143267129999996
324.3641968	0.0013642713889999995	324.4006958	-0.0013934019960000002
324.4716797	-0.0011632535600000007	324.508606	-0.0014648418800000014
324.5791321	0.0005184804322000001	324.6165161	-0.0020336778809999997
324.686615	-0.001170441508	324.7244263	-0.001982366666
324.7940979	-0.0002552671349999999	324.8323669	-0.00016046037000000055
324.9016113	0.0008522616699999999	324.9403076	-0.0001748111099999991
325.0090942	-0.0020370380950000006	325.0482483	-0.0023343812788
325.1166077	0.00010620837600000001	325.156189	-0.0020680874599999996
325.2241211	-0.000614756252	325.2641602	-0.0020238570899999975
325.3316345	-0.0005598664289999996	325.3721313	0.00031792372999999916
325.4391479	0.0012166908712	325.4801025	-0.0015598372560000004
325.5466919	-0.0017244666810000003	325.5880737	0.0010755425320000001
325.6542358	0.0003289335869999998	325.6960449	-0.000891830770000001
325.7617798	6.407033700000023e-05	325.8040466	0.002657272969
325.8693237	-0.00042093184300000014	325.9120483	9.923987100000052e-05
325.9768677	0.0013271954379999997	326.02005	-0.0010182098490000005
326.0844421	-0.00016124127499999967	326.1280518	-0.0010276632379999998
326.1920166	0.0006468244830000001	326.2360535	-0.0011163251400000008
326.2995911	0.0012390282929999998	326.3440857	-0.0014916353389999998
326.4071655	0.0012339418755	326.4521179	-0.0015270052827
326.5147705	0.001227825878000001	326.5601501	2.1775249999999788e-05
326.622345	-0.001050347469999999	326.6681824	-0.0033689336799999983
326.72995	-0.0012481971640000001	326.7762451	0.0009312873448000001
326.8375549	0.0006332014449999999	326.8843079	0.000750048784
326.9451904	-8.699111600000021e-05	326.9923706	-0.0011526923600000006
327.0527954	0.0002526980820000005	327.1004333	0.0014121853750000005
327.1604309	-6.845314099999944e-05	327.2084961	-0.001014853013
327.2680664	0.0006296592759999996	327.3165894	-0.0003734144850000001
327.3757324	0.0010430957190000001	327.4246826	-0.001098983922999999
327.4833679	-0.0002535509410000001	327.5327759	-0.0010434985139999992
327.5910339	-0.00106178800344	327.6408691	-0.0017291546388
327.6987	-0.001229217742	327.7489624	0.0019365190530000005
327.806366	0.00016004475799999982	327.8570862	-0.0013768905769999994
327.914032	-0.0003528594979999994	327.96521	-0.00039481371000000057
328.0217285	-0.000253575389	328.0733337	-0.0012682427189999999
328.1293945	0.0005023691339999998	328.1814575	-0.0026281937029
328.2370911	-0.00032842595819999995	328.2896118	-0.0023275492699999997
328.3447876	0.0009084399789999996	328.3977661	0.0018062833700000017
328.4525146	0.002459844109	328.5059204	0.0008172066879999999
328.5602112	0.0022696842788	328.6140747	0.0002898486560000001
328.6679382	-0.001986278104	328.722229	-0.0031308690099999988
328.7756653	0.0018132026309999995	328.8304138	-0.00033818743999999845
328.8834229	0.0002530287020000004	328.9385986	-0.0020922366530000003
328.9911499	0.0008380503860000001	329.0467834	-0.0017657700227
329.0989075	0.004957040302	329.1549683	0.00099185016
329.206665	-0.0007641999980000005	329.2631531	-0.0030964482600000006
329.3144226	0.0009911711089999999	329.3713684	0.0002715232549999999
329.4221802	0.00014333322179999996	329.4795837	-0.00113830436
329.5299683	0.00032677641099999963	329.5877991	-0.0019208304600000017
329.6377258	0.0005139214920000003	329.6960144	0.0004968615249999996
329.7455139	0.0018764771519999997	329.8042603	5.235313499999967e-05
329.8533325	-0.00271970149682	329.9124756	0.00171597302
329.9611206	-0.0003589149499999972	330.0207214	-0.0008264272469999997
330.0689392	-0.0008215052080000002	330.1289673	0.0006773639470000004
330.1767273	-0.0005592899390000003	330.2372437	0.00039817660600000005
330.2845459	0.0003686814016	330.3454895	-0.00047888350699999997
330.392395	-0.0016296443069999996	330.4537659	0.0002951622009999995
330.5002136	-0.00012390781200000058	330.5620422	-0.000956271076
330.6080627	0.00157304264169	330.6703186	-0.0007741905861999999
330.7159119	0.000593526987	330.7786255	-0.00024225399800000013
330.823761	0.0009299805390000004	330.8869019	-0.00034658424099999995
330.9316101	-0.000504925849999999	330.9952087	-0.0002737576139999996
331.0394897	0.00015869643500000027	331.1035156	0.00027674157199999994
331.1473694	0.0004427473760000001	331.211853	0.0021763514959999997
331.2552185	0.0009299069649999995	331.3201599	-0.0007469337499999996
331.3631287	0.0022098175250000003	331.4284973	0.0012338291799999998
331.4710083	-0.0010423797063	331.5368347	-0.00038622412900000003
331.5789185	0.00040328130099999936	331.6451721	-0.0018229170240000002
331.6868286	-0.00036746286800000026	331.7535095	0.0009268149699999985
331.7947388	-0.0007090396250000004	331.8618774	-0.0003111436960000005
331.9026489	-0.005624971350999999	331.9702148	-0.00018986314500000004
332.0105591	-0.0008908892050000002	332.0785828	-0.0008246125650000005
332.1184998	-0.0008770455609999998	332.1869507	-0.0019807531500000003
332.2264404	0.0005701482290000007	332.2953491	-0.0006763953699999992
332.3343811	-0.0013281588909999998	332.403717	-0.0012609362599999997
332.4423218	-0.001608851046	332.5121155	-0.0005293171800000007
332.550293	0.001362371724	332.6205139	-0.0011542812000000027
332.6582642	0.0011166096669999988	332.7289124	0.0012020990299999972
332.7662048	0.0016651928889999997	332.8373413	-0.00011637178200000001
332.8742065	0.0005400457880000002	332.9457703	-0.0017859577199999996
332.9821777	2.6050489000000766e-05	333.0541687	-0.001614932437
333.0901794	0.00017858296700000009	333.1625977	-0.002479774879999997
333.1981506	-0.0012535164130000002	333.2710571	-0.000477661844
333.3061523	0.00027501105790000003	333.3794861	-4.063826060000009e-05
333.4141846	0.00021368544599999987	333.4879456	-0.0009500198000000001
333.5221863	-0.00031193485499999944	333.596405	-0.001136702951
333.6302185	0.0010464050574	333.7048645	-0.0014861556700000002
333.7382507	-0.001535777934	333.813324	-0.0022508204000000007
333.846283	0.00092846062	333.921814	0.0014695338899999993
333.9543152	-0.0020487559899999997	334.030304	-0.002265883609999998
334.0623779	0.000880212989	334.1387939	-0.0012157571036
334.1704102	0.00261679385	334.2472839	-0.0014469195139999984
334.2784729	-0.0024424782040000006	334.3557739	-0.0007739295250000001
334.3865356	-0.0014232262030000001	334.4642944	-0.0015904866199999996
334.4946289	0.00010256771900000019	334.5728149	-0.0015605371449999997
334.6026917	0.0011955667289999998	334.6813354	-0.0005559216950000001
334.7107849	-0.0012530384119999998	334.789856	-0.0013211313630000004
334.8188782	0.0007790289819999997	334.8983765	0.0005352674000000009
334.9269714	-0.0005162079032	335.0069275	0.0008387111307000001
335.0350952	0.0014555146920000005	335.1154785	-0.0010982369999999984
335.1431885	0.00011838506900000052	335.2240295	0.0005070846600000005
335.2513123	-0.00035348441000000036	335.3325806	0.00202225149
335.359436	0.00010722572899999998	335.4411621	0.0004167510782
335.4675598	8.578878000000366e-06	335.5497131	-0.0011625359770000001
335.5757141	0.0020053481571	335.6582947	0.002198864008
335.6838379	-0.0010670213959999997	335.7668762	0.0010806666689999996
335.7919922	0.0003875625407	335.8754883	0.0007325536569999999
335.9001465	0.0021539949819999998	335.9840698	0.0022253850500000005
336.0083313	0.0007582968099999997	336.0926819	-0.0019528679600000001
336.1164856	-0.001007853308	336.2012939	-0.00041438267000000126
336.2246704	-0.0006478979485	336.309906	-0.0023530508038000003
336.3328552	-2.7111964300000004e-05	336.4185181	-0.00013056933000000007
336.44104	0.00010092556499999988	336.5271606	0.000956943259999999
336.5492249	0.0005545879249999998	336.6358032	3.806035999999978e-05
336.6574402	-0.0009670266877	336.7444458	-0.00391040648896
336.7656555	0.0010815935680000004	336.8530884	0.00030568335200000006
336.8738708	6.384961300000009e-05	336.961731	-0.0009530093519999998
336.9820862	0.0010446524240000001	337.0704041	-0.00016186013999999922
337.0903015	-0.0013837480219999999	337.1790771	0.001171178883
337.1985474	0.0008004719859999998	337.2877502	-0.0007174587810000006
337.3067932	-0.0014421078380000008	337.3964233	-0.0007855892200000006
337.4150391	-0.0006000055000000004	337.5050964	-0.0021075373529999986
337.5232849	-4.50615189e-05	337.6138	0.0002654981799999996
337.6315613	0.0022316891115599998	337.7225037	-0.0010132755415
337.7398071	0.001814832911	337.8312073	0.001469699667
337.8480835	0.0006307746510000002	337.9399109	0.00024087446999999929
337.9563599	0.0017792891010000001	338.048645	0.0015790238960000005
338.0646667	-0.0008349813279999998	338.1573486	-0.00013266885070000004
338.1729431	0.0018339469100000002	338.2660828	0.0001363046400000012
338.28125	-0.002083760221	338.3748169	-0.000624099746
338.3895569	0.001726629213	338.4835815	-7.5925141e-05
338.4978638	-0.0001440392810000005	338.5923157	0.000747202459
338.6061707	-0.0010516215200000005	338.7010803	-0.0006579393499999992
338.7145081	-0.0011482704400000016	338.809845	-0.000785613440000001
338.8228455	-6.548711099999991e-05	338.9186096	-0.0006868569180000002
338.9311829	0.0006472659299999999	339.0274048	0.0013900881018
339.0395203	0.00024621374999999994	339.1361694	0.0008127819799999998
339.1478577	0.0005739349869999999	339.2449646	-0.0011163493599999994
339.2562256	0.0011517005	339.3537598	-0.0011934228250000001
339.3645935	0.00012657232600000057	339.4625549	-0.0011263829650000005
339.4729614	-0.00046825409000000005	339.5713501	-0.0010594269299999994
339.5813293	-0.0012576961899999992	339.6801758	0.00042953529000000143
339.6896973	0.0002738098848999999	339.7890015	-0.0023125687150000003
339.7980957	-8.272577540000003e-05	339.8978271	-0.0004944875999999959
339.9064941	0.0005541834980000004	340.0066528	-0.00024926289999999823
340.0148926	-0.0019153254110000004	340.115509	-0.0005668224759999996
340.123291	0.0004992194010000001	340.2243347	-2.9196959999999196e-06
340.23172	-0.0004621630069999998	340.3331909	-0.00232674274
340.3401489	6.460957199999964e-05	340.4420471	-0.0026600770650000004
340.4485474	0.0008559019770000001	340.5509033	0.002277170309000001
340.5570068	0.0025551444850000003	340.65979	0.0005423370750000005
340.6654358	-0.0008927033341	340.7686768	-0.0006861691359999998
340.7738647	0.0007566912099999986	340.877533	-0.0006410488850000003
340.8823242	-0.00123496633	340.9864502	0.00042825565000000065
340.9907837	-0.00230616692	341.0953369	-0.000378515569999998
341.0992432	-6.200606000000006e-05	341.2042236	-0.001539424989000001
341.2077332	-0.0002398174260000007	341.3131409	0.0018392102800000015
341.3161926	-0.0021030702630000005	341.4220581	-0.00020575895999999996
341.4246826	-0.00025035184799999987	341.5309753	-0.0008835503830000001
341.5331726	0.0005572845693999999	341.6398926	-0.001011401415
341.6416626	0.0001752125099999998	341.7488403	0.00044474285000000065
341.7501831	-0.0002740134949999998	341.8577881	-1.3642950000000015e-05
341.8586731	-8.077710000000023e-05	341.9667358	-0.0012159587345
341.9671936	0.0007250944620000002	342.0756836	-0.0007887324309999999
342.0757141	0.0007334835799999995	342.1846313	0.0015975991289999998
342.1842346	-0.00012594275199999914	342.2936096	-0.001899681979999998
342.2927856	-0.00032601132899999974	342.4025574	0.000253375736
342.4013367	-0.0002731184939999999	342.5115356	0.0002366988919999995
342.5098572	0.0009082555750000009	342.6205444	-0.0005663596100000008
342.6184082	0.002245753538	342.7295227	0.0012295469639999994
342.7269897	-8.342444199999999e-05	342.8385315	-0.0017162375150000016
342.8355408	-0.0007062572990000002	342.9475098	-0.0012147724599999993
342.9441223	-0.0010324707300000003	343.0565186	0.0011233426600000002
343.0527039	0.0008376215119999999	343.1655579	-6.718375000000151e-05
343.1612854	-0.00017736444352	343.2745667	-0.001850719562000001
343.2698669	-6.39794744e-05	343.383606	0.0007143230180000001
343.378479	0.0003800615600000005	343.4926453	-0.0015381909900000004
343.4870911	-0.00029733125000000124	343.6016846	-0.0009505897799999986
343.5956726	0.00045777996999999977	343.7107239	-0.0023152374774
343.7043152	0.000217999876911	343.8197632	-0.00387035124
343.8129272	0.00213231891	343.928833	-0.0006791469639999999
343.9215698	-0.0009751655100000006	344.0379028	-0.002183282283
344.0301819	8.285324999999979e-05	344.1469727	-0.0038478281400000005
344.1388245	0.0004966943520000001	344.2560425	0.00025373161800000023
344.247467	-0.0003304481500000004	344.3651428	-0.00040761003060000005
344.3561401	0.00019284244599999945	344.4742126	-9.325426100000034e-05
344.4647827	-0.0007956009359999993	344.583313	-0.0014913980845
344.5734558	0.00010745832699999994	344.6924133	0.0008760263298999999
344.6821289	-0.0017585521563	344.8015137	0.0003018528200000002
344.790802	-0.002307649701	344.9106445	-0.0008969297589999994
344.8995056	-0.0004938705819999998	345.0197754	-0.00026794708999999806
345.0081787	-0.0001779283052000001	345.1289062	0.0014921296399999992
345.1168823	0.00028351042000000076	345.2380371	-0.0023327681709999996
345.2255859	0.00017359387000000052	345.347168	-3.551412399999988e-05
345.3343201	0.0013310073409999999	345.4562988	-0.0017983648000000005
345.4430237	-0.0020951034960000003	345.5654602	-0.0012180695770000003
345.5517578	0.0010023796919999984	345.6746216	-0.0005904734130000001
345.6604919	0.0014775153300000017	345.783783	0.00036766938900000164
345.7692261	-0.002511788043	345.8929749	-0.0018200703197999999
345.8779602	0.0016864766949	346.0021362	0.0010594334400000002
345.9866943	0.0007247268219999999	346.1113281	-0.002630412579999998
346.095459	0.00011490377999999989	346.22052	0.0003140103000000005
346.2042236	-0.0006163623189999988	346.3297119	-0.0014299098400000002
346.3129883	0.0002752684521000001	346.4389038	0.00045516923999999997
346.4217529	-5.391054000000034e-05	346.5481262	-0.0014361252255
346.5305481	0.00015603750899999963	346.6573486	0.0006405469029999999
346.6393433	-0.0024554388367	346.766571	0.0008032462789999999
346.7481079	-0.00021497967825	346.8757935	-0.00035564647999999964
346.8569336	0.00043981801700000017	346.9850159	0.000145047903
346.9657288	-2.1124250000000705e-05	347.0942688	-0.0010570902300000018
347.0745239	0.0007981923410000005	347.2034912	-0.0009215533209
347.1833496	0.002236077096	347.3127441	-0.0007550586020000001
347.2921753	0.0011305883499999995	347.4220276	0.001578122377000001
347.401001	-0.0007654624059999999	347.5312805	-0.0013053443980000003
347.5098572	-0.0005174458489999999	347.6405334	-0.0020052227193
347.6186829	-0.0002543109000000001	347.7498169	-0.0015111232639999999
347.7275391	-0.0006714123300000001	347.8591003	-0.0019093968440000004
347.8363953	-0.0001227310859999997	347.9683838	0.0015695579400000007
347.9452515	-0.0006061154409999995	348.0776978	-0.001106219366
348.0541077	0.0006880798607000001	348.1869812	-0.0031428246295
348.1629944	0.0016645188440000003	348.2962952	-0.001368492839999999
348.2718811	-0.0003697671929999997	348.4056091	-0.001960269171000001
348.3807678	0.0004100105729999996	348.5149231	-0.00055464078467
348.4896545	-0.0021890925709999996	348.6242676	-0.0002085326699999999
348.5985413	-8.575338899999979e-05	348.7336121	0.0008976492100000004
348.7074585	0.00036255270200000016	348.842926	-0.0019761621999999993
348.8163757	0.0005375576434	348.9522705	-0.001267519313
348.925293	0.0013627270240000001	349.0616455	-0.001069793827
349.0342102	-0.0023895967799999994	349.17099	-0.001002553859999998
349.1431274	0.0007387781560000001	349.280365	-0.0003462051900000006
349.2520752	-0.00224739075531	349.3897095	-0.0011013210760000003
349.3610229	-0.00034394860299999993	349.4990845	0.0008985386229999996
349.4699707	0.00017431750900000036	349.60849	-0.0001452304420000005
349.5789185	-0.0012387288799999997	349.717865	-0.001405263319999999
349.6878967	-0.00044184771899999993	349.8272705	0.0004109628480000009
349.7968445	0.0012111873360000002	349.936676	-0.0008566621700000013
349.9058228	0.0015077088000000002	350.0460815	0.00023319945000000245
350.014801	-0.0004069167189999995	350.1554871	-0.0010759513899999996
350.1237793	-0.0017557453830000002	350.2648926	0.000691763533
350.2327881	0.0014630528170000005	350.3743286	0.00019380915899999945
350.3417664	0.0004795046990000002	350.4837646	-0.0032196603699999986
350.4507751	6.1523169999997546e-06	350.5932007	-0.0005862154070000007
350.5597839	-0.0010622047412	350.7026367	-0.00027729174999999986
350.6688232	-0.000910162576	350.8121033	-0.0004056768960000001
350.777832	0.0017382660879999992	350.9215393	-0.001100573689
350.8868713	-0.0006901463489999999	351.0310059	-0.0007362468170000001
350.9959106	-0.0013232929629999994	351.1404724	0.0007448301180000001
351.10495	-0.0012349542230000003	351.249939	-0.0006362106699999981
351.2139893	0.00017839902999999997	351.359436	-0.0009385504529999999
351.3230286	2.2716819999999208e-05	351.4689026	-0.0018697688359999992
351.4320984	0.00099023962321	351.5783997	-0.0005546170869
351.5411682	0.0004248713376	351.6878967	-0.0015240283679999996
351.650238	0.0007973467000000007	351.7974243	-0.0014466345299999992
351.7593079	-0.0006314434580000001	351.9069214	3.821495899999916e-05
351.8684082	-0.0010228978940000002	352.016449	-0.0006677252240000001
351.9775085	0.001386388321	352.1259766	0.0003782615529999999
352.0866089	-0.002137057716	352.2355042	-0.0008416576290000005
352.1957092	-0.0010272739460000001	352.3450317	-0.0029683476299999997
352.3048096	0.00036321487299999927	352.4545593	-0.003437989158
352.4139099	0.0013108392015000001	352.5641174	0.001042283839
352.5230408	0.002264707815	352.6736755	-0.0004982885439999999
352.6321716	-0.0018568066879999998	352.7832336	0.00050174817
352.7413025	-0.0006863833408	352.8927917	-0.00070136310382
352.8504333	0.000836457126	353.0023804	-0.0010661052080000004
352.9595947	-0.0010280087590000004	353.1119385	-0.0021136691791999998
353.0687561	-0.0002786219099999987	353.2215271	-0.00019684992999999956
353.1779175	0.00112131686156	353.3311157	-0.00048124404559999993
353.2870789	-0.0008919679674	353.4407349	-0.0007889578120000001
353.3962402	-0.0014639915889999994	353.5503235	0.0004836227700000008
353.5054321	0.00046263364127999997	353.6599426	0.0009618643600000018
353.6145935	-6.728898699999951e-05	353.7695618	-0.0007411688560000004
353.7237854	-0.001028597355	353.8791809	0.00188532640436
353.8329773	0.0002889772870000003	353.9888	0.0004038219340000001
353.9421997	0.00019156839999999974	354.0984192	-0.002274814527
354.0513916	0.0013071377759999998	354.2080688	3.590155400000003e-05
354.160614	0.0005950346531	354.3177185	-0.0022773767130000004
354.2698364	-0.0023466129790000005	354.4273682	-0.0017028348600000003
354.3790588	0.0024115536400000012	354.5370178	-0.0008198209099999996
354.4882812	-0.00011974049299999989	354.646698	-0.0003184024250000002
354.5975342	0.00025301659399999937	354.7563477	-0.0026783547359999996
354.7067871	0.0019266000019999988	354.8660278	-0.0007494371399999998
354.81604	0.0007367925700000003	354.975708	-0.0008174013300000019
354.925293	-0.00206103042	355.0854187	-0.002024105634
355.0345459	0.0006516902936000001	355.1950989	-0.0017466735735
355.1438293	-0.000746923965000001	355.3048096	-0.0013725738899999992
355.2530823	0.00047913706000000033	355.4145203	-0.0016847820899999998
355.3623657	0.0010089369024999999	355.524231	-0.0005692653359999997
355.4716797	0.00021662702800000037	355.6339417	-0.001834244467
355.5809631	-0.00044439732999999957	355.7436523	1.9865109999999547e-05
355.6902466	0.0007559927200000011	355.8533936	0.0016372622900000001
355.7995605	-0.00119497336	355.9631348	0.0003601496570000001
355.9088745	0.0014416468329	356.072876	-0.0005730848934
356.0181885	-0.0011610966179999996	356.1826172	-0.0027556414716
356.127533	0.0002890140749999999	356.2923889	-0.000660738908
356.2368469	0.000539825298	356.4021301	0.0003454417450000002
356.3461914	-0.00010627694400000033	356.5119019	0.000637178513
356.4555359	0.0010571479800000009	356.6216736	-0.0007717711850000007
356.5648804	0.002659508027000001	356.7314453	-0.0015204576770000006
356.6742249	-1.3734213999999634e-05	356.8412476	0.0009016823100000005
356.7835999	-0.001290041022	356.9510498	-0.0035442057412
356.8929749	-0.0008030044850000006	357.0608215	-0.0005307644599999994
357.0023499	-0.00046553369599999957	357.1706238	2.1062800000000784e-05
357.1117249	-0.0013611163009999996	357.2804565	-0.0013419953180000002
357.2210999	0.0008959441329	357.3902588	-0.001653658459
357.3305054	7.739849e-05	357.5000916	-3.3387899999945403e-07
357.4398804	0.0015693902969999996	357.6099243	0.00016885344000000004
357.5492859	-4.5282184199999984e-05	357.7197571	-1.6821547999999742e-05
357.6586914	0.0012867609039999995	357.8295898	0.0014804345265
357.7681274	-3.0457972999999375e-05	357.9394226	-0.0013015014120000001
357.877533	-0.0010486920360000002	358.0492859	-0.0006235539909999997
357.986969	-0.0007382710469999998	358.1591492	0.00012273714000000002
358.096405	0.0027598956362	358.2690125	-0.00014888309000000034
358.2058411	0.0005689831500000006	358.3788757	-0.0004056768960000001
358.3153076	0.0009646536770000005	358.488739	-0.000484222539999999
358.4247437	-0.0006104298082	358.5986328	0.0008630622179999995
358.5342102	-0.0019050659610000001	358.7085266	-0.0003504750790000004
358.6436768	-0.000688834581	358.8184204	-0.0011541387069999992
358.7531433	-0.0005962061700000004	358.9283142	-0.0016142916870000006
358.8626099	0.0003129326501000001	359.038208	-0.00028197676800000016
358.9721069	8.841813499999972e-05	359.1481323	-0.002795281354
359.081604	3.09943999999944e-06	359.2580566	-0.000207334756
359.1910706	0.0006314118514000001	359.367981	0.00044163595899999845
359.3005981	0.000577232101	359.4779053	-6.153760500000015e-05
359.4100952	0.0012349469613	359.5878296	-0.000924008433
359.5195923	-0.0006154924629999999	359.6977844	0.0022166554119999998
359.6291199	0.00034943252100000003	359.8077393	-0.0029729497620000003
359.7386475	0.0012181005439999997	359.9176941	-0.0008842857202
359.848175	-7.825205099999937e-05	360.0276489	-0.0007760409490000001
359.9577332	-0.0018390044570000003	360.1376038	-0.0001236898799999997
360.0672607	-0.0015604691500000004	360.2475891	-0.0028320401899999993
360.1768188	2.21747999999862e-06	360.3575439	-0.0015080393638
360.286377	-0.001322606578	360.4675293	0.00041997712100000015
360.3959351	0.0007219444960000002	360.5775146	-0.00022263568799999996
360.5054932	0.00019289273700000102	360.6875305	0.0002115294400000002
360.6150818	-0.0006278401709999999	360.7975159	-0.0005576298570000001
360.7246399	0.00046319744439999997	360.9075317	-0.00020833103900000025
360.8342285	-1.238612400000002e-05	361.0175476	0.0018873426600000002
360.9438171	-4.805228699999997e-05	361.1275635	0.001506053843
361.0534363	-0.00038481201050000007	361.2375793	0.0008072317569999994
361.1630249	0.0006730230519999998	361.3476257	0.0018121669123
361.272644	-0.0006730789309999999	361.4576721	-0.00045070238000000096
361.3822632	-0.001666266821	361.5677185	0.0011972971199999995
361.4918823	-0.001945096068	361.6777649	0.00056681782
361.6015015	0.001426442527	361.7878113	0.001098529435
361.7111511	0.0014957655220000001	361.8978882	0.0005130516359999997
361.8207703	0.0013994844629999998	362.0079346	0.00016809348000000092
361.9304199	0.0019678677204	362.1180115	-0.001383781899
362.0400696	0.0002001849940000001	362.2280884	0.0006708879959999997
362.1497498	0.0006442507699999985	362.3381653	-0.0023225322300000004
362.2593994	0.0006649331189999995	362.4482727	0.0005532726700000004
362.3690796	-0.0002348169220000001	362.5583801	0.0002204845660000003
362.4787598	0.0007827430236	362.6684875	0.0009125704819
362.5884399	0.0005449540900000008	362.778595	-0.0006013261199999988
362.6981201	0.0011773596638	362.8887024	0.0003472687670000004
362.8078003	-0.0005740649069999998	362.9988098	-0.0006307179569999995
362.917511	-0.0015300293460000004	363.1089478	-0.000643563923
363.0272217	-0.0018388447350000002	363.2190857	-0.003283640368999999
363.1369324	0.0009833751279999994	363.3292236	-0.0034204721399999985
363.2466431	-0.0007233490178	363.4393616	-0.0006829190534
363.3563843	0.00018248055100000002	363.5494995	-0.000926155132
363.466095	-0.00018583424000000008	363.659668	-0.002240714035
363.5758362	0.000592387049	363.7698364	-0.0014669760130000004
363.6855774	9.163003499999996e-05	363.8800049	-0.00024595437599999985
363.7953186	-0.00020947679899999995	363.9901733	5.537783700000024e-05
363.9050903	0.0008545783349999999	364.1003723	9.83960900000011e-05
364.0148315	-3.078859300000014e-05	364.2105408	-0.00031076371599999923
364.1246033	0.001705627539	364.3207397	-0.0016343249009999998
364.234375	-0.0014387124102	364.4309387	-0.000824209301999999
364.3441467	-0.0009918771679999997	364.5411377	-0.0004953709429999995
364.453949	8.219154500000055e-05	364.6513367	-0.0017639315919999999
364.5637207	0.003137383785	364.7615662	0.0005643511104
364.6735229	0.0007843486970000001	364.8717957	-0.0004217009989999996
364.7833252	-3.304425699999884e-05	364.9820251	0.0002418588900000001
364.8931274	-0.0009189881400000002	365.0922546	0.0016223173499999993
365.0029602	0.0011796515900000001	365.2024841	-0.000658093949999999
365.1127625	1.2145726999999995e-05	365.3127441	-0.0002816803750000001
365.2225952	-0.00087354024801	365.4229736	0.0007493374869999999
365.332428	2.786447300000012e-05	365.5332336	-0.00364682916
365.4422607	0.0014984372825999999	365.6435242	0.0007547819899999999
365.5520935	0.001654242165	365.7537842	0.0010413587080699998
365.6619568	0.001834792551	365.8640442	-0.0016126064589999985
365.7718201	-0.00046370737299999965	365.9743347	0.0004954375299999966
365.8816833	-4.261033599999974e-05	366.0846252	-0.004363549874
365.9915466	-0.00023191212599999985	366.1949158	0.0004943939860000005
366.1014099	-0.0005075372800000012	366.3052063	-0.0011900542299999994
366.2113037	0.00023392680999999999	366.4155273	0.0015792138910000007
366.321167	0.00034307129000000006	366.5258179	-0.0028117329638000003
366.4310608	-0.00043564615799999984	366.6361389	-0.0028645863056
366.5409546	-0.0015183798969999997	366.74646	-0.0014307280069999996
366.6508789	-0.0005571078509999999	366.8568115	-3.902520999999985e-05
366.7607727	0.0006335690849999999	366.9671326	0.00016078766200000003
366.870697	0.0016620429239999996	367.0774841	-0.0003323392009999997
366.9806213	-0.0007650088520000002	367.1878052	-0.0006421762509999998
367.0905457	0.0005691051499999988	367.2981567	0.00031692720999999986
367.20047	0.0019544288519999994	367.4085388	-0.0005937232639999998
367.3104248	3.072037300000017e-05	367.5188904	0.0009686736159999999
367.4203491	0.0003834441299999996	367.6292725	-0.0012880981811000001
367.530304	-0.0008610701190000011	367.739624	-0.0005731323326
367.6402588	0.000556071172	367.8500061	-0.0010482065850000001
367.7502136	0.0001847725359999993	367.9604187	0.0010312646599999996
367.860199	-0.0012902370659999998	368.0708008	-0.00092993863
367.9701538	0.0017578830010000004	368.1812134	-0.0013750167559999993
368.0801392	0.0007445762164000001	368.2915955	-0.0005326387469999994
368.1901245	0.001763509005	368.4020081	-0.0013815402049999997
368.3001404	-0.00031461845999999904	368.5124207	-0.0008227266400000002
368.4101257	0.001342828386	368.6228638	0.001894150859999999
368.5201416	0.0010814832060000003	368.7332764	-0.0009029432547999999
368.630127	0.00014167861100000006	368.8437195	0.0006963061169999998
368.7401428	0.0004154825599999995	368.9541626	0.000108705368
368.8501892	-0.0001493953099999997	369.0646057	-0.002470250240000001
368.9602051	0.0012714834884	369.1750488	0.0011401148499999986
369.0702209	0.001257382334	369.2855225	-0.001599844603
369.1802673	0.00010139122600000012	369.3959656	-0.00181191042
369.2903137	0.0007621948610000004	369.5064392	9.118672499999932e-05
369.4003601	-0.0017945003930000003	369.6169128	0.0006894385440000001
369.510437	0.000686670421	369.727417	-0.0005740929629999998
369.6204834	0.0005486318899999999	369.8378906	-0.0018588211399999978
369.7305603	0.0007391469560000009	369.9483948	0.00024827569000000077
369.8406372	0.0010982439849999996	370.0588684	-0.0008625444030000004
369.9507141	-0.0010257784740000003	370.1693726	1.895148299999906e-05
370.060791	0.0013573700599999999	370.2799072	-0.0007897168399999994
370.1708984	-0.000312253367	370.3904114	-0.0006834659700000016
370.2810059	0.002651400863999999	370.500946	0.0019268994220000002
370.3910828	0.0012165315569	370.6114502	0.00040103495199999986
370.5011902	-1.0547228000000464e-05	370.7219849	0.0008436217900000004
370.6113281	0.001435089859	370.8325195	0.0027769990200000004
370.7214355	-0.001402678434	370.9430847	0.00047589046899999994
370.8315735	0.0008619325239999998	371.0536194	0.00027047949657000003
370.9417114	0.001496304758	371.1641846	-0.00018056481999999957
371.0518494	0.0019208509400000014	371.2747498	0.0001282403240000004
371.1619873	6.851961399999989e-05	371.3853149	-0.00018178578399999888
371.2721252	-0.0010055489839	371.4958801	0.00015779864100000027
371.3822937	0.00014228373999999877	371.6064758	-0.0013001738129999989
371.4924622	-0.0005091912999999997	371.7170715	-0.0017577279400000003
371.6026306	-0.0002903694694	371.8276367	-0.00088716764
371.7127991	0.0001987754949	371.9382629	-0.0014426484799999993
371.8229675	0.0018346456339999998	372.0488586	-0.00010041892999999857
371.9331665	-0.00011159665999999936	372.1594543	-0.0014514736829999994
372.0433655	0.0005788011469999993	372.2700806	-0.0008309460245000001
372.1535645	0.0008574709649	372.3807068	-0.0009960174793
372.2637634	0.0008523100989999994	372.491333	0.0012835394589999997
372.3739624	-8.555734500000035e-05	372.6019592	-0.0022566556
372.4841919	-0.001593218185	372.7125854	-0.0007911876310000001
372.5944214	0.0012513154660000001	372.8232422	-0.002040877356
372.7046204	0.0022807698600000002	372.9338989	-0.001817128621
372.8148804	0.0003287128640000001	373.0445557	-0.0002575195399999999
372.9251099	0.0011044702260000002	373.1552124	-0.001266036648
373.0353394	0.00028022006200000005	373.2658691	-0.0016692914069999995
373.1455994	0.00023384159400000049	373.3765564	-0.003576112446
373.2558594	0.003190153977	373.4872131	-0.00036759069199999994
373.3661194	0.0012745968999999997	373.5979004	0.00021335622300000003
373.4763794	0.002272969112	373.7085876	0.002512650099
373.5866699	0.0006636343900000008	373.8193054	-0.0011522173899999998
373.6969299	0.0015107728560000006	373.9299927	0.0002055987799999999
373.8072205	0.0024785781283000003	374.0407104	0.000382543308
373.917511	0.0031349324853	374.1514282	-0.0020013086039999996
374.0278015	0.0013227956369999995	374.262146	-0.001517325639999999
374.1381226	0.0018105432400000003	374.3728638	-0.002090813126
374.2484131	0.0006932397379999997	374.4835815	0.0009045749900000021
374.3587341	0.000217288965	374.5943298	-0.0005304794749999998
374.4690552	0.0017597093250000004	374.7050781	0.0004610521700000002
374.5793762	-0.00035660992999999967	374.8158264	0.001121018080000001
374.6897278	0.0013853710262	374.9265747	-0.0008840246590000002
374.8000488	0.00021738704579999984	375.037323	-0.0025569316929999995
374.9104004	0.0010952288300000012	375.1481018	0.0006304159699999992
375.020752	0.0005915658550000001	375.2588806	-0.0020158980040000003
375.1311035	0.00044086016700000015	375.3696594	-0.002755356836
375.2414551	0.0013658647663	375.4804382	0.00034541823000000006
375.3518372	-0.0006338334640000002	375.591217	-0.0013110265200000012
375.4621887	-0.00137041974	375.7020264	0.0009698360219999999
375.5725708	-0.00039160252000000097	375.8128052	-0.0024776521609999997
375.6829529	0.0008339323109999991	375.9236145	-0.0019121958176
375.7933655	0.002020625398	376.0344238	-0.00182996224
375.9037476	0.0025449227499999994	376.1452332	-0.00047793518799999976
376.0141602	0.0014605401666	376.256073	-0.00184120657
376.1245728	0.00020217057300000053	376.3669128	-0.0006782459099999999
376.2349854	0.0020740460599999993	376.4777222	-0.0010992214079999993
376.3453979	0.0004177130799999998	376.588562	-0.00012468732000000052
376.4558105	0.0023506269789999997	376.6994324	0.00023679388700000026
376.5662537	-0.0005116974930000004	376.8102722	-5.176476999999881e-05
376.6766968	0.0002683671190000011	376.9211121	-0.00241600908
376.7871399	-0.000972836744	377.0319824	0.0003470783120000003
376.897583	-0.0006677963540000001	377.1428528	0.0008408343419999999
377.0080261	0.001577087213	377.2537231	-0.0002224103080000002
377.1184998	0.0002511045900000005	377.364624	0.0024490375099999982
377.2289429	0.0013558268600000027	377.4754944	0.00040168734300000033
377.3394165	-0.00032772727716	377.5863953	-8.102972000000735e-06
377.4498901	0.0027445810849999995	377.6972961	0.00027121487109999995
377.5603943	0.0007039210759999994	377.808197	-0.0006383210399999988
377.6708679	0.0006072595720000001	377.9190979	-0.0014648418800000014
377.7813721	0.0019901441410000004	378.0300293	-0.0011636037380000006
377.8918762	0.0020627760091	378.1409302	-0.000318686943
378.0023804	0.004482756370000002	378.2518616	-0.0009203554369999999
378.1128845	0.0009209588100000006	378.362793	0.0006759893200000006
378.2233887	0.0008597751139999997	378.4737244	-0.00083138491
378.3339233	0.005275433886999999	378.5846863	8.947844599999999e-05
378.444458	0.0029590204399999997	378.6956177	-0.0010237731100000008
378.5549927	0.0023779701440000004	378.8065796	-0.0007113860900000001
378.6655273	0.0013888888059999998	378.9175415	0.0011872389299
378.776062	0.0004647907330000002	379.0285034	-0.000554605227
378.8866272	0.001304355450000001	379.1394653	-0.0011186851190000003
378.9971619	0.0004957751370000003	379.2504578	-0.00023094006000000042
379.1077271	0.0004260480639999998	379.3614197	-0.0012856670659999996
379.2182922	0.0024936597319999997	379.4724121	0.00010640430299999992
379.3288879	0.0011764771770000002	379.5834045	-0.0007111253200000004
379.4394531	0.0015246886800000005	379.6944275	0.0014653950899999948
379.5500488	0.0033436669033	379.8054199	-9.643305380000001e-05
379.6606445	0.0004040657080000001	379.9164429	-0.0005308594549999993
379.7712402	0.0012849597239999993	380.0274658	-0.0008142460099999985
379.8818359	0.003074011762999999	380.1384888	-0.002366916276
379.9924622	0.0023843928934	380.2495117	0.0009645461099999997
380.1030579	0.0025718195827	380.3605347	0.0008212633988000001
380.2136841	0.0006994595799999989	380.4715881	0.0014843009410000002
380.3243103	0.0006643328819999992	380.5826111	-0.002105639309999999
380.4349365	-6.238604000000005e-05	380.6936646	-0.003688745666
380.5455627	0.002285011113	380.804718	0.0010633016940000007
380.6562195	0.001665254589	380.915802	-0.0007100095899999995
380.7668762	0.0003794860100000009	381.0268555	-0.0026524849300000007
380.877533	0.00131117017	381.1379395	-0.0023100539150000005
380.9881897	0.0030212900600000005	381.2490234	-0.00042657604353
381.0988464	0.002039604819999999	381.3601074	0.0011345043309999997
381.2095337	0.00126427598	381.4711914	-0.0005702385680000002
381.3201904	0.004277416503	381.5822754	-0.0005701198239999993
381.4308777	0.003153016907	381.6933899	0.0009715678169999993
381.5415649	0.002341752406	381.8045044	-0.0018911899529999998
381.6522522	-8.974970000000075e-05	381.9156189	-0.0029646474899999997
381.76297	0.0004256067623	382.0267334	-0.00182365207
381.8736572	0.0028888522649999997	382.1378479	0.001280597877
381.984375	0.0014729863039999996	382.2489929	-0.0013503208799999986
382.0950928	0.002584817354	382.3601074	0.0010264138689999999
382.2058105	0.0047753621478	382.4712524	-0.0006681419899999992
382.3165588	0.004260581918	382.5823975	0.0019775824041000003
382.4272766	0.0018550219830000003	382.693573	0.0012087072250000002
382.5380249	0.00267294794	382.804718	-0.0013390062380000001
382.6487732	0.004920000676	382.9158936	-0.0013980865767
382.7595215	0.0039418088269999995	383.0270386	-0.0033704526699999994
382.8702698	0.0026605008169999994	383.1382141	0.0009163306089999997
382.9810486	0.0026782546160000007	383.2494202	-0.0038741354364
383.0917969	0.003385547549	383.3605957	-0.000346632672999999
383.2025757	0.0026204586059999993	383.4718018	-0.0017958497640000008
383.3133545	0.00040259491599999985	383.5829773	-0.0017417869529999996
383.4241333	0.004185928032	383.6941833	-0.0034430772099999993
383.5349426	0.0035708289939	383.8053894	8.182879499999893e-05
383.6457214	0.002083532396	383.916626	0.0014652758829999998
383.7565308	0.00175456144	384.027832	-0.001578138675
383.8673401	0.0033741118369999996	384.1390686	-0.0021622767660000007
383.9781494	0.003814065712	384.2503052	-0.0007237689569999997
384.0889893	0.003515484742	384.3615417	-0.0011044996205999999
384.1997986	0.003763740879999998	384.4727783	0.000515339892
384.3106384	0.00626300648	384.5840149	-0.0006361380199999996
384.4214783	0.0020623959858399998	384.695282	0.0005613151000000002
384.5323181	0.002985366271	384.8065491	0.0005300487390000001
384.643158	0.0026819317140000004	384.9178162	-0.0008623544120000002
384.7540283	0.00252257287	385.0290833	-0.0012827850879999995
384.8648682	0.0035915244369999996	385.1403503	-0.00020782113999999983
384.9757385	0.003439801047	385.2516174	-5.605770300000021e-05
385.0866089	0.005273963329999999	385.362915	1.5642727000000304e-05
385.1974792	0.004487033933000001	385.4742126	-0.0014486266300000007
385.3083801	0.0059991313615000005	385.5855103	-0.00047461316000000156
385.4192505	0.006167113082	385.6968079	0.0003610987909999999
385.5301514	0.005313575263	385.808136	-0.0012977532999999992
385.6410522	0.004071610975999999	385.9194336	-0.0008993851949999996
385.7519531	0.0060371390573	386.0307617	-0.0011536637359999997
385.862854	0.0025904187346999998	386.1420898	-0.000794413732
385.9737854	0.00416117534	386.253418	-0.0036168433430999996
386.0846863	0.005085089239999998	386.3647461	-0.0002933046780000002
386.1956177	0.005531747823	386.4761047	0.0002677515150000002
386.3065491	0.006279615453	386.5874634	-0.0006822074060000001
386.4174805	0.008229871284000002	386.698822	-0.0006504077499999983
386.5284424	0.006105750334999999	386.8101807	-0.0007081124899999992
386.6393738	0.006260501687	386.9215393	0.00032525422280000005
386.7503357	0.0062206556319999995	387.0328979	-0.0013963785030000004
386.8612976	0.006613862238	387.1442871	0.0003817726389999999
386.9722595	0.007226264100000001	387.2556763	-0.0001304273029999999
387.0832214	0.0075434272298	387.3670654	0.0010152626800000002
387.1942139	0.010924960718	387.4784546	-0.0019419798629999995
387.3052063	0.010713284839	387.5898438	0.0004938007330000001
387.4161682	0.010414239023	387.7012634	-0.0020720483730000006
387.5271912	0.011719574687	387.8126526	-0.0011435463090000001
387.6381836	0.009952308843	387.9240723	-0.0010092905729999994
387.749176	0.00754772219	388.0354919	0.0024760826489999997
387.860199	0.004688463169999999	388.1469421	0.00023636664300000004
387.9712219	0.007897952571	388.2583618	-0.000923190033
388.0822449	0.0070163239435	388.369812	-0.001969757955
388.1932678	0.008478867703	388.4812317	-0.0015634426673
388.3042908	0.01157864277	388.5926819	-0.0006430656649999995
388.4153442	0.011288580951	388.7041626	-0.0012652776199999997
388.5263672	0.01393763520629	388.8156128	-0.0019298571864
388.6374207	0.013817532919999998	388.927063	-0.0002778847699999999
388.7484741	0.008271555181	389.0385437	-0.0009319083699999998
388.8595276	0.005472849414	389.1500244	-0.0015812581402
388.9706116	0.0039658133178	389.2615051	-0.0026629706262
389.081665	0.003773753764	389.3729858	-0.0020421819059999995
389.192749	0.0066269580299999995	389.4844971	-0.0006058453579999993
389.303833	0.00957300677	389.5959778	-0.001709097647
389.414917	0.008802863303000001	389.707489	-0.0007206848244000001
389.5260315	0.009003262961999998	389.8190002	0.0001457477920000002
389.6371155	0.01139229583	389.9305115	0.0011716894800000016
389.74823	0.0102112521278	390.0420532	0.0011331521093
389.8593445	0.00963180745	390.1535645	-0.0032132563066
389.970459	0.010282879693	390.2651062	-0.0020555262450000006
390.0815735	0.009094911628	390.3766479	-0.00047784019299999987
390.1927185	0.006522925773899999	390.4881897	-0.00025623850499999906
390.303833	0.004850653553399999	390.5997314	-0.0008050175409999999
390.414978	0.003769660373	390.7112732	-0.0031877318399999993
390.526123	0.008530510585	390.8228455	-2.654828000000012e-05
390.6372681	0.0076907379550000005	390.9344177	-0.0007150396700000006
390.7484436	0.006638762076	391.04599	-0.0009361901320000003
390.8595886	0.008039871229999999	391.1575623	-1.950189500000022e-05
390.9707642	0.006179914805	391.2691345	-0.001131329690000002
391.0819397	0.0060559713313	391.3807373	-0.0022389823570000003
391.1931152	0.0060003817779999994	391.4923096	0.0005806959229999998
391.3042908	0.004277649331000001	391.6039124	0.0004450390199999994
391.4154663	0.004068461249999999	391.7155151	-0.0010221842699999987
391.5266724	0.004946383182	391.8271179	-0.0010879650939999998
391.6378784	0.004928544163999999	391.9387512	-0.0011907424799999997
391.7490845	0.008963587689000001	392.050354	0.0010467078529999996
391.8602905	0.008175703228	392.1619873	-0.00023500714999999915
391.9714966	0.0060754526638999995	392.2736206	-0.0017491879410000003
392.0827332	0.005019174539	392.3852539	-0.0019609928139999993
392.1939697	0.0046927775230000005	392.4969177	0.0007539875849999992
392.3052063	0.005105589511999999	392.608551	-0.0005866657009999995
392.4164429	0.006430027308	392.7202148	0.00043658283499999995
392.5276794	0.0053986236449999996	392.8318787	0.000308055547
392.638916	0.007511554280000001	392.9435425	0.0008152369400000019
392.7501831	0.005725934174	393.0552063	0.0009030578600000005
392.8614502	0.0027033257069999997	393.1668701	-0.0005688741799999997
392.9727173	0.004545209231	393.2785645	-0.0013462193300000022
393.0839844	0.005032306998	393.3902283	-0.00012814998599999967
393.1952515	0.0081516616	393.5019226	-0.004743603990000001
393.3065491	0.004378870129	393.6136169	0.0006644232199999999
393.4178162	0.00366443817645	393.7253418	0.00117705018
393.5291138	0.0019831452519999994	393.8370361	-0.0005498966200000004
393.6404114	0.003976714793	393.948761	0.00027951691999999854
393.7517395	0.0040959101169999994	394.0604858	3.081350599999991e-05
393.8630371	0.004589234712	394.1722107	-0.0015959898009999997
393.9743652	0.006366936492	394.2839355	-0.0008223354899999993
394.0856628	0.005271510219999999	394.3956604	7.758195999999981e-05
394.196991	0.003528237808	394.5074158	-0.002345839519
394.3083191	0.002310106298	394.6191406	-0.0011528097099999992
394.4196777	0.003922596573999999	394.730896	0.0020753536399999994
394.5310059	0.0030206646769999996	394.8426514	-5.5713578999999624e-05
394.6423645	0.0047165246212	394.9544373	0.0012148031999999996
394.7537231	0.005550493952	395.0661926	-0.002605622169
394.8650818	0.00737521797	395.1779785	0.00040696468
394.9764404	0.00548397191	395.2897339	0.0011884843111
395.0877991	0.0120372818156	395.4015198	-0.00031230598700000053
395.1991882	0.022804452572	395.5133057	-0.0032630143709999997
395.3105774	0.02063160017	395.6251221	-0.0008988985790000003
395.4219666	0.009059722531999999	395.736908	-0.0009156940500000006
395.5333557	0.0053782350878	395.8487244	-0.0017261661120000003
395.6447449	0.004510437604	395.9605408	-0.002404397819
395.7561646	0.005556738007	396.0723572	-0.0019585974500000002
395.8675537	0.005312349645999999	396.1841736	-0.001369442789999998
395.9789734	0.00470084243	396.29599	-0.00012403446999999929
396.0903931	0.006128382403	396.4078369	0.0005635682904999999
396.2018127	0.0044439397700000004	396.5196838	-0.0026978896930000005
396.3132629	0.0037907478400000007	396.6315308	-0.0013766535559999998
396.4246826	0.003987979143999999	396.7433777	0.0008587802300000001
396.5361328	0.006504559307	396.8552246	-0.001120452769
396.647583	0.004428588781	396.9670715	-3.0740629999997937e-06
396.7590332	0.0035805422860000005	397.078949	-0.0017020292599999997
396.8704834	0.0033824098061000004	397.1908264	-9.835464900000016e-05
396.9819641	0.0041373251	397.3027039	-0.0011209982909999995
397.0934143	0.004618539475	397.4145813	-0.0015418436379999994
397.204895	0.004691932352	397.5264587	0.000459356234000001
397.3163757	0.0055818955301	397.6383667	0.0008609625510000007
397.4278564	0.004269027384	397.7502441	-0.00012985803199999993
397.5393677	0.005106336438999999	397.8621521	-0.0023135177320000003
397.6508484	0.005100220449999998	397.9740601	0.0006595840680000001
397.7623596	0.003913305699999998	398.085968	-0.0010098121129999997
397.8738708	0.0032533057969999996	398.1979065	0.0010757679120000003
397.9853821	0.003508155698999999	398.3098145	-7.462082400000025e-05
398.0968933	0.003747825510000002	398.4217529	-1.473351999999907e-05
398.2084045	0.0035164528530000003	398.5336914	-0.001584602752
398.3199463	0.004684118554	398.6456299	0.0012073672840000002
398.431488	0.00274827704	398.7575989	-0.001323361415
398.5430298	0.0018662307400000005	398.8695374	0.00020298920500000026
398.6545715	0.004176080693000001	398.9815063	0.0003472687670000004
398.7661133	0.0020823313094	399.0934448	0.0007878625770000001
398.8776855	0.0010775728169999995	399.2054138	-0.00010793842000000019
398.9892273	0.001154078170999999	399.3174133	-0.00031416793300000035
399.1007996	0.0019725500599999998	399.4293823	1.4658319000000102e-05
399.2123718	0.002365793683	399.5413513	-0.0018658312100000001
399.3239441	0.0052141686900000015	399.6533508	-0.0008574444800000004
399.4355469	0.0026184860599999995	399.7653503	-0.0013804015471
399.5471191	0.0013707801699999996	399.8773499	-0.0008168430070000007
399.6587219	0.002949038084	399.9893494	-0.002042277017
399.7703247	0.0012267343699999995	400.1013794	-0.00025875307600000015
399.8819275	0.003979375586	400.2133789	-0.000439908355
399.9935303	0.003625793383	400.3254089	0.00018429663000000054
400.1051636	0.0012348488671	400.437439	-0.0017440640370000003
400.2167664	0.00516495388	400.549469	-0.0007073413599999988
400.3283997	0.004427153613000001	400.661499	-0.000933070670000001
400.440033	0.004267814103	400.7735596	-0.0005151196380000006
400.5516663	0.0017581158320000003	400.8855896	-0.00027496740300000065
400.6632996	0.0023194877389999986	400.9976501	0.00020493473999999914
400.7749634	0.0028306525210000004	401.1097107	-0.001113810580000001
400.8865967	0.0027476325639999993	401.2217712	-0.0008157398599999977
400.9982605	0.00347606791518	401.3338318	-0.0016130227589999987
401.1099243	0.0035658038689999998	401.4459229	0.001649942249
401.2216187	0.00265659113	401.5580139	-0.002125850879
401.3332825	0.005263980012	401.6700745	-0.001161421067
401.4449463	0.004872709513	401.782196	0.0010181227700000002
401.5566406	0.00045721605500000095	401.8942871	-0.0029522879090000008
401.668335	0.0017561186099999994	402.0063782	-0.0020378411290000002
401.7800293	0.004418556812	402.1184998	0.00021640455800000006
401.8917236	0.004156218376	402.2305908	-0.00011864863300000035
402.0034485	0.0038824202469999996	402.3427124	0.0016502384100000001
402.1151428	0.003497406839999998	402.454834	0.001181142399999998
402.2268677	0.005396111402	402.5669861	-0.0009590937985000001
402.3385925	0.0042288872646	402.6791077	-0.002311679069
402.4503174	0.003863293678	402.7912598	0.0014132764190000003
402.5620728	0.006359890099999998	402.9033813	-0.0008805254469999996
402.6737976	0.003705460578	403.0155334	0.0004542678653
402.785553	0.006053679157	403.1276855	0.0008957986719999997
402.8973083	0.004728946829999999	403.2398682	-0.0006260350299999995
403.0090637	0.005084208219999999	403.3520203	-0.002156950540000001
403.1208191	0.004621150671	403.4642029	0.0024229083189999997
403.2325745	0.007466664538	403.5763855	0.06717199090000003
403.3443604	0.0075526256140000005	403.6885681	5.543650999999955e-05
403.4561157	0.00536988862	403.8007507	-0.001105247069999999
403.5679016	0.008927125482	403.9129333	-0.0005217143339999999
403.6796875	0.004284525523	404.0251465	-1.9711440000002092e-06
403.7915039	0.007132533940000001	404.1373291	-0.000750124458999999
403.9032898	0.005464183633000001	404.2495422	0.0014866259880000005
404.0151062	0.006615541875	404.3617554	-0.00042630326792000004
404.1268921	0.0078262278402	404.4739685	0.0014988786133000001
404.2387085	0.006027444268999999	404.5862122	0.0020353221330000008
404.3505249	0.006738848060000002	404.6984253	-0.0002576969560000005
404.4623718	0.006301806075	404.8106689	-0.0022421015892
404.5741882	0.008675168967	404.9229126	-0.0008138541599999999
404.6860352	0.014365994370999998	405.0351562	-0.0009473282900000005
404.7978821	0.03397228941	405.1473999	-0.0009336275939999996
404.909729	0.028876945839	405.2596741	0.0002167001400000014
405.0215759	0.012716304976	405.3719177	0.0015762252740000003
405.1334229	0.009697795847000002	405.4841919	0.002531094475999999
405.2453003	0.008455070668000001	405.5964661	-6.987619999999917e-05
405.3571472	0.004176080693000001	405.7087402	0.0013219099489999997
405.4690247	0.007631532382	405.8210144	-0.0023929160099999992
405.5809021	0.00518422667	405.9333191	0.0008098408500000001
405.6927795	0.005613651129000001	406.0455933	9.061722000000029e-05
405.8046875	0.0071860945904	406.1578979	-0.001494601370000001
405.9165649	0.007163659320000001	406.2702026	-0.00240009278
406.0284729	0.006120941603	406.3825073	-0.000514004379
406.1403809	0.007025424392000001	406.4948425	-0.00135320425
406.2522888	0.0059634649659999995	406.6071472	-0.0010452531279999998
406.3641968	0.006074141129	406.7194824	0.0009019542499999998
406.4761353	0.005162269806	406.8318176	-0.0013737594670000016
406.5880432	0.005368417132	406.9441528	0.0006775539359999997
406.6999817	0.005510182731100001	407.056488	0.00030551734399999987
406.8119202	0.006019361085000001	407.1688232	0.0006580541379999998
406.9238586	0.004581328947	407.281189	-0.0013604393469999999
407.0357971	0.004862830045	407.3935242	-0.00021742842999999956
407.1477661	0.003535762894999999	407.5058899	-0.0002052590720000001
407.2597046	0.008123792710000001	407.6182556	-0.0003630723799999992
407.3716736	0.006370417773999999	407.7306519	0.0005326345560000001
407.4836426	0.004482007590000002	407.8430176	-0.00031210435500000043
407.5956116	0.006877524312	407.9554138	0.0008159852589999994
407.7076111	0.006431951537	408.0677795	0.0003281836400000006
407.8195801	0.005521378481999999	408.1801758	-0.0016644522500000002
407.9315796	0.006547413760000002	408.292572	-0.0004901997800000005
408.0435791	0.0038507248975	408.4049988	0.00039003882000000073
408.1555786	0.0066766466480000005	408.517395	-0.0015533724799999989
408.2675781	0.00561136007	408.6298218	0.0010249426120000002
408.3795776	0.006402849219999998	408.742218	-0.0019012838599999984
408.4916077	0.004196040333	408.8546448	0.0022334153186
408.6036377	0.006035766331	408.9670715	0.0008780306670000001
408.7156677	0.005614473489	409.0795288	-0.0030956659499999997
408.8276978	0.0029420517389999994	409.1919556	-0.0006950888739999991
408.9397278	0.006949617528999998	409.3044128	-0.0010824734340000005
409.0517578	0.0072955329670000004	409.4168396	-3.5371630999999834e-05
409.1638184	0.004315815864	409.5292969	0.0011180764999999997
409.2758789	0.00912772119	409.6417847	-0.0010025762000000008
409.3879089	0.006901308661	409.7542419	0.0005978471599999997
409.5	0.003663690527	409.8666992	0.0005684313359999998
409.6120605	0.0026997590909999996	409.979187	-0.0007436238200000007
409.7241211	0.006418947130000002	410.0916748	-0.00024250301070000006
409.8362122	0.003741335589	410.2041626	0.0013532830161900001
409.9483032	0.004416522104	410.3166504	-0.0022959653300000035
410.0603943	0.0018878076219999984	410.4291382	0.0008768209949999999
410.1724854	0.005295785607999999	410.5416565	-0.0009015437679999998
410.2845764	0.0051320815700000005	410.6541443	0.0009276815690000004
410.3966675	0.00950068119	410.7666626	0.0003668037249999999
410.5087891	0.007423583185999999	410.8791809	0.00012975837999999913
410.6209106	0.00950626377	410.9916992	-0.001414111117
410.7330322	0.005906233215	411.104248	0.0008422578690000003
410.8451538	0.009157339561800001	411.2167664	-0.0022605576084
410.9572754	0.007190660580000001	411.3293152	0.0012076281709999998
411.0694275	0.0032219477	411.441864	-0.0007895864550000005
411.1815796	0.0058299243394	411.5544128	-0.0008254661219999999
411.2937012	0.007296072086	411.6669617	0.00048820255400000047
411.4058533	0.003502787089999999	411.7795105	0.0008668573499999999
411.5180359	0.00673877447	411.8920898	-0.0002542939099999999
411.630188	0.0048098027472	412.0046692	0.000432811212
411.7423401	0.006337031256	412.1172485	0.0005896156700000016
411.8545227	0.004106235690000001	412.2298279	-0.0005667749749999999
411.9667053	0.004107866432	412.3424072	-0.0008865762499999999
412.0788879	0.0073001291610000005	412.4549866	-0.0009520966599999986
412.1910706	0.004834285238000001	412.5675964	-0.0027325721460000002
412.3032837	0.0065146517000000004	412.6802063	-0.0003868411300000001
412.4154663	0.0037284046400000003	412.7927856	0.003962211776
412.5276794	0.005565637257	412.9053955	-0.0002961391590000002
412.6398926	0.005584763479	413.0180359	-0.0024278827480000006
412.7521057	0.005723947660000001	413.1306458	0.002935986033
412.8643188	0.0026423432860000007	413.2432861	-0.00017305650000000103
412.9765625	0.003681860748	413.355896	7.425993700000029e-05
413.0887756	0.003809456714	413.4685364	-9.337300399999988e-05
413.2010193	0.0064241075899999995	413.5811768	-0.0015033064409999998
413.3132629	0.004480034110000001	413.6938477	0.00038495100999999966
413.4255066	0.0020274035629999996	413.806488	-0.0009964563649999998
413.5377502	0.004493860645	413.9191589	-2.0023901000000392e-05
413.6499939	0.0034066289600000015	414.0317993	-0.0001811329299999994
413.7622681	0.0025441134400000006	414.1444702	0.00031678565
413.8745422	0.00529910723	414.2571411	-5.579693200000006e-05
413.9868164	0.005850766320000001	414.3698425	-0.0006772261109999986
414.0990906	0.004935413599	414.4825134	-0.0026726974199999982
414.2113647	0.00544220116	414.5952148	-0.001118970104
414.3236694	0.005184741458	414.7078857	-9.61483892e-05
414.4359436	0.0034763497244	414.8205872	-0.001088807359
414.5482483	0.004857927570000002	414.9333191	-0.0003294218329999987
414.660553	0.00284303818	415.0460205	-0.0018934196558
414.7728577	0.004287271061999999	415.1587219	0.0009684838590999999
414.8851624	0.004448792895	415.2714539	-0.0005831317999999992
414.9974976	0.0058527328	415.3841858	-0.00014916784200000007
415.1098022	0.006084920369999999	415.4969177	-0.0008648452349999999
415.2221375	0.003405286934	415.6096497	0.0001636343079999998
415.3344727	0.003743039444000001	415.7223816	0.0024156024446
415.4468079	0.0064948759899999976	415.8351135	-0.0006623640659999997
415.5591736	0.006590434349999999	415.947876	-0.0038719065500000018
415.6715088	0.005419159775000001	416.0606384	-0.00220499991687
415.7838745	0.006471295142	416.1734009	-0.001507422654
415.8962402	0.007025350821	416.2861633	0.0005058757999999997
416.008606	0.00743768457	416.3989258	-0.0014634178899999989
416.1209717	0.0654284307957	416.5117188	0.001909557725999999
416.2333374	0.17743098456099998	416.6244812	0.00141014508
416.3457031	0.163005851238	416.7372742	0.00194909144
416.4580994	0.04176486563	416.8500671	-0.003079759889
416.5704956	0.016500299793000002	416.9628601	0.000801751914
416.6828918	0.015725570931611	417.0756531	0.0008199705628
416.7952881	0.030604180879999998	417.1884766	-0.00023997668199999926
416.9076843	0.027216570449999998	417.3012695	0.0005215313299999982
417.0201111	0.01052653324	417.414093	-0.001010192093
417.1325378	0.011043187230000001	417.5269165	-0.0012277243660000006
417.2449341	0.007923934610000002	417.63974	-0.0007148021829999993
417.3573608	0.007731361320000001	417.752594	0.0012461766599999998
417.4698181	0.009365767474	417.8654175	-0.0003743278790000002
417.5822449	0.007620496441999999	417.9782715	0.000581443077
417.6946716	0.008269043176	418.091095	-0.0005970559999999986
417.8071289	0.00533190463	418.203949	0.0010631121689999995
417.9195862	0.0111340750547	418.3168335	-5.646096500000041e-05
418.0320435	0.006189119304	418.4296875	-0.0018490599500000007
418.1445007	0.00826542639	418.5425415	-0.0007935597459300001
418.256958	0.010578480550000002	418.655426	-0.0003622295299999991
418.3694458	0.008109886548999998	418.7683105	-0.000554605227
418.4819336	0.023199620652	418.8811951	0.00027330266299999996
418.5944214	0.036647653210000006	418.9940796	0.0009908182549999995
418.7069092	0.031243700539999995	419.1069641	0.0010103536769999998
418.819397	0.013265096583	419.2198792	0.00020287092799999885
418.9318848	0.010967527982	419.3327637	-0.00016778963600000028
419.0444031	0.010017464869000002	419.4456787	-0.0005528852339999999
419.1568909	0.010563007551000002	419.5585938	-0.0003511509860000001
419.2694092	0.012979132938	419.6715088	0.0007113580361
419.3819275	0.046068778261	419.7844238	0.0017348323000000027
419.4944458	0.08053221833	419.8973694	2.642349000000002e-05
419.6069946	0.05563243850999999	420.0102844	0.0031110793399999996
419.7195129	0.020959749813	420.12323	0.0002761250360000002
419.8320618	0.014994660853999999	420.2361755	0.0029559833969999994
419.9446106	0.009904006491999998	420.3491211	0.001633775421000001
420.0571594	0.017206360583999998	420.4620972	0.0029402440399999997
420.1697083	0.06460708379499999	420.5750427	0.0011874405758999999
420.2822571	0.100342424589	420.6880188	0.0030412181803999997
420.3948364	0.18212882474199998	420.8009644	0.0027697635810000005
420.5073853	0.23924104308000002	420.9139404	0.0015981914440000005
420.6199646	0.110678046053	421.0269165	0.001171178883
420.7325439	0.034017260305000005	421.1399231	0.0012478842399999994
420.8451538	0.016284381969999998	421.2528992	0.0007319725119999997
420.9577332	0.011654486879999999	421.3659058	0.0009444523600000004
421.0703125	0.010329490528	421.4788818	0.0018493041861
421.1829224	0.008993587049100001	421.5918884	0.0008201011224
421.2955322	0.009186792189999998	421.704895	-0.00014706840699999987
421.4081421	0.007404811682999999	421.8179321	-0.0006434097880000005
421.520752	0.009953816538	421.9309387	0.00016404921199999947
421.6333618	0.008411200139	422.0439758	-0.0008263560009999999
421.7460022	0.008471733890000001	422.1570129	-0.0008042706100000012
421.8586426	0.007834064774	422.2700195	0.0002387864520000003
421.9712524	0.007416640408999999	422.3830872	0.000489602215
422.0838928	0.008765125181	422.4961243	0.0009419135799999985
422.1965637	0.006896050651	422.6091614	0.001180512830000001
422.3092041	0.007966590111999999	422.722229	-0.0003391839599999995
422.421875	0.007638825686	422.8352661	7.504600000002998e-06
422.5345154	0.01046816073	422.9483337	0.0008676052100000022
422.6471863	0.0064988103670000005	423.0614014	0.0004579802039999994
422.7598572	0.006610135549999998	423.1744995	0.000345512992
422.8725281	0.011228910182	423.2875671	0.002473283093
422.9852295	0.0087805010261	423.4006653	-0.0012901026049999998
423.0979004	0.006796385160000001	423.5137329	0.00102616474
423.2106018	0.008493471891	423.6268311	0.0008311308900000001
423.3232727	0.011780545524499999	423.7399292	-0.00088534126733
423.4359741	0.010742951883	423.8530579	0.0005688345989999996
423.5487061	0.010481415309999999	423.966156	-0.0005653509800000005
423.6614075	0.01255494636	424.0792542	-0.0005693370479999994
423.7741089	0.00786249456	424.1923828	0.001044572796
423.8868408	0.008807508270999999	424.3055115	-0.00015380536199999977
423.9995728	0.010715099047	424.4186401	-0.0023216065
424.1123047	0.011580236724	424.5317688	0.00024006701999999998
424.2250366	0.011676186234000002	424.644928	0.0009323549460000002
424.3377686	0.008839424001	424.7580566	-0.0010129434231
424.450531	0.01063692756	424.8712158	0.0004942039959999998
424.5632629	0.009734712537000001	424.984375	-0.001302213408
424.6760254	0.015013542490999999	425.0975342	0.0005677910520000004
424.7887878	0.011024759617	425.2106934	0.00040273089000000036
424.9015503	0.010826474057	425.3238525	-0.0011752038259999998
425.0143433	0.009565175510000001	425.4370422	-0.0018750467640799998
425.1271057	0.009302799592000002	425.5502014	-0.0010026600200000006
425.2398987	0.012362404726999999	425.6633911	0.0013187669679999995
425.3526917	0.017315246170000003	425.7765808	-8.784606999999965e-05
425.4654541	0.023701849856	425.8897705	-0.0001481003119999996
425.5782776	0.023876094724000003	426.0029907	-0.0005869269369999999
425.6910706	0.016052127812	426.1161804	-0.0010341275399999988
425.8038635	0.01596292481	426.2294006	-0.0008988627229999996
425.916687	0.016380602033	426.3426208	-0.0016530677700000024
426.0295105	0.016837451373	426.4558411	-0.0008447403090000001
426.142334	0.014449351001000001	426.5690613	0.002328600734
426.2551575	0.05034538265999999	426.6822815	-0.00025965436300000007
426.367981	0.0772209717	426.7955017	-0.0015266732078
426.4808044	0.0531022591721	426.9087524	-0.00141655439093
426.5936584	0.030500026532	427.0220032	8.691649419999997e-05
426.7065125	0.016474382955000002	427.1352539	0.0019420820759999996
426.8193665	0.015416854990000001	427.2485046	-0.001100562048
426.9322205	0.036374939138	427.3617554	0.0008985507299999994
427.0450745	0.059674965688	427.4750366	-0.0004453174800000022
427.1579285	0.053923713042	427.5882874	0.00022589229000000155
427.270813	0.03071815614	427.7015686	0.00227331603
427.3836975	0.021224012602000002	427.8148499	0.0010221911946
427.496582	0.0394945994527	427.9281311	0.0008373828610000003
427.6094666	0.07697647251	428.0414124	-0.00032370537999999727
427.7223511	0.0838084789	428.1547241	0.0012108902450000004
427.8352356	0.047460504805999996	428.2680054	-0.0018974412300000014
427.9481506	0.030615078752	428.3813171	0.00031279958800000014
428.0610352	0.016587546561	428.4946289	-0.0013785986229999997
428.1739502	0.015476477333000001	428.6079407	0.00023641413999999977
428.2868652	0.019890290687	428.7212524	-0.0006812703790000001
428.3998108	0.035547147505	428.8345642	-0.0015234947209999995
428.5127258	0.030675685030000004	428.9479065	-0.0023257825599999997
428.6256409	0.01680961065	429.0612488	-0.0008937399899999997
428.7385864	0.012985078273	429.1745605	0.001222312451
428.851532	0.020695769691999998	429.2879028	-0.0012185443199999972
428.9644775	0.036950487641	429.4012756	-0.0008068922910000002
429.0774231	0.04046570789	429.5146179	-0.0006420221180000003
429.1903687	0.023140097736999998	429.6279602	0.00041777110889999996
429.3033447	0.0163283470874	429.741333	-5.665095599999975e-05
429.4163208	0.023787286129999998	429.8547058	-0.002162110987000001
429.5292664	0.037226483229999996	429.9680786	0.0005686325019999992
429.6422424	0.046650146599	430.0814514	-0.003063260578000001
429.7552185	0.028355420566	430.1948242	0.0005864719860000003
429.8682251	0.016376262529999998	430.3082275	0.0003465926280000007
429.9812012	0.02254943922	430.4216003	-0.001357948407
430.0942078	0.043469920751	430.5350037	0.001998149324
430.2072144	0.048721238503	430.648407	0.0006398351399999995
430.3202209	0.07130811735999999	430.7618103	0.0008104815999999994
430.4332275	0.103554702829	430.8752136	0.0004767449570000004
430.5462341	0.07930109766400001	430.9886475	-0.0017862187240000006
430.6592407	0.044825782529000005	431.1020508	0.0002932646310000002
430.7722778	0.051025420432	431.2154846	-0.0008775722199999992
430.8853149	0.03922036756	431.3289185	0.0008542593599999981
430.9983521	0.044523390012	431.4423523	-0.00013161334199999998
431.1113892	0.052778877783	431.5557861	-8.855759999999886e-05
431.2244263	0.06924349256	431.6692505	1.6579870000000066e-05
431.3374634	0.09548967796999999	431.7826843	0.001003189711
431.450531	0.127160928671	431.8961487	-0.0005202079189999998
431.5635986	0.14126783418400002	432.009613	-0.0020724991340000005
431.6766357	0.10759615244	432.1230774	-0.00020377640600000024
431.7897339	0.056810424893000006	432.2365417	-0.0010123266830000001
431.9028015	0.025290060325	432.3500061	0.0018515456459999996
432.0158691	0.01581187546	432.463501	0.0001596491800000023
432.1289673	0.009492125359999999	432.5769653	-0.0012533217699999995
432.2420349	0.012151733041	432.6904602	0.001076313667
432.3551331	0.010214855429	432.8039551	0.0003650956790000005
432.4682312	0.008511371912000002	432.91745	-0.0026932880299999993
432.5813293	0.012991995548	433.0309753	0.00024590268999999734
432.694458	0.0178711836148	433.1444702	-0.0010107732379999999
432.8075562	0.014785521660999999	433.2579956	-0.00024550361500000036
432.9206848	0.012368869960000002	433.3714905	-0.0014633350100000005
433.0338135	0.007926828220000001	433.4850159	0.00021484867000000005
433.1469116	0.012059043626999999	433.5985413	0.0005992704540000002
433.2600708	0.015633077829	433.7120972	0.0013339967995
433.3731995	0.012369409202	433.8256226	-0.0007110061100000006
433.4863281	0.019048930150000004	433.9391785	0.0005802679800000002
433.5994873	0.053838562684	434.0527039	0.001640761269999999
433.7126465	0.083933314772	434.1662598	-0.0009589514224999999
433.8258057	0.06288471725299999	434.2798157	-0.0005502048880000002
433.9389648	0.040728573690000006	434.3934021	0.0007529426370000009
434.052124	0.022333147698	434.506958	0.000419419724
434.1652832	0.019458364695	434.6205139	-0.0010497130131000001
434.2784729	0.02736795973	434.7341003	0.0007413793400000007
434.3916626	0.022907568139999997	434.8476868	0.0013368432409999998
434.5048218	0.018945068357	434.9612732	0.0009864297462
434.618042	0.024047472046000003	435.0748596	-0.00016956885524999998
434.7312317	0.03457634989	435.188446	-2.0687933999999873e-05
434.8444214	0.037099879231	435.302063	0.0022269021699999995
434.9576416	0.030974948774999997	435.4156494	0.0038380259599999998
435.0708313	0.027095652185	435.5292664	0.0020547867750000002
435.1840515	0.025917384770000003	435.6428833	0.000640309415
435.2972717	0.01825652178	435.7565002	0.0004648119199999988
435.4104919	0.016222450883	435.8701172	-1.5493489999999013e-05
435.5237427	0.021639177580000002	435.9837646	0.002384253312
435.6369629	0.01892135758	436.0973816	0.00022213347000000008
435.7502136	0.01300781313	436.2110291	0.0016331584190000005
435.8634338	0.01794836367	436.3246765	-0.0005705703520000002
435.9766846	0.022236290969	436.438324	0.001138548365999999
436.0899353	0.01411683764	436.5519714	0.001297286639
436.2032166	0.016260182479999996	436.6656494	-0.0005321404900000002
436.3164673	0.014470817987	436.7792969	-0.0006856115059999997
436.4297485	0.014471504376000002	436.8929749	-0.002369015827
436.5429993	0.013476875610000001	437.0066528	-0.0019589876700000005
436.6562805	0.015610188480999999	437.1203308	0.00012787291800000003
436.7695618	0.015669112291611	437.2340088	1.2475997999999988e-05
436.8828735	0.01341480948	437.3476868	-0.0004994508927
436.9961548	0.01340152323	437.4613647	0.000939281660000001
437.109436	0.016097851561	437.5750732	0.00047507230199999965
437.2227478	0.012886676471	437.6887817	-0.0004910062999999992
437.3360596	0.013106178030999999	437.8024902	-0.0011996140229999998
437.4493713	0.010582918298999999	437.9161987	0.0010457229800000002
437.5626831	0.01148374658	438.0299072	-0.0015175640599999988
437.6759949	0.011905984255	438.1436157	0.0003339359499999993
437.7893372	0.010706525413	438.2573547	-0.00025823107
437.9026489	0.010709092019999998	438.3710938	-2.1541957e-05
438.0159912	0.013479682613000001	438.4848328	-0.000987726270000001
438.1293335	0.013334651938999999	438.5985718	-0.0008261539040000003
438.2426758	0.010251073866	438.7123108	0.000874947058
438.3560486	0.009717742916000001	438.8260498	0.0016123065719999999
438.4693909	0.011400403450000002	438.9398193	0.0005156490990000009
438.5827637	0.012394504227840001	439.0535583	-0.001083493233
438.696106	0.010781498393000001	439.1673279	0.00179252489755
438.8094788	0.008458014111	439.2810974	0.0005359202599999995
438.9228516	0.010821253060000001	439.3948669	-0.002120526509999998
439.0362244	0.012529822067	439.5086365	0.000899452250000001
439.1496277	0.008993341761699998	439.6224365	-0.0008698031299999992
439.2630005	0.009548904373	439.7362061	-0.0006410731000000003
439.3764038	0.0093454031445	439.8500061	0.0025944560700000008
439.4898071	0.007918868679	439.9638062	-0.0009883903010000014
439.6032104	0.012998884311	440.0776062	-0.0013753366659999995
439.7166138	0.00999751687	440.1914062	-0.0038193725632
439.8300171	0.008098744783	440.3052368	-4.79221299999992e-05
439.9434509	0.0086354573728	440.4190369	0.0018288556018000001
440.0568542	0.008448459907	440.5328674	0.002314889799999999
440.1702881	0.009396715088000001	440.646698	-0.0002541746899999992
440.2837219	0.008226905020000001	440.760498	-0.00015533529000000268
440.3971558	0.008972585201	440.8743591	-0.0011936123480000005
440.5105896	0.011686629469	440.9881897	-3.997399499999993e-05
440.624054	0.01189554203	441.1020203	0.0002382174130000003
440.7374878	0.01056167204	441.2158813	-0.00025783944799999924
440.8509521	0.0108319889957	441.3297424	0.00034572649699999994
440.9644165	0.008462609956	441.4436035	-0.0006739525199999999
441.0778809	0.009039700497000001	441.5574646	0.0010118121200000003
441.1913452	0.009884058490000002	441.6713257	-0.001980184112
441.3048096	0.007397219069	441.7851868	-0.002092164941
441.4183044	0.009766904519	441.8990784	0.0012485254560000002
441.5317688	0.00937728211	442.0129395	0.0006948355580000004
441.6452637	0.010537372909999999	442.1268311	-0.001466217451
441.7587585	0.0087698563	442.2407227	-0.0015720538800000003
441.8722534	0.008726664121	442.3546143	-0.0007765507330000001
441.9857483	0.007797259835999999	442.4685364	0.0013633165500000002
442.0992737	0.008132204409999998	442.582428	-0.0019642543050000004
442.2127686	0.007312109578	442.6963501	0.000917967409000001
442.3262939	0.006186692859	442.8102722	-0.0010692838116
442.4398193	0.0104647046	442.9241638	-0.0006905347099999994
442.5533447	0.009113962766000001	443.0380859	0.0014899345100000006
442.6668701	0.009105034871	443.1520386	0.003278536024
442.780426	0.010172178038999998	443.2659607	0.0029633617959999997
442.8939514	0.008268356320999998	443.3799133	0.001395544034000001
443.0075073	0.012049053799999999	443.4938354	0.00139990821
443.1210632	0.010141574196	443.6077881	-0.0021335246274000004
443.2345886	0.0060752321733	443.7217407	-0.0004980275409999999
443.348175	0.006102551708	443.8356934	-0.002361365590000001
443.461731	0.007666182234	443.9496765	0.0022957455300000006
443.5752869	0.0068304170840000015	444.0636292	-0.0005701435730000003
443.6888733	0.006864514667	444.1776123	-5.429051800000077e-05
443.8024597	0.006574997211	444.2915649	0.0006228266290000005
443.9160461	0.008455807343	444.4055481	-0.00012819701799999996
444.0296326	0.0089565715752	444.5195312	0.00034185987899999987
444.143219	0.0087299733716	444.6335449	-0.0011609229845
444.2568054	0.009657913810000002	444.7475281	-0.001589869150000001
444.3704224	0.00797858089	444.8615112	7.995403999999998e-05
444.4840088	0.006410705042	444.9755249	3.1192904000000056e-05
444.5976257	0.006486352067	445.0895386	-0.0033133644600000026
444.7112427	0.006272505965000001	445.2035522	-0.00027789664500000016
444.8248596	0.01114313863	445.3175659	-0.0010260744019999993
444.9384766	0.0084098762015	445.4315796	0.0007469177948
445.052124	0.00965278456	445.5456238	-0.0007367210930000001
445.165741	0.009072205060000001	445.6596375	-0.0019025290399999999
445.2793884	0.009507942949999999	445.7736816	-0.00013582407999999935
445.3930359	0.007132319732999999	445.8877258	-6.06479589999999e-05
445.5066833	0.009404510726000001	446.00177	-0.0007944013900000012
445.6203308	0.012068169186999999	446.1158142	0.001561054026
445.7340088	0.01067106239	446.2298889	-0.001287101885
445.8476562	0.010104106274	446.3439331	1.3258832100000056e-05
445.9613342	0.008748021558	446.4580078	-0.00011598016200000012
446.0750122	0.008792224340000002	446.5720825	-0.0014166980900000015
446.1886902	0.01010777522	446.6861572	2.2534280000000018e-05
446.3023682	0.010611703387	446.8002319	-0.0010675757657999999
446.4160461	0.009447996735	446.9143066	-0.00199393183
446.5297241	0.009191400374999999	447.0283813	0.00015955418400000003
446.6434326	0.01073200721	447.1424866	0.00018932483999999777
446.7571411	0.0102186062142	447.2565918	-0.0002777068869999999
446.8708496	0.008432005528	447.370697	0.0003543142199999988
446.9845581	0.006105223666	447.4848022	0.0001671928999999999
447.0982666	0.009883862919999998	447.5989075	0.0008313693099999998
447.2119751	0.008333910489	447.7130127	-0.0017813316079999999
447.3257141	0.009294361341	447.8271484	-0.0024650671979999997
447.4394226	0.00864112563	447.9412537	-0.0002947277389999999
447.5531616	0.011366108440000001	448.0553894	-0.00014684302700000013
447.6669006	0.008314048639	448.1695251	0.002220486757
447.7806396	0.008933829842	448.2836609	-0.0009251469740000004
447.8943787	0.00638305955	448.3977966	0.0003293701449999997
448.0081482	0.008772582749999999	448.5119629	0.0013046991099999999
448.1218872	0.007598330034	448.6260986	-0.00031439354600000004
448.2356567	0.009912119944999999	448.7402649	0.0001252514770000001
448.3494263	0.008701409683	448.8544312	0.00018496066400000045
448.4631958	0.006591170089999999	448.9685974	-5.261879000000025e-05
448.5769653	0.00697601214	449.0827637	-0.001103740535
448.6907654	0.008746538311	449.1969299	0.00012767082099999962
448.8045349	0.005218519833999999	449.3111267	0.0007718019179999997
448.918335	0.010317393579999999	449.425293	0.0008897837200000022
449.0321045	0.0087861389617	449.5394897	0.0007803547200000002
449.1459045	0.008634795899999999	449.6536865	-0.0013182023499999987
449.2597046	0.006965349430000002	449.7678833	-0.0011345678900000003
449.3735352	0.008129643280000001	449.8820801	0.0005194787000000027
449.4873352	0.007902794517	449.9963074	-0.0008682138279999998
449.6011658	0.0103998917624	450.1105042	-4.27139459999999e-05
449.7149658	0.009114808402999998	450.2247314	-0.0008826961270000004
449.8287964	0.0109901037	450.3389587	-0.000818349420000003
449.942627	0.006737359804	450.4531555	-0.00097297132
450.0564575	0.007131448951	450.5674133	-0.0003725840940000001
450.1703186	0.00794611406	450.6816406	-0.00047710444799999984
450.2841492	0.007871815935	450.7958679	0.0003205221199999997
450.3980103	0.010081694695	450.9101257	0.0013265479300000015
450.5118408	0.00987680885	451.0243835	-0.002587628784
450.6257019	0.0075128516199999985	451.1386108	0.0007507135160000006
450.739563	0.009095928169	451.2528687	0.0002916515809999994
450.8534241	0.008955284953000001	451.367157	0.000498022879999999
450.9673157	0.009292449337	451.4814148	-0.0018431283500000006
451.0811768	0.009379783183	451.5956726	0.0005002776100000005
451.1950684	0.01082300395	451.7099609	0.0004574940539999999
451.30896	0.02442900464	451.8242493	5.7761560000001155e-05
451.4228516	0.044807551424999995	451.9385376	0.0022328460181
451.5367432	0.03647579625	452.0528259	0.0015605920919999992
451.6506348	0.020371590276	452.1671143	-0.00194103084
451.7645264	0.014390120635999998	452.2814026	0.0016832956175
451.8784485	0.011024956126000001	452.3957214	0.0007522199299999999
451.9923706	0.010901495812	452.5100098	0.0007195184099999998
452.1062927	0.005013977643	452.6243286	-0.002220585477
452.2202148	0.00972709572	452.7386475	0.0011117546820000003
452.334137	0.012508232262000001	452.8529663	-0.0018307333900000004
452.4480591	0.013875071893000001	452.9672852	0.0007880050689999998
452.5620117	0.024017055519999997	453.0816345	-0.0012275353080000006
452.6759338	0.023348771264	453.1959534	0.0005451123582
452.7898865	0.014562330674	453.3103027	0.0010037827017000001
452.9038391	0.012086276899999998	453.4246521	-0.00036294106999999916
453.0177917	0.012052780946	453.5390015	-0.00021761841999999934
453.1317444	0.013286490108	453.6533508	-4.4255982999999964e-05
453.245697	0.011514456477000001	453.7677002	-0.0015434450469999999
453.3596802	0.00852911361	453.8820801	-0.0019999803049999994
453.4736633	0.008602418929999998	453.9964294	1.697149100000038e-05
453.587616	0.011401451193000001	454.1108093	0.0012248743298
453.7015991	0.011119030416	454.2251892	-7.343431899999985e-05
453.8155823	0.010732620019	454.3395691	0.0005312701690000001
453.9295959	0.01261173747	454.453949	2.2676770000000512e-05
454.0435791	0.011117118411	454.5683594	-0.0013923095560000008
454.1575928	0.010742376093	454.6827393	0.0015506744400000001
454.2715759	0.009355863549999998	454.7971497	0.0004017939790000001
454.3855896	0.010507112365999998	454.9115295	0.0006042402240000007
454.4996033	0.010534793139	455.0259399	-0.00042231799999999965
454.6136169	0.01302330592	455.1403503	-0.0008506712039999999
454.7276611	0.008342679593000002	455.2547913	-0.00016398262200000013
454.8416748	0.01041127183	455.3692017	-0.0008027050600000005
454.955719	0.013829214498	455.4836426	0.0007287109332999999
455.0697327	0.013188775163	455.598053	-0.0004402757629999995
455.1837769	0.011539864349999998	455.7124939	0.0005361689199999999
455.297821	0.007795960637999999	455.8269348	0.0005976576399999989
455.4118652	0.010962906528000001	455.9413757	0.00019715390594
455.5259399	0.012569471959999998	456.0558167	-0.0006449159700000003
455.6399841	0.014041876420000002	456.1702881	0.0013388358060000003
455.7540588	0.009489992628999999	456.284729	0.00180580839
455.8681335	0.00970956296818	456.3992004	8.864817199999995e-05
455.9822083	0.0093141252294	456.5136719	-0.000406103675
456.096283	0.012424287390000002	456.6281433	-0.0005641775200000004
456.2103577	0.011524182283000001	456.7426147	-0.0010022688699999997
456.3244324	0.010891353712	456.8570862	0.001788681839
456.4385376	0.012211869704	456.9715881	0.0016118914349999998
456.5526123	0.012012111954	457.0860596	-0.0014136838730000002
456.6667175	0.012633536942	457.2005615	-0.0003116419540000002
456.7808228	0.0084106359869	457.3150635	-0.002642853884
456.894928	0.010991311867	457.4295654	0.0019090371170000005
457.0090637	0.009867934044	457.5440674	-0.0010189693400000019
457.1231689	0.01118081435	457.6585693	-0.0014809835700000003
457.2373047	0.011005449574	457.7731018	0.00162060931
457.3514099	0.015556180265620001	457.8876038	0.0017377500774000002
457.4655457	0.01208209805	458.0021362	0.0005322312930000003
457.5796814	0.011709413489999999	458.1166687	-0.0019060401219999999
457.6938171	0.010344682727000001	458.2312012	-0.0017779162179999992
457.8079834	0.011229179799	458.3457336	0.002526812489
457.9221191	0.010883018372	458.4602966	0.002026664089999998
458.0362854	0.010994431560000002	458.5748291	0.0004413863640000005
458.1504211	0.010231873486	458.6893921	-0.00022440293109999995
458.2645874	0.010295087471	458.8039246	-0.0006421646099999999
458.3787537	0.00892366935	458.9184875	0.0016353884799999996
458.4929199	0.012551970779999998	459.0330505	-0.0004793107510000002
458.6071167	0.0101432284564	459.147644	0.0003884742000000007
458.721283	0.009312078356	459.262207	0.0006767471790000003
458.8354797	0.011389574029999999	459.3768005	-0.0009499723099999999
458.9496765	0.01095348224	459.4913635	0.002848829140000002
459.0638733	0.013658548704999999	459.605957	-0.001087905722
459.1780701	0.011402235366	459.7205505	0.002679833207
459.2922668	0.010807088573	459.835144	-0.00096675754
459.4064636	0.013082272369999998	459.9497375	-5.8690901e-05
459.5206909	0.011699259631	460.0643616	0.0003143176399999989
459.6348877	0.012437831144	460.1789551	-0.0006800722329999998
459.749115	0.011821144260000001	460.2935791	-0.0014418903699999971
459.8633423	0.015606560741000001	460.4082031	-0.001486677677
459.9775696	0.02024599258	460.5228271	0.003655458799999999
460.0917969	0.014797122218	460.6374512	0.0003132978459999998
460.2060547	0.01342104189	460.7520752	0.0012651071879999998
460.320282	0.00874907576891	460.8666992	-0.002772152423
460.4345398	0.012153841089	460.9813538	0.0003794003280000002
460.5487976	0.01185639389	461.0960083	-0.0005068294699999976
460.6630554	0.01434343587	461.2106323	0.0008265292269999999
460.7773132	0.012080203974	461.3252869	0.0012034059030000001
460.891571	0.014696729835000002	461.4399414	0.0014435226910000003
461.0058289	0.011936588212	461.5546265	0.0009150016120000001
461.1201172	0.01360852923	461.669281	0.0020179334100000005
461.2344055	0.011798347812000001	461.7839661	-0.00039459811499999945
461.3486633	0.01097219798	461.8986206	0.0012393929000000005
461.4629517	0.01288687997	462.0133057	-0.0011486820799999978
461.57724	0.010656567294000002	462.1279907	-0.0007481081400000002
461.6915588	0.014153001127	462.2426758	0.0007474396843
461.8058472	0.0101420887512	462.3573914	-0.0021145586797
461.920166	0.01202906948	462.4720764	0.00031132902900000026
462.0344543	0.012644354250000003	462.586792	-0.0006769653429999998
462.1487732	0.011416913011	462.7014771	0.0008017756046000001
462.263092	0.011779196793000001	462.8161926	-0.0001476849430000005
462.3774109	0.011109728366	462.9309082	0.00193379074
462.4917603	0.00790701527	463.0456238	0.0008844118500000008
462.6060791	0.007847425764	463.1603699	-3.946409499999996e-05
462.7204285	0.008935778634999999	463.2750854	0.000494251494
462.8347473	0.00937247649	463.3898315	0.002152724200000001
462.9490967	0.00863978919	463.5045471	0.0027529448280000004
463.063446	0.016261733139	463.6192932	-0.000461198622
463.1777954	0.014921036084	463.7340393	-0.0002777900080000004
463.2921753	0.01142285019	463.8487854	-0.000896988437
463.4065247	0.009568091479999999	463.963562	-0.000222363043
463.5209045	0.009275663643999999	464.0783081	-0.00016935536409999998
463.6352539	0.009722548129	464.1930847	0.000769691076
463.7496338	0.008060076273999999	464.3078308	-0.0021040272000000006
463.8640137	0.008324386555999999	464.4226074	0.0003122659400000005
463.9783936	0.007997187781999999	464.537384	-0.0012511032399999998
464.092804	0.012250711092	464.6521606	0.00015939993300000013
464.2071838	0.00856611598	464.7669678	-0.0004937108610000001
464.3215942	0.01170666888	464.8817444	4.7218099999933594e-07
464.4360046	0.011575720509	464.9965515	0.0005607455970000003
464.5503845	0.008602634539	465.1113281	0.001890948977
464.6647949	0.008697168899999998	465.2261353	0.0011717006570000003
464.7792358	0.0099037597	465.3409424	-0.0016279909699999998
464.8936462	0.013003688999999999	465.4557495	0.0016254961949999998
465.0080566	0.014921306167	465.5705872	-0.0011246752690000001
465.1224976	0.01287450549	465.6853943	0.0017232554959999997
465.2369385	0.012727709483000001	465.8002319	0.0018216073500000006
465.3513794	0.012492807582	465.9150391	-0.00024282326919999997
465.4658203	0.015205749306	466.0298767	-0.0027687121169999995
465.5802612	0.01240350585	466.1447144	-9.100045999999896e-05
465.6947021	0.015303838059999998	466.259552	-0.0009740861130000003
465.8091736	0.016842538493	466.3744202	0.0011565778409999995
465.9236145	0.015639071818	466.4892578	0.0015931390229999998
466.0380859	0.015491558239999998	466.604126	0.0014906823699999995
466.1525574	0.01445803419	466.7189941	0.001209252979
466.2670288	0.012874119569	466.8338318	0.0004955567419999999
466.3815002	0.016918136738	466.9487	0.00013959198299999965
466.4959717	0.014818405269999998	467.0635986	0.0020531257610000003
466.6104736	0.014211401350000001	467.1784668	0.000384536106
466.7249451	0.016438533314	467.293335	0.0003777397790000001
466.839447	0.016693278686	467.4082336	4.998088119999994e-05
466.953949	0.014646060760000001	467.5231323	-0.00012104585999999848
467.0684509	0.01667411066	467.6380005	-1.6978009999999918e-06
467.1829529	0.013115321752	467.7528992	-0.0006875582099999979
467.2974854	0.016654044856	467.8678284	-0.0002810398579999999
467.4119873	0.016246302052	467.9827271	-0.0006712135000000001
467.5265198	0.016866437159999997	468.0976257	-0.0008654383709999999
467.6410217	0.013887169306	468.2125549	-0.00020168908000000024
467.7555542	0.017801113426999998	468.3274536	-0.0018020651188
467.8700867	0.01650722977	468.4423828	-0.0021829265159999996
467.9846191	0.014608581550000001	468.557312	0.0006662719000000011
468.0991821	0.016350769904	468.6722412	-4.006898900000004e-05
468.2137146	0.017576293088	468.7872009	0.0011926591399999999
468.3282776	0.019371698609999998	468.9021301	0.0008204568733999999
468.4428406	0.017237147319999997	469.0170898	0.0006112977799999988
468.557373	0.01883889083	469.132019	-0.00020645699623000001
468.671936	0.02032178734	469.2469788	-0.00040298420899999906
468.7865295	0.017559032880000002	469.3619385	0.0002364972610000007
468.9010925	0.01921460778	469.4768982	-0.0004064359229999999
469.0156555	0.020033569075	469.5918884	-0.00079653784
469.130249	0.018268852028	469.7068481	-0.00031420378999999976
469.2448425	0.014647557397	469.8218079	-0.0001413756999999998
469.359436	0.01315860543	469.9367981	0.00012942682899999905
469.4740295	0.0132874093259	470.0517883	5.1878626000000094e-05
469.588623	0.016647254636200003	470.1667786	-0.0016309563079999999
469.7032166	0.015761728869	470.2817688	0.0019455328590000012
469.8178101	0.015191629529999999	470.396759	0.0015648975899999994
469.9324341	0.020415359176	470.5117798	-0.000314725563
470.0470581	0.01746065263	470.62677	0.0012633756260000003
470.1616821	0.013384700759999998	470.7417908	0.001263162121
470.2763062	0.014347076878	470.8568115	-0.0002748956910000001
470.3909302	0.023538035807	470.9718323	0.0005619789010000002
470.5055542	0.036075219511	471.086853	0.0008061877449999999
470.6201782	0.030604144559999998	471.2018738	-0.001151624129999999
470.7348328	0.018034287731	471.3168945	0.0017553996299999979
470.8494873	0.016578949522	471.4319458	-0.0015941392640000003
470.9641418	0.012815699451000001	471.5469666	-0.0013110022999999991
471.0787964	0.0134604089	471.6620178	0.00025946089000000033
471.1934509	0.014232870186999999	471.7770691	-0.0007605161499999978
471.3081055	0.014355962164000001	471.8921204	0.0012474106629999995
471.42276	0.013512757145	472.0071716	0.0004555133640000001
471.5374451	0.01445545908	472.1222534	0.00014420575500000013
471.6521301	0.01633728668	472.2373047	0.0015587653029999994
471.7667847	0.015412927138	472.3523865	-0.000608027913
471.8814697	0.017332283778	472.4674377	0.0015239883240000009
471.9961548	0.013026094069999999	472.5825195	-0.0018101064499999996
472.1108704	0.015318686149999997	472.6976013	0.00039149821000000057
472.2255554	0.01508972887	472.8127136	-0.0007629822899999986
472.340271	0.017043881346000003	472.9277954	-0.0004287585619999999
472.4549561	0.012933453539999999	473.0428772	-0.0019088746050000003
472.5696716	0.014528926460000001	473.1579895	-0.00010497309000000003
472.6843872	0.014318837317999999	473.2731018	0.0004165850698
472.7991028	0.014677947386999998	473.3881836	0.0015554680140999998
472.9138184	0.010091603740000002	473.5032959	0.003614087589
473.0285645	0.008738448377999999	473.6184387	0.00016995612999999923
473.14328	0.012156354034	473.733551	0.0007336568089999999
473.2580261	0.0112355654131	473.8486633	0.00036196448490000003
473.3727722	0.014642003919999997	473.9638062	-0.0001614093699999989
473.4875183	0.014902099959999998	474.078949	0.0009507387900000025
473.6022644	0.010163445726	474.1940613	0.0015808986500000007
473.7170105	0.018307656517	474.3092041	-0.000404348132
473.8317566	0.019966715950000002	474.4243469	0.0001984230479999999
473.9465332	0.017337952741	474.5395203	7.676333999999917e-05
474.0612793	0.018328057603	474.6546631	-0.0003554685969999996
474.1760559	0.014391763136000001	474.7698364	-0.0013579842640000003
474.2908325	0.013628769660000001	474.8849792	-0.0008267946540000005
474.4056091	0.009432564490000002	475.0001526	-0.0007804892999999993
474.5203857	0.014923879878	475.1153259	-0.0015952307730000004
474.6351624	0.0125714210478	475.2304993	-0.0014161274298
474.7499695	0.015166446569999999	475.3456726	0.00060087156452
474.8647461	0.0104666166	475.4608765	-0.0009488817300000001
474.9795532	0.013262816703999999	475.5760498	5.244789600000006e-05
475.0943604	0.0121010102139	475.6912537	-0.00016930789569999995
475.2091675	0.014270019714999999	475.8064575	-0.0010260744019999993
475.3239746	0.011187090068000002	475.9216614	-0.0007484396899999999
475.4388123	0.013112906833	476.0368652	-0.0008287400709999998
475.5536194	0.016370852478	476.1520691	-0.0016006393129
475.668457	0.013990319332	476.2672729	-0.00031451205700000007
475.7832642	0.0119154146	476.3824768	-0.0002581239669999999
475.8981018	0.015090856236	476.4977112	0.0047628748291
476.0129395	0.010989338858	476.6129456	-0.000993277645
476.1277771	0.011690471320000001	476.7281799	-0.001635712571
476.2426147	0.016208502465	476.8434143	-0.0007024314199999999
476.3574829	0.013285288355	476.9586487	-0.00044530478770000005
476.4723206	0.0154137481	477.0738831	0.000799782807
476.5871887	0.01086106058	477.1891479	-0.0008908696500000007
476.7020569	0.014229853639999998	477.3043823	-0.0001814067400000008
476.816925	0.016029459888	477.4196472	0.00116903207204
476.9317932	0.017390495862	477.5349121	0.0017233029939999998
477.0466614	0.014874302781	477.650177	-0.0011024952410000001
477.1615295	0.01619007438	477.7654419	0.00028283708000000074
477.2764282	0.0149078051342	477.8807068	-0.0007575256163999999
477.3912964	0.01697202213	477.9959717	0.0009679619910700001
477.5061951	0.01613166556	478.1112671	-0.000544642100000001
477.6210938	0.011690471320000001	478.226532	0.0011036647500000003
477.7359924	0.0159336197	478.3418274	-0.0007471358400000013
477.8508911	0.015182712581	478.4571228	8.091423600000043e-05
477.9658203	0.01502069366	478.5724182	0.0010297345000000006
478.080719	0.01376153994	478.6877136	-0.0016698725519999997
478.1956482	0.012587348465	478.8030396	0.0015087472299999995
478.3105469	0.01223305569045	478.918335	0.00038406159700000043
478.4254761	0.012498720540000001	479.0336609	0.0007867712990000005
478.5404053	0.01112009026	479.1489563	-0.0007096780500000007
478.6553345	0.012264824239000001	479.2642822	-0.000171680004
478.7702942	0.013265708927999999	479.3796082	-0.0013941959479999997
478.8852234	0.009807344530000001	479.4949341	9.270478099999979e-05
479.0001831	0.012364873659999998	479.6102905	0.002792014740000001
479.1151123	0.014771923422999999	479.7256165	-0.00013379566299999987
479.230072	0.01498199452	479.8409729	0.0009359368129999998
479.3450317	0.01500105206	479.9562988	-0.0005293171800000007
479.4599915	0.01573622879	480.0716553	0.0018503123420000002
479.5749512	0.011871641502	480.1870117	-0.0010689873160999999
479.6899414	0.014033855171999999	480.3023682	-0.0008259406310000003
479.8049011	0.014416987079999999	480.4177246	0.0007688016629999999
479.9198914	0.010729812079999998	480.5331116	-0.0008846414567000001
480.0348816	0.014727114006000002	480.648468	-0.0013233495410000001
480.1498413	0.014355937484	480.763855	-0.0026826955140000002
480.2648621	0.01200928073	480.8792419	-0.001029098407
480.3798523	0.01842091419	480.9946289	0.0004054568700000011
480.4948425	0.012267606798999998	481.1100159	0.002421141137
480.6098328	0.012417871039	481.2254028	0.0009466831100000002
480.7248535	0.01424775459	481.3407898	0.005282060009999999
480.8398743	0.0219244212	481.4562073	0.0032128486789999994
480.954895	0.020043325148	481.5715942	0.0005263836360000001
481.0699158	0.017804459202	481.6870117	0.0006564528450000001
481.1849365	0.01723903418	481.8024292	9.460187999999967e-05
481.2999573	0.01567948796	481.9178467	0.0003163935599999994
481.414978	0.015620006714999999	482.0332642	0.0009647717240000003
481.5300293	0.014603280466	482.1486816	-0.0010654879730000004
481.6450806	0.01659871824	482.2640991	-0.00016778963600000028
481.7601013	0.01583076921	482.3795471	4.149974000000091e-05
481.8751526	0.014961739998999999	482.4949951	-0.00035599060400000066
481.9902039	0.015202979092	482.6104126	0.0009299115039999998
482.1052856	0.014948870984000003	482.7258606	0.0010438966570000003
482.2203369	0.015549967061999998	482.8413086	0.0013383850449999995
482.3353882	0.012591393022	482.9567871	0.0009124874486999999
482.45047	0.015407729897	483.0722351	-8.521599999949947e-08
482.5655518	0.01373722963	483.1876831	-1.2159349999998903e-05
482.6806335	0.0193424616	483.3031616	-0.0013734269899999992
482.7957153	0.019983360547	483.4186401	-0.0007538488130000003
482.9107971	0.017876747996	483.5341187	0.00183036185219
483.0258789	0.0160013251	483.6495972	-0.0003248788400000008
483.1409912	0.01492767315	483.7650757	0.0009021088400000005
483.256073	0.021058850922	483.8805542	0.001126520330000002
483.3711853	0.017576377839	483.9960327	0.0010425921059999997
483.4862976	0.016866940070000003	484.1115417	-0.000269487500000002
483.6014099	0.016021050513	484.2270203	0.00024476274999999867
483.7165222	0.018819813148	484.3425293	-0.0005412138999999995
483.8316345	0.016411581076	484.4580383	-0.000536267893
483.9467468	0.017150096599999998	484.5735474	0.000513122417
484.0618896	0.018371942449999998	484.6890564	0.0006394321100000001
484.177002	0.01469791913	484.8045959	0.0003088619560000002
484.2921448	0.017972037199	484.920105	0.00036305573300000004
484.4072876	0.015541117639999998	485.0356445	0.0018798224600000031
484.5224304	0.015135365540000001	485.1511841	-0.0005110036600000003
484.6375732	0.016234836196	485.2666931	-3.928598e-05
484.7527161	0.012834151742	485.3822327	0.0018485805629
484.8678894	0.01319701784	485.4978027	-0.00016254746000000063
484.9830322	0.016471035779999997	485.6133423	0.0020015891650000013
485.0982056	0.015207293672000001	485.7288818	-0.001438342966
485.2133789	0.015901740636	485.8444519	0.0011000237429999995
485.3285522	0.01417479199	485.9599915	-0.0009720698000000002
485.4437256	0.01234771964	486.0755615	-0.00021249427999999945
485.5588989	0.014640540354	486.1911316	-0.0013834382410000002
485.6741028	0.011893807447	486.3067017	-0.0008396524900000004
485.7892761	0.013463767714	486.4222717	0.0006052008830000006
485.90448	0.01891456731	486.5378723	-0.0035270545700000003
486.0196838	0.015300302071	486.6534424	0.0009474186229999999
486.1348572	0.014284702946999999	486.769043	-0.00013431767000000004
486.250061	0.018935055479999997	486.884613	0.0008405970880000001
486.3652954	0.04408012703	487.0002136	0.002296884550000001
486.4804993	0.058810195888	487.1158142	0.0008663823800000008
486.5957031	0.0435409437023	487.2314148	-0.0004998778895
486.7109375	0.02994256839	487.3470154	-0.000512391329
486.8261719	0.02538832277	487.4626465	-0.00030739511999999976
486.9413757	0.021433434452	487.5782471	-0.0013285330499999996
487.0566101	0.020941456776	487.6938782	0.00021830201200000003
487.1718445	0.01821657829	487.8095093	0.0006308797799999995
487.2871094	0.017746141180000004	487.9251404	-0.0017346702600000014
487.4023438	0.015772771671	488.0407715	0.0004259077899999991
487.5175781	0.019776746169	488.1564026	0.0008416881319999996
487.632843	0.016114954836	488.2720337	0.00045911874600000017
487.7481079	0.019759085029999998	488.3876953	-0.00025570485699999944
487.8633728	0.02009183035784	488.5033264	0.0034308801409999997
487.9786377	0.020249363032999998	488.618988	-4.939175999999976e-05
488.0939026	0.024816859509999997	488.7346497	0.0007926653999999998
488.2091675	0.02373598237	488.8503113	-0.002175820999999998
488.3244629	0.022036184561	488.9659729	0.0016838649751
488.4397278	0.021036574613	489.0816345	-0.0001669591290000003
488.5550232	0.020591630599999997	489.1972961	-0.0014669881200000002
488.6703186	0.0200848803	489.3129883	0.003980928566000001
488.785614	0.022714117542999998	489.4286499	0.0009623165250000005
488.9009094	0.021735912189999998	489.544342	0.0011391770050000003
489.0162048	0.023810220889999997	489.6600342	0.0011570760979999987
489.1315002	0.020405258984000002	489.7757263	-0.0007471358400000013
489.2468262	0.022092839698	489.8914185	0.0015296349290000004
489.3621216	0.01955783926	490.0071106	-0.001580890384
489.4774475	0.019935928283	490.1228333	0.0008044324349999999
489.5927734	0.02020631754	490.2385254	0.0011885317511999998
489.7080994	0.02365588304	490.354248	0.00020438899000000017
489.8234253	0.018386313690000003	490.4699707	-0.00038729189
489.9387512	0.02049526572	490.5856934	0.0009743198740000004
490.0540771	0.018539501351	490.701416	-6.106309600000014e-05
490.1694336	0.017841805243	490.8171387	0.00021555053536
490.28479	0.016408128659999997	490.9328613	0.001472936939999999
490.400116	0.017861266620000003	491.048584	0.0010500410600000013
490.5154724	0.019325976259	491.1643372	-0.0006695277990000003
490.6308289	0.0185671265932	491.2800903	0.0004405798390000005
490.7461853	0.018088052050000004	491.3958435	0.0017652325300000007
490.8615723	0.015060624104	491.5115662	-0.0005506197920000008
490.9769287	0.017200005241	491.6273499	0.0014044754199999997
491.0923157	0.015953003894999998	491.743103	0.0009803576400000003
491.2076721	0.014491971579999999	491.8588562	-0.0014086076900000008
491.3230591	0.0177316498	491.9746399	0.0012975593853999999
491.438446	0.018287268233	492.0903931	0.0019052885470000002
491.553833	0.018024990335	492.2061768	0.0006167064419999998
491.66922	0.01639199443	492.3219604	0.002290052245
491.7846375	0.01673376653	492.4377441	-0.0018923877509999998
491.9000244	0.015392109752000002	492.5535278	6.649154200000012e-05
492.0154419	0.017557411454999998	492.6693115	0.000840680092
492.1308594	0.01428692695	492.7850952	0.00032663007699999997
492.2462463	0.015964101071	492.9009094	0.002146010752
492.3616638	0.0132684548732	493.0167236	0.0015913361566999998
492.4771118	0.015749196522	493.1325073	-0.000791140134
492.5925293	0.016902447680000002	493.2483215	-0.0008591879099999998
492.7079468	0.013347135860000001	493.3641357	0.0020011616880000003
492.8233948	0.016989677211	493.47995	0.0007441658530000003
492.9388123	0.015789275062	493.5957947	6.322935300000047e-05
493.0542603	0.015339002010000002	493.7116089	9.160162899999984e-05
493.1697083	0.014790380369999998	493.8274536	0.0006856080099999981
493.2851562	0.014828137588000001	493.9432678	0.0015574011489999998
493.4006042	0.014991437351000001	494.0591125	-0.0012158401075
493.5160522	0.014231385660000002	494.1749573	-0.0006767278579999994
493.6315308	0.014365075153000001	494.290802	-0.00034974003200000017
493.7469788	0.017390275376	494.4066467	0.00043185008599999977
493.8624573	0.016066400572	494.522522	0.0013526069233
493.9779358	0.014195217754000001	494.6383667	-0.0028754752199999997
494.0934143	0.01530385018	494.7542419	0.0003427495249999999
494.2088928	0.0145113870977	494.8700867	-0.000338483136
494.3243713	0.013700196049	494.9859619	0.001405970427
494.4398499	0.015676938	495.1018372	0.0015450893
494.5553589	0.015075499200000002	495.2177124	0.0009922767029999988
494.6708374	0.011838205975799999	495.3335876	0.00021379534200000007
494.7863464	0.015673635062	495.4494934	0.002617443446
494.9018555	0.014775704589999999	495.5653687	0.0006200273050000001
495.0173645	0.013248538600000002	495.6812744	-0.0001345444499999994
495.1328735	0.012698024044999999	495.7971497	0.00013680476700000076
495.2483826	0.011690772140999998	495.9130554	0.00068338867
495.3638916	0.013028300368000002	496.0289612	-0.000716284383
495.4794312	0.01432109811	496.1448669	0.0013957582390000008
495.5949402	0.01461968571	496.2607727	-0.000992993126
495.7104797	0.011820427373999999	496.376709	-0.000277457992
495.8260193	0.012986836020000002	496.4926147	0.0014539603200000011
495.9415588	0.011523666787	496.608551	0.0026647690700000014
496.0570984	0.0132873482346	496.7244873	-0.000500020239988
496.1726379	0.014014802174000002	496.8403931	0.002622211817
496.288208	0.013122376052	496.9563293	0.0004965523260000004
496.4037476	0.01445434429	497.0722961	0.0024876352399999975
496.5193176	0.015125836012	497.1882324	0.001773167518
496.6348877	0.014602949377000001	497.3041687	-0.0006868331690000002
496.7504272	0.017240028830000004	497.4201355	0.001525008119999999
496.8659973	0.014582907779999998	497.5360718	0.002805892844
496.9815979	0.013379547046000001	497.6520386	-0.000577164814
497.097168	0.016199316832000002	497.7680054	0.0001806653999999984
497.212738	0.01317749917	497.8839722	0.0012710494999999995
497.3283386	0.01534021459	497.999939	-0.00045506656
497.4439087	0.014227238250999998	498.1159058	0.0018288198628
497.5595093	0.012924096081	498.2319031	0.0017160563729999995
497.6751099	0.013980809600000001	498.3478699	0.00014301959900000008
497.7907104	0.014998504899999997	498.4638672	0.0002195476559999996
497.906311	0.0134949423822	498.5798645	-7.213558999999772e-06
498.0219116	0.012443530375000001	498.6958313	-0.0006596120069999999
498.1375427	0.01457030419	498.8118286	0.001017469909999999
498.2531433	0.014694822950000002	498.9278564	0.000679261516000001
498.3687744	0.013342066897000002	499.0438538	-0.0016589132139999997
498.4844055	0.014434759741	499.1598511	0.000159305055
498.6000366	0.015900740400000002	499.2758789	0.00023579737200000008
498.7156677	0.01633718983	499.3918762	-0.00027456413999999915
498.8312988	0.01613130470045	499.5079041	0.0011638728900000006
498.9469299	0.01477441192	499.6239319	0.0022695087828
499.0625916	0.013792460790000002	499.7399597	0.0008394569200000021
499.1782227	0.013761295000000002	499.8559875	-0.0005898682860000001
499.2938843	0.01516980096	499.9720459	-0.0012380438860000002
499.4095459	0.016127333974	500.0880737	0.0016087127732
499.5252075	0.015751359979999997	500.2041016	-0.0011663213400000018
499.6408691	0.012918947501	500.3201599	-0.00016112438999999965
499.7565308	0.01099147135	500.4362183	0.0008879229409999995
499.8721924	0.018517003394	500.5522766	0.0014083661807999998
499.987854	0.016543789759999997	500.668335	0.0011417744700000006
500.1035461	0.016096502542999998	500.7843933	0.00016572140199999988
500.2192383	0.014793844548799999	500.9004517	-0.000925586093
500.3348999	0.019418960899	501.0165405	-0.0009049833750000001
500.450592	0.021204844120000003	501.1325989	0.0003367364399999989
500.5662842	0.01618805248	501.2486877	0.0009182635689999989
500.6820068	0.019739890471999998	501.3647766	-0.00015241757500000005
500.797699	0.015057653913900002	501.480835	0.0008548782210000003
500.9133911	0.016822511329999998	501.5969238	-0.0003743991300000013
501.0291138	0.01554621663	501.7130432	-0.000513162464
501.1448364	0.01751736971	501.8291321	0.00045418485387000004
501.2605286	0.016674225686	501.9452209	0.0008166613980000008
501.3762512	0.017297185959999996	502.0613403	0.00011315569999999914
501.4919739	0.013515458440000001	502.1774292	-0.00020595884419999995
501.6077271	0.012951189652000001	502.2935486	-0.0012513998225
501.7234497	0.017745597288	502.409668	5.033670459999998e-05
501.8391724	0.01668437384	502.5257874	0.0002517383599999999
501.9549255	0.01322891004	502.6419067	0.0007547931700000003
502.0706787	0.015038649844299999	502.7580566	-0.0005700960759999997
502.1864014	0.015048571459	502.874176	-0.0015388075260000002
502.3021545	0.011595906690000001	502.9902954	-0.0004941374059999996
502.4179077	0.01076808945	503.1064453	0.0051956055699999976
502.5336609	0.015354040078000002	503.2225952	0.000414568465
502.6494446	0.011159465065299998	503.3387451	-0.0024399333639999994
502.7651978	0.00980886445	503.454895	-7.191672899999925e-05
502.8809814	0.013737523929999999	503.5710449	0.000969859772
502.9967346	0.013246276416	503.6871948	-0.0019125398248
503.1125183	0.011701980606000001	503.8033752	0.0008723731159999996
503.228302	0.013131780550000003	503.9195251	-0.0013036127199999997
503.3440857	0.013989240857999997	504.0357056	-0.0008519161499999997
503.4598694	0.019325768578000002	504.1518555	-0.000409187516
503.5756836	0.017691160086	504.2680359	0.001094176434
503.6914673	0.018703896560000002	504.3842163	-0.0005658734599999996
503.8072815	0.0191604644	504.5003967	0.0004105940500000009
503.9230652	0.018721546515	504.6166077	-0.0015062841119999996
504.0388794	0.016809898542	504.7327881	-6.011419459999996e-05
504.1546936	0.017495688049999996	504.848999	9.403285000000004e-05
504.2705078	0.01565852016	504.9651794	-0.00026682951000000024
504.386322	0.019401610829	505.0813904	0.0025090088894999998
504.5021667	0.017107658559	505.1976013	-0.00018596090300000007
504.617981	0.01519091706	505.3138123	-0.0020014152390000002
504.7337952	0.02025425993	505.4300232	0.0006118416799999991
504.8496399	0.020888320174	505.5462341	0.000972895883
504.9654846	0.021605999209	505.6624451	0.001865032012
505.0813293	0.025462780149999996	505.7786865	0.0018138038000000004
505.1971741	0.02360429242	505.894928	0.0011196420519999995
505.3130188	0.02073940355	506.0111389	0.002183302305
505.4288635	0.025916693730000002	506.1273804	0.0008204450716000001
505.5447388	0.02758823521	506.2436218	0.0010486058900000001
505.6605835	0.028290893887000002	506.3598633	-8.836761999999991e-05
505.7764587	0.026949372139999997	506.4761047	0.0016870792029999998
505.892334	0.026760389093	506.5923767	-3.0497089999997895e-05
506.0081787	0.024169049230000003	506.7086182	0.001337697263
506.124054	0.026324560860000002	506.8248901	0.00018095224999999798
506.2399597	0.02557580359	506.9411316	6.82114624e-05
506.355835	0.028847873675	507.0574036	7.169880000000052e-05
506.4717102	0.023283987309999997	507.1736755	0.000623194035
506.587616	0.025374636054999997	507.2899475	0.003744903955
506.7034912	0.0245026052	507.4062195	0.00049496349
506.819397	0.027867255732	507.522522	0.0004890803239999998
506.9353027	0.025803460740000003	507.6387939	0.0012691756700000008
507.0512085	0.02549680323	507.7550964	-0.0012488733050000003
507.1671143	0.026249089746	507.8713684	0.0028818752609999984
507.28302	0.027026293799999997	507.9876709	-0.0003550772090000001
507.3989563	0.030098005194	508.1039734	0.0018682200400000001
507.5148621	0.03187938407	508.2202759	0.003560071806000001
507.6307983	0.034173100723000005	508.3365784	0.0015150334219999999
507.7467346	0.031200516036	508.4529114	0.000911147217
507.8626404	0.03187932447	508.5692139	0.0009799525099999998
507.9785767	0.028494114989999996	508.6855469	-0.0006148610199999995
508.0945129	0.030016396190000003	508.8018494	0.0016445927320000002
508.2104797	0.02834309545	508.9181824	0.001516350196
508.326416	0.027385176159999997	509.0345154	-3.589410399999944e-05
508.4423523	0.0294750249	509.1508484	-0.0015765610150000001
508.5583191	0.028994938827	509.2671814	0.00030753368630000004
508.6742859	0.024125264022999998	509.3835144	0.0016433119309999995
508.7902527	0.03059733101	509.4998779	-0.00010733306999999997
508.9062195	0.026313838550000003	509.6162109	-0.0004901755600000002
509.0221863	0.026175930169	509.7325745	0.000601405278
509.1381531	0.02482241951	509.848938	-0.0008896230719999997
509.2541199	0.02462076209	509.965271	0.0015415190719999996
509.3700867	0.0296967607	510.0816345	0.0017459103799999983
509.486084	0.025235414509	510.197998	-0.0020813713779999996
509.6020813	0.025971914640000003	510.3143921	0.001648933859
509.7180786	0.022550771948	510.4307556	0.00017611123999999867
509.8340454	0.024866045454	510.5471497	0.0021461052820000003
509.9500427	0.02203804813	510.6635132	0.001587409992
510.0660706	0.02448392008	510.7799072	0.0013498673220000003
510.1820679	0.02234081365	510.8963013	-0.000167693939999998
510.2980652	0.0243354626	511.0126953	2.2201799999999744e-05
510.414093	0.02324161306	511.1290894	1.4124612799999996e-05
510.5300903	0.022414764392	511.2454834	-0.0006507630460000002
510.6461182	0.020365903149999996	511.3618774	-0.001131638889999998
510.762146	0.02192047797	511.478302	0.0010472303210000006
510.8781738	0.021585660059999998	511.594696	0.0008374538740000001
510.9942017	0.019440967122	511.7111206	0.0011570993819999993
511.1102295	0.02400934697	511.8275452	0.00012918934200000128
511.2262878	0.020509706810000004	511.9439392	0.00022692606000000032
511.3423157	0.021246461199999997	512.0603638	0.0008503589699999994
511.458374	0.017353567295	512.1768188	0.0025599882940000006
511.5744324	0.020139428790000004	512.2932129	0.00040408270500000114
511.6904602	0.019293149	512.409668	0.00033251381999999975
511.8065186	0.019870600663	512.526123	0.00027458323200000006
511.9225769	0.021720267363999998	512.6425781	0.0004172492481
512.0386353	0.022588464433000003	512.7590332	0.0014702696299999998
512.1547241	0.021930881777000002	512.8754272	-0.000990146770999999
512.270813	0.023879967627000002	512.9918823	0.00043882429599999967
512.3868408	0.025877460839999998	513.1083374	0.0001942836679999999
512.5029297	0.02349108085	513.2248535	-0.000140888619999998
512.6190186	0.020442923532	513.3413086	-0.002275716513
512.7351074	0.020872613413	513.4577637	-0.0011981196
512.8511963	0.028247231615	513.5742188	0.0010408843517999999
512.9672852	0.028517849741000002	513.6907349	9.801796999999932e-05
513.083374	0.033353598792	513.8071899	7.48299059999992e-05
513.1995239	0.032911985184	513.923645	0.00175308669
513.3156128	0.030880725939	514.0401611	-0.0003921787719999999
513.4317017	0.02785621024	514.1566772	0.0013397852889999997
513.5478516	0.027906542649999998	514.2731323	-0.0006589600820000006
513.6639404	0.0257071741	514.3896484	-0.0013254488876
513.7800903	0.027436482719	514.5061646	0.0006280448199999997
513.8961792	0.027631474659999995	514.6226807	0.0005527036199999991
514.0123291	0.03067860193	514.7391357	0.0012483708570000009
514.128418	0.02824775875	514.8556519	-0.000832215184
514.2445679	0.031386264602	514.972168	0.0012800286642
514.3607178	0.03138428554	515.0886841	-0.0006601815119999998
514.4768677	0.029510214919999996	515.2052612	0.001650427934
514.5930176	0.02864538971	515.3217773	0.0001229981430000001
514.7091675	0.030618511137	515.4382935	-0.001161883585
514.8253174	0.029302153740000003	515.5548096	0.0013627959499999988
514.9414673	0.027986527420000004	515.6713867	0.0003675157199999994
515.0576172	0.029599431435	515.7879028	0.00019456818699999968
515.1737671	0.02546500415	515.9044189	-0.0003746007570000001
515.289917	0.029025727884999998	516.0209961	0.0008228528310000004
515.4061279	0.03453406504999999	516.1375732	3.641145300000044e-05
515.5222778	0.030489664530000002	516.2540894	-0.0010123266830000001
515.6384888	0.02954913583	516.3706665	0.0010940697969999999
515.7546387	0.03075375874	516.4872437	-0.00030744354999999966
515.8708496	0.028772661470000002	516.6037598	-0.0009300587700000005
515.9869995	0.02525647823	516.7203369	0.0006777434610000001
516.1032104	0.02431663685	516.8369141	-0.00053633906286
516.2194214	0.022302953529999996	516.9534912	0.00029493682099999974
516.3355713	0.028253658674000003	517.0700684	-0.0006212173000000008
516.4517822	0.045768272129	517.1866455	-6.608106000000058e-05
516.5679932	0.05680036824	517.3032837	5.759577999999918e-05
516.6842041	0.06296934187	517.4198608	0.0019654128700000006
516.800415	0.06272662245	517.536438	-0.0005687200469999994
516.916626	0.04441710282	517.6530762	-0.00035213550999999986
517.0328369	0.0356625421	517.7696533	-0.000752923545
517.1491089	0.02736295014	517.8862305	-0.0005485797270000006
517.2653198	0.0241310671	518.0028687	0.0009757308300000003
517.3815308	0.020082080734000002	518.1194458	0.00069100433
517.4978027	0.015640627939	518.236084	-0.0011929008180000004
517.6140137	0.01667193696	518.3527222	-0.0005484968430000004
517.7302856	0.01464273967	518.4693604	0.001196288509999999
517.8464966	0.017616690373	518.5859375	-0.000134412432
517.9627686	0.017316847575	518.7025757	0.003027055877999999
518.0789795	0.0208866559	518.8192139	0.0014016162599999986
518.1952515	0.01688376256	518.9358521	0.0010844618099999995
518.3115234	0.021636860677999997	519.0524902	0.0012654392049999998
518.4277954	0.015262748113	519.1691284	-0.00037219264739999996
518.5440674	0.017221014019999998	519.2858276	-0.0015730978899999998
518.6603394	0.014663814570000001	519.4024658	0.002422955816000001
518.7766113	0.020774408245	519.519104	-7.913447999999962e-06
518.8928833	0.01793863822	519.6357422	0.0013180670790000001
519.0091553	0.0419844035	519.7524414	0.000456272159
519.1254272	0.02887094673	519.8690796	0.004449811997
519.2416992	0.021494980432000002	519.9857788	-0.00020246021500000023
519.3580322	0.01998540014	520.102417	0.0023860922090000007
519.4743042	0.02006339934	520.2191162	-0.0003929156800000014
519.5906372	0.019251555205	520.3358154	-0.0002473182980000004
519.7069092	0.01772779506	520.4524536	0.00016059786867
519.8232422	0.01336622425	520.5691528	0.0006045601329999995
519.9395142	0.0170696918	520.6858521	-0.0006512738800000008
520.0558472	0.0141356884242	520.8025513	0.0002864326820000004
520.1721802	0.011556398588000002	520.9192505	-0.00028184638399999986
520.2884521	0.011596886439999999	521.0359497	-0.0010672556230000001
520.4047852	0.01282014232	521.1526489	-0.0012621460499999994
520.5211182	0.008412928786000001	521.2693481	-0.0011424908296000002
520.6374512	0.012927171775	521.3860474	0.0012614541333599999
520.7537842	0.01546464861	521.5028076	0.0010238161780000002
520.8701172	0.011350916700000001	521.6195068	0.0007229819899999997
520.9864502	0.012289331093900001	521.7362061	-6.713531999999987e-05
521.1027832	0.012344969788	521.8529663	-0.003196603153
521.2191772	0.014357058329999998	521.9696655	0.0007874588479999996
521.3355103	0.010203028099999999	522.0864258	0.001997414045
521.4518433	0.00656838482	522.203125	-0.0006121436599999999
521.5682373	0.009299472909999999	522.3198853	0.0009669183056
521.6845703	0.011146693489	522.4366455	0.003815548959999999
521.8009644	0.012293907817999999	522.5534058	-0.0004045027310000003
521.9172974	0.013680897891	522.670105	0.0009628380650000008
522.0336914	0.013134105130999999	522.7868652	0.0005488963799999995
522.1500854	0.014740907588	522.9036255	7.495935999999974e-05
522.2664185	0.02431591787	523.0203857	0.0006580185139999999
522.3828125	0.024317163973000003	523.137146	-0.0008102129220000003
522.4992065	0.019195022064	523.2539062	-0.00020804628700000008
522.6156006	0.016672443600000003	523.3707275	0.0003165947299999996
522.7319946	0.014528887339999998	523.4874878	-0.0002730460899999995
522.8483887	0.01075187512	523.604248	0.0010019321929999997
522.9647827	0.011594821933	523.7210083	0.0006497874899999978
523.0811768	0.011390616185	523.8378296	0.0006235265180000006
523.1976318	0.014378637070000002	523.9545898	0.0006104670499999989
523.3140259	0.015562112443	524.0714111	-0.00018999376300000027
523.4304199	0.010222688782999999	524.1881714	0.002138229553
523.546875	0.014739522710000001	524.3049927	0.0005552293700000002
523.663269	0.013719622050000001	524.421814	0.00018585007000000014
523.7797241	0.013793768593000001	524.5385742	-0.0008488208115
523.8961182	0.018630769106999998	524.6553955	0.0016958094210000009
524.0125732	0.016623360104	524.7722168	-0.0005277274200000005
524.1289673	0.018347164609999998	524.8890381	0.001743680797
524.2454224	0.017238074447	525.0058594	0.00028880495025999996
524.3618774	0.019096043896	525.1226807	8.922931799999973e-05
524.4783325	0.02146732807	525.239502	7.329974299999983e-05
524.5947876	0.01891119778	525.3563232	4.361012000000247e-05
524.7112427	0.018104388849	525.4731445	0.0016096616164000001
524.8276978	0.014418292905	525.5900269	-0.00042663534986
524.9441528	0.013802403584000002	525.7068481	0.0024496074699999967
525.0606079	0.018652828410000002	525.8236694	6.069056999999725e-05
525.177063	0.017750023397	525.9405518	-0.0009773125345999998
525.2935181	0.016636941114999998	526.057373	-0.00035580014800000014
525.4100342	0.02385432832	526.1742554	0.0014528222400000002
525.5264893	0.027023859330000004	526.2910767	0.0012627823739999999
525.6429443	0.019950574263	526.407959	0.00045499135700000017
525.7594604	0.02215275681	526.5248413	-0.001597603085
525.8759155	0.020650409157	526.6417236	0.0002014948990000003
525.9924316	0.01958653144	526.7585449	0.00048092007999999895
526.1089478	0.019758552317	526.8754272	0.0001041151120000001
526.2254028	0.021739258892999998	526.9923096	0.00042144814499999947
526.3419189	0.018284901452799998	527.1091919	-2.958439000000021e-05
526.4584351	0.022451343020000004	527.2260742	-0.0006250604049999999
526.5749512	0.02083230112	527.3429565	0.0015397756360000002
526.6914673	0.021341295910000002	527.4598389	-0.00035189825600000007
526.8079834	0.01940268278	527.5767822	-0.00019995681800000047
526.9244995	0.019459251309999998	527.6936646	0.004602334229
527.0410156	0.018499250057	527.8105469	-0.00040597328900000016
527.1575317	0.019890241322	527.9274902	0.000673461764
527.2740479	0.01673368085	528.0443726	-0.0001292177470000001
527.390564	0.015604587280000002	528.1613159	-5.286745000000065e-05
527.5071411	0.022284348028	528.2781982	0.010680835698000001
527.6236572	0.017897689251	528.3951416	0.0003416463740000004
527.7401733	0.016483973719999996	528.5120239	-0.00027091056000000044
527.8567505	0.015232272445	528.6289673	0.0005115454549999999
527.9732666	0.016788162519	528.7459106	-0.00020586396569999992
528.0898438	0.017464929730000002	528.862854	0.0013233805099999996
528.2064209	0.0180899743	528.9797974	0.0014696056050000003
528.322937	0.01550853998	529.0966797	0.0022023511120000004
528.4395142	0.017807265723899998	529.213623	0.0014055909120000002
528.5560913	0.016031641513	529.3306274	0.0007361117799999997
528.6726685	0.01829378028	529.4475708	0.00035213213999999923
528.7892456	0.012576182370000001	529.5645142	-0.0004180008499999992
528.9058228	0.015073127113	529.6814575	-0.0008116243116
529.0223999	0.017028972041	529.7984009	-0.0018544083000000002
529.1389771	0.014929105528	529.9154053	0.0011581666799999994
529.2555542	0.013361737129999999	530.0323486	-0.0009001679719999999
529.3721313	0.015394315355	530.149292	0.0011857207870000002
529.4887085	0.015130469571000001	530.2662964	-0.00027954536189999995
529.6053467	0.015222540129999997	530.3832397	0.0006692148700000004
529.7219238	0.01295071561	530.5002441	0.0008814465260000015
529.838562	0.01524434448	530.6172485	0.00041582598399999985
529.9551392	0.014300446491	530.7341919	-0.0003300029779999998
530.0717773	0.015145679939999997	530.8511963	-0.0012037418800000012
530.1883545	0.015034796670000003	530.9682007	0.00036319799199999994
530.3049927	0.013792469166	531.0852051	0.000589223580000001
530.4216309	0.013791047502000001	531.2022095	0.001928666610000001
530.538208	0.011094719525	531.3192139	0.00186081976
530.6548462	0.01328888629	531.4362183	0.0030343383499999987
530.7714844	0.014463279167000001	531.5532227	-0.001111734659
530.8881226	0.016272892478	531.6702271	0.0005827240384
531.0047607	0.021837825425999997	531.7872314	7.761734999999978e-05
531.1213989	0.022043238394000002	531.9042969	-0.001576466486000001
531.2380371	0.022182110701999998	532.0213013	0.0003610987909999999
531.3546753	0.02113078395	532.1383057	0.001202018
531.4713135	0.022743715668	532.2553711	0.0006812550099999995
531.5880127	0.020919695760999998	532.3723755	0.0003157891300000007
531.7046509	0.019287417641	532.4894409	0.0008784935339999998
531.8212891	0.015653846781	532.6064453	0.0014741010999999998
531.9379883	0.019091606608	532.7235107	-0.00019495188999999954
532.0546265	0.019596617672	532.8405762	-0.0006408002230000008
532.1713257	0.02287378768	532.9575806	-0.0008297599929300001
532.2879639	0.023086592085	533.074646	0.0004907408584
532.4046631	0.021385448988	533.1917114	0.0013141184999999993
532.5213623	0.02397697977	533.3087769	0.0023599490600000016
532.6380005	0.025795097118	533.4258423	0.001023958321
532.7546997	0.023539653509000003	533.5429077	1.4848192000000131e-05
532.8713989	0.024808187970000003	533.6599731	0.0013421326899999992
532.9880981	0.02619487978	533.7770386	0.0013625817399999986
533.1047974	0.027436323462	533.894104	0.0010186922740000005
533.2214966	0.031444820573	534.0112305	-0.0011176066469999989
533.3381958	0.030307331590000004	534.1282959	-0.0009583821811
533.454895	0.031342557169	534.2453613	0.0022990666300000025
533.5715942	0.02985234372	534.3624878	-0.001853708644
533.6883545	0.030239809306	534.4795532	0.0007973634640000005
533.8050537	0.028535456398	534.5966797	-9.351549600000036e-05
533.9217529	0.02992922906	534.7137451	-0.0009602326899999999
534.0385132	0.030658077439999997	534.8308716	-0.0014341800700000001
534.1552124	0.0266803524	534.947998	-0.00021027587299999977
534.2719727	0.029422476417	535.0650635	0.00020740180999999705
534.3886719	0.029349145712999996	535.1821899	0.0012510754199999991
534.5054321	0.027192399837000003	535.2993164	0.0013313638050000002
534.6221924	0.0320801619629	535.4164429	0.0017737961606
534.7388916	0.03184841387	535.5335693	0.0016578417199999973
534.8556519	0.033301345077	535.6506958	0.0009438116100000012
534.9724121	0.033695936205000006	535.7678223	-0.00030342116899999966
535.0891724	0.032457648314	535.8849487	0.0017184639579999998
535.2059326	0.031155215108999997	536.0020752	0.0003166422199999998
535.3226929	0.03322737385	536.1192017	0.00290591829
535.4394531	0.040346617813	536.2363892	0.0007061157380000007
535.5562134	0.0381395698027	536.3535156	0.0006718130319999997
535.6729736	0.03783265222	536.4706421	0.0010073171000000002
535.7897339	0.037027933400000004	536.5878296	-0.00027176458000000014
535.9065552	0.040869834136000004	536.7049561	0.000230911187
536.0233154	0.037916795818	536.8221436	0.0020092041229999996
536.1400757	0.03739880491	536.93927	0.0006440216640000006
536.256897	0.037647924847	537.0564575	-4.156492000000067e-05
536.3736572	0.035472358113	537.173645	0.001091650221
536.4904785	0.036524738646000005	537.2908325	-0.0010907994579999998
536.6072388	0.036983921200000006	537.407959	-0.001282072627000001
536.7240601	0.033584941292	537.5251465	0.00041943159800000027
536.8408813	0.034678871981	537.642334	0.0007512229489999994
536.9576416	0.032269253392	537.7595215	-0.0006189877200000003
537.0744629	0.033036553304999994	537.876709	-0.0002741608770000011
537.1912842	0.032377747348	537.9938965	0.0009256061099999977
537.3081055	0.035183992705	538.111084	0.0016423035409999995
537.4249268	0.033136695161	538.2283325	0.00015350525000000156
537.541748	0.033306405417	538.34552	0.000437875511
537.6585693	0.031925811903000006	538.4627075	0.0007564891099999995
537.7753906	0.031239308421999998	538.579895	0.0008508218420000008
537.8922119	0.031380345118	538.6971436	-0.0014385920950000007
538.0090942	0.03169319592	538.8143311	9.202817499999981e-05
538.1259155	0.031057317738000002	538.9315796	-0.0006395550399999998
538.2427368	0.029241915322	539.0487671	0.00045755319299999996
538.3596191	0.028054657622	539.1660156	0.001131100114
538.4764404	0.028761760334	539.2832642	-8.775107000000108e-05
538.5933228	0.026523996613	539.4004517	0.0011943904719999999
538.710144	0.027319763084000002	539.5177002	0.0025578299520000007
538.8270264	0.024630384524	539.6349487	0.0014925450099999987
538.9439087	0.0259632491545	539.7521973	0.001448954921
539.06073	0.027316159572	539.8694458	-0.0001466413959999996
539.1776123	0.024182078426000002	539.9866943	-0.00027724448600000007
539.2944946	0.026174815839	540.1039429	8.479691999999442e-06
539.411377	0.023984674365	540.2211914	0.0009006615730000004
539.5282593	0.024098966274999998	540.3384399	-1.651234900000055e-05
539.6451416	0.025423626413	540.4556885	-5.9687241440000005e-05
539.7620239	0.026004823391	540.572937	-0.0020262878389999996
539.8789062	0.025770015081999997	540.6902466	-0.00023894477599999998
539.9957886	0.021653706951300002	540.8074951	0.003153650091
540.1126709	0.023857409835000003	540.9248047	-0.0015331255279999994
540.2295532	0.021035814662	541.0420532	0.001329039223000001
540.3464966	0.023529394525	541.1593628	-0.0012149158900000012
540.4633789	0.025414409116	541.2766113	-0.001384245230000001
540.5802612	0.0261700344266	541.3939209	-0.001248518005
540.6972046	0.024136533033	541.5111694	0.0006345217110000001
540.8140869	0.026582355379	541.628479	-0.0019529163799999992
540.9310303	0.025223708709000002	541.7457886	-7.606763400000004e-05
541.0479736	0.02683716361	541.8630981	-0.0005771769210000006
541.164856	0.026872497987	541.9804077	0.001901398413
541.2817993	0.028272296300999998	542.0976562	-0.0006319172700000007
541.3987427	0.029158397113	542.2149658	-0.0003413651100000019
541.515686	0.026343912822	542.3323364	-0.0011650146919999996
541.6325684	0.030799183528999997	542.449646	3.362423700000025e-05
541.7495117	0.02902526222	542.5669556	-0.000493994914
541.8664551	0.028934019148	542.6842651	0.0014303331259999993
541.9833984	0.0287680598568	542.8015747	0.0011908328159999995
542.1004028	0.025837809775	542.9188843	1.0246410999999872e-05
542.2173462	0.02949545253	543.0362549	0.00156220514
542.3342896	0.036539575313	543.1535645	0.001598238950000004
542.4512329	0.038459481266199996	543.2709351	0.0009315719942
542.5681763	0.034868675752	543.3882446	-0.0016122991180000015
542.6851807	0.029310232029	543.5056152	0.0013041775660000005
542.802124	0.030624791984999997	543.6229248	0.0005029104599999987
542.9191284	0.030711543747	543.7402954	-0.0008005341499999988
543.0360718	0.030015270224000003	543.857666	-4.1682040300000016e-05
543.1530762	0.032774017888	543.9750366	0.00016884133000000072
543.2700195	0.030230383389999997	544.0923462	9.896606000000044e-05
543.3870239	0.034375043008	544.2097168	-0.0018378027593999998
543.5040283	0.032609837600000004	544.3270874	-0.0017463889087999999
543.6209717	0.032489172188	544.444458	0.000219583045
543.7379761	0.028064995078	544.5618286	-0.0005866303109999995
543.8549805	0.031666834257	544.6791992	-0.0009355731299999998
543.9719849	0.03133378736	544.7965698	0.000651044305
544.0889893	0.033207132949999996	544.9140015	-0.0026789233099999976
544.2059937	0.035875802862000004	545.0313721	-0.00012108125000000192
544.322998	0.0361259052849	545.1487427	0.0007158531810000004
544.4400024	0.032420021832	545.2661133	0.0005086986639
544.5570068	0.03493368346	545.3835449	3.655394500000006e-05
544.6740723	0.033602671001	545.5009155	0.0011598272199999995
544.7910767	0.033945459873	545.6183472	0.00022841989999999868
544.9080811	0.028228142296	545.7357178	0.00041565997499999965
545.0251465	0.030719600621	545.8531494	0.0006276657799999998
545.1421509	0.03278674931	545.9705811	-0.0011007040739999998
545.2592163	0.033828939081	546.0879517	0.001757890219
545.3762207	0.045746535059999996	546.2053833	-0.0024473823149999997
545.4932861	0.054187952543999995	546.3228149	4.0871090000000124e-05
545.6102905	0.04313779622	546.4402466	-0.002853685989999997
545.727356	0.040382737755	546.5576782	0.0012751654730000003
545.8444214	0.032100954097	546.6750488	-0.0012291008600000004
545.9614868	0.034445862289	546.7924805	-0.0014576893299999977
546.0785522	0.0355617853371	546.9099731	0.0009019067500000005
546.1956177	0.031930961648	547.0274048	-0.00013589486400000014
546.3126221	0.0315524207	547.1448364	0.0006517083389999999
546.4296875	0.030378943309999996	547.2622681	0.00104954279
546.546814	0.027295377574999998	547.3796997	-3.328453999999932e-05
546.6638794	0.029976612888	547.4971924	0.0006133969870000013
546.7809448	0.02977216803	547.614624	0.0020166058099999997
546.8980103	0.03135659824999999	547.7320557	0.001928405838999999
547.0150757	0.031135368164999996	547.8495483	-0.00021632574000000036
547.1322021	0.031108468769999998	547.96698	-0.00055510334641
547.2492676	0.031366341983	548.0844727	0.0016650293544000002
547.366333	0.03342615813	548.2019653	-0.0016435645600000014
547.4834595	0.03171356115	548.319397	0.0014234296999999993
547.6005249	0.030391568315	548.4368896	0.002852709497999999
547.7176514	0.030145194851	548.5543823	0.00017697829800000005
547.8347778	0.030135438772999998	548.671875	0.0025361236199999988
547.9518433	0.026621283153	548.7893066	-0.00083609485
548.0689697	0.026325228157	548.9067993	-0.0008133915250000002
548.1860962	0.022318887519999997	549.024292	8.20290289999994e-05
548.3032227	0.02435738314	549.1417847	0.0006779213440000001
548.4203491	0.024585294533	549.2592773	-0.00011989473999999764
548.5374146	0.024276067505	549.3768311	0.0005434518679999999
548.654541	0.024046992882	549.4943237	-0.0008447882720000006
548.7716675	0.024021946362000002	549.6118164	0.00027761887999999853
548.888855	0.024722424102000002	549.7293091	-0.00041138194499999985
549.0059814	0.02222552336	549.8468628	0.00052722575854
549.1231079	0.023911271706	549.9643555	0.00038885325000000137
549.2402344	0.022197277753	550.0818481	-0.0002485420499999981
549.3573608	0.024556809101	550.1994019	-0.001108353958
549.4745483	0.02161429147	550.3168945	-0.0006471458475000001
549.5916748	0.037365661932	550.4344482	-0.0015947083009999995
549.7088623	0.06352668045700001	550.552002	-0.0004132576300000003
549.8259888	0.066070537782	550.6694946	0.0008410715969999999
549.9431763	0.049171442635	550.7870483	-0.00114225360466
550.0603027	0.040636911989	550.9046021	0.0014379825500000012
550.1774902	0.033433989854	551.0221558	0.0003146026300000007
550.2946167	0.029122929322000002	551.1397095	-0.0005041025600000006
550.4118042	0.026965972035	551.2572021	0.0006421599540000003
550.5289917	0.02409745986	551.3747559	-0.0012654787860000008
550.6461792	0.02505663503	551.4923096	-1.4662740000000868e-05
550.7633667	0.031727081627	551.6099243	-0.00044659758000000025
550.8805542	0.030370016114	551.727478	0.0014834944159999998
550.9977417	0.027242460757	551.8450317	0.0013030865230000003
551.1149292	0.030191652482	551.9625854	9.644123999999997e-05
551.2321167	0.026681126325000002	552.0801392	0.0008215955459999999
551.3493042	0.026607574896000002	552.1977539	-0.0012899010899999998
551.4664917	0.022797159852000003	552.3153076	-0.0011190767400000006
551.5836792	0.023229011339000002	552.4329224	-0.0008753901399999996
551.7009277	0.024118950477499998	552.5504761	0.0003351224600000001
551.8181152	0.023083086013	552.6680908	0.0005975151429999997
551.9353027	0.02209821623	552.7856445	0.0014411378700000012
552.0525513	0.022139519914	552.9032593	0.0017637610400000007
552.1697388	0.023050435822	553.020813	0.0010235196092
552.2869873	0.025119112569999998	553.1384277	0.001874117179999999
552.4041748	0.02584384754	553.2560425	0.0007577352199999998
552.5214233	0.025357093191999996	553.3736572	0.00016505736799999997
552.6386719	0.026286324484	553.491272	-2.0936829999999764e-05
552.7559204	0.029861622493999998	553.6088867	-0.0005356748589999999
552.8731079	0.023418645842	553.7265015	0.0017357450000000003
552.9903564	0.021161474755	553.8441162	-0.00014099664999999914
553.107605	0.027280996451309998	553.961731	-0.002028802409999999
553.2248535	0.025177594737	554.0793457	0.0004022214569999998
553.3421021	0.023532410618	554.1969604	-0.0005698706949999995
553.4593506	0.028839515988999996	554.3145752	0.00032913265699999975
553.5765991	0.028939558661	554.432251	0.0011247889999999993
553.6938477	0.026703585873	554.5498657	0.0027310019360000004
553.8110962	0.03018943593	554.6674805	-0.00047322642000000026
553.9284058	0.029309495820000003	554.7851562	0.0019818167199999997
554.0456543	0.029449054973000002	554.902771	-5.054811500000006e-06
554.1629028	0.028730505085600003	555.0204468	-0.0005854563789999996
554.2802124	0.03011588287	555.1380615	-0.00045928917800000003
554.3974609	0.028856509362000002	555.2557373	0.0016732020299999994
554.5147705	0.027358444173	555.3734131	0.0001715328499999995
554.632019	0.0257563166132	555.4910278	-0.0011746818199999997
554.7493286	0.026116486640000002	555.6087036	-1.2099740000000303e-05
554.8665771	0.025661089456	555.7263794	0.0007755029899999995
554.9838867	0.026261622089	555.8440552	-0.0004387218509999992
555.1011963	0.024591936264	555.961731	0.001990748104
555.2185059	0.02399823535	556.0794067	-0.0005212277199999997
555.3357544	0.02409862401	556.1970825	0.0020723761989999995
555.453064	0.025851175709	556.3147583	0.002049578360000002
555.5703735	0.027979402807	556.4324341	0.0014418147039999998
555.6876831	0.028689472005	556.5501099	0.0037227710710000003
555.8049927	0.029402454382000003	556.6677856	0.002004956829999998
555.9223022	0.04983132751200001	556.7854614	0.0013889376426
556.0396118	0.078569179867	556.9031982	0.0008312035400000004
556.1569824	0.07485508802100001	557.020874	0.002236641478
556.274292	0.053586442490000004	557.1386108	0.0010562073500000012
556.3916016	0.044110308866	557.2562866	0.0007537258749999998
556.5089111	0.03780412162	557.3740234	0.00030070171200000106
556.6262817	0.033845733854000006	557.4916992	-0.0009171292189999996
556.7435913	0.028859279585	557.609436	0.000641970429
556.8609619	0.026550527198999998	557.7271118	-0.0003712438629
556.9782715	0.026627325921999997	557.8448486	-0.00035749701799999995
557.0956421	0.022906525060000002	557.9625854	-0.0005694315770000003
557.2129517	0.024570163222	558.0803223	-0.0012646373359999994
557.3303223	0.035096794370999995	558.197998	-0.0006497791040000001
557.4476929	0.043882361384	558.3157349	0.0008329106509999996
557.5650024	0.03519545868	558.4334717	-0.0008426653220000007
557.682373	0.031962632664000006	558.5512085	-0.0008957795800000005
557.7997437	0.02755181584	558.6689453	-0.0018069641659999996
557.9171143	0.025759846438	558.7866821	-0.002185927355
558.0344849	0.023832879034	558.9044189	0.001925808377
558.1518555	0.021952937593	559.0222168	-0.00026924907999999886
558.2692261	0.020829875026	559.1399536	-0.0017852820400000025
558.3865967	0.02566476655	559.2576904	0.001093701925
558.5039673	0.024189596993999998	559.3754883	5.842558999999935e-05
558.6213379	0.027069296224	559.4932251	0.0016063526200000011
558.7387695	0.024050449948999998	559.6109619	0.00027050321294
558.8561401	0.023162471599999998	559.7287598	0.0017932839695
558.9735107	0.02145752963	559.8464966	-3.4506440000000096e-05
559.0909424	0.024735485671	559.9642944	-0.000788293312999999
559.208313	0.021386785902	560.0820923	0.001130613964
559.3257446	0.019246211271999998	560.1998291	0.0006029589570000003
559.4431152	0.019410087263	560.317627	-0.0018372442500000016
559.5605469	0.01978728082	560.4354248	-0.0002719545699999999
559.6779175	0.020394039687	560.5531616	0.00028875751741999997
559.7953491	0.019758367913	560.6709595	-0.0021888095650000002
559.9127808	0.0197149550084	560.7887573	0.0022949390129999997
560.0301514	0.019130619941	560.9065552	0.0004637558
560.147583	0.018986924553	561.024353	-0.0001408532300000015
560.2650146	0.017311894334	561.1421509	0.0009624827660000002
560.3824463	0.019577994009	561.2599487	0.00038593541799999964
560.4998779	0.020880793919000003	561.3777466	0.001412422862
560.6173096	0.02280059212	561.4956055	-0.0003477707499999986
560.7347412	0.041131267211	561.6134033	-0.0010513734300000002
560.8521729	0.063880380241	561.7312012	-0.0012195408400000017
560.9696045	0.061286461773	561.8490601	0.0013526193799999996
561.0870361	0.044277298729	561.9668579	0.002492510248
561.2045288	0.03490804322	562.0846558	0.001186586683
561.3219604	0.028803065653000004	562.2025146	0.0006060078739999995
561.4393921	0.023907043039	562.3203125	-0.0017408849649999999
561.5568848	0.020095445678	562.4381714	0.0012773242780000004
561.6743164	0.021971917009000003	562.5560303	0.002164015547
561.7918091	0.019916996361	562.6738281	-0.0010477202009999999
561.9092407	0.020070730009	562.791687	0.0004037627950000001
562.0267334	0.018922815801999997	562.9095459	0.0008270517000000012
562.144165	0.020922380037	563.0273438	0.0019950181595
562.2616577	0.017962280199	563.1452026	0.00048039761000000063
562.3791504	0.01976820407	563.2630615	-0.0015343464899999978
562.4966431	0.0208636907894	563.3809204	-0.001183648594
562.6140747	0.018423248082	563.4987793	0.0006005039031
562.7315674	0.018696096263	563.6166382	0.0008337404599999994
562.8490601	0.021891711280000004	563.7344971	0.00040828157000000025
562.9665527	0.017551956812	563.852356	8.395872999999998e-06
563.0840454	0.015785291796000002	563.9702759	-0.0009257886599999994
563.2015381	0.01665879413	564.0881348	-0.001158289844
563.3190308	0.017602742187	564.2059937	-0.0017410749589999996
563.4365234	0.0209011083971	564.3239136	0.0004297625269999994
563.5540771	0.021316519472	564.4417725	0.00045190751499999977
563.6715698	0.026313742620000004	564.5596313	0.0020380979400000006
563.7890625	0.027750486394	564.6775513	-0.0003486485230000001
563.9066162	0.026379591315999998	564.7954102	-0.000480200396
564.0241089	0.023464484136	564.9133301	-0.00033357285400000014
564.1416016	0.019202565772	565.031189	0.00041038170000000027
564.2591553	0.021331809691	565.1491089	-0.0004189498699999992
564.3766479	0.021467421207	565.2670288	0.0006155678999999999
564.4942017	0.019925932869	565.3849487	-0.0005010165039999999
564.6117554	0.01746890601	565.5028076	0.0004219342949999998
564.729248	0.018471065681	565.6207275	0.0021857926599999997
564.8468018	0.019021929245	565.7386475	-7.501197999999938e-05
564.9643555	0.023175678685	565.8565674	0.0007996764040000002
565.0818481	0.028971523973000003	565.9744873	7.344177e-05
565.1994019	0.042878559787000003	566.0924072	-0.000787297264
565.3169556	0.048544713762	566.2103271	-0.0003347945386
565.4345093	0.039744662125	566.3282471	4.5806169999999986e-05
565.552063	0.0339533221	566.446167	-8.55214900000005e-05
565.6696167	0.02737237327	566.5641479	0.001230354421
565.7871704	0.024383778105	566.6820679	-0.000411132816
565.9047241	0.021563517859	566.7999878	0.00169979455
566.0223389	0.023042162417000002	566.9179688	0.0019444893120000003
566.1398926	0.024154887537	567.0358887	-0.0005908172462
566.2574463	0.026721486824999998	567.1538086	0.00140742914698
566.375	0.02628871612	567.2717896	-0.000171917258
566.4926147	0.02505244408	567.3897095	0.0035579488610000005
566.6101685	0.024626082741	567.5076904	0.0002356076149999998
566.7277832	0.024104189125	567.6256714	-0.0003543654459999999
566.8453369	0.022768346128	567.7435913	1.584435799999997e-05
566.9629517	0.02789260075	567.8615723	-0.00018255691899999975
567.0805054	0.026940559731	567.9795532	0.0008803317329999999
567.1981201	0.027380072047999998	568.0975342	0.0012388112949999995
567.3157349	0.027282417282000003	568.2155151	3.536743999999967e-05
567.4332886	0.031752084380000004	568.3334351	0.0009016348099999995
567.5509033	0.034430413037	568.451416	0.0039011854699999987
567.6685181	0.033139110539	568.569397	-0.00021266005899999926
567.7861328	0.035074283133	568.6873779	0.001033920800000001
567.9037476	0.031021098137	568.8054199	0.00023049488999999854
568.0213623	0.033036469480000004	568.9234009	0.0031826272599999976
568.1389771	0.0321367779412	569.0413818	5.890057000000094e-05
568.2565918	0.035319323414	569.1593628	0.0014598439449999999
568.3742065	0.034447394781	569.2773438	0.0012670997529999999
568.4918213	0.037837372398	569.3953857	0.00013727880999999872
568.609436	0.037712535817	569.5133667	0.000583898276
568.7270508	0.036673899512	569.6313477	-0.0002933992070000002
568.8447266	0.031227490868999997	569.7493896	0.0015629632400000013
568.9623413	0.031810224059	569.8673706	0.000555264770000001
569.0799561	0.034527709704	569.9854126	0.00012534647299999998
569.1976318	0.037108926571	570.1034546	0.000998587347999999
569.3152466	0.033675814977	570.2214355	0.00031189853299999973
569.4329224	0.032582341696	570.3394775	0.0012832074430000001
569.5505371	0.027939163846999997	570.4575195	-0.000957433251
569.6682129	0.030444560808	570.5755005	0.0009088581430000001
569.7858887	0.030381163584000004	570.6935425	0.0012689977900000003
569.9035034	0.028291052211999998	570.8115845	0.000308055547
570.0211792	0.026244334178	570.9296265	0.00184336165
570.138855	0.027060146445999998	571.0476685	8.60624720000001e-05
570.2565308	0.031922186719999995	571.1657104	0.0018600970499999987
570.3742065	0.027890726919999997	571.2837524	-0.00038340222500000097
570.4918213	0.024461545981	571.4017944	0.000987177016
570.6094971	0.027227797078	571.5198364	0.0018698950299999998
570.7271729	0.02721711993	571.6378784	0.0009788256099999976
570.8449097	0.026451131332	571.7559814	0.0021350495500000004
570.9625854	0.024760824626	571.8740234	0.0010717241089999996
571.0802612	0.023990410841	571.9920654	-0.0011222793250000001
571.197937	0.023415052329999998	572.1101685	0.0002193935210000001
571.3156128	0.027298356176000002	572.2282104	-0.0005679614839999986
571.4332886	0.024120629763	572.3463135	0.0006275586799999993
571.5510254	0.022578492761	572.4643555	0.00073640887
571.6687012	0.0230204612	572.5824585	0.0010085743849999997
571.786438	0.021611141509000002	572.7005005	0.002000071109
571.9041138	0.021883089092	572.8186035	1.3839970000000001e-05
572.0218506	0.020792749706	572.9367065	2.910522700000015e-05
572.1395264	0.018470013051	573.0547485	0.00028525851999999796
572.2572632	0.019129161253	573.1728516	0.00012605800299999963
572.374939	0.022351894296999998	573.2909546	0.0007782075599999973
572.4926758	0.021056411324	573.4090576	0.0016235271470000003
572.6104126	0.020198976618	573.5271606	0.0004230365150000009
572.7281494	0.020709563517000002	573.6452637	-0.0008663628200000009
572.8458252	0.018305805978000002	573.7633667	0.00100456550716
572.963562	0.022108252630999997	573.8814697	0.0009090597749999993
573.0812988	0.021028056276	573.9995728	0.002093038517999999
573.1990356	0.023324238603	574.1176758	-0.00012530386999999935
573.3167725	0.023161564486	574.2357788	0.00024758744999999957
573.4345093	0.021358828987999998	574.3538818	-0.00040791847279999995
573.5522461	0.020033545091000002	574.4719849	0.00024001952199999982
573.6699829	0.020446514707000003	574.5901489	0.0016500488849999998
573.7877808	0.020057769493	574.708252	-0.0009442912419999998
573.9055176	0.020714430605	574.826416	0.00032371236100000016
574.0232544	0.025754466190000002	574.944519	-0.0011011194440000002
574.1409912	0.033040500943000005	575.0626221	-0.0006348583900000031
574.2587891	0.037467618471	575.1807861	0.0009109098460000002
574.3765259	0.030386188075310003	575.2989502	0.0016970904549999995
574.4943237	0.027140935879999994	575.4170532	-0.0003266343900000003
574.6120605	0.023382463957	575.5352173	0.00011033052600000013
574.7298584	0.022405252796	575.6533813	0.000363043859
574.8475952	0.025208971235000002	575.7714844	0.0010400540777999998
574.9653931	0.022684767845	575.8896484	-5.752849400000003e-05
575.0831909	0.021538435717	576.0078125	-0.0008043656200000006
575.2009277	0.023314451799	576.1259766	0.0017216305710000004
575.3187256	0.022297640331999997	576.2441406	0.0006993068400000003
575.4365234	0.024510514918999998	576.3623047	-0.0015697646899999994
575.5543213	0.023890256882	576.4804688	-6.599909999999848e-05
575.6721191	0.021807919719	576.5986328	-0.0005714243749999999
575.789856	0.023520797493	576.7167969	-0.001287398511
575.9076538	0.022967850794	576.8349609	0.0010615698989999995
576.0254517	0.02561754361	576.953125	-0.001451378921
576.1433105	0.023158685069000002	577.0712891	-0.00015368685099999974
576.2611084	0.02062264783	577.1895142	0.0010774640832
576.3789062	0.025528639791	577.3076782	0.0006416621619999997
576.4967041	0.027237324975999996	577.4258423	0.002203572544999999
576.614502	0.025987585076000002	577.5440674	0.0014738272799999994
576.7323608	0.028427561509000002	577.6622314	0.0006366566523999999
576.8501587	0.02609061124	577.7804565	0.0008275732400000006
576.9679565	0.021593288517	577.8986206	8.943094799999983e-05
577.0858154	0.021433482876	578.0168457	0.001918656286
577.2036133	0.024990242909	578.1350708	0.000598511193
577.3214722	0.028915982923000003	578.2532349	0.0008489470899999997
577.43927	0.02861593233	578.37146	-0.0003262543999999999
577.5571289	0.032231993043	578.4896851	0.0016974103640000002
577.6749268	0.031011313203	578.6079102	0.00048741977700000015
577.7927856	0.025773162949999998	578.7260742	-0.0020554307849999995
577.9106445	0.023078966889	578.8442993	0.0023792944899999995
578.0285034	0.0258134019673	578.9625244	0.0008804621179999998
578.1463013	0.025685278235	579.0807495	-0.00024170835899999985
578.2641602	0.026747836736	579.1989746	0.0004446245700000014
578.382019	0.0247209417305	579.3171997	-0.0014472510710000011
578.4998779	0.02465271019	579.4354248	0.00016479659800000025
578.6177368	0.024271030093	579.5537109	0.0008123079399999997
578.7355957	0.023250368427999997	579.671936	5.196780000008006e-07
578.8534546	0.024341149253000002	579.7901611	0.0016380101500000008
578.9713135	0.026812839789999997	579.9083862	0.0001589374149999997
579.0891724	0.0243455488251	580.0266724	0.0009020138500000011
579.2070923	0.023683288601000003	580.1448975	0.00180775486
579.3249512	0.020489266844	580.2631226	-0.00032081035900000023
579.4428101	0.020906367339	580.3814087	-0.0009906804190000004
579.5606689	0.019995474951	580.4996338	-0.00021339581000000274
579.6785889	0.018733123784	580.6179199	-0.00027214456000000144
579.7964478	0.021714715285	580.736145	0.0011295820580000003
579.9143677	0.021132157185	580.8544312	-0.0008976534010000006
580.0322266	0.017721457877	580.9727173	0.0026401928619999996
580.1501465	0.022702054119000004	581.0909424	0.000457399059
580.2680054	0.022239844778	581.2092285	-0.0006508110089999998
580.3859253	0.02519299451	581.3275146	9.249430000000253e-06
580.5038452	0.02277643979	581.4458008	0.0009737862239999999
580.6217041	0.018485327250000003	581.5640869	-0.0014068288699999997
580.739624	0.020241052841	581.682373	-0.0007793735710000006
580.8575439	0.018987831659	581.8006592	0.0001275050459999998
580.9754639	0.016603767869000002	581.9189453	-0.00019727647999999952
581.0933838	0.01850282215	582.0372314	0.00049996842
581.2113037	0.017045083221	582.1555176	-0.0026110422330000004
581.3292236	0.017048048787	582.2738037	-0.0003000411670000002
581.4471436	0.016400819179999998	582.3920898	0.0015030181970000006
581.5650635	0.01942442078	582.510376	-0.0002171434500000003
581.6829834	0.013224943541	582.6287231	-0.000776586355
581.8009033	0.016947048485	582.7470093	0.001992230769
581.9188232	0.015530448409999998	582.8652954	-0.0004227808680000002
582.0367432	0.019201694058	582.9836426	0.0024091256800000023
582.1547241	0.015780793738	583.1019287	-0.000994416303
582.272644	0.015918293503000003	583.2202759	0.001485475339
582.390564	0.014932257591999998	583.338562	0.0008613951499999994
582.5085449	0.015683801843	583.4569092	0.001046624966
582.6264648	0.013807796178	583.5751953	-0.00035616802099999994
582.7444458	0.012812978123	583.6935425	0.0008766311801
582.8623657	0.014141087422000001	583.8118896	-0.0004987530400000009
582.9803467	0.013915714808000001	583.9301758	0.0009737499060000002
583.0982666	0.014565469235	584.0485229	0.0006001243021999999
583.2162476	0.014599027107	584.1668701	-0.00027892866600000006
583.3342285	0.015138306654	584.2852173	-0.002311951946
583.4521484	0.020237817427999998	584.4035645	0.0017276201400000003
583.5701294	0.02120372164	584.5219116	0.0005217697470000001
583.6881104	0.022520243306000002	584.6402588	-0.0003151763229999999
583.8060913	0.018939246428	584.758606	-0.00021893531100000002
583.9240723	0.020086817904	584.8769531	-0.0008585592699999998
584.0420532	0.014790963847	584.9953003	0.0012447298499999996
584.1600342	0.018418614518	585.1136475	0.0005249248349999997
584.2780151	0.017810715826000002	585.2319946	-0.0009406378665
584.3959961	0.017491612119	585.3503418	-3.175437000000128e-05
584.5139771	0.0166857765264	585.46875	-0.0013645077119999998
584.631958	0.015144704838000001	585.5870972	0.000554553230000001
584.749939	0.014874583577999999	585.7054443	4.754400000001047e-06
584.8679199	0.015460818772	585.8238525	0.0002255141800000006
584.9859619	0.014146283964	585.9421997	-0.0012383051209999994
585.1039429	0.0159512141263	586.0606079	0.00036243889917
585.2219238	0.012803074906999999	586.1789551	-0.001026832497999999
585.3399658	0.017585908061	586.2973633	0.0027538938459999995
585.4579468	0.016124564225	586.4157104	0.0010804648040000004
585.5759888	0.019133254416	586.5341187	-0.0002063383872
585.6939697	0.012636795873000001	586.6525269	0.002830944030000001
585.8120117	0.0138812980271	586.7709351	-0.0006402665770000003
585.9299927	0.017815729834	586.8892822	0.0015509137879999996
586.0480347	0.018551224379	587.0076904	-0.0017354292819999999
586.1660767	0.02644576319	587.1260986	-0.00023439060000000032
586.2841187	0.027222562112999997	587.2445068	0.0010837977710000009
586.4020996	0.023708211254	587.362915	0.0004917134069999999
586.5201416	0.019737930042	587.4813232	0.0005501885900000003
586.6381836	0.021935257597	587.5997314	0.0012605882659000001
586.7562256	0.02080687415531	587.7181396	0.0009712358010000007
586.8742676	0.019504454917	587.8365479	-0.0008604209869999997
586.9923096	0.0189443322639	587.9549561	0.001386862016
587.1103516	0.019956977102999998	588.0733643	0.0021658893690000014
587.2283936	0.02063066978	588.1918335	0.0004245554999999998
587.3464355	0.020265388773	588.3102417	-0.0003110244870000011
587.4644775	0.018307105176	588.4286499	-0.00019214022899999988
587.5825195	0.020688550543	588.5471191	-4.7968700000001335e-05
587.7006226	0.019351775758	588.6655273	-0.0006449159700000003
587.8186646	0.020603521261	588.7839355	0.0002634934999999998
587.9367065	0.020145445597	588.9024048	0.0006955112329999997
588.0548096	0.019069429484999997	589.020813	0.0012713577599999994
588.1728516	0.019693892448000003	589.1392822	0.0005714912000000013
588.2908936	0.022600608881	589.2577515	0.0020834549789999998
588.4089966	0.033530184072	589.3761597	0.00023233401599999978
588.5270386	0.03427388612	589.4946289	0.0013243770300000006
588.6451416	0.028177729810000003	589.6130981	0.002477931791000001
588.7632446	0.026474498215999998	589.7315063	-0.0014363742664
588.8812866	0.03884419053	589.8499756	0.000732636545
588.9993896	0.06617987715200001	589.9684448	0.00047785789000000245
589.1174927	0.06516390969399999	590.0869141	0.000968887238
589.2355347	0.054309564646	590.2053833	-0.0018241028299999995
589.3536377	0.042472037021	590.3238525	-0.0010132280877
589.4717407	0.033260958732	590.4423218	-0.00045995367700000026
589.5898438	0.02967999783	590.560791	0.00025655468900000027
589.7079468	0.024512097008	590.6792603	0.001131823694
589.8260498	0.026493318376	590.7977295	1.9498168999999496e-05
589.9441528	0.0255115228914	590.9161987	-0.00022227992300000035
590.0622559	0.022553004793	591.034729	-0.000862568151
590.1803589	0.0205060395799	591.1531982	0.00215757545
590.2984619	0.019833095372000002	591.2716675	-0.00032943300899999917
590.4165649	0.018978233916000002	591.3901978	0.000621071085
590.534729	0.018735634742	591.508667	0.0010446794330000002
590.652832	0.01821592357	591.6271362	0.0010944255620000001
590.7709351	0.02086713398	591.7456665	0.00271000783
590.8890381	0.021177107472000002	591.8641357	0.003741535824
591.0072021	0.014947925697999999	591.982666	0.0007538916519999987
591.1253052	0.022072991359	592.1011353	0.003258810961
591.2434692	0.034399440514	592.2196655	0.002069956856
591.3615723	0.05021323171	592.3381958	-0.002578461550000001
591.4797363	0.053398805669	592.456665	0.0009729433799999989
591.5978394	0.042394245276000005	592.5751953	-0.00031295791300000025
591.7160034	0.033930855801	592.6937256	-0.002090860624
591.8341675	0.029325729229999997	592.8122559	0.0013936110769999996
591.9522705	0.023700918534	592.9307861	-0.002455685283000001
592.0704346	0.022109171838	593.0492554	-0.0010337596760000003
592.1885986	0.016823203303	593.1677856	0.0014108093449999998
592.3067627	0.017842681149999998	593.2863159	0.00032952381299999976
592.4248657	0.016853636011	593.4048462	2.2177579999999378e-05
592.5430298	0.016066989396	593.5233765	0.0006696782070000004
592.6611938	0.016427337192	593.6419678	0.0017352355639999998
592.7793579	0.0156615749	593.760498	0.0012469831859999994
592.897522	0.023983510215	593.8790283	0.00027455994899999985
593.015686	0.032931712458	593.9975586	0.0026958454399999996
593.1338501	0.037653782874	594.1160889	0.00012114783699999996
593.2520752	0.031095582990000002	594.2346802	0.0012695910400000003
593.3702393	0.023097174240000004	594.3532104	-8.478574999999655e-05
593.4884033	0.022334789394	594.4717407	-0.00078382156
593.6065674	0.016670855231000002	594.590332	-0.0004127696159999996
593.7247314	0.01754419879	594.7088623	0.001274073490000003
593.8429565	0.017660144253000002	594.8274536	0.0018123092591
593.9611206	0.01678148215	594.9459839	-6.170361300000034e-05
594.0793457	0.014693922829	595.0645752	0.0019936185564
594.1975098	0.0119748041	595.1831665	-0.0010100016370000004
594.3157349	0.019843299872	595.3016968	-0.0031186635599999993
594.4338989	0.021318652668999998	595.4202881	-0.0009583228675
594.552124	0.0199603735842	595.5388794	-0.0010152680339999996
594.6702881	0.01776920352	595.6574097	0.0003330819299999996
594.7885132	0.015741891925	595.776001	0.000914705452
594.9067383	0.014826556668	595.8945923	-6.145448500000008e-05
595.0249023	0.015635542106	596.0131836	-2.3724277999999897e-05
595.1431274	0.01624329947	596.1317749	-0.0004545683000000012
595.2613525	0.013783337088000001	596.2503662	5.742907999999915e-05
595.3795776	0.014432602562000001	596.3689575	-0.0002405694689999998
595.4978027	0.014858007659	596.4875488	-0.0005022499250000004
595.6160278	0.010733758101	596.6061401	-0.0004375837699999996
595.7341919	0.012446305712999997	596.7247314	-0.0034232232699999976
595.852417	0.01444947347	596.8433228	2.8085429000000196e-05
595.9707031	0.014488755725	596.9619141	-0.003174980404
596.0889282	0.012106678449000001	597.0805664	-0.0007889103149999995
596.2071533	0.014198992636000001	597.1991577	-0.00012810248899999994
596.3253784	0.0148595388427	597.317749	-0.0013562291860000006
596.4436035	0.013788105456999999	597.4364014	0.0006383409489999999
596.5618286	0.014233960765000001	597.5549927	-0.0016434118200000028
596.6801147	0.013710008	597.673645	-0.0008281706829999999
596.7983398	0.016386081232	597.7922363	0.000911811425
596.9165649	0.016646653767000003	597.9108887	0.0016249269250000003
597.0348511	0.014252583963	598.02948	-0.0009375659280000002
597.1530762	0.016095521858	598.1481323	0.001813020907
597.2713623	0.017970786430000003	598.2667236	-1.327140000005264e-07
597.3895874	0.023352436254	598.385376	0.0015585045329999997
597.5078735	0.019488233376	598.5040283	0.0001858733599999999
597.6260986	0.017847633454999998	598.6226196	0.0005317446770000001
597.7443848	0.01817452023	598.741272	0.0026703197600000013
597.8626099	0.018642148697	598.8599243	0.00011998554700000039
597.980896	0.014818001538000001	598.9785767	-0.0004941485830000005
598.0991821	0.017130957917	599.097229	-0.0005918254682800001
598.2174683	0.021320356055	599.2158813	0.0007853716379999998
598.3357544	0.026228504722	599.3345337	0.00043403287399999997
598.4539795	0.021967847831	599.453186	0.00043979706299999977
598.5722656	0.026412559670000002	599.5718384	0.001800661910000001
598.6905518	0.027189346957	599.6904907	-0.0007481910299999995
598.8088379	0.034400053323	599.8091431	-0.0008090622719999995
598.927124	0.033577917139999996	599.9277954	0.0007369536900000001
599.0454102	0.035616789245	600.0464478	0.0014160284700000005
599.1636963	0.033625216224	600.1651611	0.0015557052100000001
599.2819824	0.029752698728	600.2838135	-5.680508900000013e-05
599.4003296	0.027917450296000002	600.4024658	0.00010876450700000005
599.5186157	0.026169704159	600.5211792	0.0003300462849999998
599.6369019	0.03001662903	600.6398315	-0.0007325336340000006
599.755188	0.028976132631	600.7585449	0.001204307191
599.8735352	0.029478152749	600.8771973	0.0015469882599999998
599.9918213	0.03436889034	600.9959106	-0.00022079749100000021
600.1101074	0.036274858983	601.114563	0.0013946783729999997
600.2284546	0.037597605031	601.2332764	0.00010545542864
600.3467407	0.033203359695000004	601.3519287	0.0017809718879999992
600.4650879	0.03926447127	601.4706421	-0.0006591975690000001
600.583374	0.03667333443	601.5893555	0.000250742538
600.7017212	0.0362204837171	601.7080078	-0.0012968042799999992
600.8200073	0.038493213708999996	601.8267212	-0.0009338650890000008
600.9383545	0.036180221008	601.9454346	0.002935630734999999
601.0567017	0.036147447533	602.0641479	-0.0008318712930000002
601.1750488	0.038066780195000004	602.1828613	0.0005819530634
601.293335	0.0408427678	602.3015747	0.001505283639
601.4116821	0.041787414815	602.4202881	0.0022926609960000005
601.5300293	0.042789461326	602.5390015	0.0005636631977000001
601.6483765	0.04238198325	602.6577148	-0.0018612286080000005
601.7667236	0.041332976892	602.7764282	0.001084960060000001
601.8850708	0.03992368281	602.8951416	0.0001328187099999996
602.003418	0.040908099388000004	603.013855	0.0014469148590000001
602.1217651	0.043184924051	603.1325684	0.00023287965500000006
602.2401123	0.038434878918	603.2513428	0.0026943036350000004
602.3584595	0.03664563131	603.3700562	0.0008298382200000003
602.4768066	0.039759904607	603.4887695	0.0011171277149999996
602.5951538	0.040139304942	603.6075439	0.0024728798311
602.713562	0.046001238752999996	603.7262573	0.0010103294630000002
602.8319092	0.047864612193	603.8449707	0.00031683221999999865
602.9502563	0.044674182310000005	603.9637451	0.002231909079
603.0686035	0.044692218302	604.0824585	0.001295744675
603.1870117	0.048056610395000005	604.2012329	0.001301734243
603.3053589	0.10654261150000001	604.3199463	-0.0009450390899999987
603.4237671	0.171010287966	604.4387207	0.00043046287999999946
603.5421143	0.164705263009	604.5574951	0.00027216365500000016
603.6605225	0.12816586436	604.6762085	-0.0012985244400000005
603.7788696	0.093543016822	604.7949829	0.0019764918800000003
603.8972778	0.078532717194	604.9137573	0.0034663453699999994
604.015625	0.06772515044119999	605.0325317	0.0020322384517999998
604.1340332	0.061864435669999995	605.1512451	0.0012298086659999997
604.2524414	0.058007053089999996	605.2700195	1.7173589999999045e-06
604.3708496	0.06342266966	605.3887939	0.0017413794990000005
604.4891968	0.089704327281	605.5075684	0.0006063869230000015
604.607605	0.101351583407	605.6263428	-0.00012302584999999977
604.7260132	0.086711233012	605.7451172	-0.0008106755560000002
604.8444214	0.0721472096645	605.8638916	-0.0007330561060000006
604.9628296	0.060121679429579994	605.982666	-0.0010875737065
605.0812378	0.05168368574	606.1014404	-0.0008557718200000002
605.199646	0.049670669254	606.2202759	0.0011567203330000008
605.3180542	0.049755019601000004	606.3390503	0.0019242900889999996
605.4364624	0.052726559926	606.4578247	0.0022330476786
605.5548706	0.05301885213	606.5765991	0.0029711420650000006
605.6732788	0.05030885246	606.6954346	-0.00041514261999999955
605.791687	0.042754224503	606.814209	0.0011881522590699999
605.9101562	0.044280032631	606.9329834	7.032253699999986e-05
606.0285645	0.04876158946	607.0518188	0.0012468644420000003
606.1469727	0.058518242559	607.1705933	0.0011522604620000001
606.2653809	0.058150546164	607.2894287	-0.0006039477880000008
606.3838501	0.047381352056	607.4082031	0.002008326349999999
606.5022583	0.044514467943	607.5270386	0.0022203563709999995
606.6207275	0.041408821945	607.645813	0.0015169430409999998
606.7391357	0.0381970572039	607.7646484	0.004773738800000002
606.857605	0.034961708118	607.8834839	-0.0001620016999999991
606.9760132	0.03064166196	608.0023193	-0.0005707601080000005
607.0944824	0.029931926629000002	608.1210938	-0.0008293566644
607.2128906	0.033983136058999996	608.2399292	0.001983335237999999
607.3313599	0.029939022377	608.3587646	-0.00032973056600000064
607.4498291	0.027746146546	608.4776001	-0.0017835498728999998
607.5682373	0.030798534865	608.5964355	-0.0013372031949999991
607.6867065	0.025833213241	608.715271	0.00030701181089999997
607.8051758	0.029995898713000003	608.8341064	-0.0007179332900000002
607.923645	0.026932529180000005	608.9529419	-0.00041852240000000117
608.0421143	0.0248156415871	609.0717773	-0.0015377160099999988
608.1605835	0.025703962891	609.1906128	-0.0004048347469999998
608.2790527	0.027267470954999998	609.3094482	-0.0017520938999999996
608.397522	0.02650235873	609.4282837	-0.0006725881200000013
608.5159912	0.024321473203	609.5471191	0.0017573209481
608.6344604	0.023370202167	609.6659546	-0.0007855417199999996
608.7529297	0.018800208340999998	609.7848511	-0.0015812581402
608.8713989	0.02014059387	609.9036865	-0.0002591204830000001
608.9898682	0.025486784989999997	610.022522	0.0002740612259999999
609.1083374	0.022466982245999998	610.1414185	-0.0007511684669999994
609.2268066	0.023793951609999996	610.2602539	0.0003548581199999991
609.3453369	0.023636322470000002	610.3790894	-0.0005369558057
609.4638062	0.021208269518	610.4979858	-9.114295300000075e-05
609.5822754	0.021734073761999997	610.6168213	-0.00028488319399999976
609.7008057	0.021198758855999998	610.7357178	-0.0012992247899999993
609.8192749	0.021030495639000002	610.8546143	-0.0007309811199999999
609.9378052	0.027171286758	610.9734497	0.0009854098027
610.0562744	0.030517927375310002	611.0923462	-2.016592700000014e-05
610.1748047	0.025954631159999998	611.2112427	-0.0008445866409999992
610.2932739	0.029593143608	611.3300781	-0.0006605018859999999
610.4118042	0.026190424455	611.4489746	-0.00012944312800000028
610.5302734	0.029168559238000002	611.5678711	-0.0009359531110000006
610.6488037	0.03501148708	611.6867676	0.001596459653000001
610.767334	0.037361483089999994	611.805603	0.0008629197249999995
610.8858032	0.031649717368	611.9244995	0.0008959765539999997
611.0043335	0.024801123426	612.043396	-1.7888379000000412e-05
611.1228638	0.023588574487	612.1622925	-0.00010611209999999982
611.241394	0.022344834172	612.281189	-1.3880429999999985e-05
611.3599243	0.020131896247	612.4000854	0.0016695242370000007
611.4784546	0.020490577449	612.5189819	-0.00038843054800000013
611.5969849	0.018222988587	612.6379395	-0.00036476832000000015
611.7155151	0.020670293827999998	612.7568359	-0.0004018452019999997
611.8340454	0.02107040245562	612.8757324	0.0014153644400000005
611.9525757	0.019983544485	612.9946289	0.0014608753840000001
612.071106	0.02085682563	613.1135254	0.0002037957300000011
612.1896362	0.019900715445	613.2324829	-0.0001956764599999987
612.3081665	0.022056451060000003	613.3513794	-0.0014889783920000001
612.4266968	0.019716242442	613.4702759	0.0009313703486999999
612.5452271	0.018558548770000002	613.5892334	0.002362927073
612.6638184	0.017505357980000004	613.7081299	0.002827574504000001
612.7823486	0.019604009808	613.8270874	0.0003239493819999998
612.9008789	0.022712817879	613.9459839	-0.002699407866
613.0194702	0.021555894988	614.0649414	-0.0005104103999999995
613.1380005	0.02091332245	614.1838379	0.00046317465000000023
613.2565918	0.016220845282	614.3027954	-0.0004825487270000001
613.3751221	0.0164077566	614.4216919	-0.0007204477155000001
613.4937134	0.013856900852999999	614.5406494	0.0016307625920000002
613.6122437	0.018637136559	614.6596069	-0.0001622391899999999
613.730835	0.015110840555000001	614.7785645	-0.0003326595760000002
613.8493652	0.014981075419	614.8974609	0.003355026249999997
613.9679565	0.01741054747	615.0164185	-0.0013366816499999993
614.0865479	0.020911776459999996	615.135376	8.866004599999977e-05
614.2050781	0.016183658968	615.2543335	0.0012031090439999998
614.3236694	0.015259279404	615.373291	-0.0015284760150000001
614.4422607	0.01652721409	615.4922485	-0.0008849261212
614.5608521	0.021874877155	615.6112061	-0.0013727275600000002
614.6793823	0.031818667197	615.7301636	-0.002948586829999999
614.7979736	0.029619550803	615.8491211	-0.0005867369470000001
614.9165649	0.022514138370999998	615.9680786	0.0007565487199999998
615.0351562	0.021852821119999997	616.0870361	-0.0006464816397
615.1537476	0.019229487512	616.2059937	4.3053179999998775e-05
615.2723389	0.018176015471	616.3249512	-0.0009602562059999997
615.3909302	0.013424167408	616.4439697	0.00123194326
615.5095215	0.017433852421000002	616.5629272	0.0003146026300000007
615.6281738	0.019851780493	616.6818848	-0.0003913247489999998
615.7467651	0.026119188872	616.8009033	-0.001250391593
615.8653564	0.025447708550000003	616.9198608	0.00020258687400000024
615.9839478	0.020822900809	617.0388184	-0.0008286214439999998
616.1025391	0.020604919178	617.1578369	0.0004351239771999999
616.2211914	0.021188591608	617.2767944	-2.5835820000000287e-05
616.3397827	0.017167470419999997	617.395813	0.0027108142965
616.458374	0.013651010581	617.5147705	0.0008281785899999991
616.5770264	0.012809497425	617.6337891	0.0025993670135499997
616.6956177	0.016271322529180003	617.7527466	0.00129618356
616.81427	0.014306089840000001	617.8717651	0.0005489075550000003
616.9328613	0.0115050436	617.9907837	-0.0026045902629999998
617.0515137	0.018418651304	618.1097412	0.0010732179509999997
617.170105	0.028113752606999998	618.2287598	-0.00040490599400000004
617.2887573	0.028235869484	618.3477783	0.00022146943899999973
617.4073486	0.033883779776	618.4667969	-0.000570013187
617.526001	0.033343468562	618.5858154	2.2534280000000018e-05
617.6446533	0.025873293167	618.7047729	0.0010412994593400002
617.7633057	0.018992949279999997	618.8237915	0.0001275050459999998
617.881897	0.017359590161999998	618.9428101	-0.0018177933529999997
618.0005493	0.016766915564	619.0618286	0.0002731955610000003
618.1192017	0.012736815959	619.1808472	-0.0009358939719999997
618.237854	0.01460820157	619.2998657	-0.0020136088099999994
618.3565063	0.011787108146999998	619.4188843	0.00134526565
618.4751587	0.009160317946	619.5379639	0.0012891860699999983
618.593811	0.009201990673	619.6569824	-0.000952379778000001
618.7124634	0.011168086899	619.776001	0.0004802318300000004
618.8311157	0.006612244526	619.8950195	-0.0007894323210000005
618.9497681	0.008806761008	620.0140381	-0.00014222879000000063
619.0684204	0.011982856784	620.1331177	0.0008207415231
619.1870728	0.01270110533	620.2521362	0.00034954585099999935
619.3057251	0.012747068423999999	620.3711548	6.155669999999974e-05
619.4243774	0.010159009136	620.4902344	-0.0013006478520000003
619.5430908	0.009818866384000001	620.6092529	-0.001161705819
619.6617432	0.007761053279	620.7282715	2.0055100999999756e-05
619.7803955	0.005388070824	620.8473511	0.0018116687135
619.8991089	0.0076570451781	620.9663696	0.00023693637899999988
620.0177612	0.0115102519642	621.0854492	-0.0013809470984999998
620.1364136	0.005238921385	621.2045288	-0.00016398262200000013
620.255127	0.009118608781000001	621.3235474	-0.0011947986199999996
620.3737793	0.011642861762	621.442627	-0.00039094500199999996
620.4924927	0.009916716117179999	621.5617065	-0.002370830509
620.611145	0.012116612869999998	621.6807251	-0.0006890986099999975
620.7298584	0.010582624004	621.7998047	0.00012481212000000144
620.8485718	0.009722376940399999	621.9188843	0.0002891844779
620.9672241	0.010289215948	622.0379639	-0.0004250579519999996
621.0859375	0.010848161763	622.1569824	0.0008440250530000002
621.2046509	0.010509220415	622.276062	-0.00045723747500000037
621.3233032	0.01725202776	622.3951416	-0.000333240722
621.4420166	0.025265541162	622.5142212	-0.0006778901440000016
621.56073	0.02275659237	622.6333008	0.0014862464740000008
621.6794434	0.024547459091	622.7523804	0.0005481133699999996
621.7981567	0.020717237148	622.87146	-0.00039075536199999986
621.9168091	0.019735552136	622.9905396	-0.001598836505
622.0355225	0.01385579817	623.1096191	0.00045285630099999984
622.1542358	0.012238111349999999	623.2286987	-0.0003110487009999989
622.2729492	0.012862659988000002	623.3478394	0.0006719317760000001
622.3916626	0.012433026104	623.4669189	-0.0006608576509999995
622.510376	0.008437060755	623.5859985	0.0003303783010000002
622.6291504	0.009188459259999998	623.7050781	-0.0015943292479999992
622.7478638	0.008691929397	623.8242188	-0.002135517542
622.8665771	0.008821400814	623.9432983	0.00012148008699999985
622.9852905	0.008092811329999998	624.0623779	-0.0010565575199999976
623.1040039	0.00935756881	624.1815186	-0.0007125716700000003
623.2227173	0.01015400852	624.3005981	0.0004271175800000006
623.3414917	0.008613794111	624.4197388	-0.0012179750479999999
623.4602051	0.0069307349600000005	624.5388184	-0.0012844451700000006
623.5789185	0.0059714252169999985	624.657959	-0.001156759914
623.6976929	0.008803206263	624.7770386	-0.001705978532
623.8164062	0.009629907552000001	624.8961792	8.510169500000001e-05
623.9351807	0.007479858585	625.0152588	-0.0013470724300000021
624.053894	0.010284962828	625.1343994	0.0013583116229999997
624.1726685	0.0077461314501000005	625.25354	4.650466999999922e-05
624.2913818	0.008688816335	625.3726807	-0.0002490384499999991
624.4101562	0.010524706919999998	625.4917603	-0.0003510918470000001
624.5288696	0.007738837039999998	625.6109009	0.0028241593390000005
624.647644	0.011740576476	625.7300415	-0.0014480222009999998
624.7664185	0.009858111618000001	625.8491821	0.0010678088299999992
624.8851318	0.0127879444	625.9683228	0.001968127680000001
625.0039062	0.015549793842	626.0874634	-0.0006310641800000016
625.1226807	0.016858980529	626.206604	-0.00039077910999999995
625.2414551	0.013095851988	626.3257446	0.0009408947099999992
625.3602295	0.016134717966	626.4448853	0.0007329215299999997
625.4789429	0.01263250597	626.5640259	-0.0018874537199999996
625.5977173	0.01537959464	626.6831665	0.0011761011580000008
625.7164917	0.013114525004999999	626.8023071	0.0021609675022
625.8352661	0.0149084609	626.9214478	-0.0002944311129999995
625.9540405	0.012952445069999999	627.0405884	-0.00034800823699999983
626.0728149	0.014350592971	627.159729	-0.0007038183979999999
626.1915894	0.013660693076	627.2788696	0.0014071088811
626.3103638	0.01381445676	627.3980713	0.0006592520510000002
626.4291992	0.013579788002699999	627.5172119	-0.0022547105339999988
626.5479736	0.016910377076000002	627.6363525	0.0010813544500000005
626.666748	0.014859012446	627.7555542	5.991942999999944e-05
626.7855225	0.015002559870000001	627.8746948	0.00038562761599999964
626.9042969	0.01274384465	627.9938965	-0.002128305845
627.0231323	0.011760622263	628.1130371	0.0015936135320000003
627.1419067	0.011856584810099999	628.2322388	0.000306205358
627.2606812	0.016307914629999996	628.3513794	0.001722449204
627.3795166	0.01443883404	628.4705811	0.0009764069700000013
627.498291	0.015129648148999999	628.5897217	0.0003702314500000012
627.6171265	0.01808402501	628.7089233	-0.0007964535609999998
627.7359009	0.013578783255	628.828064	0.0010268525220000005
627.8546753	0.017845880239000002	628.9472656	-0.0016089901399999988
627.9735107	0.01714243088	629.0664673	0.0011891484029999998
628.0923462	0.019965202549	629.1856689	-0.0002921065319999999
628.2111206	0.018840182569999996	629.3048096	0.0010481905200000006
628.3299561	0.017149851658	629.4240112	0.0010377522600000001
628.4487305	0.01620245399	629.5432129	8.558807899999984e-05
628.5675659	0.015788478777	629.6624146	0.000712662702
628.6864014	0.017389755689999998	629.7816162	0.000583957648
628.8052368	0.017771103416	629.9008179	-0.0016429964499999998
628.9240112	0.016759732037	630.0200195	-0.001580629498
629.0428467	0.018233737909	630.1392212	0.0019742846500000015
629.1616821	0.016173546207	630.2584229	-0.0007895980960000003
629.2805176	0.014892301521999999	630.3776245	0.001438019799999999
629.399353	0.014656418003	630.4968262	0.0002685582730000001
629.5181885	0.017417165214	630.6160278	0.00041442643799999984
629.6370239	0.01678923424	630.7352295	0.0023271064280000003
629.7558594	0.021478103477	630.8544312	0.00027285166999999966
629.8746948	0.024573619475000003	630.9736328	-0.0004983241669999998
629.9935303	0.026660600908	631.0928955	0.0006160894409999998
630.1123657	0.02379113343	631.2120972	0.0009022858000000012
630.2312012	0.019823387264	631.3312988	-0.00135376211
630.3500366	0.018756538279	631.4505615	-0.0004250104540000003
630.4688721	0.013585009146	631.5697632	0.00128515251
630.5877075	0.011033565739	631.6889648	0.0006390169730000001
630.706604	0.016133872794999997	631.8082275	-0.0021979194100000005
630.8254395	0.021748786912	631.9274292	-0.00016424339300000028
630.9442749	0.028001641852999998	632.0466919	0.00027818885000000133
631.0631714	0.028929704800000004	632.1658936	0.00015888991799999997
631.1820068	0.022929205561	632.2851562	0.002148050811
631.3008423	0.020509152677	632.4043579	0.000326997834
631.4197388	0.02062201034	632.5236206	0.00034340174169999993
631.5385742	0.014401514079999999	632.6428833	-0.001319280826
631.6574707	0.014217040963999998	632.762085	2.2770830000001102e-05
631.7763062	0.015577684619	632.8813477	-0.002262538182
631.8952026	0.014374598395	633.0006104	0.00014479877400000018
632.0140381	0.011390873231000001	633.119812	0.0001063568050000002
632.1329346	0.016209091055999998	633.2390747	-0.0008064177820000006
632.2518311	0.013284222222999999	633.3583374	0.0008953243959999998
632.3706665	0.0104438805332	633.4776001	-0.00057298997125
632.489563	0.01045090985	633.5968628	0.0004782145840000005
632.6084595	0.01328939945	633.7161255	-0.001670762664
632.7272949	0.010389627657	633.8353882	-0.001230583526
632.8461914	0.010409784039000001	633.9545898	-0.0007557227509999999
632.9650879	0.010358391330999998	634.0738525	-0.0023460164649999997
633.0839844	0.011339794731999999	634.1931763	-0.0011004665859999999
633.2028809	0.008840980707	634.312439	-0.0015225932009999997
633.3217773	0.013621644117	634.4317017	0.0004344955079999997
633.4406738	0.011541506271999999	634.5509644	0.0011037476399999996
633.5595703	0.00833831541	634.6702271	-0.0019012968999999984
633.6784668	0.011974044149	634.7894897	-0.0002960560370000001
633.7973633	0.011358185208	634.9087524	0.0001621991399999999
633.9162598	0.010392489839999998	635.0280762	0.000661280006000001
634.0351562	0.010223710914	635.1473389	0.0016697859390000002
634.1540527	0.010290184058	635.2666016	-0.0011475076899999988
634.2729492	0.012453512754000001	635.3858643	-0.004941828549999999
634.3918457	0.009432284159999998	635.505188	0.0012648105620000002
634.5107422	0.009718368293	635.6244507	-0.0037973597699999945
634.6296997	0.009746504016000001	635.7437744	-0.0004117018540000005
634.7485962	0.009065532359000001	635.8630371	-0.0007389391535
634.8674927	0.011840650820000001	635.9823608	0.0037247757450000005
634.9863892	0.010885886848000001	636.1016235	0.00030758109640000004
635.1053467	0.008542865747999999	636.2209473	0.0008398853821999999
635.2242432	0.010968863964	636.34021	-0.0008206982200000008
635.3432007	0.01592332405	636.4595337	-0.0010088160639999998
635.4620972	0.01325087808	636.5787964	-9.014643700000144e-05
635.5809937	0.013845753858	636.6981201	-5.483627400000059e-05
635.6999512	0.011230368633	636.8174438	-0.000482631614
635.8189087	0.011184051637	636.9367065	-0.000954693649
635.9378052	0.010396361812	637.0560303	-0.0013764160679999998
636.0567627	0.014881942419999999	637.175354	-0.000737326103
636.1756592	0.01192786824	637.2946777	-5.978210540000001e-05
636.2946167	0.009749623019999999	637.4140015	0.0010446794330000002
636.4135742	0.011149769181	637.5332642	0.0012095733539999997
636.5324707	0.0128833057827	637.6525879	0.0003072490218
636.6514282	0.014543290716	637.7719116	0.0004401290780000006
636.7703857	0.012598665893000002	637.8912354	0.00029316963699999986
636.8893433	0.015396172179999999	638.0105591	0.0001906063399999998
637.0082397	0.015506401193	638.1298828	0.0005243793129999993
637.1271973	0.020657333312000002	638.2492065	0.0025089022235
637.2461548	0.018807666375	638.3685303	-0.000636328949999999
637.3651123	0.020782661627	638.487854	-0.0004893932499999976
637.4840698	0.019325473342	638.6071777	-0.0020394658781999996
637.6030273	0.018230991671	638.7265625	-0.00024059321699999988
637.7219849	0.015784563500000005	638.8458862	0.0004787258769999997
637.8409424	0.015510364439999999	638.96521	0.001410975121
637.9598999	0.014675924554999999	639.0845337	0.00043897889600000035
638.0788574	0.014994783325	639.2039185	0.0015321848919999997
638.1978149	0.017320284616	639.3232422	-0.0008628764189999999
638.3167725	0.014612724307	639.4425659	-0.0017550112700000023
638.43573	0.01747818524	639.5618896	-0.001932347892
638.5547485	0.022240519519999998	639.6812744	0.0009120841573
638.6737061	0.033467646691000004	639.8005981	0.0010101879009999995
638.7926636	0.03589241859	639.9199829	-0.0003324698199999999
638.9116211	0.032385359986	640.0393066	0.0007420070500000001
639.0306396	0.024066451472	640.1586914	-0.00016446877300000003
639.1495972	0.022303343750000003	640.2780151	0.003270613030000001
639.2685547	0.018862091002	640.3973999	-0.0013033044529999994
639.3875732	0.018776498497	640.5167236	0.0008754926386000001
639.5065308	0.017405699939	640.6361084	0.002473757253
639.6255493	0.01643251441	640.7554932	7.682294000000041e-05
639.7445068	0.01785854157	640.8748169	0.001332597108
639.8635254	0.023729433304	640.9942017	-0.0015802383400000015
639.9824829	0.026390873823999995	641.1135864	-5.380436800000131e-05
640.1015015	0.024825929660000003	641.2329102	-0.0015645232099999982
640.220459	0.029127364750000002	641.3522949	0.0012053034736
640.3394775	0.027678922753	641.4716797	-0.002694378604
640.4584961	0.02945480776	641.5910645	0.0004955800249999993
640.5774536	0.029365526509999997	641.7104492	0.00020877830000000028
640.6964722	0.031329008053	641.829834	0.0011832183229999998
640.8154907	0.029089222898000002	641.9492188	0.0009709983129999999
640.9344482	0.029799094890999998	642.0686035	0.00227596052
641.0534668	0.026258925904000002	642.1879272	0.00103586726
641.1724854	0.02540060156	642.307373	0.00124318788219
641.2915039	0.025213346812	642.4267578	0.0007519824430000004
641.4105225	0.02791362628	642.5461426	0.0008455310000000001
641.529541	0.035249551760000004	642.6655273	0.00026642344999999734
641.6485596	0.081448771529	642.7849121	-0.0005710923579999999
641.7675781	0.132112539809	642.9042969	-0.0007756613195
641.8865356	0.11658756998	643.0236816	-0.0004586963919999999
642.0055542	0.09283799869	643.1430664	-0.001525641303
642.1246338	0.07014033478	643.2625122	0.0011647860510000003
642.2436523	0.05706631858	643.381897	0.00039620743999999996
642.3626709	0.046947524798	643.5012817	0.0005554081900000004
642.4816895	0.042765077668	643.6206665	3.4971199999993957e-06
642.600708	0.036167921038	643.7401123	-0.0002585984769999999
642.7197266	0.032857094892	643.8594971	0.001927386037
642.8387451	0.035124678633	643.9789429	-0.00017901044000000026
642.9578247	0.030246421699999998	644.0983276	-0.0003622295299999991
643.0768433	0.033363405145000004	644.2177124	-0.00036474410999999887
643.1958618	0.034942669094	644.3371582	0.0006068963550000007
643.3148804	0.03803866729	644.456543	0.0006228857670000001
643.43396	0.037590031514	644.5759888	0.00027477322199999984
643.5529785	0.042493049985	644.6954346	-0.0006855283860000001
643.6720581	0.040312851780000006	644.8148193	0.0015934947879999999
643.7910767	0.036082773469	644.9342651	0.0007049422699999981
643.9100952	0.037798275241	645.0536499	0.00046094506999999965
644.0291748	0.03503999114	645.1730957	-7.242616299999935e-05
644.1481934	0.031030048153999998	645.2925415	-9.920867199999985e-05
644.2672729	0.03566517122	645.4119263	0.0006378664984
644.3862915	0.03096244484	645.5313721	-3.872858399999943e-05
644.5053711	0.034361973405	645.6508179	0.0010580711529999999
644.6244507	0.031897244971	645.7702637	0.000523976051
644.7434692	0.032861035319999995	645.8897095	-0.0009094551199999995
644.8625488	0.02814038377	646.0091553	-0.001202579589999999
644.9816284	0.029561902392	646.12854	0.0005841471720000003
645.100647	0.034843530039	646.2479858	-0.0004237769170000001
645.2197266	0.034052043227000006	646.3674316	0.0011565778409999995
645.3388062	0.032451654782999995	646.4868774	-0.0013572848400000004
645.4578857	0.035735357549	646.6063232	0.00023009255599999983
645.5769653	0.039121021278999996	646.725769	0.0015944908380000006
645.6959839	0.0365113914	646.8452148	0.0024393955250000005
645.8150635	0.036349204834000004	646.9646606	9.045098000000015e-05
645.9341431	0.036227175040000004	647.0841675	0.0003607310350000003
646.0532227	0.039801357312999996	647.2036133	0.0003487863570000001
646.1723022	0.036704981239	647.3230591	0.0009324498239999999
646.2913818	0.034875029689999996	647.4425049	3.224240000000364e-06
646.4104614	0.038220475429	647.5619507	0.0022716437229999996
646.529541	0.045353292483999996	647.6814575	-0.0011029811579999996
646.6486206	0.049576596361	647.8009033	-0.00011804514000000182
646.7677002	0.04441790376	647.9203491	0.0021297130690000003
646.8867798	0.042696991938	648.0397949	0.00031249132099999896
647.0059204	0.044206956400000004	648.1593018	-0.00123403506564
647.125	0.046805217870000006	648.2787476	-0.00060102995
647.2440796	0.045986242597	648.3982544	0.001502816566
647.3631592	0.045201187024	648.5177002	0.0009005786900000007
647.4822388	0.04223100841000001	648.637146	0.0021993971889999997
647.6013794	0.04008455574	648.7566528	-8.457339999999938e-05
647.720459	0.044250706210000004	648.8760986	-2.2538180899999956e-05
647.8395386	0.04279425647	648.9956055	0.0005675535650000001
647.9586792	0.038255515512	649.1151123	0.0001816274599999992
648.0777588	0.03937128745	649.2345581	-0.0008606109769999995
648.1968994	0.04007006157	649.3540649	-0.0015559699400000005
648.315979	0.041966427121	649.4735107	0.000533309765
648.4350586	0.0425889641	649.5930176	0.0007425295190000005
648.5541992	0.03965299763	649.7125244	0.0007532043380000016
648.6732788	0.035010543654	649.8319702	0.00012821704199999975
648.7924194	0.033949198202	649.9514771	0.0007334197869999998
648.9115601	0.036207742058	650.0709839	-0.0005225329660000005
649.0306396	0.037622104399999995	650.1904907	0.00021944055299999952
649.1497803	0.0372878341	650.3099976	-4.7352159999999865e-05
649.2688599	0.030956337226000004	650.4294434	-0.001383568626
649.3880005	0.032236577939	650.5489502	-0.00019151205200000024
649.5071411	0.035669938658	650.668457	-0.0005176340346000001
649.6262817	0.035579391754	650.7879639	-0.0006771422920000009
649.7453613	0.03474132438	650.9074707	0.00259725563
649.864502	0.030899325385000002	651.0269775	-0.00028073147400000005
649.9836426	0.03203426023	651.1464844	-0.0008959695700000003
650.1027832	0.03337109462	651.2659912	0.0016922624799999997
650.2219238	0.031065835852000002	651.385498	0.0002932529900000003
650.3410034	0.02958705835	651.5050049	-0.002289700320000001
650.460144	0.028969438745999998	651.6245117	0.0004930656859999999
650.5792847	0.03171419725	651.7440796	0.0014886185499999992
650.6984253	0.03054248448	651.8635864	0.00029563718000000065
650.8175659	0.031401039569000005	651.9830933	0.0011684271742000002
650.9367065	0.028308658860000002	652.1026001	-0.0019370932100000009
651.0558472	0.025486733767	652.2221069	0.00029239850199999987
651.1749878	0.028186052806999998	652.3416748	6.638490600000034e-05
651.2941284	0.03050816525	652.4611816	0.00023418437920000003
651.4133301	0.029004981739999998	652.5806885	0.0009843781600000004
651.5324707	0.031527874055	652.7002563	0.0009215250599999992
651.6516113	0.027412465193199998	652.8197632	-0.0007458310600000004
651.770752	0.026470834970000003	652.93927	-0.0006196042500000009
651.8898926	0.026636535763	653.0588379	-0.0014506196600000002
652.0090332	0.028479915114999997	653.1783447	0.00126444269
652.1282349	0.028731155678	653.2979126	6.814027479999988e-05
652.2473755	0.030256520254	653.4174194	-0.0002934820949999995
652.3665161	0.02595416549	653.5369873	0.0016522184019999997
652.4857178	0.0264257174	653.6564941	-9.238859599999989e-05
652.6048584	0.026157012209999997	653.776062	0.0005086630408
652.723999	0.028642803430000002	653.8956299	-0.000498549547
652.8432007	0.027406877836	654.0151367	0.0004570786840000004
652.9623413	0.027256881821	654.1347046	0.00047680363000000055
653.081543	0.027171067894	654.2542114	-0.00040414649999999993
653.2006836	0.02275229618	654.3737793	0.002110000233999999
653.3198853	0.02661975101	654.4933472	0.0017192456899999993
653.4390259	0.02870528773	654.612915	0.003208151785
653.5582275	0.030368545788	654.7324219	0.0006189953856
653.6773682	0.026798126291	654.8519897	0.00040123658199999997
653.7965698	0.029343140309999998	654.9715576	0.0018726587319999998
653.9157715	0.03139112331	655.0911255	-0.002272122538999999
654.0349121	0.03372175479	655.2106934	0.0007158415390000001
654.1541138	0.030407790099	655.3302612	0.0005496670489999996
654.2733154	0.03015044611	655.4498291	9.293016000000084e-05
654.3925171	0.030230124483999997	655.569397	0.0013440307299999992
654.5116577	0.030392820020000003	655.6889648	0.0007996405470000007
654.6308594	0.02679924202	655.8085327	9.355880400000079e-05
654.750061	0.02576785441	655.9281006	-0.0004169214499999997
654.8692627	0.02802321315	656.0476685	0.000461254270000001
654.9884644	0.02643996011	656.1672363	-0.0006138160830000006
655.107605	0.026362560227000002	656.2868042	-7.983925699999979e-05
655.2268066	0.026689124289999998	656.4063721	0.0024576261639999994
655.3460083	0.026181563739999997	656.5259399	0.00250166655
655.46521	0.029878896664	656.6455078	0.012585261137000002
655.5844116	0.027531562374	656.7650757	0.0098125896162
655.7036133	0.026886396110000002	656.8847046	0.009671406816
655.8228149	0.025223318483999998	657.0042725	0.003504775
655.9420166	0.02386348974	657.1238403	0.0020438842500000026
656.0612183	0.025085345841	657.2434692	0.0048588787909999995
656.180481	0.031660558660999996	657.3630371	0.000956682490000001
656.2996826	0.099750908138	657.482605	0.0022712286441
656.4188843	0.233270619089	657.6022339	-0.0001489187129999998
656.5380859	0.26654661824000003	657.7218018	0.0011671821119999997
656.6572876	0.21334808038	657.8413696	-0.00175752677
656.7764893	0.15156115959199998	657.9609985	-0.0005490193139999992
656.895752	0.103940550237	658.0805664	0.00036433665099999983
657.0149536	0.07277597301	658.2001953	-0.0012673649469999997
657.1341553	0.06195867527	658.3197632	0.0040340784469999995
657.253418	0.04801317211	658.4393921	0.001192232594
657.3726196	0.04062625417	658.55896	-0.0003719080123
657.4918213	0.033158494164000005	658.6785889	-0.0020368564869999994
657.611084	0.028386343269000004	658.7982178	0.0008611404340000007
657.7302856	0.02618136536	658.9177856	0.0007306560869999998
657.8495483	0.02280989568	659.0374146	-0.0013029244730000007
657.96875	0.024218370204	659.1570435	0.00023992545899999967
658.0880127	0.0194439888	659.2766113	0.0018388191300000006
658.2072144	0.022231571372999998	659.3962402	0.002037172206000001
658.3264771	0.02450217586	659.5158691	-0.0008867527349999999
658.4456787	0.026171996263	659.635498	-0.00013723503800000016
658.5649414	0.02151208836	659.7550659	-0.0011658947899999966
658.6841431	0.02004763391	659.8746948	4.469420000000057e-06
658.8034058	0.017840077632	659.9943237	-0.00018543913099999983
658.9226685	0.017310338556	660.1139526	0.00010591803579999999
659.0418701	0.01958948373	660.2335815	0.0006409976630000003
659.1611328	0.01906766463	660.3532104	-0.0011738282629999994
659.2803955	0.020472149828	660.4728394	0.0008997842670000009
659.3996582	0.020018903536	660.5924683	-0.0013730125500000002
659.5188599	0.017524043099999997	660.7120972	-0.0016263071399999982
659.6381226	0.019372912589	660.8317261	-0.00041827372999999994
659.7573853	0.018533237742	660.951355	0.00029136659600000015
659.8766479	0.016596960835	661.0709839	0.0012243762030000002
659.9959106	0.015363520012	661.1906128	0.0014485516590000006
660.1151733	0.017323177541	661.3102417	-0.00054554362
660.234436	0.012390569319	661.4298706	0.000879632309
660.3536377	0.017028824892	661.5494995	-0.0001345546920000001
660.4729004	0.016750613230000003	661.6691895	3.864149999999872e-05
660.5921631	0.02783758938	661.7888184	0.0011885792479999998
660.7114258	0.031028981318	661.9084473	-0.0002602116439999998
660.8306885	0.028792702596	662.0280762	-0.00035056984000000034
660.9500122	0.022326185372	662.1477661	0.0007146554999999995
661.0692749	0.017092864030000002	662.267395	-0.000825419091
661.1885376	0.017106175884	662.3870239	-0.0014170050854
661.3078003	0.014736796957	662.5067139	0.0004878705370000005
661.427063	0.011692065741999998	662.6263428	-0.0008452031760000003
661.5463257	0.013631541746999999	662.7459717	0.0011381339279999993
661.6655884	0.013736916706	662.8656616	-0.002273354680000006
661.7849121	0.012853167257	662.9852905	0.0001960864760000001
661.9041748	0.01366334595	663.1049805	-0.0010493097358
662.0234375	0.011597672476999998	663.2246094	-0.000551438425
662.1427002	0.011083486839000001	663.3442993	-0.0010493334264
662.2620239	0.013868239242	663.4639282	0.0009119418686000001
662.3812866	0.01272301563	663.5836182	-0.0004999016382
662.5005493	0.011840993539999999	663.7032471	-0.001274660230000002
662.619873	0.011142263187	663.822937	-0.0003708879814
662.7391357	0.011028607961	663.942627	-0.0008490461045
662.8584595	0.011966615909999999	664.0622559	-0.0003607235799999997
662.9777222	0.012802167793000002	664.1819458	-0.00012573040999999847
663.0969849	0.013390939451	664.3016357	-0.001195771154
663.2163086	0.011554265163	664.4212646	3.0374386999999867e-05
663.3355713	0.01317711919	664.5409546	-0.0016118725799999997
663.454895	0.009316483519999998	664.6606445	7.277773699999966e-05
663.5742188	0.010177399963	664.7803345	0.0007648755559999999
663.6934814	0.009683278041999999	664.8999634	-4.277308499999995e-05
663.8128052	0.00943206344	665.0196533	-0.00010849628600000105
663.9320679	0.010200956839999997	665.1393433	-0.00012689270099999934
664.0513916	0.011833842378	665.2590332	-0.0012514472183
664.1707153	0.011006099172	665.3787231	-0.00013347540519999994
664.289978	0.009528209457	665.4984131	-0.0007687108609999993
664.4093018	0.01204840373	665.618103	0.000900115818000001
664.5286255	0.009934616741	665.737793	-0.00011799670800000019
664.6479492	0.0132415578716	665.8574829	-0.002992710448
664.7672119	0.010222093199999999	665.9771729	-0.002471093090000001
664.8865356	0.009360803757	666.0968628	-0.0019054468759999998
665.0058594	0.009615868326	666.2165527	0.0011729341930000001
665.1251831	0.0100114034764	666.3362427	-0.002628051327
665.2445068	0.01010811981	666.4559326	-0.0021603926999999995
665.3638306	0.0105983438	666.5756226	-0.0004514604800000023
665.4831543	0.010970150586	666.6953125	0.0013387170619999994
665.602417	0.009951353073000001	666.8150635	-0.0010104291139999997
665.7217407	0.009224455809999999	666.9347534	-0.0032593840699999994
665.8410645	0.007117561999999999	667.0544434	-0.001365991300000001
665.9603882	0.0098221022633	667.1741333	0.0013912743889999998
666.0797119	0.009292890551	667.2938232	-0.0017828264394
666.1990356	0.01308044605	667.4135742	0.0017064837740000003
666.3184204	0.017357433212999998	667.5332642	-0.00012360699999999954
666.4377441	0.013340143020999999	667.6529541	-0.0018506841780000002
666.5570679	0.019419867548	667.7727051	-0.002365647815000001
666.6763916	0.017093895004999998	667.892395	0.00130450912
666.7957153	0.018627919249999996	668.012085	0.000978067519999997
666.9150391	0.01240019151	668.1318359	0.00184620847
667.0343628	0.012723622732000001	668.2515259	-0.000592537108
667.1537476	0.012896193192	668.3712769	4.611910000000552e-06
667.2730713	0.010840659960000002	668.4909668	0.0009458065000000002
667.392395	0.008938683313999999	668.6107178	-0.0009412782960000002
667.5117188	0.0108012986616	668.7304077	-5.93551376e-05
667.6311035	0.009602777658999999	668.8501587	-0.001154612749999999
667.7504272	0.009887931407	668.9698486	-0.0021654549059999997
667.869751	0.027646515519999998	669.0895996	0.00026994571140000006
667.9891357	0.039532645615309996	669.2093506	0.0017572973152
668.1084595	0.034296502824	669.3290405	0.0008635958660000009
668.2278442	0.02759778174	669.4487915	-0.0008710715899999978
668.347168	0.0229338258764	669.5685425	-0.0012327659639999999
668.4665527	0.01906318497	669.6882324	0.00019876682200000014
668.5858765	0.015851502304000002	669.8079834	-0.00038605835300000065
668.7052002	0.015568566508	669.9277344	0.0005309022960000003
668.824585	0.015202170238	670.0474243	-0.0013473089790000002
668.9439697	0.007376193300000001	670.1671753	0.0005842421669999998
669.0632935	0.01336362586	670.2869263	-0.00047411582999999993
669.1826782	0.010238742460000002	670.4066772	0.0027848158501
669.302002	0.009862854610000001	670.5264282	-0.0007541570820000002
669.4213867	0.009503892158999999	670.6461792	0.00045145675599999983
669.5407715	0.01251925621	670.7658691	1.69356360000001e-05
669.6600952	0.013799976557	670.8856201	-0.00016631884500000003
669.77948	0.013887144159000001	671.0053711	-0.0005955258390000001
669.8988647	0.012081368475	671.1251221	-0.0013758470309999998
670.0181885	0.01349466667	671.244873	-4.730374000000079e-05
670.1375732	0.015920364766	671.364624	0.0008007793220000002
670.256958	0.013338647317000001	671.484375	-6.267614700000007e-05
670.3763428	0.013370783064	671.604126	0.0009535029530000003
670.4957275	0.01143100066	671.723877	-0.00042057503000000017
670.6150513	0.013399029383	671.8436279	-0.001272346592
670.734436	0.012173261958999999	671.9634399	-0.00031387130700000036
670.8538208	0.013948475949999999	672.0831909	0.0007352940739999998
670.9732056	0.013199761971	672.2029419	-0.001223455180000001
671.0925903	0.01422870916	672.3226929	-0.000462918615
671.2119751	0.013757612087	672.4424438	-0.00174771736093
671.3313599	0.01456737332	672.5621948	2.2426250000000605e-05
671.4507446	0.012181173080000001	672.6820068	-0.0009908108039999993
671.5701294	0.012888330965999999	672.8017578	0.0014320760960000005
671.6895142	0.012947094864000001	672.9215088	0.00018140207999999946
671.8088989	0.012803061864	673.0412598	-0.0013222228740000005
671.9282837	0.016058287586000003	673.1610718	-0.00110122608
672.0476685	0.016276495531	673.2808228	-0.0007741312726
672.1670532	0.017595810354	673.4005737	0.00023482483799999992
672.286438	0.016470681879999997	673.5203857	0.0011742627240000003
672.4058228	0.016984726531	673.6401367	-0.0011307243200000018
672.5252686	0.0179155278	673.7599487	0.0005994128290000001
672.6446533	0.018236421979000002	673.8796997	-0.0009169043040000002
672.7640381	0.01436652197	673.9994507	-0.0004690624800000008
672.8834229	0.015812341120000004	674.1192627	0.00020239595399999984
673.0028076	0.016314662993	674.2390137	0.00052751040857
673.1222534	0.014089566652	674.3588257	-0.0007725418539999995
673.2416382	0.014345298524999998	674.4785767	-0.0005310252300000009
673.3610229	0.01360587031	674.5983887	-0.0004009790699999998
673.4804688	0.012588022743	674.7182007	0.0008008740839999997
673.5998535	0.014470928814	674.8379517	0.0008074566719999997
673.7192383	0.015374127780000003	674.9577637	0.0008974592200000006
673.8386841	0.014304080039999998	675.0775146	-0.0013923225950000003
673.9580688	0.014905783348	675.1973267	-0.001381919719
674.0775146	0.014267169815	675.3171387	0.0006794044750000009
674.1968994	0.015342996456000001	675.4368896	0.00037197488999999966
674.3162842	0.0158447083	675.5567017	0.0027848991452
674.43573	0.010951097821	675.6765137	0.0016335020770000003
674.5551147	0.014997443184000002	675.7963257	0.001064914278
674.6745605	0.014814176589999999	675.9160767	0.0012719389099999992
674.7939453	0.012520997781999998	676.0358887	9.104423300000056e-05
674.9133911	0.014318984467000001	676.1557007	0.0006956779390000006
675.0328369	0.011605184640999999	676.2755127	0.0009692430029999998
675.1522217	0.01995425671	676.3953247	0.0006620986350000004
675.2716675	0.06242929213000001	676.5151367	0.0028698835500000006
675.3910522	0.13477928317600002	676.6349487	-5.627144099999964e-05
675.510498	0.147338603652	676.7546997	0.00032383110400000014
675.6299438	0.12007367427999999	676.8745117	0.002345941961
675.7493896	0.09357370067000001	676.9943237	-5.601067099999992e-05
675.8687744	0.068161954633	677.1141357	-0.0002973370717999999
675.9882202	0.052223166446	677.2339478	-0.0005387584670000002
676.107666	0.03596393391	677.3537598	0.0006462633599999996
676.2271118	0.03024453204	677.4735718	2.572319999999753e-06
676.3464966	0.024009634743	677.5933838	0.0011337453030000001
676.4659424	0.022090304175	677.7132568	-0.0009244233370000001
676.5853882	0.01848514192	677.8330688	-0.0019940975999999996
676.704834	0.020519783721999998	677.9528809	-0.001764026587
676.8242798	0.023127000777	678.0726929	0.00023556035
676.9437256	0.021414099727	678.1925049	0.0006738531811
677.0631714	0.01707185153	678.3123169	-0.0017668623499999987
677.1825562	0.013046323319999999	678.4321289	0.00025683874299999975
677.302002	0.016029618679	678.552002	0.001377669158
677.4214478	0.013153305043999999	678.671814	-0.002666646620000001
677.5408936	0.0155098252	678.791626	4.267506000000046e-05
677.6603394	0.011335725427	678.911438	0.0006775064399999996
677.7797852	0.013267559582999999	679.031311	-0.0004466807009999999
677.899292	0.014298166614000001	679.151123	-0.002206020057
678.0187378	0.01063517388	679.2709351	-0.004346541132
678.1381836	0.008471992800000001	679.3908081	0.0001642983400000006
678.2576294	0.010327799245	679.5106201	-0.0013354001599999998
678.3770752	0.0079964280017	679.6304321	-0.001158218831
678.496521	0.011817712340000001	679.7503052	-0.0009968131800000002
678.6159668	0.008679476569999999	679.8701172	-0.0016699559050000002
678.7354126	0.012354021427000001	679.9899902	-0.0006317975929999997
678.8549194	0.010197604773	680.1098022	-0.001837707998
678.9743652	0.008797065816999999	680.2296753	-0.0006941873599999992
679.093811	0.011238279749999998	680.3494873	-0.0002560131300000032
679.2132568	0.009617914911999998	680.4693604	-0.00043799914000000086
679.3327637	0.011135987239	680.5891724	-0.002387768356
679.4522095	0.009263615119999999	680.7090454	-0.0006995007860000004
679.5716553	0.008794614117	680.8288574	0.0006276657799999998
679.6911621	0.008779508059000001	680.9487305	0.0009681991942000001
679.8106079	0.010989902049499999	681.0686035	0.00031128153199999967
679.9300537	0.0084539447	681.1884155	-0.00038808653999999974
680.0495605	0.007175774311999998	681.3082886	-3.856280800000004e-05
680.1690063	0.009089585858999999	681.4281006	-0.0018883906300000003
680.2884521	0.009204024912000001	681.5479736	-0.00037213339239999994
680.407959	0.008902998650000002	681.6678467	7.373886099999987e-05
680.5274048	0.011127113368	681.7877197	-0.0002380311489999995
680.6469116	0.007375200512000001	681.9075317	-0.0013055708200000009
680.7663574	0.009575200966	682.0274048	0.000732067506
680.8858643	0.01003519259	682.1472778	-0.0015015509000000007
681.0053101	0.012088373763999998	682.2671509	-0.0007823631200000007
681.1248169	0.009368022904	682.3869629	-0.00013295350714
681.2442627	0.011870158371	682.5068359	0.0008464800200000001
681.3637695	0.01010568068	682.626709	-0.0014480575920000002
681.4832764	0.008549979885	682.746582	-0.000603236259999999
681.6027222	0.006436658096	682.8664551	-0.00038666371299999995
681.722229	0.009331939975	682.9863281	0.0007689557960000003
681.8417358	0.01061715	683.1062012	0.003799120897
681.9611816	0.00855224812	683.2260742	-0.00019613838999999952
682.0806885	0.011007104069	683.3459473	0.0006049638609999996
682.2001953	0.009952529799	683.4658203	-0.002554120845
682.3196411	0.010709017509999998	683.5856934	-0.0010444940990000009
682.4391479	0.010428155770000001	683.7055664	5.5484473999998715e-05
682.5586548	0.013376091141	683.8254395	-0.00015148062079999998
682.6781616	0.007488388917000001	683.9453125	-0.0006683301200000012
682.7976685	0.012613160540000001	684.0651855	0.00040719099000000036
682.9171143	0.012729695070999998	684.1850586	-0.00012446101999999924
683.0366211	0.011517067383199998	684.3049316	-0.002184397309
683.1561279	0.0119802462328	684.4248047	-0.0016186562718
683.2756348	0.010863133699999998	684.5446777	-0.00014832569300000063
683.3951416	0.010601676535999999	684.6646118	-0.0013747205960000005
683.5146484	0.0090689763306	684.7844849	-9.588745889999993e-05
683.6341553	0.009861605244	684.9043579	-0.0011956999070000002
683.7536621	0.01018401142	685.024231	-0.0005725749068
683.8731689	0.007984636347000001	685.144104	-0.0014139213599999997
683.9926758	0.00908220706284	685.2640381	-0.0007919940400000001
684.1121826	0.009030711371	685.3839111	0.0005258973680000003
684.2316895	0.009659274479999999	685.5037842	-0.0008794115859999986
684.3511963	0.008417480624	685.6237183	0.001176539800000001
684.4707031	0.007489137352999999	685.7435913	-2.151820799999992e-05
684.59021	0.007942125666	685.8634644	-0.00035654799999999993
684.7097168	0.00764714135	685.9833984	-0.0015113502699999996
684.8292236	0.008061606904	686.1032715	0.0007347483190000004
684.9487305	0.01066742721	686.2231445	0.0004692012440000006
685.0682373	0.010405235690999999	686.3430786	0.0012304605920000003
685.1877441	0.00925621204	686.4629517	0.0007010027799999995
685.307312	0.011560594660000001	686.5828857	0.00020057009500000066
685.4268188	0.008486590349	686.7027588	-0.0008646792269999997
685.5463257	0.01200608909	686.8226929	-0.0022055930456
685.6658325	0.007982809090000001	686.9425659	-0.0013443199855
685.7853394	0.009773086761000001	687.0625	0.0014498797249999995
685.9049072	0.008393679275	687.182373	-0.0011378414930000007
686.0244141	0.007448763819	687.3023071	0.0007480564531
686.1439209	0.008173042907999998	687.4221802	0.0015192202989999998
686.2634277	0.011012257999999999	687.5421143	0.0002037957300000011
686.3829956	0.007711053128	687.6619873	0.0007847903762
686.5025024	0.008158942451999999	687.7819214	-0.0008652247490000002
686.6220703	0.009811451662000002	687.9018555	3.598444200000016e-05
686.7415771	0.007568858560000001	688.0217285	-0.0011585627219999999
686.861084	0.008049859898	688.1416626	-0.00010995520299999974
686.9806519	0.009218836553000001	688.2615967	-0.0009341379630000007
687.1001587	0.022475837728	688.3814697	0.0006756561340000001
687.2197266	0.08153421338299999	688.5014038	-0.00010541267999999993
687.3392334	0.13027071207	688.6213379	0.0008729426190000004
687.4588013	0.10732486518199999	688.741272	-0.001044683159
687.5783081	0.088627652261	688.861145	0.0017452938500000011
687.697876	0.059792853890000004	688.9810791	-0.00010815169999999971
687.8173828	0.042022358628	689.1010132	0.0012054933177
687.9369507	0.03131509107	689.2209473	-0.0003686817359999997
688.0564575	0.027624649930000002	689.3408813	-0.000477709808
688.1760254	0.02482766006	689.4608154	-0.0006371829599999997
688.2955322	0.017801959999	689.5806885	-0.0009938827719999997
688.4151001	0.014113865561999998	689.7006226	-0.0010655834340000002
688.534668	0.011861369940999998	689.8205566	0.0013424176700000002
688.6541748	0.014211121010000001	689.9404907	-0.0019407216399999986
688.7737427	0.019721634687	690.0604248	-0.0025467788800000012
688.8933105	0.026365146976	690.1803589	-0.00023712962800000008
689.0128174	0.03273118381	690.300293	-0.0008827438580000001
689.1323853	0.026837818330000002	690.4202271	-0.001174148172
689.2519531	0.023428658024	690.5401611	-0.0003711608006
689.37146	0.02213148493	690.6600952	-0.001250142230000001
689.4910278	0.019596016968	690.7800293	0.0010158084400000017
689.6105957	0.01786446757	690.8999634	0.0004756534480000003
689.7301636	0.015579964966	691.0198975	0.0014798651680000001
689.8497314	0.017232105141	691.1398315	-0.0006093562695999999
689.9692383	0.014229953290000001	691.2598267	0.0008125100300000014
690.0888062	0.016222871840000003	691.3797607	0.0002593062799999997
690.208374	0.01685760776	691.4996948	-0.00028096861199999987
690.3279419	0.017138214084	691.6196289	0.00025415839600000014
690.4475098	0.01718412154	691.739563	-0.0015178015400000005
690.5670776	0.013605512679999997	691.8594971	-0.00047856336500000027
690.6866455	0.013756483789	691.9794922	-0.0014171236544
690.8062134	0.010464490162	692.0994263	0.0006030183279999999
690.9257202	0.012408213691	692.2193604	-0.0005463026500000003
691.0452881	0.015115503220000001	692.3392944	0.0011264737700000006
691.164856	0.017309468238	692.4592896	-0.0008406015100000004
691.2844238	0.020079297942	692.5792236	-0.0004234449000000001
691.4039917	0.018747223539999996	692.6991577	-0.0013126507400000008
691.5235596	0.017523908060000003	692.8190918	0.0001479294149999994
691.6431274	0.020206355255000003	692.9390869	0.0029676673874999998
691.7627563	0.018947139853	693.059021	0.00045583350500000026
691.8823242	0.021694514900000003	693.1790161	0.0005751214900000003
692.0018921	0.01726182643	693.2989502	-0.00016477704000000034
692.12146	0.015708161517	693.4188843	-0.000261587571
692.2410278	0.016067614318000002	693.5388794	0.000966491294
692.3605957	0.018220352010000003	693.6588135	-0.0007682600999999994
692.4801636	0.01961030253	693.7788086	0.00036922282999999993
692.5997314	0.021957191639	693.8987427	0.0010419280730000003
692.7193604	0.0253296243	694.0187378	-0.000383341685
692.8389282	0.021232364700000003	694.1386719	-0.0011153174599999992
692.9584961	0.023758861707	694.258667	0.0009649843000000026
693.078064	0.022844188847	694.3786011	0.0009668115526
693.1976318	0.026438955217	694.4985962	-0.0001336533464
693.3172607	0.024115482343	694.6185303	0.0007003620299999985
693.4368286	0.020067886447	694.7385254	-0.0003967806699999993
693.5563965	0.023620105348	694.8584595	0.0011842143720000005
693.6760254	0.02305477392	694.9784546	0.00023682927700000023
693.7955933	0.03267147578	695.0984497	0.0011900027749999994
693.9151611	0.058422963596	695.2183838	0.00018201907999999996
694.03479	0.07042503263	695.3383789	-0.0016125841039999998
694.1543579	0.05771994219	695.458374	0.0008992147630000006
694.2739258	0.04843678697999999	695.5783081	-0.002000857843
694.3935547	0.043573709201	695.6983032	0.0007935082499999999
694.5131226	0.034948465410000004	695.8182983	0.0010808920479999998
694.6327515	0.030786736872	695.9382324	-0.0020436290649999997
694.7523193	0.027502530723999996	696.0582275	1.9805506000000056e-05
694.8718872	0.028230990280000003	696.1782227	0.0010420229519999998
694.9915161	0.021474812178999998	696.2982178	-0.0007892190479999997
695.111084	0.02557598707	696.4181519	-0.002611469245
695.2307129	0.028517137284000002	696.538147	-0.002472267489999999
695.3502808	0.03190310765	696.6581421	-0.0004945164550000016
695.4699097	0.03509903699	696.7781372	0.008056274616999998
695.5894775	0.032609395686	696.8981323	0.028365454864999997
695.7091064	0.030738938135999996	697.0181274	0.041432126427000004
695.8287354	0.03118732757	697.1380615	0.03267323039
695.9483032	0.0256325081	697.2580566	0.022546223772500002
696.0679321	0.028659124394	697.3780518	0.015872433781
696.1875	0.03481955174	697.4980469	0.009541466830000005
696.3071289	0.039168877524	697.618042	0.0027007320899999996
696.4267578	0.048850831109	697.7380371	0.0025096730092
696.5463257	0.25007835872	697.8580322	0.0036706533290000003
696.6659546	0.991454922594	697.9780273	0.002587672317999999
696.7855835	0.991718572564	698.0980225	0.0023522637800000006
696.9051514	1.008535660803	698.2180176	0.0018699071369999995
697.0247803	1.01136047952	698.3380127	0.0001446800310000002
697.1444092	0.994355070405	698.4580078	0.002328553237
697.2640381	0.8707411400999999	698.5780029	0.0007361592699999999
697.383606	0.388156633401	698.697998	-0.0003547212109999997
697.5032349	0.246311694388	698.8179932	0.0011728983370000003
697.6228638	0.15241200426	698.9379883	0.00017585046999999895
697.7424927	0.106601205689	699.0580444	-0.00023838737999999984
697.8621216	0.07531450875000001	699.1780396	0.0007375823400000009
697.9816895	0.068162248939	699.2980347	0.00023100571700000044
698.1013184	0.055938631299	699.4180298	0.0002456065200000003
698.2209473	0.047957900907	699.5380249	-0.0004163747699999984
698.3405762	0.04200158827	699.65802	0.001225538552
698.4602051	0.044302430930000004	699.7780762	-0.0021702350346
698.579834	0.03555301018	699.8980713	-0.00019415654000000046
698.6994629	0.038998370059999996	700.0180664	7.312186100000024e-05
698.8190918	0.032870582104600005	700.1380615	0.003020129166
698.9387207	0.0335737085	700.2580566	-0.0008293922873999999
699.0583496	0.031145986169999997	700.3781128	-0.002033891159999999
699.1779785	0.037960458550000006	700.4981079	-0.0012920610699999995
699.2975464	0.035924291708	700.618103	-0.0010102987290000007
699.4171753	0.035040272403	700.7381592	-0.002475185321999999
699.5368042	0.0304695256	700.8581543	0.0009393058799999996
699.6564941	0.030365344371	700.9781494	-0.0011885715599999989
699.776123	0.03199117258	701.0982056	-0.0008309578990000001
699.895752	0.02966030314	701.2182007	-0.00097644669772
700.0153809	0.026858600790000003	701.3381958	0.0013376502319999992
700.1350098	0.03209178709	701.458252	0.0011880098759000002
700.2546387	0.025873329022	701.5782471	-0.0008310765260000001
700.3742676	0.028040054257999998	701.6983032	0.000858293846
700.4938965	0.024841526520000004	701.8182983	-0.0021678627822
700.6135254	0.025714569263	701.9383545	-1.90036369999997e-05
700.7331543	0.027190536728000002	702.0583496	-0.0008781887599999989
700.8528442	0.020781448110000003	702.1784058	0.0007883133370000005
700.9724731	0.019577478989000002	702.2984009	0.00025617471000000027
701.0921021	0.02262097318	702.418457	-0.0018123379000000005
701.211731	0.024066499432	702.5384521	0.0002872156909999998
701.3313599	0.02396058291	702.6585083	0.00031109200800000063
701.4510498	0.024673863310000002	702.7785034	0.002456938382
701.5706787	0.020080610174	702.8985596	0.00030212523400000024
701.6903076	0.023882370450000003	703.0185547	0.00020310748399999905
701.8099365	0.021106938482	703.1386108	-0.0008441591629999995
701.9296265	0.020556051282	703.258606	0.0010275403030000005
702.0492554	0.020265854429000002	703.3786621	0.002056541852999999
702.1688843	0.022655916396000002	703.4987183	0.0019069844860000002
702.2885742	0.018737596695	703.6187134	-0.0014494457289999998
702.4082031	0.022912444783000002	703.7387695	0.002644189639999999
702.527832	0.020791916173	703.8588257	0.00021477963300000008
702.647522	0.021640979685	703.9788208	-0.0018743232349999997
702.7671509	0.02397859562	704.098877	-0.0004897601900000007
702.8867798	0.029263904320000002	704.2189331	-0.00130264042
703.0064697	0.07085711695	704.3389893	0.0005521811519999999
703.1260986	0.139845113052	704.4589844	0.0010415840952000001
703.2457886	0.13832944541	704.5790405	-0.0008398899799999995
703.3654175	0.113187455566	704.6990967	0.0006188508199999991
703.4850464	0.097857988903	704.8191528	0.0008050848260000004
703.6047363	0.071851002052	704.9391479	-0.0015217508190000012
703.7243652	0.05137958564	705.0592041	-0.0017413599409999998
703.8440552	0.035049298314	705.1792603	0.00044162291999999895
703.9636841	0.02928283903	705.2993164	-0.0009344229479999987
704.083374	0.02631132304	705.4193726	0.001007270068
704.2030029	0.019751284036	705.5394287	0.0013076411499999985
704.3226929	0.021083106291	705.6594238	0.0008281311000000006
704.4423218	0.018160481007	705.77948	-9.474880000000024e-05
704.5620117	0.020943259822	705.8995361	-0.0023159846309999997
704.6817017	0.01938891317	706.0195923	-0.0018157535229999999
704.8013306	0.020015532851	706.1396484	-0.00039121880999999983
704.9210205	0.016767700207	706.2597046	0.001134480583
705.0406494	0.018982267122	706.3797607	0.00038017134650000003
705.1603394	0.01731122658	706.4998169	-0.0011690715299999994
705.2800293	0.016168239530000003	706.619873	0.0005387775600000019
705.3996582	0.018403521739	706.7399292	-0.0005882079709999995
705.5193481	0.017725110986	706.8599854	0.006018720102
705.6390381	0.01709033921	706.9800415	0.026294711975999998
705.758667	0.01679112203	707.1000977	0.04334632493
705.8783569	0.015917839949	707.2201538	0.036330730186
705.9980469	0.01895166282	707.34021	0.027467600066999998
706.1177368	0.017338651233999997	707.4602661	0.016184915791
706.2373657	0.018635002900000003	707.5803223	0.00835448876
706.3570557	0.014222482922	707.7003784	0.0080780629
706.4767456	0.019006173127000002	707.8204346	0.00443709665
706.5964355	0.08113336191	707.9404907	0.002662159505000001
706.7160645	0.57912779225	708.0605469	0.0011947229499999993
706.8357544	1.006727776956	708.1806641	0.0012835748490000005
706.9554443	1.005127046257	708.3007202	0.000659204553
707.0751343	0.98840411846	708.4207764	-0.0028573395700000007
707.1948242	0.990099010058	708.5408325	-0.0024358537100000015
707.3144531	0.6343200719150001	708.6608887	0.0024037170219999996
707.4341431	0.335724555413	708.7809448	-0.0007327832279999998
707.553833	0.18815539588	708.901062	0.000454943976
707.6735229	0.11535105291999999	709.0211182	-0.0002745157109999997
707.7932129	0.07546674646	709.1411743	0.001262640115
707.9129028	0.057475467210000006	709.2612305	-0.000391016248
708.0325928	0.04477423336	709.3813477	-0.00137193314
708.1522827	0.034766585568	709.5014038	5.5982732000000104e-05
708.2719727	0.032253240705	709.62146	-0.0007014461153
708.3916626	0.029263712469999998	709.7415161	-0.0009003221059999999
708.5113525	0.027463851496000002	709.8616333	0.00029585044999999935
708.6309814	0.024883727539999997	709.9816895	-0.0013746721669999993
708.7506714	0.02604834642	710.1017456	0.0018686733680000002
708.8703613	0.021450354252999997	710.2218628	0.0008046696899999999
708.9900513	0.018993965350000003	710.3419189	0.00031107990000000044
709.1097412	0.017474606631999998	710.4619751	0.001025903505
709.2294922	0.016896117478000003	710.5820923	-0.0009416342939999999
709.3491821	0.016070397105000002	710.7021484	-0.00041699222999999966
709.4688721	0.01761235855	710.8222656	0.0007172170999999988
709.588562	0.01618811395	710.9423218	0.00040799658000000016
709.708252	0.015123127867999998	711.0623779	-0.0022604507393999998
709.8279419	0.014114919347	711.1824951	0.00021625030799999993
709.9476318	0.013739925810000001	711.3025513	-0.0015986466319999997
710.0673218	0.011071695942	711.4226685	0.0005463933341
710.1870117	0.011894554836	711.5427246	9.188568199999976e-05
710.3067017	0.0105194912156	711.6628418	0.0006729991880000002
710.4263916	0.008094087250000001	711.7828979	0.00056422062334
710.5461426	0.009113670331	711.9030151	-0.0014106957289999993
710.6658325	0.014151162002	712.0230713	0.0008770227430000002
710.7855225	0.019215030593	712.1431885	-0.000714007765
710.9052124	0.02972048335	712.2632446	-0.0008984836740000002
711.0249023	0.025467889379000002	712.3833618	-0.00022993049999999945
711.1446533	0.025047166274	712.503418	-0.00043212715499999985
711.2643433	0.02376889903	712.6235352	4.94353009999999e-05
711.3840332	0.012502937573	712.7436523	-0.0009599253599999989
711.5037231	0.011409595611999999	712.8637085	0.0019457591650000015
711.6234131	0.0109895345522	712.9838257	0.0011001895179999993
711.7431641	0.010068697389999999	713.1038818	-0.001192165074
711.862854	0.009735938164	713.223999	-0.0008064652800000007
711.9825439	0.01159586944	713.3441162	-0.00016744574600000006
712.1022949	0.011028620413	713.4641724	-0.00014748331099999953
712.2219849	0.009333864321	713.5842896	-0.00014265626000000038
712.3416748	0.008772154340000001	713.7044067	0.0008425302809999995
712.4614258	0.009686632090000001	713.8244629	0.00015102512999999942
712.5811157	0.011437166483	713.9445801	-0.0010484319640000003
712.7008057	0.0134564817418	714.0646973	-0.0007885065859999998
712.8205566	0.01733491383	714.1847534	0.000826838425999999
712.9402466	0.01972078346	714.3048706	-0.0005151908840000004
713.0599365	0.011029012739000001	714.4249878	-0.0008646554779999996
713.1796875	0.013222222391	714.545105	0.001344232820000001
713.2993774	0.01181755215	714.6651611	-0.0003447821299999987
713.4191284	0.01168585196	714.7852783	0.0011384068059999992
713.5388184	0.009709525754727999	714.9053955	0.00147264171
713.6585083	0.012241468536	715.0255127	0.003632282838
713.7782593	0.007648256610000001	715.1456299	0.00332771242
713.8979492	0.007741792125	715.265686	0.0026424340899999996
714.0177002	0.0051489526378	715.3858032	0.0023252086246
714.1373901	0.008091544966	715.5059204	0.001245987136
714.2571411	0.007070299240000001	715.6260376	-0.00011071423099999998
714.3768311	0.006198502147999999	715.7461548	0.0012277923520000004
714.496582	0.006379708179	715.866272	-0.0013768905769999994
714.616272	0.016088174656	715.9863281	-0.002749154339999999
714.7360229	0.060074205510000006	716.1064453	-0.0010621435950000004
714.8557129	0.122430515049	716.2265625	-0.001628560939999999
714.9754639	0.12549053597999998	716.3466797	-0.0007707625629999994
715.0951538	0.10939992499	716.4667969	-0.0003283424339999997
715.2149048	0.08408925403	716.5869141	0.0007953234000000024
715.3345947	0.05228497647	716.7070312	-0.0009350399490000005
715.4543457	0.02514273766	716.8271484	-0.0028073680589999995
715.5740967	0.017592072487	716.9472656	0.0018516643900000004
715.6937866	0.013925857839999996	717.0673828	-0.0017952332310000006
715.8135376	0.01167134475	717.1875	-0.0018878215899999998
715.9332275	0.01467938093	717.3076172	0.00023308128599999994
716.0529785	0.018592222594	717.4277344	-0.00042586441839999995
716.1727295	0.018800927319999997	717.5478516	-0.00030871201
716.2924194	0.01953953411	717.6679688	6.403780000000664e-06
716.4121704	0.0124405276699	717.7880859	-0.001858524163
716.5319214	0.0123086654383	717.9082031	-0.00037304661299999986
716.6516113	0.00839155167	718.0283203	-0.0034129980490000002
716.7713623	0.0061955964199999995	718.1484375	-0.0007107686300000006
716.8911133	0.008148653668000001	718.2685547	-0.0010705885940000002
717.0108032	0.005043032580999999	718.3886719	-5.955676902000001e-05
717.1305542	0.011668819930000001	718.5087891	-7.562711999999777e-05
717.2503052	0.005005225540000002	718.6289062	-0.0012699269426999999
717.3700562	0.008045349731	718.7490234	0.0008630855009999997
717.4897461	0.007050788962	718.8692017	0.0001197722740000004
717.6094971	0.0076061310199999985	718.9893188	-0.0008617024869999991
717.729248	0.005956172710999999	719.109436	0.001116890461
717.848999	0.0053448365090000005	719.2295532	-0.0018552267
717.968689	0.005644618534000001	719.3496704	3.393273800000006e-05
718.0884399	0.00401239376	719.4697876	-0.0012082848699999996
718.2081909	0.0025456827140000002	719.5899048	-0.0013958211059999998
718.3279419	0.00496228598	719.710083	-0.002477177885
718.4476929	0.004440600051999999	719.8302002	0.0008206941275
718.5674438	0.004310287529999998	719.9503174	-0.0005822777700000004
718.6871338	0.005650935696	720.0704346	0.0008977791289999995
718.8068848	0.005791095784	720.1906128	0.0011308628599999999
718.9266357	0.006494393574	720.31073	0.0006003022718
719.0463867	0.006139897743	720.4308472	-0.00016437470899999945
719.1661377	0.006661141290000002	720.5509644	-0.0007136156770000002
719.2858887	0.0028030634860000004	720.6711426	-0.0009969426319999999
719.4056396	0.0053415026049999995	720.7912598	0.00065792352
719.5253296	0.006289144050000001	720.911377	-0.001158218831
719.6450806	0.00691035949	721.0314941	0.00011617876999999929
719.7648315	0.0035711969249999998	721.1516724	0.0002542650329999999
719.8845825	0.0008459566190000007	721.2717896	-0.0004265523312
720.0043335	0.0064944103399999994	721.3919067	0.00017267279000000163
720.1240845	0.005348408589999999	721.512085	-0.00016036443000000053
720.2438354	0.0039107019540000005	721.6322021	0.0013002399349999996
720.3635864	0.0071092464499999996	721.7523193	0.0008419728839999998
720.4833374	0.006434813150000003	721.8724976	0.002766988473
720.6030884	0.0068423118205	721.9926147	-1.5042720000000426e-05
720.7228394	0.006982275285	722.1127319	-0.0011946323790000004
720.8425903	0.023014229721	722.2329102	-0.00035094958799999996
720.9623413	0.025638802904999997	722.3530273	-0.0006542149899999988
721.0820923	0.02015876211	722.4732056	-0.0012635216079999994
721.2018433	0.020022054203	722.5933228	-0.00016992466410000004
721.3215942	0.014097080797700001	722.7134399	3.1192904000000056e-05
721.4413452	0.010395884053000001	722.8336182	-0.0013039209880000005
721.5610962	0.00824498851	722.9537354	0.0019843308200000014
721.6808472	0.005551475568	723.0739136	0.0007087723350000003
721.8005981	0.0065679810990000006	723.1940308	0.00017765432099999998
721.9203491	0.005617280025000001	723.314209	0.0005192421400000025
722.0401001	0.00798350945	723.4343262	-0.0001625940200000002
722.1598511	0.005628421900000001	723.5545044	-0.0008781775899999993
722.2796631	0.007584191862000001	723.6746216	-0.0005010758760000001
722.3994141	0.0075208619199999965	723.7947998	0.0006365608500000022
722.519165	0.00807754695	723.914917	-0.0019615264610000002
722.638916	0.008012550883	724.0350952	-0.0009367475280000004
722.758667	0.0090126150313	724.1552124	-0.0027698157360000007
722.878418	0.005967821929999999	724.2753906	0.0007283911100000005
722.9981689	0.010917128990000002	724.3955078	0.0009530289099999997
723.1179199	0.008037658876	724.515686	-0.00273680613502
723.2377319	0.009161568014000001	724.6358032	-0.0004807102958
723.3574829	0.009702466311999999	724.7559814	-0.0006242063829999993
723.4772339	0.010163391009999998	724.8760986	-0.0010598907199999997
723.5969849	0.010421236977	724.9962769	-0.0011596419791000002
723.7167358	0.0085789610168	725.1164551	0.0020485713028000003
723.8365479	0.008040104059999999	725.2365723	-0.00021894741799999978
723.9562988	0.00711520855	725.3567505	0.0010203048600000014
724.0760498	0.007150980175000001	725.4768677	0.00117062137
724.1958008	0.011458511232	725.5970459	-7.680291299999998e-05
724.3155518	0.00532632693	725.7172241	-0.0008590333199999991
724.4353638	0.008152115159999999	725.8373413	-0.0017428304999999996
724.5551147	0.009127164489999999	725.9575195	0.0008392330782999999
724.6748657	0.0055305222040000004	726.0776978	-0.0013430627294000002
724.7946167	0.006894420371	726.1978149	-0.00038117170000000027
724.9144287	0.007606008090000001	726.3179932	0.00046149082000000036
725.0341797	0.007056427187000001	726.4381714	0.0010266271419999999
725.1539307	0.0067374696990000005	726.5582886	7.141381499999998e-05
725.2737427	0.009168216019999998	726.6784668	0.0016865455550000002
725.3934937	0.0073914993500000005	726.798645	0.0005941931200000028
725.5132446	0.007754747755999999	726.9187622	0.0007122950630000001
725.6330566	0.007189956024999999	727.0389404	0.00058681611
725.7528076	0.00956365559	727.1591187	0.0014507342140000004
725.8725586	0.008737467227	727.2792969	0.0010836785659999997
725.9923706	0.007732434431399999	727.3994141	-0.0014550911730000001
726.1121216	0.008508228696999999	727.5195923	0.0005988909400000001
726.2318726	0.00854365528	727.6397705	0.00686221383
726.3516846	0.009604469408	727.7599487	0.006037129093
726.4714355	0.010196869261	727.8800659	0.007829442271000001
726.5911865	0.012608950022	728.0002441	0.0027569904900000015
726.7109985	0.012685326860000002	728.1204224	0.004054230637999999
726.8307495	0.011898715984999999	728.2406006	-0.00041786953
726.9505005	0.011441174197	728.3607178	0.0013167744032999999
727.0703125	0.01187252393	728.480896	0.0015417565590000008
727.1900635	0.01759788767	728.6010742	0.0007511400619999997
727.3098755	0.042952220885	728.7212524	0.0007494322490000003
727.4296265	0.159741477101	728.8414307	0.0001450595439999999
727.5494385	0.244466241951	728.9616089	-0.001267222688
727.6691895	0.19808522661	729.0817261	0.0006606634700000004
727.7889404	0.153684454	729.2019043	-0.0017444437839999995
727.9087524	0.10076034906999999	729.3220825	-0.0005719462640000001
728.0285034	0.054910756177	729.4422607	0.0005859145890000006
728.1483154	0.03173057735	729.562439	-0.00040256977100000015
728.2680664	0.025167458689	729.6826172	0.00136090908
728.3878784	0.017635289577000002	729.8027954	0.0011893265180000002
728.5076294	0.0172500915646	729.9229736	0.0007307983470000003
728.6274414	0.016354599960000004	730.0430908	-0.0007884828380000002
728.7471924	0.0146269463	730.163269	-0.00019789301000000016
728.8670044	0.011421165895	730.2834473	-0.0005515334189999995
728.9867554	0.014056363609	730.4036255	-0.0002602116439999998
729.1065674	0.01191679947	730.5238037	-0.0010617878330000004
729.2263184	0.01182186697	730.6439819	0.002864427860000001
729.3461304	0.009988857899	730.7641602	-0.000572112272
729.4658813	0.009221545416	730.8843384	-0.0015016347200000005
729.5856934	0.009770036670000001	731.0045166	-0.0011924738070000001
729.7054443	0.00909133163	731.1246948	-0.0009679896699999989
729.8252563	0.007149190293000001	731.244873	-0.00032779668000000074
729.9450684	0.006021972281999999	731.3650513	-0.0007177910300000001
730.0648193	0.007435686879999999	731.4852295	0.0002737413159999997
730.1846313	0.008721000978	731.6054077	0.0001820661129999998
730.3043823	0.007034678012000001	731.7255859	0.00012757629200000047
730.4241943	0.007340024225	731.8457642	1.3270648199999982e-05
730.5439453	0.007662026210000001	731.9659424	0.0013710614199999999
730.6637573	0.006762779315	732.0861206	-0.001849937250000001
730.7835693	0.005609171934	732.2062988	-0.0013155322499999993
730.9033203	0.007413686021000001	732.3264771	0.0020139486583
731.0231323	0.00784352235	732.4466553	-7.262826000000062e-05
731.1429443	0.007260251790000002	732.5668335	0.0005351127999999993
731.2626953	0.012135781814	732.6870117	-0.00061094563
731.3825073	0.017624185184	732.8071899	-0.0019324179699999992
731.5022583	0.017767253340000004	732.9273682	0.0004052808509999988
731.6220703	0.016030183064	733.0475464	0.0009130924013
731.7418823	0.017310313884	733.1677246	-0.0018535666169999998
731.8616333	0.010316731409999998	733.2879028	7.918290999999952e-05
731.9814453	0.01206335239	733.4081421	-0.0004890244399999993
732.1012573	0.010402980727000001	733.5283203	-0.0001666271129999999
732.2210083	0.009273004252	733.6484985	0.0019579877266000002
732.3408203	0.0045580230699999984	733.7686768	-0.001946960809
732.4606323	0.006382336840000001	733.888855	-0.0014870949100000003
732.5803833	0.007639843270000001	734.0090332	0.0013421932300000002
732.7001953	0.006172236054	734.1292114	-0.0018565790673000001
732.8200073	0.0067205317300000015	734.2493896	-0.0020994711699999988
732.9398193	0.006324333139999999	734.3696289	-0.00101308575545
733.0595703	0.004948283080000001	734.4898071	-0.0005526125899999999
733.1793823	0.00631823577	734.6099854	3.930553000000038e-05
733.2991943	0.004365313799999999	734.7301636	-0.00028948579000000023
733.4189453	0.00866060704	734.8503418	-0.0016283709600000001
733.5387573	0.004983532824	734.97052	0.0007241442790000005
733.6585693	0.004255490379999999	735.0906982	-0.0011157682199999987
733.7783813	0.004966875539999999	735.2109375	-0.000437903219999999
733.8981323	0.007887057029999998	735.3311157	0.0005172267599999995
734.0179443	0.006417470984999999	735.4512939	-0.000996361486
734.1377563	0.004761347084999999	735.5714722	0.0007834027638
734.2575684	0.00348406471	735.6916504	0.0011451430599999993
734.3773804	0.0065497551099999995	735.8118896	0.0014372468000000034
734.4971313	0.0029494301411000005	735.9320679	-0.00012659654099999966
734.6169434	0.006284677887000001	736.0522461	0.002102243016
734.7367554	0.007341169750000001	736.1724243	0.0009178598410000006
734.8565674	0.006041117010000003	736.2926636	0.00036855880199999913
734.9763794	0.006469236221	736.4128418	0.0012662457300000006
735.0961304	0.0081084399718	736.53302	0.0007858697789999997
735.2159424	0.008358264340000001	736.6531982	0.0004281140900000008
735.3357544	0.021946882830000004	736.7734375	-0.0021029822499999996
735.4555664	0.03432737291	736.8936157	-0.0009938470320000003
735.5753784	0.030863193795	737.0137939	-0.000585598871000001
735.6951294	0.02174062468	737.1339722	0.0002829804999999984
735.8149414	0.018555019050000003	737.2542114	0.0010491861000000002
735.9347534	0.014188250527	737.3743896	0.0009641069919999997
736.0545654	0.009085295722	737.4945679	0.002833601087
736.1743774	0.005966976280000001	737.6148071	0.0010080528449999994
736.2941895	0.006099670200000001	737.7349854	0.0036921687400000014
736.4140015	0.005701016635	737.8551636	0.0006415667009999999
736.5337524	0.006060898302	737.9753418	0.0005106555769999999
736.6535645	0.0035797702099999995	738.0955811	0.00022114906500000052
736.7733765	0.004803244949999999	738.2157593	0.0003870502099999999
736.8931885	0.005006752904000001	738.3359375	0.0008222123140000002
737.0130005	0.008316009763629999	738.4561768	0.0029021576
737.1328125	0.014755695119999999	738.576355	0.015119833408
737.2526245	0.05088827573	738.6965332	0.04991192557
737.3724365	0.079554284	738.8167725	0.0512812153615
737.4921875	0.066637360029	738.9369507	0.035388281566
737.6119995	0.050672731832	739.0571289	0.022079963230000003
737.7318115	0.036985736344	739.1773682	0.012315325440000002
737.8516235	0.02836070116	739.2975464	0.005615892822
737.9714355	0.019081158562000003	739.4177856	0.00335326109736
738.0912476	0.01682339422	739.5379639	0.0039616306309999995
738.2110596	0.025333772419999998	739.6581421	0.0010717455300000012
738.3308716	0.17346304097999998	739.7783813	0.0029656391712
738.4506836	0.763030737606	739.8985596	0.0019947097758
738.5704956	0.98350776546	740.0187378	0.0026623494900000003
738.6903076	0.92134870772	740.1389771	0.0003367364399999989
738.8101196	0.692152742798	740.2591553	0.00108606275
738.9299316	0.470137507663	740.3793945	0.0007531801240000004
739.0497437	0.29189910649	740.4995728	-0.0006900951200000012
739.1695557	0.151091112734	740.619812	0.0008056662050000005
739.2893677	0.09437649697099999	740.7399902	-0.0017772763999999996
739.4091797	0.072808196535	740.8601685	0.000836006831
739.5289917	0.06044597737	740.9804077	-0.00038420781500000077
739.6488037	0.04740957636	741.1005859	-0.0008412180399999993
739.7685547	0.042413897352000005	741.2208252	-0.0005714243749999999
739.8883667	0.033911876385	741.3410034	-0.0037511363599999972
740.0081787	0.02599266544	741.4612427	0.002079848199999998
740.1279907	0.024675873110000003	741.5814209	-0.0013545686399999996
740.2478027	0.024254060346	741.7016602	-0.0018376260999999998
740.3676147	0.018647602759	741.8218384	-0.0013608307340000003
740.4874268	0.0148883909	741.9420166	-0.0007239002699999976
740.6072388	0.016188076699999998	742.0622559	3.6980956999999905e-05
740.7270508	0.0135695355722	742.1824341	0.0007257456890000001
740.8469238	0.013887745565	742.3026733	0.0008052862250000001
740.9667358	0.01426624507	742.4228516	0.00207564979
741.0865479	0.01068953797	742.5430908	0.0004409123210000008
741.2063599	0.011115868692	742.663269	-0.0012893436065
741.3261719	0.0107258482607	742.7835083	0.00032505259149999996
741.4459839	0.01406009589	742.9036865	-0.001188916160000001
741.5657959	0.01197180152	743.0239258	-0.0008730180600000012
741.6856079	0.0085036447852	743.144104	0.001336534973
741.8054199	0.0075074302740000005	743.2643433	0.00035754032499999994
741.9252319	0.008600592610000003	743.3845215	3.4786295000000314e-05
742.0450439	0.005304396150000001	743.5047607	0.001271512360000001
742.164856	0.0034454353200000024	743.624939	0.001287240539999998
742.284668	0.0032194852899999973	743.7451782	0.00013203918999999537
742.40448	0.001958552749999995	743.8653564	-0.0020336657699999983
742.524292	0.0012432634799999995	743.9855957	-5.190819000000513e-05
742.644104	0.0019781105199999996	744.105835	-0.0033541284500000004
742.763916	0.0005284883099999985	744.2260132	-0.0022349618400000007
