Wellenlänge 1	Intensität 1	Wellenlänge 2	Intensität 2
3.214651794e+02	1.556150150e-03	3.214895935e+02	1.515933871e-02
3.215724487e+02	4.511715844e-03	3.215973206e+02	-6.230076775e-03
3.216797485e+02	-1.005500089e-02	3.217050476e+02	2.785756486e-03
3.217870483e+02	5.145051517e-03	3.218128052e+02	3.549133986e-02
3.218943481e+02	2.404915728e-02	3.219205627e+02	2.736596018e-02
3.220016785e+02	1.514407620e-02	3.220283203e+02	2.061336115e-02
3.221089783e+02	-6.696403492e-03	3.221360779e+02	3.639106872e-03
3.222163086e+02	-1.034288108e-02	3.222438354e+02	3.669716418e-02
3.223236389e+02	1.309053320e-02	3.223516235e+02	3.716094047e-02
3.224309692e+02	1.186224632e-02	3.224594116e+02	8.740658872e-03
3.225383301e+02	8.580416441e-03	3.225671997e+02	4.668693000e-04
3.226456909e+02	-5.597662312e-05	3.226750183e+02	3.157705814e-02
3.227530518e+02	-2.685278654e-03	3.227828064e+02	3.959113359e-02
3.228604126e+02	1.476023626e-02	3.228906250e+02	-1.049682964e-02
3.229677734e+02	-1.005500089e-02	3.229984436e+02	2.628072107e-04
3.230751648e+02	4.516034201e-02	3.231062622e+02	3.382174298e-02
3.231825256e+02	2.957165008e-03	3.232141113e+02	1.297030877e-02
3.232899170e+02	-8.980249986e-03	3.233219299e+02	2.785756486e-03
3.233973389e+02	-8.634794503e-03	3.234297791e+02	-7.751266938e-03
3.235047302e+02	4.089492373e-03	3.235376282e+02	1.213550940e-02
3.236121521e+02	-9.210553952e-03	3.236455078e+02	3.575105593e-02
3.237195740e+02	7.448089775e-03	3.237533569e+02	-5.246868823e-03
3.238269958e+02	-3.606493818e-03	3.238612366e+02	-3.224799177e-03
3.239344177e+02	5.855154712e-03	3.239691162e+02	1.363814808e-02
3.240418701e+02	1.728878007e-03	3.240769958e+02	2.009393089e-02
3.241492920e+02	2.419789555e-03	3.241848755e+02	-5.951810628e-03
3.242567444e+02	-9.882273152e-03	3.242927856e+02	1.029895060e-02
3.243641968e+02	-2.762046643e-03	3.244006958e+02	9.334294125e-03
3.244716797e+02	2.046025544e-02	3.245086060e+02	1.400917023e-02
3.245791321e+02	5.010707304e-03	3.246165161e+02	1.946319267e-02
3.246866150e+02	-1.475703716e-02	3.247244263e+02	1.198710036e-02
3.247940979e+02	3.110700985e-03	3.248323669e+02	1.816461608e-02
3.249016113e+02	1.535518747e-02	3.249403076e+02	3.025993146e-02
3.250090942e+02	-1.429643016e-02	3.250482483e+02	4.139986355e-03
3.251166077e+02	-6.005492061e-03	3.251561890e+02	2.758857422e-02
3.252241211e+02	7.884707302e-04	3.252641602e+02	4.079695418e-02
3.253316345e+02	2.241783775e-02	3.253721313e+02	2.128120139e-02
3.254391479e+02	-6.485291757e-03	3.254801025e+02	1.415757928e-02
3.255466919e+02	1.111375913e-02	3.255880737e+02	-7.083427161e-03
3.256542358e+02	-4.590083263e-04	3.256960449e+02	2.031654306e-02
3.257617798e+02	7.884707302e-04	3.258040466e+02	-8.966364112e-05
3.258693237e+02	-8.097418584e-03	3.259120483e+02	-1.240759250e-02
3.259768677e+02	3.916764166e-03	3.260200500e+02	-9.439417161e-03
3.260844421e+02	1.440998283e-03	3.261280518e+02	6.570180412e-03
3.261920166e+02	7.198594045e-03	3.262360535e+02	1.026184857e-02
3.262995911e+02	-1.556310058e-02	3.263440857e+02	-4.393518437e-03
3.264071655e+02	-1.111535821e-03	3.264521179e+02	3.472147044e-03
3.265147705e+02	1.846428961e-02	3.265601501e+02	1.950029470e-02
3.266223450e+02	1.527841948e-02	3.266681824e+02	2.217165381e-02
3.267299500e+02	-1.001661737e-02	3.267762451e+02	1.143984337e-04
3.268375549e+02	-1.994367223e-03	3.268843079e+02	1.740402170e-02
3.269451904e+02	2.016757848e-03	3.269923706e+02	1.237667352e-02
3.270527954e+02	1.652110135e-03	3.271004333e+02	5.234501325e-03
3.271604309e+02	1.658347435e-02	3.272084961e+02	-5.098459776e-03
3.272680664e+02	2.381405560e-03	3.273165894e+02	-5.321073346e-03
3.273757324e+02	5.260203499e-03	3.274246826e+02	6.718588993e-03
3.274833679e+02	4.185452126e-03	3.275327759e+02	1.000213344e-02
3.275910339e+02	-2.013559220e-03	3.276408691e+02	2.284876769e-03
3.276987000e+02	-1.057318505e-02	3.277489624e+02	-6.397036836e-03
3.278063660e+02	-6.619635504e-03	3.278570862e+02	1.193144731e-02
3.279140320e+02	1.790772192e-02	3.279652100e+02	2.855323069e-02
3.280217285e+02	9.036226547e-04	3.280733337e+02	9.649662301e-03
3.281293945e+02	-3.664069809e-03	3.281814575e+02	-3.595821094e-03
3.282370911e+02	-3.165078349e-03	3.282896118e+02	1.126360800e-02
3.283447876e+02	1.151679084e-02	3.283977661e+02	3.063095361e-02
3.284525146e+02	-6.485291757e-03	3.285059204e+02	-5.395277403e-03
3.285602112e+02	-1.026611309e-02	3.286140747e+02	3.694760147e-03
3.286679382e+02	-3.798413789e-03	3.287222290e+02	2.016813494e-02
3.287756653e+02	1.113295089e-02	3.288304138e+02	3.215214238e-02
3.288834229e+02	1.092183869e-02	3.289385986e+02	1.144911908e-02
3.289911499e+02	9.328904562e-03	3.290467834e+02	-1.638680260e-04
3.290989075e+02	1.428043656e-02	3.291549683e+02	8.202676661e-03
3.292066650e+02	1.130567864e-02	3.292631531e+02	2.029799297e-02
3.293144226e+02	-5.276196636e-03	3.293713684e+02	2.164294710e-05
3.294221802e+02	-6.619635504e-03	3.294795837e+02	1.139346603e-02
3.295299683e+02	5.336971488e-03	3.295877991e+02	1.682893746e-02
3.296377258e+02	1.456831582e-02	3.296960144e+02	8.295432664e-03
3.297455139e+02	-3.510534065e-03	3.298042603e+02	7.033957634e-03
3.298533325e+02	9.117792360e-03	3.299124756e+02	-1.055248268e-02
3.299611206e+02	4.201285541e-02	3.300207214e+02	1.468628529e-03
3.300689392e+02	3.072316991e-03	3.301289673e+02	2.655898686e-03
3.301767273e+02	2.245622315e-02	3.302372437e+02	5.253052339e-03
3.302845459e+02	-5.640844349e-03	3.303454895e+02	9.482702240e-03
3.303923950e+02	3.379388712e-03	3.304537659e+02	1.280334871e-02
3.305002136e+02	5.336971488e-03	3.305620422e+02	3.917373251e-03
3.306080627e+02	4.377372097e-03	3.306703186e+02	3.101125127e-03
3.307159119e+02	1.652110135e-03	3.307786255e+02	1.227464294e-03
3.308237610e+02	-1.327445643e-04	3.308869019e+02	1.118940394e-02
3.309316101e+02	2.184207924e-02	3.309952087e+02	8.165574633e-03
3.310394897e+02	1.092183869e-02	3.311035156e+02	1.764518581e-02
3.311473694e+02	8.446073160e-03	3.312118530e+02	-3.354656743e-03
3.312552185e+02	6.949097849e-03	3.313201599e+02	2.053915709e-02
3.313631287e+02	1.786453999e-03	3.314284973e+02	1.608689316e-02
3.314710083e+02	-3.678464054e-05	3.315368347e+02	8.722107857e-03
3.315789185e+02	7.486473769e-03	3.316451721e+02	-3.447412280e-03
3.316868286e+02	-7.252971176e-03	3.317535095e+02	3.016717546e-02
3.317947388e+02	6.968290079e-03	3.318618774e+02	5.308705848e-03
3.319026489e+02	6.354146637e-03	3.319702148e+02	-4.931500182e-03
3.320105591e+02	-1.936791232e-03	3.320785828e+02	1.794200391e-02
3.321184998e+02	1.844029990e-03	3.321869507e+02	8.276881650e-03
3.322264404e+02	1.328245364e-02	3.322953491e+02	9.853724390e-03
3.323343811e+02	1.573902741e-02	3.324037170e+02	2.335892431e-02
3.324423218e+02	4.358179867e-03	3.325121155e+02	1.591993310e-02
3.325502930e+02	1.345038298e-03	3.326205139e+02	6.276145577e-02
3.326582642e+02	7.141017821e-03	3.327289124e+02	3.179967403e-02
3.327662048e+02	1.021173596e-02	3.328373413e+02	-4.857295658e-03
3.328742065e+02	-1.241561491e-02	3.329457703e+02	-8.122288622e-03
3.329821777e+02	3.436964704e-03	3.330541687e+02	5.698278546e-03
3.330901794e+02	-2.128710970e-03	3.331625977e+02	5.229863524e-02
3.331981506e+02	9.232943878e-03	3.332710571e+02	1.183869224e-02
3.333061523e+02	-1.103379205e-02	3.333794861e+02	2.507490106e-03
3.334141846e+02	8.849104866e-03	3.334879456e+02	1.258073561e-02
3.335221863e+02	-1.130727818e-03	3.335964050e+02	6.514526904e-03
3.336302185e+02	-1.495375531e-03	3.337048645e+02	1.480686758e-02
3.337382507e+02	-8.428480360e-04	3.338133240e+02	2.617868967e-02
3.338462830e+02	1.216931827e-02	3.339218140e+02	1.126360800e-02
3.339543152e+02	2.259056643e-02	3.340303040e+02	2.721755207e-02
3.340623779e+02	-8.059034124e-03	3.341387939e+02	-2.380724181e-04
3.341704102e+02	4.848055542e-02	3.342472839e+02	1.916637644e-02
3.342784729e+02	8.542032912e-03	3.343557739e+02	-3.651474370e-03
3.343865356e+02	4.972323775e-03	3.344642944e+02	1.545615587e-02
3.344946289e+02	1.644913107e-02	3.345728149e+02	1.118940394e-02
3.346026917e+02	2.861205256e-03	3.346813354e+02	-3.836985212e-03
3.347107849e+02	-2.128710970e-03	3.347898560e+02	3.843168961e-03
3.348188782e+02	6.085458677e-03	3.348983765e+02	1.374945510e-02
3.349269714e+02	3.245044965e-03	3.350069275e+02	-1.202729531e-03
3.350350952e+02	2.199561521e-02	3.351154785e+02	2.001972683e-02
3.351431885e+02	7.505665533e-03	3.352240295e+02	4.040738195e-02
3.352513123e+02	2.272490971e-02	3.353325806e+02	1.460280549e-02
3.353594360e+02	-8.961058222e-03	3.354411621e+02	-1.036697160e-02
3.354675598e+02	1.005819999e-02	3.355497131e+02	-4.690335598e-03
3.355757141e+02	-8.538833819e-03	3.356582947e+02	-1.499547041e-03
3.356838379e+02	1.562387589e-02	3.357668762e+02	8.007890428e-04
3.357919922e+02	-6.638827734e-03	3.358754883e+02	1.430598833e-02
3.359001465e+02	1.072991919e-02	3.359840698e+02	3.484205157e-02
3.360083313e+02	1.122891065e-02	3.360926819e+02	3.474929556e-02
3.361164856e+02	4.622069828e-04	3.362012939e+02	2.677232586e-02
3.362246704e+02	-2.320630942e-03	3.363099060e+02	-4.606855800e-04
3.363328552e+02	2.227869583e-03	3.364185181e+02	5.104643758e-03
3.364410400e+02	9.036226547e-04	3.365271606e+02	1.289610472e-02
3.365492249e+02	-6.274180021e-03	3.366358032e+02	7.330775261e-03
3.366574402e+02	-5.506500602e-03	3.367444458e+02	5.086092744e-03
3.367656555e+02	9.252136573e-03	3.368530884e+02	-4.606855800e-04
3.368738708e+02	9.405672550e-03	3.369617310e+02	4.585213028e-03
3.369820862e+02	-3.395382082e-03	3.370704041e+02	1.393496618e-02
3.370903015e+02	1.167512455e-04	3.371790771e+02	9.297192097e-03
3.371985474e+02	3.686460434e-03	3.372877502e+02	7.553388365e-03
3.373067932e+02	3.129892983e-03	3.373964233e+02	9.037476033e-03
3.374150391e+02	2.479764447e-02	3.375050964e+02	8.592249826e-03
3.375232849e+02	5.581668811e-04	3.376138000e+02	-9.995949455e-03
3.376315613e+02	-4.590083263e-04	3.377225037e+02	3.694760147e-03
3.377398071e+02	3.072316991e-03	3.378312073e+02	1.452860143e-02
3.378480835e+02	-5.276196636e-03	3.379399109e+02	1.482541859e-02
3.379563599e+02	1.715923473e-02	3.380486450e+02	1.992697082e-02
3.380646667e+02	-3.625685815e-03	3.381573486e+02	-1.499547041e-03
3.381729431e+02	3.859188408e-03	3.382660828e+02	2.951788716e-02
3.382812500e+02	3.341004718e-03	3.383748169e+02	3.026920836e-03
3.383895569e+02	-9.479241446e-03	3.384835815e+02	4.492457490e-03
3.384978638e+02	1.813802496e-02	3.385923157e+02	1.227464294e-03
3.386061707e+02	2.262894996e-02	3.387010803e+02	1.443584543e-02
3.387145081e+02	3.439363837e-02	3.388098450e+02	1.656922139e-02
3.388228455e+02	2.093525836e-03	3.389186096e+02	-8.641719818e-03
3.389311829e+02	1.126729511e-02	3.390274048e+02	2.785756486e-03
3.390395203e+02	2.074813470e-02	3.391361694e+02	2.306210622e-02
3.391478577e+02	-1.879215240e-03	3.392449646e+02	1.118940394e-02
3.392562256e+02	3.379868716e-02	3.393537598e+02	6.143505219e-03
3.393645935e+02	-1.151359174e-02	3.394625549e+02	-5.283970851e-03
3.394729614e+02	2.404915728e-02	3.395713501e+02	1.903651841e-02
3.395813293e+02	1.953903958e-02	3.396801758e+02	2.803380042e-02
3.396896973e+02	3.149084980e-03	3.397890015e+02	1.523354277e-02
3.397980957e+02	-8.428480360e-04	3.398978271e+02	2.141384035e-01
3.399064941e+02	-2.862804395e-04	3.400066528e+02	2.636420168e-02
3.400148926e+02	1.466427650e-02	3.401155090e+02	1.066997275e-02
3.401232910e+02	-3.246644337e-04	3.402243347e+02	6.291913800e-03
3.402317200e+02	-4.642860964e-03	3.403331909e+02	1.860984229e-02
3.403401489e+02	6.584450137e-03	3.404420471e+02	4.436803982e-03
3.404485474e+02	-3.011542372e-03	3.405509033e+02	1.159752812e-02
3.405570068e+02	-1.024692133e-02	3.406597900e+02	-7.064876147e-03
3.406654358e+02	-2.378206933e-03	3.407686768e+02	-7.064876147e-03
3.407738647e+02	1.518245973e-02	3.408775330e+02	7.850206457e-03
3.408823242e+02	1.536958152e-03	3.409864502e+02	2.363719046e-02
3.409907837e+02	3.648076672e-03	3.410953369e+02	3.107617982e-02
3.410992432e+02	-5.967108067e-03	3.412042236e+02	1.742257178e-02
3.412077332e+02	1.794610545e-02	3.413131409e+02	1.933333464e-02
3.413161926e+02	1.109456737e-02	3.414220581e+02	4.604691640e-02
3.414246826e+02	-8.673178032e-03	3.415309753e+02	4.733621608e-03
3.415331726e+02	-5.276196636e-03	3.416398926e+02	6.069300696e-03
3.416416626e+02	6.219802424e-03	3.417488403e+02	1.816461608e-02
3.417501831e+02	2.170293592e-03	3.418577881e+02	1.827592216e-02
3.418586731e+02	-1.011257712e-02	3.419667358e+02	5.475665443e-03
3.419671936e+02	4.243027885e-03	3.420756836e+02	1.534484979e-02
3.420757141e+02	3.107342310e-02	3.421846313e+02	8.963271976e-03
3.421842346e+02	1.226527803e-02	3.422936096e+02	2.818220854e-02
3.422927856e+02	-7.579234894e-03	3.424025574e+02	1.839650446e-03
3.424013367e+02	4.223836120e-03	3.425115356e+02	8.072819561e-03
3.425098572e+02	1.109456737e-02	3.426205444e+02	1.013199147e-02
3.426184082e+02	7.678393275e-03	3.427295227e+02	7.627592888e-03
3.427269897e+02	-3.165078349e-03	3.428385315e+02	-1.166554820e-02
3.428355408e+02	5.145051517e-03	3.429475098e+02	5.398678407e-02
3.429441223e+02	2.821381763e-02	3.430565186e+02	1.890666038e-02
3.430527039e+02	2.669285284e-03	3.431655579e+02	2.335892431e-02
3.431612854e+02	-6.965091452e-03	3.432745667e+02	1.801620796e-02
3.432698669e+02	-5.161044654e-03	3.433836060e+02	1.137491502e-02
3.433784790e+02	1.403094083e-02	3.434926453e+02	1.458425447e-02
3.434870911e+02	1.880974509e-02	3.436016846e+02	1.393496618e-02
3.435956726e+02	2.065217495e-02	3.437107239e+02	3.379391506e-03
3.437043152e+02	-1.610527397e-03	3.438197632e+02	1.137491502e-02
3.438129272e+02	1.618044265e-02	3.439288330e+02	6.291913800e-03
3.439215698e+02	1.483700424e-02	3.440379028e+02	-1.545924715e-05
3.440301819e+02	2.016757848e-03	3.441469727e+02	2.892425284e-02
3.441388245e+02	2.126631886e-02	3.442560425e+02	-1.759262406e-03
3.442474670e+02	2.534941304e-03	3.443651428e+02	-3.799883183e-03
3.443561401e+02	1.145921461e-02	3.444742126e+02	3.323738230e-03
3.444647827e+02	-1.214692742e-02	3.445833130e+02	-1.276933821e-03
3.445734558e+02	-5.161044654e-03	3.446924133e+02	2.210672479e-03
3.446821289e+02	-8.059034124e-03	3.448015137e+02	3.007442132e-02
3.447908020e+02	4.622069828e-04	3.449106445e+02	1.037315559e-02
3.448995056e+02	-1.412370149e-02	3.450197754e+02	3.241185844e-02
3.450081787e+02	4.338988103e-03	3.451289062e+02	3.115038387e-02
3.451168823e+02	3.466232494e-02	3.452380371e+02	-1.740711275e-03
3.452255859e+02	1.468346827e-02	3.453471680e+02	6.737140007e-03
3.453343201e+02	-1.397016644e-02	3.454562988e+02	9.927929379e-03
3.454430237e+02	-1.661865972e-02	3.455654602e+02	-6.063117180e-03
3.455517578e+02	1.583498716e-02	3.456746216e+02	-5.302521866e-03
3.456604919e+02	7.673116028e-02	3.457837830e+02	6.718588993e-03
3.457692261e+02	-9.579999605e-04	3.458929749e+02	6.106402725e-03
3.458779602e+02	1.057158574e-03	3.460021362e+02	4.725273699e-02
3.459866943e+02	-8.270146325e-03	3.461113281e+02	3.914590925e-02
3.460954590e+02	1.765822619e-02	3.462205200e+02	1.156042516e-02
3.462042236e+02	2.420269325e-02	3.463297119e+02	1.920347847e-02
3.463129883e+02	-7.675194647e-03	3.464389038e+02	1.208913163e-03
3.464217529e+02	2.717745118e-02	3.465481262e+02	-6.712405477e-03
3.465305481e+02	1.301376522e-02	3.466573486e+02	1.301668701e-03
3.466393433e+02	-9.196159663e-04	3.467665710e+02	5.030439235e-03
3.467481079e+02	4.454140086e-03	3.468757935e+02	-4.987153225e-03
3.468569336e+02	-9.771919576e-04	3.469850159e+02	3.806066932e-03
3.469657288e+02	4.535226151e-02	3.470942688e+02	2.432358079e-02
3.470745239e+02	1.479861978e-02	3.472034912e+02	1.579935080e-03
3.471833496e+02	-1.274187863e-02	3.473127441e+02	4.789275117e-03
3.472921753e+02	3.567950055e-02	3.474220276e+02	5.030439235e-03
3.474010010e+02	-3.054724366e-04	3.475312805e+02	-1.759262406e-03
3.475098572e+02	5.605658982e-03	3.476405334e+02	-2.612612909e-03
3.476186829e+02	1.119052712e-02	3.477498169e+02	-7.584306877e-03
3.477275391e+02	5.068283528e-03	3.478591003e+02	1.913854852e-03
3.478363953e+02	2.510951308e-04	3.479683838e+02	3.441537917e-02
3.479452515e+02	-1.287622284e-02	3.480776978e+02	-3.094941378e-03
3.480541077e+02	2.304637572e-03	3.481869812e+02	-4.059598316e-03
3.481629944e+02	1.575342147e-03	3.482962952e+02	2.133685350e-02
3.482718811e+02	-1.711285295e-04	3.484056091e+02	8.666454814e-03
3.483807678e+02	-1.602370851e-02	3.485149231e+02	2.655898686e-03
3.484896545e+02	-1.088025607e-02	3.486242676e+02	-7.454449311e-03
3.485985413e+02	-2.013559220e-03	3.487336121e+02	3.602004843e-03
3.487074585e+02	6.833946332e-03	3.488429260e+02	2.840482257e-02
3.488163757e+02	-3.630483989e-04	3.489522705e+02	5.364358891e-03
3.489252930e+02	1.806125790e-02	3.490616455e+02	3.602004843e-03
3.490342102e+02	2.101682313e-02	3.491709900e+02	2.432358079e-02
3.491431274e+02	2.111278288e-02	3.492803650e+02	1.107809693e-02
3.492520752e+02	-7.061051205e-03	3.493897095e+02	1.096679084e-02
3.493610229e+02	-1.074591279e-02	3.494990845e+02	1.287755370e-02
3.494699707e+02	7.025865838e-03	3.496084900e+02	6.217709277e-03
3.495789185e+02	1.560468320e-02	3.497178650e+02	2.927672304e-02
3.496878967e+02	3.091508988e-03	3.498272705e+02	-1.431835536e-02
3.497968445e+02	2.260975726e-02	3.499366760e+02	2.677232586e-02
3.499058228e+02	2.345420606e-02	3.500460815e+02	4.346831143e-02
3.500148010e+02	5.931922700e-03	3.501554871e+02	2.039074712e-02
3.501237793e+02	-1.045803260e-02	3.502648926e+02	-3.762780922e-03
3.502327881e+02	-1.195500791e-02	3.503743286e+02	-7.973880507e-03
3.503417664e+02	-4.566092975e-03	3.504837646e+02	3.263447061e-02
3.504507751e+02	8.023849688e-03	3.505932007e+02	8.499494754e-03
3.505597839e+02	-9.004239691e-04	3.507026367e+02	4.733621608e-03
3.506688232e+02	-7.195395418e-03	3.508121033e+02	7.701797411e-03
3.507778320e+02	9.156176820e-03	3.509215393e+02	9.315743111e-03
3.508868713e+02	5.931922700e-03	3.510310059e+02	-1.425342634e-03
3.509959106e+02	-7.003475446e-03	3.511404724e+02	-7.361693773e-03
3.511049500e+02	2.236026153e-02	3.512499390e+02	2.603028156e-02
3.512139893e+02	-2.800430637e-03	3.513594360e+02	-3.818434197e-03
3.513230286e+02	2.021075971e-02	3.514689026e+02	7.813103497e-03
3.514320984e+02	5.389749422e-04	3.515783997e+02	1.505730790e-03
3.515411682e+02	-3.664069809e-03	3.516878967e+02	9.482702240e-03
3.516502380e+02	2.227869583e-03	3.517974243e+02	1.118940394e-02
3.517593079e+02	-9.196159663e-04	3.519069214e+02	6.217709277e-03
3.518684082e+02	-7.905499078e-03	3.520164490e+02	-1.092350483e-02
3.519775085e+02	-9.388079634e-04	3.521259766e+02	-6.563996430e-03
3.520866089e+02	5.279395264e-03	3.522355042e+02	1.156042516e-02
3.521957092e+02	-1.092343824e-03	3.523450317e+02	1.222826540e-02
3.523048096e+02	2.687037922e-02	3.524545593e+02	-6.415587850e-03
3.524139099e+02	3.225852968e-03	3.525641174e+02	4.028679803e-03
3.525230408e+02	1.115214266e-02	3.526736755e+02	-1.425342634e-03
3.526321716e+02	5.912730936e-03	3.527832336e+02	2.050205506e-02
3.527413025e+02	3.820804413e-03	3.528927917e+02	-1.833466813e-03
3.528504333e+02	9.156176820e-03	3.530023804e+02	5.234501325e-03
3.529595947e+02	3.998330430e-05	3.531119385e+02	-3.373207990e-03
3.530687561e+02	1.573902741e-02	3.532215271e+02	2.091017924e-02
3.531779175e+02	5.778386723e-03	3.533311157e+02	-7.575031486e-04
3.532870789e+02	-6.043876056e-03	3.534407349e+02	1.029895060e-02
3.533962402e+02	1.230366156e-02	3.535503235e+02	1.163463015e-02
3.535054321e+02	-6.984283216e-03	3.536599426e+02	2.890570089e-02
3.536145935e+02	7.294553798e-03	3.537695618e+02	-6.415587850e-03
3.537237854e+02	1.097941492e-02	3.538791809e+02	2.284876769e-03
3.538329773e+02	6.488490384e-03	3.539888000e+02	6.737140007e-03
3.539421997e+02	2.120874263e-02	3.540984192e+02	2.767205471e-03
3.540513916e+02	1.213093381e-02	3.542080688e+02	1.250653155e-02
3.541606140e+02	3.801612416e-03	3.543177185e+02	1.060504350e-03
3.542698364e+02	1.023092773e-02	3.544273682e+02	1.697734557e-02
3.543790588e+02	2.756129019e-02	3.545370178e+02	2.321051434e-02
3.544882812e+02	-7.214587182e-03	3.546466980e+02	-5.821952596e-03
3.545975342e+02	1.099860668e-02	3.547563477e+02	6.959753577e-03
3.547067871e+02	7.486473769e-03	3.548660278e+02	1.430598833e-02
3.548160400e+02	2.303198166e-02	3.549757080e+02	2.447198890e-02
3.549252930e+02	2.707669279e-03	3.550854187e+02	1.691241749e-03
3.550345459e+02	1.172310440e-03	3.551950989e+02	4.919132683e-03
3.551438293e+02	1.059557498e-02	3.553048096e+02	1.530774683e-02
3.552530823e+02	1.551352179e-04	3.554145203e+02	9.705316275e-03
3.553623657e+02	2.055141842e-03	3.555242310e+02	1.326712687e-02
3.554716797e+02	3.302620724e-03	3.556339417e+02	1.356394403e-02
3.555809631e+02	6.296570413e-03	3.557436523e+02	1.371235307e-02
3.556902466e+02	2.013399266e-02	3.558533936e+02	1.846143417e-02
3.557995605e+02	2.093525836e-03	3.559631348e+02	-5.803401582e-03
3.559088745e+02	7.870313711e-03	3.560728760e+02	1.654139487e-03
3.560181885e+02	5.509699229e-03	3.561826172e+02	-3.057839116e-03
3.561275330e+02	8.268547244e-04	3.562923889e+02	2.173570218e-03
3.562368469e+02	-7.521659136e-03	3.564021301e+02	5.624074489e-03
3.563461914e+02	8.369305171e-03	3.565119019e+02	-1.221280545e-03
3.564555359e+02	2.404915728e-02	3.566216736e+02	6.291913800e-03
3.565648804e+02	3.091508988e-03	3.567314453e+02	1.237667352e-02
3.566742249e+02	9.866279550e-03	3.568412476e+02	2.298790216e-02
3.567835999e+02	1.261073351e-02	3.569510498e+02	1.886028185e-04
3.568929749e+02	3.513732692e-03	3.570608215e+02	7.479184307e-03
3.570023499e+02	8.215769194e-03	3.571706238e+02	1.456570346e-02
3.571117249e+02	-2.992350375e-03	3.572804565e+02	1.003923547e-02
3.572210999e+02	-2.570126671e-03	3.573902588e+02	3.620555857e-03
3.573305054e+02	2.356935665e-02	3.575000916e+02	9.148783050e-03
3.574398804e+02	9.194560349e-03	3.576099243e+02	1.719995961e-02
3.575492859e+02	-2.013559220e-03	3.577197571e+02	1.465845853e-02
3.576586914e+02	2.886634506e-02	3.578295898e+02	-1.647955854e-03
3.577681274e+02	7.141017821e-03	3.579394226e+02	1.196854934e-02
3.578775330e+02	9.463247843e-03	3.580492859e+02	1.156042516e-02
3.579869690e+02	-9.460049681e-03	3.581591492e+02	-3.799883183e-03
3.580964050e+02	1.743272005e-04	3.582690125e+02	4.269844387e-03
3.582058411e+02	1.827237010e-02	3.583788757e+02	1.060504350e-03
3.583153076e+02	1.065315120e-02	3.584887390e+02	3.367333487e-02
3.584247437e+02	5.241011269e-03	3.585986328e+02	1.380510814e-02
3.585342102e+02	-1.435400546e-02	3.587085266e+02	7.330775261e-03
3.586436768e+02	2.784437267e-03	3.588184204e+02	1.089258585e-02
3.587531433e+02	1.671302016e-03	3.589283142e+02	2.878512023e-03
3.588626099e+02	3.033932997e-03	3.590382080e+02	-5.580788478e-03
3.589721069e+02	-3.452958073e-03	3.591481323e+02	-4.263660405e-03
3.590816040e+02	2.487441152e-02	3.592580566e+02	-3.132043639e-03
3.591910706e+02	-8.135802113e-03	3.593679810e+02	8.054268546e-03
3.593005981e+02	-9.057017975e-03	3.594779053e+02	-4.838744644e-03
3.594100952e+02	8.849104866e-03	3.595878296e+02	-4.708887078e-03
3.595195923e+02	5.260203499e-03	3.596977844e+02	-1.351138228e-03
3.596291199e+02	-7.886306383e-03	3.598077393e+02	9.816622362e-03
3.597386475e+02	-9.095401503e-03	3.599176941e+02	3.212431679e-03
3.598481750e+02	-1.727118716e-02	3.600276489e+02	-9.801163105e-04
3.599577332e+02	1.236123778e-02	3.601376038e+02	2.180063166e-02
3.600672607e+02	2.679361030e-02	3.602475891e+02	3.604787588e-02
3.601768188e+02	4.061184078e-02	3.603575439e+02	4.640866071e-03
3.602863770e+02	-9.632777423e-03	3.604675293e+02	6.495975889e-03
3.603959351e+02	6.258186419e-03	3.605775146e+02	1.329495281e-04
3.605054932e+02	6.603642367e-03	3.606875305e+02	3.256026655e-02
3.606150818e+02	-4.973922623e-04	3.607975159e+02	-8.790127933e-03
3.607246399e+02	-6.485291757e-03	3.609075317e+02	-6.267179269e-03
3.608342285e+02	2.650093287e-03	3.610175476e+02	4.807826132e-03
3.609438171e+02	9.420065908e-04	3.611275635e+02	9.668213315e-03
3.610534363e+02	1.383422292e-03	3.612375793e+02	2.092872933e-02
3.611630249e+02	-1.588936523e-02	3.613476257e+02	-1.054320717e-03
3.612726440e+02	2.178450301e-02	3.614576721e+02	2.890570089e-02
3.613822632e+02	3.667268436e-03	3.615677185e+02	1.838723011e-02
3.614918823e+02	-1.230046339e-02	3.616777649e+02	1.022474654e-02
3.616015015e+02	-1.130248047e-02	3.617878113e+02	5.178847816e-03
3.617111511e+02	-2.051943215e-03	3.618978882e+02	3.973026760e-03
3.618207703e+02	1.210694434e-03	3.620079346e+02	1.324857585e-02
3.619304199e+02	-1.226687687e-03	3.621180115e+02	-8.808679879e-03
3.620400696e+02	-5.218620878e-03	3.622280884e+02	-7.602857891e-03
3.621497498e+02	1.476023626e-02	3.623381653e+02	2.645695768e-02
3.622593994e+02	7.870313711e-03	3.624482727e+02	1.482541859e-02
3.623690796e+02	9.847087786e-03	3.625583801e+02	1.037315559e-02
3.624787598e+02	3.417772707e-03	3.626684875e+02	-3.122767957e-04
3.625884399e+02	2.863604203e-02	3.627785950e+02	1.643936336e-02
3.626981201e+02	-4.527709447e-03	3.628887024e+02	2.804307500e-03
3.628078003e+02	3.744036425e-03	3.629988098e+02	-6.044565700e-03
3.629175110e+02	-5.333772395e-03	3.631089478e+02	6.050749682e-03
3.630272217e+02	2.247061580e-03	3.632190857e+02	5.178847816e-03
3.631369324e+02	1.151679084e-02	3.633292236e+02	3.163271397e-02
3.632466431e+02	1.037966576e-03	3.634393616e+02	3.555626899e-04
3.633563843e+02	-7.521659136e-03	3.635494995e+02	-1.320528984e-02
3.634660950e+02	2.343501337e-02	3.636596680e+02	-9.801163105e-04
3.635758362e+02	-1.322647673e-03	3.637698364e+02	8.944720961e-03
3.636855774e+02	-1.556310058e-02	3.638800049e+02	-7.213285193e-03
3.637953186e+02	-2.005402558e-02	3.639901733e+02	8.499494754e-03
3.639050903e+02	5.005909479e-04	3.641003723e+02	2.200469375e-02
3.640148315e+02	2.515749307e-03	3.642105408e+02	6.662935950e-03
3.641246033e+02	3.532924689e-03	3.643207397e+02	7.998614572e-03
3.642343750e+02	2.880397253e-03	3.644309387e+02	1.443584543e-02
3.643441467e+02	6.910713855e-03	3.645411377e+02	5.772483069e-03
3.644539490e+02	-6.509281811e-04	3.646513367e+02	-1.147076138e-03
3.645637207e+02	-7.636810653e-03	3.647615662e+02	8.564423188e-04
3.646735229e+02	-7.137819193e-03	3.648717957e+02	9.686764330e-03
3.647833252e+02	9.655168280e-03	3.649820251e+02	1.295175776e-02
3.648931274e+02	1.792691462e-02	3.650922546e+02	3.493480757e-02
3.650029602e+02	-2.973158378e-03	3.652024841e+02	1.686603948e-02
3.651127625e+02	-2.666086657e-03	3.653127441e+02	-3.280452453e-03
3.652225952e+02	-9.728737175e-03	3.654229736e+02	-2.835226012e-03
3.653324280e+02	2.131909830e-03	3.655332336e+02	1.859129220e-02
3.654422607e+02	-2.282246947e-03	3.656435242e+02	2.076176926e-02
3.655520935e+02	-1.704088412e-02	3.657537842e+02	-2.501306357e-03
3.656619568e+02	-5.933521898e-04	3.658640442e+02	9.853724390e-03
3.657718201e+02	1.594534144e-03	3.659743347e+02	6.341074407e-02
3.658816833e+02	-5.468116608e-03	3.660846252e+02	1.426888537e-02
3.659915466e+02	-5.506500602e-03	3.661949158e+02	1.272914466e-02
3.661014099e+02	2.616027556e-02	3.663052063e+02	1.367525104e-02
3.662113037e+02	-4.450941458e-03	3.664155273e+02	8.963271976e-03
3.663211670e+02	3.032493591e-02	3.665258179e+02	-4.022496287e-03
3.664310608e+02	-1.805805974e-02	3.666361389e+02	5.030439235e-03
3.665409546e+02	3.686460434e-03	3.667464600e+02	8.295432664e-03
3.666508789e+02	-4.642860964e-03	3.668568115e+02	-1.545924715e-05
3.667607727e+02	-8.596410044e-03	3.669671326e+02	-1.165627269e-03
3.668706970e+02	3.057443164e-02	3.670774841e+02	3.082574112e-03
3.669806213e+02	4.012724385e-03	3.671878052e+02	9.260089137e-03
3.670905457e+02	1.268750150e-02	3.672981567e+02	2.142960951e-02
3.672004700e+02	-1.446915790e-02	3.674085388e+02	-6.063117180e-03
3.673104248e+02	-9.018633515e-03	3.675188904e+02	7.822379703e-04
3.674203491e+02	5.336971488e-03	3.676292725e+02	-1.926222234e-03
3.675303040e+02	9.290520102e-03	3.677396240e+02	-5.395277403e-03
3.676402588e+02	1.076350571e-03	3.678500061e+02	6.662935950e-03
3.677502136e+02	-1.892169751e-02	3.679604187e+02	2.254267596e-02
3.678601990e+02	-2.186286962e-03	3.680708008e+02	2.257977799e-02
3.679701538e+02	2.803629264e-03	3.681812134e+02	7.312224247e-03
3.680801392e+02	7.851121016e-03	3.682915955e+02	9.760969318e-03
3.681901245e+02	-1.744871377e-03	3.684020081e+02	-5.654993001e-03
3.683001404e+02	1.276426949e-02	3.685124207e+02	1.321147289e-02
3.684101257e+02	-8.428480360e-04	3.686228638e+02	1.894376241e-02
3.685201416e+02	1.452993229e-02	3.687332764e+02	5.596247502e-04
3.686301270e+02	4.396563862e-03	3.688437195e+02	8.740658872e-03
3.687401428e+02	2.823301032e-02	3.689541626e+02	6.032198668e-03
3.688501892e+02	2.713906765e-02	3.690646057e+02	2.430502884e-02
3.689602051e+02	1.293699723e-02	3.691750488e+02	2.185628377e-02
3.690702209e+02	-9.325705469e-03	3.692855225e+02	2.136467956e-03
3.691802673e+02	6.968290079e-03	3.693959656e+02	1.816461608e-02
3.692903137e+02	-2.095125092e-04	3.695064392e+02	6.885549054e-03
3.694003601e+02	-8.865097538e-03	3.696169128e+02	-9.142599069e-03
3.695104370e+02	7.947081700e-03	3.697274170e+02	-3.428861266e-03
3.696204834e+02	2.308955789e-02	3.698378906e+02	4.057434201e-02
3.697305603e+02	2.842013258e-03	3.699483948e+02	3.333941475e-02
3.698406372e+02	1.932792924e-02	3.700588684e+02	1.304451376e-02
3.699507141e+02	3.955148160e-03	3.701693726e+02	1.259928662e-02
3.700607910e+02	3.170675784e-02	3.702799072e+02	5.234501325e-03
3.701708984e+02	-3.630483989e-04	3.703904114e+02	4.443297163e-02
3.702810059e+02	-1.663785242e-02	3.705009460e+02	1.727416366e-02
3.703910828e+02	-4.028717522e-03	3.706114502e+02	4.288395401e-03
3.705011902e+02	6.200610660e-03	3.707219849e+02	9.297192097e-03
3.706113281e+02	1.610367559e-02	3.708325195e+02	2.398966067e-02
3.707214355e+02	1.142083108e-02	3.709430847e+02	8.276881650e-03
3.708315735e+02	-1.456511766e-02	3.710536194e+02	9.538356215e-03
3.709417114e+02	-5.640844349e-03	3.711641846e+02	2.712479606e-02
3.710518494e+02	3.061281517e-02	3.712747498e+02	5.531318951e-03
3.711619873e+02	2.074333839e-03	3.713853149e+02	1.857274026e-02
3.712721252e+02	-5.597662312e-05	3.714958801e+02	-4.096700810e-03
3.713822937e+02	7.101194561e-02	3.716064758e+02	8.518045768e-03
3.714924622e+02	3.548758104e-02	3.717170715e+02	1.799765602e-02
3.716026306e+02	1.345038298e-03	3.718276367e+02	-1.165627269e-03
3.717127991e+02	-6.317361840e-04	3.719382629e+02	3.157705814e-02
3.718229675e+02	4.914747551e-03	3.720488586e+02	3.241185844e-02
3.719331665e+02	2.053702436e-02	3.721594543e+02	6.152780843e-04
3.720433655e+02	-8.596410044e-03	3.722700806e+02	-2.352897543e-03
3.721535645e+02	6.157428725e-04	3.723807068e+02	-4.838744644e-03
3.722637634e+02	8.119809441e-03	3.724913330e+02	8.666454814e-03
3.723739624e+02	-2.287044917e-04	3.726019592e+02	1.037315559e-02
3.724841919e+02	1.550872345e-02	3.727125854e+02	3.991577774e-03
3.725944214e+02	1.261073351e-02	3.728232422e+02	-1.573751448e-03
3.727046204e+02	1.679458655e-02	3.729338989e+02	6.254811771e-03
3.728148804e+02	-6.312564015e-03	3.730445557e+02	6.291913800e-03
3.729251099e+02	-1.149919815e-03	3.731552124e+02	1.104099490e-02
3.730353394e+02	-1.959341764e-02	3.732658691e+02	9.668213315e-03
3.731455994e+02	-3.452958073e-03	3.733765564e+02	5.698278546e-03
3.732558594e+02	-3.740837798e-03	3.734872131e+02	9.612560272e-03
3.733661194e+02	-5.103468895e-03	3.735979004e+02	-5.376726389e-03
3.734763794e+02	-1.022772864e-02	3.737085876e+02	1.326712687e-02
3.735866699e+02	1.520165149e-02	3.738193054e+02	1.783069596e-02
3.736969299e+02	1.658347435e-02	3.739299927e+02	1.879535429e-02
3.738072205e+02	-1.207495807e-03	3.740407104e+02	5.772483069e-03
3.739175110e+02	7.141017821e-03	3.741514282e+02	5.011888221e-03
3.740278015e+02	1.543195546e-02	3.742621460e+02	2.139250748e-02
3.741381226e+02	1.614205912e-02	3.743728638e+02	5.160296801e-03
3.742484131e+02	-1.218531188e-02	3.744835815e+02	2.603028156e-02
3.743587341e+02	2.419789555e-03	3.745943298e+02	1.512223668e-02
3.744690552e+02	-7.041859441e-03	3.747050781e+02	1.935188659e-02
3.745793762e+02	2.685118653e-02	3.748158264e+02	1.215406042e-02
3.746897278e+02	-4.546901211e-03	3.749265747e+02	2.952716313e-03
3.748000488e+02	7.308947970e-04	3.750373230e+02	-6.879365537e-03
3.749104004e+02	1.904004812e-02	3.751481018e+02	2.556650341e-02
3.750207520e+02	2.319031628e-04	3.752588806e+02	1.029895060e-02
3.751311035e+02	1.493296400e-02	3.753696594e+02	1.969508128e-03
3.752414551e+02	7.409705780e-03	3.754804382e+02	4.112159950e-04
3.753518372e+02	2.822821261e-03	3.755912170e+02	3.411855921e-02
3.754621887e+02	2.090167068e-02	3.757020264e+02	1.895303838e-03
3.755725708e+02	3.329969570e-02	3.758128052e+02	9.927929379e-03
3.756829529e+02	8.618800901e-03	3.759236145e+02	-2.167386468e-03
3.757933655e+02	9.290520102e-03	3.760344238e+02	2.128120139e-02
3.759037476e+02	1.262992620e-02	3.761452332e+02	6.718588993e-03
3.760141602e+02	-7.560043130e-03	3.762560730e+02	-5.543686450e-03
3.761245728e+02	-4.220637493e-03	3.763669128e+02	1.100389287e-02
3.762349854e+02	1.495215576e-02	3.764777222e+02	7.460632827e-03
3.763453979e+02	1.879055239e-02	3.765885620e+02	1.497382764e-02
3.764558105e+02	-1.782775484e-02	3.766994324e+02	5.253052339e-03
3.765662537e+02	-1.155197620e-02	3.768102722e+02	2.230151184e-02
3.766766968e+02	9.098600596e-03	3.769211121e+02	2.328471839e-02
3.767871399e+02	5.164243281e-03	3.770319824e+02	3.527800320e-03
3.768975830e+02	-1.898407238e-03	3.771428528e+02	4.214190878e-03
3.770080261e+02	-1.258834265e-02	3.772537231e+02	6.866998039e-03
3.771184998e+02	8.330920711e-03	3.773646240e+02	3.322810680e-02
3.772289429e+02	3.139968589e-02	3.774754944e+02	8.378912462e-04
3.773394165e+02	2.285445575e-03	3.775863953e+02	-1.025566459e-02
3.774498901e+02	-1.303455676e-03	3.776972961e+02	1.691241749e-03
3.775603943e+02	-5.357762566e-04	3.778081970e+02	1.868404634e-02
3.776708679e+02	1.704408228e-02	3.779190979e+02	9.853724390e-03
3.777813721e+02	-1.015096065e-02	3.780300293e+02	-8.697372861e-03
3.778918762e+02	-2.550934674e-03	3.781409302e+02	-6.879365537e-03
3.780023804e+02	1.936631277e-02	3.782518616e+02	-3.206247929e-03
3.781128845e+02	4.111083224e-02	3.783627930e+02	5.183485895e-02
3.782233887e+02	-4.815589171e-03	3.784737244e+02	-3.540167818e-03
3.783339233e+02	2.786836214e-02	3.785846863e+02	5.104643758e-03
3.784444580e+02	1.783095300e-02	3.786956177e+02	1.727416366e-02
3.785549927e+02	1.596933044e-02	3.788065796e+02	1.886955835e-02
3.786655273e+02	-1.055399235e-02	3.789175415e+02	5.596247502e-04
3.787760620e+02	-9.805505164e-03	3.790285034e+02	-7.575031486e-04
3.788866272e+02	2.573325299e-03	3.791394653e+02	7.256570738e-03
3.789971619e+02	2.515749307e-03	3.792504578e+02	2.755147219e-02
3.791077271e+02	-2.416590927e-03	3.793614197e+02	8.555147797e-03
3.792182922e+02	8.599609137e-03	3.794724121e+02	3.843168961e-03
3.793288879e+02	-2.263054950e-03	3.795834045e+02	1.794200391e-02
3.794394531e+02	3.669667616e-02	3.796944275e+02	4.849566147e-02
3.795500488e+02	-1.706487383e-03	3.798054199e+02	-8.966364112e-05
3.796606445e+02	8.772336878e-03	3.799164429e+02	1.562311593e-02
3.797712402e+02	5.893538706e-03	3.800274658e+02	3.589946404e-02
3.798818359e+02	1.028850395e-02	3.801384888e+02	5.753932055e-03
3.799924622e+02	-8.154994808e-03	3.802495117e+02	-1.008870546e-02
3.801030579e+02	3.648076672e-03	3.803605347e+02	1.227464294e-03
3.802136841e+02	1.667943411e-02	3.804715881e+02	5.846687593e-03
3.803243103e+02	1.355114114e-02	3.805826111e+02	1.445439644e-02
3.804349365e+02	-4.239829257e-03	3.806936646e+02	5.253052339e-03
3.805455627e+02	1.174709480e-02	3.808047180e+02	9.037476033e-03
3.806562195e+02	-6.389332004e-03	3.809158020e+02	2.079887129e-02
3.807668762e+02	1.163194235e-02	3.810268555e+02	2.706914395e-02
3.808775330e+02	-5.986300297e-03	3.811379395e+02	1.475121453e-02
3.809881897e+02	1.061476767e-02	3.812490234e+02	-2.464204095e-03
3.810988464e+02	1.170871034e-02	3.813601074e+02	6.523802876e-04
3.812095337e+02	2.358854935e-02	3.814711914e+02	3.768964671e-03
3.813201904e+02	3.305019811e-02	3.815822754e+02	7.479184307e-03
3.814308777e+02	1.028850395e-02	3.816933899e+02	1.133781206e-02
3.815415649e+02	7.117027999e-04	3.818045044e+02	2.433285583e-03
3.816522522e+02	1.345518138e-02	3.819156189e+02	2.699493803e-02
3.817629700e+02	-3.203462344e-03	3.820267334e+02	-7.806919981e-03
3.818736572e+02	1.397336461e-02	3.821378479e+02	1.171811018e-03
3.819843750e+02	1.157436613e-02	3.822489929e+02	2.580766752e-02
3.820950928e+02	9.156176820e-03	3.823601074e+02	4.139986355e-03
3.822058105e+02	-5.410540383e-03	3.824712524e+02	4.157610238e-02
3.823165588e+02	2.554613166e-02	3.825823975e+02	-1.638680260e-04
3.824272766e+02	-6.446907762e-03	3.826935730e+02	5.039714742e-04
3.825380249e+02	2.784916945e-02	3.828047180e+02	4.789275117e-03
3.826487732e+02	1.942388900e-02	3.829158936e+02	2.359081293e-03
3.827595215e+02	1.485619601e-02	3.830270386e+02	2.606738359e-02
3.828702698e+02	4.646059591e-03	3.831382141e+02	5.995096173e-03
3.829810486e+02	6.450106390e-03	3.832494202e+02	-1.443893765e-03
3.830917969e+02	-1.439238992e-02	3.833605957e+02	1.801620796e-02
3.832025757e+02	3.088150360e-02	3.834718018e+02	1.339698397e-02
3.833133545e+02	2.343021566e-03	3.835829773e+02	7.924410515e-03
3.834241333e+02	4.454140086e-03	3.836941833e+02	2.413806878e-02
3.835349426e+02	-8.059034124e-03	3.838053894e+02	-1.270440966e-02
3.836457214e+02	-8.231762797e-03	3.839166260e+02	7.776001468e-03
3.837565308e+02	7.045058068e-03	3.840278320e+02	7.015406620e-03
3.838673401e+02	6.219802424e-03	3.841390686e+02	1.764518581e-02
3.839781494e+02	-2.685278654e-03	3.842503052e+02	-1.151714008e-02
3.840889893e+02	-9.479241446e-03	3.843615417e+02	-2.751746215e-04
3.841997986e+02	3.681182861e-02	3.844727783e+02	1.326712687e-02
3.843106384e+02	4.942096025e-02	3.845840149e+02	2.207889780e-02
3.844214783e+02	5.931922700e-03	3.846952820e+02	-7.602857891e-03
3.845323181e+02	-2.915582387e-03	3.848065491e+02	3.472147044e-03
3.846431580e+02	4.243027885e-03	3.849178162e+02	6.347567309e-03
3.847540283e+02	1.512488350e-02	3.850290833e+02	9.167334065e-03
3.848648682e+02	-8.711562492e-03	3.851403503e+02	-3.577269847e-03
3.849757385e+02	-1.189743169e-02	3.852516174e+02	1.020619553e-02
3.850866089e+02	2.270571887e-02	3.853629150e+02	-1.443893765e-03
3.851974792e+02	1.551352179e-04	3.854742126e+02	4.399701953e-03
3.853083801e+02	-9.172169492e-03	3.855855103e+02	2.150381356e-02
3.854192505e+02	-1.341839670e-03	3.856968079e+02	-3.540167818e-03
3.855301514e+02	-1.226687687e-03	3.858081360e+02	1.846143417e-02
3.856410522e+02	1.743272005e-04	3.859194336e+02	6.551629398e-03
3.857519531e+02	-4.758012947e-03	3.860307617e+02	1.740402170e-02
3.858628540e+02	-6.120644044e-03	3.861420898e+02	-5.543686450e-03
3.859737854e+02	1.838752069e-02	3.862534180e+02	-3.781331936e-03
3.860846863e+02	1.036527101e-02	3.863647461e+02	5.902340636e-03
3.861956177e+02	-1.692573167e-02	3.864761047e+02	-7.361693773e-03
3.863065491e+02	-1.783255255e-03	3.865874634e+02	4.715070594e-03
3.864174805e+02	1.015415974e-02	3.866988220e+02	3.363623098e-02
3.865284424e+02	1.652110135e-03	3.868101807e+02	2.194903977e-02
3.866393738e+02	-2.090326976e-03	3.869215393e+02	1.329495281e-04
3.867503357e+02	7.927889004e-03	3.870328979e+02	5.234501325e-03
3.868612976e+02	-2.915582387e-03	3.871442871e+02	-1.722160261e-03
3.869722595e+02	3.147645667e-02	3.872556763e+02	6.894824328e-04
3.870832214e+02	-1.241561491e-02	3.873670654e+02	3.020427935e-02
3.871942139e+02	7.544049527e-03	3.874784546e+02	1.920347847e-02
3.873052063e+02	1.130567864e-02	3.875898438e+02	8.666454814e-03
3.874161682e+02	3.245044965e-03	3.877012634e+02	9.111681022e-03
3.875271912e+02	-3.606493818e-03	3.878126526e+02	-4.987153225e-03
3.876381836e+02	-1.103379205e-02	3.879240723e+02	1.575297303e-02
3.877491760e+02	2.946129628e-02	3.880354919e+02	6.866998039e-03
3.878601990e+02	1.322487742e-02	3.881469421e+02	2.266325755e-03
3.879712219e+02	3.590500681e-03	3.882583618e+02	-5.803401582e-03
3.880822449e+02	-1.111056004e-02	3.883698120e+02	-9.958847426e-03
3.881932678e+02	-4.278213251e-03	3.884812317e+02	-3.503065556e-03
3.883042908e+02	1.303295698e-02	3.885926819e+02	4.659417085e-03
3.884153442e+02	-1.022772864e-02	3.887041626e+02	1.653211936e-02
3.885263672e+02	1.013496798e-02	3.888156128e+02	2.359081293e-03
3.886374207e+02	1.731277071e-02	3.889270630e+02	-1.054320717e-03
3.887484741e+02	-1.821639249e-03	3.890385437e+02	1.642081328e-02
3.888595276e+02	-1.036207285e-02	3.891500244e+02	3.453596029e-03
3.889706116e+02	-9.229745716e-03	3.892615051e+02	3.555626899e-04
3.890816650e+02	-6.509281811e-04	3.893729858e+02	-5.896157119e-03
3.891927490e+02	1.556629967e-02	3.894844971e+02	4.807826132e-03
3.893038330e+02	-3.433766076e-03	3.895959778e+02	4.436803982e-03
3.894149170e+02	-9.364089929e-03	3.897074890e+02	-3.725678660e-03
3.895260315e+02	-7.276961114e-04	3.898190002e+02	6.625833455e-03
3.896371155e+02	1.694812253e-02	3.899305115e+02	5.344880372e-02
3.897482300e+02	6.642026361e-03	3.900420532e+02	2.655898686e-03
3.898593445e+02	-4.393365234e-03	3.901535645e+02	1.375873107e-03
3.899704590e+02	6.737986114e-03	3.902651062e+02	1.895303838e-03
3.900815735e+02	1.625721157e-02	3.903766479e+02	3.991577774e-03
3.901927185e+02	5.855154712e-03	3.904881897e+02	1.304451376e-02
3.903038330e+02	-6.408523768e-03	3.905997314e+02	1.345263794e-02
3.904149780e+02	1.051880699e-02	3.907112732e+02	1.497382764e-02
3.905261230e+02	6.162226666e-03	3.908228455e+02	3.753196076e-02
3.906372681e+02	6.733188056e-04	3.909344177e+02	1.196854934e-02
3.907484436e+02	-3.241846105e-03	3.910459900e+02	8.889067918e-03
3.908595886e+02	2.228349447e-02	3.911575623e+02	6.199158262e-03
3.909707642e+02	4.799595568e-03	3.912691345e+02	2.393400669e-02
3.910819397e+02	-5.871148314e-03	3.913807373e+02	1.041025762e-02
3.911931152e+02	-8.730754256e-03	3.914923096e+02	-4.616131540e-03
3.913042908e+02	2.842013258e-03	3.916039124e+02	2.306210622e-02
3.914154663e+02	1.312891766e-02	3.917155151e+02	1.694024354e-02
3.915266724e+02	-6.197412033e-03	3.918271179e+02	-3.354656743e-03
3.916378784e+02	-1.159035973e-02	3.919387512e+02	1.428743731e-02
3.917490845e+02	1.806125790e-02	3.920503540e+02	1.326712687e-02
3.918602905e+02	2.016757848e-03	3.921619873e+02	1.577152498e-02
3.919714966e+02	-7.502466906e-03	3.922736206e+02	-8.252146654e-03
3.920827332e+02	-1.149919815e-03	3.923852539e+02	1.421323232e-02
3.921939697e+02	8.446073160e-03	3.924969177e+02	1.460280549e-02
3.923052063e+02	1.161275059e-02	3.926085510e+02	7.256570738e-03
3.924164429e+02	-1.898407238e-03	3.927202148e+02	2.878512023e-03
3.925276794e+02	-1.679138839e-02	3.928318787e+02	-5.719921901e-04
3.926389160e+02	2.971079201e-02	3.929435425e+02	2.994456328e-02
3.927501831e+02	1.069153566e-02	3.930552063e+02	1.719995961e-02
3.928614502e+02	3.974340390e-03	3.931668701e+02	1.230246946e-02
3.929727173e+02	1.896328107e-02	3.932785645e+02	4.020332173e-02
3.930839844e+02	8.844306576e-04	3.933902283e+02	7.033957634e-03
3.931952515e+02	1.562387589e-02	3.935019226e+02	2.198614180e-02
3.933065491e+02	-3.222654108e-03	3.936136169e+02	1.838723011e-02
3.934178162e+02	-6.638827734e-03	3.937253418e+02	1.660632342e-02
3.935291138e+02	4.430149856e-04	3.938370361e+02	9.835173376e-03
3.936404114e+02	6.181418430e-03	3.939487610e+02	1.371235307e-02
3.937517395e+02	2.688477281e-03	3.940604858e+02	-1.091422862e-03
3.938630371e+02	-1.686815545e-02	3.941722107e+02	9.556907229e-03
3.939743652e+02	9.271328337e-03	3.942839355e+02	1.400917023e-02
3.940856628e+02	2.698553167e-02	3.943956604e+02	1.801620796e-02
3.941969910e+02	1.859863289e-02	3.945074158e+02	1.636515930e-02
3.943083191e+02	-6.427715998e-03	3.946191406e+02	2.838627063e-02
3.944196777e+02	5.644042976e-03	3.947308960e+02	1.875825226e-02
3.945310059e+02	9.803905850e-04	3.948426514e+02	5.512767937e-03
3.946423645e+02	3.475348698e-03	3.949544373e+02	1.977856085e-02
3.947537231e+02	-1.876816154e-02	3.950661926e+02	9.779520333e-03
3.948650818e+02	3.270474076e-02	3.951779785e+02	1.530774683e-02
3.949764404e+02	3.129892983e-03	3.952897339e+02	3.370116174e-04
3.950877991e+02	7.851121016e-03	3.954015198e+02	1.272914466e-02
3.951991882e+02	4.127876367e-03	3.955133057e+02	1.972290874e-02
3.953105774e+02	1.272588596e-02	3.956251221e+02	8.722107857e-03
3.954219666e+02	3.878380405e-03	3.957369080e+02	1.118940394e-02
3.955333557e+02	-3.049926367e-03	3.958487244e+02	6.440322846e-03
3.956447449e+02	-3.491342068e-03	3.959605408e+02	5.308705848e-03
3.957561646e+02	6.373338401e-03	3.960723572e+02	1.838723011e-02
3.958675537e+02	1.598852314e-02	3.961841736e+02	1.950029470e-02
3.959789734e+02	-7.540850900e-03	3.962959900e+02	2.662391588e-02
3.960903931e+02	-6.893121172e-04	3.964078369e+02	-8.502586279e-04
3.962018127e+02	2.015318349e-02	3.965196838e+02	1.208913163e-03
3.963132629e+02	2.304637572e-03	3.966315308e+02	2.730103210e-03
3.964246826e+02	-1.604290120e-02	3.967433777e+02	5.772483069e-03
3.965361328e+02	6.968290079e-03	3.968552246e+02	3.175329417e-03
3.966475830e+02	6.891522091e-03	3.969670715e+02	-1.573751448e-03
3.967590332e+02	7.620817516e-03	3.970789490e+02	1.857274026e-02
3.968704834e+02	-7.886306383e-03	3.971908264e+02	-5.988912657e-03
3.969819641e+02	-1.798129082e-02	3.973027039e+02	5.253052339e-03
3.970934143e+02	8.311728947e-03	3.974145813e+02	3.880271222e-03
3.972048950e+02	6.488490384e-03	3.975264587e+02	7.980063558e-03
3.973163757e+02	1.145921461e-02	3.976383667e+02	7.033957634e-03
3.974278564e+02	-7.425698917e-03	3.977502441e+02	1.083693281e-02
3.975393677e+02	1.249558199e-02	3.978621521e+02	2.730103210e-03
3.976508484e+02	2.389562130e-02	3.979740601e+02	-6.276454660e-04
3.977623596e+02	5.615735054e-02	3.980859680e+02	8.258330636e-03
3.978738708e+02	-1.550552528e-02	3.981979065e+02	-6.897916552e-03
3.979853821e+02	2.669285284e-03	3.983098145e+02	3.527800320e-03
3.980968933e+02	1.604609936e-02	3.984217529e+02	1.495527662e-02
3.982084045e+02	-5.602460355e-03	3.985336914e+02	-4.170904867e-03
3.983199463e+02	-1.771260239e-02	3.986456299e+02	1.134708757e-03
3.984314880e+02	2.165015973e-02	3.987575989e+02	1.515006297e-04
3.985430298e+02	6.949097849e-03	3.988695374e+02	8.666454814e-03
3.986545715e+02	-1.512168534e-02	3.989815063e+02	5.605523475e-03
3.987661133e+02	-2.858006395e-03	3.990934448e+02	4.436803982e-03
3.988776855e+02	1.527841948e-02	3.992054138e+02	1.497382764e-02
3.989892273e+02	4.223836120e-03	3.993174133e+02	1.886028185e-04
3.991007996e+02	-1.247319113e-02	3.994293823e+02	3.472147044e-03
3.992123718e+02	-6.370139774e-03	3.995413513e+02	2.554795332e-02
3.993239441e+02	2.969160117e-02	3.996533508e+02	1.905506849e-02
3.994355469e+02	1.495215576e-02	3.997653503e+02	-2.315795282e-03
3.995471191e+02	-1.512168534e-02	3.998773499e+02	-1.493054163e-02
3.996587219e+02	-5.640844349e-03	3.999893494e+02	-5.747748539e-03
3.997703247e+02	1.151679084e-02	4.001013794e+02	1.913854852e-03
3.998819275e+02	-4.662053194e-03	4.002133789e+02	5.253052339e-03
3.999935303e+02	3.014741000e-03	4.003254089e+02	1.764518581e-02
4.001051636e+02	-1.207495807e-03	4.004374390e+02	6.495975889e-03
4.002167664e+02	6.488490384e-03	4.005494690e+02	3.237475827e-02
4.003283997e+02	1.209255029e-02	4.006614990e+02	1.593848504e-02
4.004400330e+02	-8.481258526e-03	4.007735596e+02	4.956234712e-03
4.005516663e+02	5.912730936e-03	4.008855896e+02	1.248798054e-02
4.006632996e+02	7.121826056e-03	4.009976501e+02	1.449149940e-02
4.007749634e+02	2.151101595e-03	4.011097107e+02	2.113279141e-02
4.008865967e+02	-1.901765913e-02	4.012217712e+02	3.990650177e-02
4.009982605e+02	-4.105485510e-03	4.013338318e+02	1.382365916e-02
4.011099243e+02	6.507682614e-03	4.014459229e+02	2.396183321e-03
4.012216187e+02	1.476023626e-02	4.015580139e+02	9.890826419e-03
4.013332825e+02	-3.030734370e-03	4.016700745e+02	-2.779572736e-03
4.014449463e+02	-1.201258320e-02	4.017821960e+02	-1.392878219e-02
4.015566406e+02	3.763228422e-03	4.018942871e+02	1.161607914e-02
4.016683350e+02	2.765245270e-03	4.020063782e+02	3.008369589e-03
4.017800293e+02	-2.973158378e-03	4.021184998e+02	6.941202097e-03
4.018917236e+02	-8.884290233e-03	4.022305908e+02	-1.109046489e-02
4.020034485e+02	1.080668718e-02	4.023427124e+02	6.050749682e-03
4.021151428e+02	4.318356514e-02	4.024548340e+02	2.573346347e-02
4.022268677e+02	-3.337806091e-03	4.025669861e+02	-3.354656743e-03
4.023385925e+02	-3.241846105e-03	4.026791077e+02	8.425289765e-03
4.024503174e+02	1.153598260e-02	4.027912598e+02	9.853724390e-03
4.025620728e+02	4.080376029e-02	4.029033813e+02	3.973026760e-03
4.026737976e+02	-1.529441308e-02	4.030155334e+02	-1.647955854e-03
4.027855530e+02	2.208677586e-03	4.031276855e+02	8.749934495e-04
4.028973083e+02	1.145921461e-02	4.032398682e+02	5.003540218e-02
4.030090637e+02	1.307134144e-02	4.033520203e+02	2.751437016e-02
4.031208191e+02	1.159355883e-02	4.034642029e+02	1.758953184e-02
4.032325745e+02	2.918781014e-03	4.035763855e+02	6.080895066e-01
4.033443604e+02	1.637236215e-02	4.036885681e+02	5.605523475e-03
4.034561157e+02	6.027882919e-03	4.038007507e+02	4.738259315e-02
4.035679016e+02	4.437347129e-02	4.039129333e+02	-8.567514829e-03
4.036796875e+02	-3.246644337e-04	4.040251465e+02	9.909377433e-03
4.037915039e+02	3.980577737e-02	4.041373291e+02	1.452860143e-02
4.039032898e+02	4.569292068e-03	4.042495422e+02	1.118940394e-02
4.040151062e+02	1.220770180e-02	4.043617554e+02	2.730103210e-03
4.041268921e+02	-7.118627429e-03	4.044739685e+02	-2.380724181e-04
4.042387085e+02	1.591175608e-02	4.045862122e+02	3.472147044e-03
4.043505249e+02	2.825220115e-02	4.046984253e+02	1.394424122e-03
4.044623718e+02	-6.082260050e-03	4.048106689e+02	1.542832935e-03
4.045741882e+02	-8.596410044e-03	4.049229126e+02	-2.909430536e-03
4.046860352e+02	1.161275059e-02	4.050351562e+02	3.055674955e-02
4.047978821e+02	2.151581459e-02	4.051473999e+02	1.109664794e-02
4.049097290e+02	2.122793533e-02	4.052596741e+02	5.368996784e-02
4.050215759e+02	1.067234296e-02	4.053719177e+02	6.143505219e-03
4.051334229e+02	1.337841339e-02	4.054841919e+02	2.259832807e-02
4.052453003e+02	1.738953777e-02	4.055964661e+02	1.955594867e-02
4.053571472e+02	-1.397016644e-02	4.057087402e+02	1.682893746e-02
4.054690247e+02	1.773499325e-02	4.058210144e+02	4.619532451e-02
4.055809021e+02	-1.284263679e-03	4.059333191e+02	1.564166695e-02
4.056927795e+02	7.755161263e-03	4.060455933e+02	6.514526904e-03
4.058046875e+02	-8.749946021e-03	4.061578979e+02	3.181822225e-02
4.059165649e+02	4.223836120e-03	4.062702026e+02	1.866549626e-02
4.060284729e+02	1.506730821e-02	4.063825073e+02	6.625833455e-03
4.061403809e+02	6.027882919e-03	4.064948425e+02	1.912927255e-02
4.062522888e+02	-1.095702406e-02	4.066071472e+02	1.248798054e-02
4.063641968e+02	-3.356998088e-03	4.067194824e+02	2.215310186e-02
4.064761353e+02	8.733952418e-03	4.068318176e+02	1.321147289e-02
4.065880432e+02	1.305214968e-02	4.069441528e+02	6.291913800e-03
4.066999817e+02	-1.764063374e-03	4.070564880e+02	-5.784850568e-03
4.068119202e+02	-5.410540383e-03	4.071688232e+02	7.238019723e-03
4.069238586e+02	1.037966576e-03	4.072811890e+02	2.117916942e-03
4.070357971e+02	-2.095125092e-04	4.073935242e+02	1.233957149e-02
4.071477661e+02	-1.435400546e-02	4.075058899e+02	2.173570218e-03
4.072597046e+02	1.916335672e-01	4.076182556e+02	2.283949219e-02
4.073716736e+02	2.650093287e-03	4.077306519e+02	6.551629398e-03
4.074836426e+02	2.065217495e-02	4.078430176e+02	5.104643758e-03
4.075956116e+02	2.466330118e-02	4.079554138e+02	-1.251889858e-02
4.077076111e+02	-6.811555475e-03	4.080677795e+02	5.995096173e-03
4.078195801e+02	4.070300143e-03	4.081801758e+02	2.001972683e-02
4.079315796e+02	4.233912006e-02	4.082925720e+02	2.007537894e-02
4.080435791e+02	3.225852968e-03	4.084049988e+02	2.476880699e-02
4.081555786e+02	1.728878007e-03	4.085173950e+02	2.220875584e-02
4.082675781e+02	2.216834202e-02	4.086298218e+02	-4.792366817e-04
4.083795776e+02	2.095924690e-02	4.087422180e+02	2.358153649e-02
4.084916077e+02	-1.763583533e-02	4.088546448e+02	-2.631163923e-03
4.086036377e+02	-2.862804395e-04	4.089670715e+02	3.546351567e-03
4.087156677e+02	8.945064619e-03	4.090795288e+02	1.881390437e-02
4.088276978e+02	7.141017821e-03	4.091919556e+02	1.297030877e-02
4.089397278e+02	4.525630176e-02	4.093044128e+02	9.018925019e-03
4.090517578e+02	1.076350571e-03	4.094168396e+02	1.371235307e-02
4.091638184e+02	2.995549003e-03	4.095292969e+02	4.919132683e-03
4.092758789e+02	3.899971396e-02	4.096417847e+02	2.395255864e-02
4.093879089e+02	1.306654303e-03	4.097542419e+02	-7.955328561e-03
4.095000000e+02	2.611709293e-03	4.098666992e+02	1.055866666e-02
4.096120605e+02	-1.955983229e-03	4.099791870e+02	2.922107093e-02
4.097241211e+02	3.057443164e-02	4.100916748e+02	-6.248627789e-03
4.098362122e+02	-1.237723138e-02	4.102041626e+02	-2.983634826e-03
4.099483032e+02	-3.951949533e-03	4.103166504e+02	5.250269920e-02
4.100603943e+02	3.955148160e-03	4.104291382e+02	2.470387844e-03
4.101724854e+02	6.411722396e-03	4.105416565e+02	-1.647955854e-03
4.102845764e+02	-6.811555475e-03	4.106541443e+02	-7.528653834e-03
4.103966675e+02	1.133926446e-03	4.107666626e+02	1.096679084e-02
4.105087891e+02	5.893538706e-03	4.108791809e+02	9.927929379e-03
4.106209106e+02	1.760064997e-02	4.109916992e+02	1.227464294e-03
4.107330322e+02	-1.629719394e-03	4.111042480e+02	-1.870568958e-03
4.108451538e+02	2.103601582e-02	4.112167664e+02	-1.147076138e-03
4.109572754e+02	2.855927311e-02	4.113293152e+02	-2.937257232e-04
4.110694275e+02	8.868296631e-03	4.114418640e+02	4.585213028e-03
4.111815796e+02	-5.813572090e-03	4.115544128e+02	1.230246946e-02
4.112937012e+02	8.234960958e-03	4.116669617e+02	-8.270697668e-03
4.114058533e+02	1.211174205e-02	4.117795105e+02	2.133685350e-02
4.115180359e+02	2.521986887e-02	4.118920898e+02	1.586428098e-02
4.116301880e+02	1.232285425e-02	4.120046692e+02	-1.018146053e-02
4.117423401e+02	-8.044640417e-04	4.121172485e+02	1.805330999e-02
4.118545227e+02	1.126729511e-02	4.122298279e+02	1.304451376e-02
4.119667053e+02	3.993532155e-03	4.123424072e+02	4.131638631e-02
4.120788879e+02	-8.462065831e-03	4.124549866e+02	1.723706163e-02
4.121910706e+02	-1.203177590e-02	4.125675964e+02	1.259928662e-02
4.123032837e+02	1.627640240e-02	4.126802063e+02	3.954475746e-03
4.124154663e+02	1.372386888e-02	4.127927856e+02	4.139986355e-03
4.125276794e+02	-2.051943215e-03	4.129053955e+02	4.844928160e-03
4.126398926e+02	-3.438564017e-04	4.130180359e+02	-8.419106714e-03
4.127521057e+02	1.957742497e-02	4.131306458e+02	6.477424875e-03
4.128643188e+02	4.511715844e-03	4.132432861e+02	3.254171833e-02
4.129765625e+02	1.172310440e-03	4.133558960e+02	1.668052934e-02
4.130887756e+02	2.247541398e-02	4.134685364e+02	2.804307500e-03
4.132010193e+02	2.515749307e-03	4.135811768e+02	1.104099490e-02
4.133132629e+02	2.383804508e-02	4.136938477e+02	6.551629398e-03
4.134255066e+02	-7.771154866e-03	4.138064880e+02	-2.130284440e-03
4.135377502e+02	-8.001458831e-03	4.139191589e+02	6.440322846e-03
4.136499939e+02	2.944210544e-02	4.140317993e+02	6.737140007e-03
4.137622681e+02	1.428043656e-02	4.141444702e+02	1.935188659e-02
4.138745422e+02	1.529761218e-02	4.142571411e+02	1.074417774e-02
4.139868164e+02	-1.337521430e-02	4.143698425e+02	1.050301269e-02
4.140990906e+02	1.280265395e-02	4.144825134e+02	2.855323069e-02
4.142113647e+02	1.848348044e-02	4.145952148e+02	2.785756486e-03
4.143236694e+02	2.126631886e-02	4.147078857e+02	1.913854852e-03
4.144359436e+02	-1.159035973e-02	4.148205872e+02	-3.280452453e-03
4.145482483e+02	2.126631886e-02	4.149333191e+02	9.631111287e-03
4.146605530e+02	2.086328715e-02	4.150460205e+02	-4.022496287e-03
4.147728577e+02	-8.404490538e-03	4.151587219e+02	-6.090943934e-04
4.148851624e+02	2.362693287e-02	4.152714539e+02	2.083597519e-02
4.149974976e+02	3.615929931e-02	4.153841858e+02	2.628072107e-04
4.151098022e+02	7.947081700e-03	4.154969177e+02	-4.616131540e-03
4.152221375e+02	-1.537118107e-02	4.156096497e+02	8.425289765e-03
4.153344727e+02	-1.815401949e-02	4.157223816e+02	-3.651474370e-03
4.154468079e+02	2.566128410e-02	4.158351135e+02	9.927929379e-03
4.155591736e+02	1.019254327e-02	4.159478760e+02	5.250269920e-02
4.156715088e+02	-1.560148504e-02	4.160606384e+02	2.488938859e-03
4.157838745e+02	-9.882273152e-03	4.161734009e+02	3.546351567e-03
4.158962402e+02	1.262992620e-02	4.162861633e+02	3.745775670e-02
4.160086060e+02	8.733952418e-03	4.163989258e+02	2.155946754e-02
4.161209717e+02	1.928954385e-02	4.165117188e+02	2.411951870e-02
4.162333374e+02	1.107537467e-02	4.166244812e+02	5.327256862e-03
4.163457031e+02	1.577741094e-02	4.167372742e+02	1.866549626e-02
4.164580994e+02	1.364710089e-02	4.168500671e+02	1.189434528e-02
4.165704956e+02	-1.610527397e-03	4.169628601e+02	-1.870568958e-03
4.166828918e+02	1.071072742e-02	4.170756531e+02	-1.369689358e-03
4.167952881e+02	2.234107070e-02	4.171884766e+02	1.839650446e-03
4.169076843e+02	1.403094083e-02	4.173012695e+02	3.944272548e-02
4.170201111e+02	3.287747130e-02	4.174140930e+02	1.399061922e-02
4.171325378e+02	-1.015575952e-03	4.175269165e+02	1.608689316e-02
4.172449341e+02	2.404915728e-02	4.176397400e+02	7.887308486e-03
4.173573608e+02	4.264619201e-02	4.177525940e+02	6.885549054e-03
4.174698181e+02	5.432931241e-03	4.178654175e+02	-1.062668674e-02
4.175822449e+02	-1.011257712e-02	4.179782715e+02	-2.464204095e-03
4.176946716e+02	7.889505476e-03	4.180910950e+02	3.005586937e-02
4.178071289e+02	4.243027885e-03	4.182039490e+02	3.843168961e-03
4.179195862e+02	1.096022315e-02	4.183168335e+02	5.902340636e-03
4.180320435e+02	-1.074591279e-02	4.184296875e+02	2.187483571e-02
4.181445007e+02	2.191884629e-02	4.185425415e+02	-5.302521866e-03
4.182569580e+02	1.888651215e-02	4.186554260e+02	1.725561172e-02
4.183694458e+02	-1.182066370e-02	4.187683105e+02	-1.944773365e-03
4.184819336e+02	2.127111657e-04	4.188811951e+02	9.222987108e-03
4.185944214e+02	1.232285425e-02	4.189940796e+02	8.851964958e-03
4.187069092e+02	3.199464083e-02	4.191069641e+02	8.889067918e-03
4.188193970e+02	-5.468116608e-03	4.192198792e+02	1.148622110e-02
4.189318848e+02	-4.700437188e-03	4.193327637e+02	4.566662014e-03
4.190444031e+02	1.602690667e-02	4.194456787e+02	-1.981875626e-03
4.191568909e+02	1.374306064e-02	4.195585938e+02	6.514526904e-03
4.192694092e+02	7.601625752e-03	4.196715088e+02	2.655898686e-03
4.193819275e+02	-2.858006395e-03	4.197844238e+02	4.331990331e-02
4.194944458e+02	2.658249997e-02	4.198973694e+02	2.922107093e-02
4.196069946e+02	2.322390117e-02	4.200102844e+02	3.834820911e-02
4.197195129e+02	7.793545257e-03	4.201232300e+02	1.363814808e-02
4.198320618e+02	-2.862804395e-04	4.202361755e+02	1.801620796e-02
4.199446106e+02	1.449154876e-02	4.203491211e+02	1.245087851e-02
4.200571594e+02	1.159355883e-02	4.204620972e+02	2.647550777e-02
4.201697083e+02	-4.834780935e-03	4.205750427e+02	4.640866071e-03
4.202822571e+02	2.948048897e-02	4.206880188e+02	1.022474654e-02
4.203948364e+02	2.212995850e-02	4.208009644e+02	9.315743111e-03
4.205073853e+02	3.784819320e-02	4.209139404e+02	1.096679084e-02
4.206199646e+02	-4.028717522e-03	4.210269165e+02	3.379391506e-03
4.207325439e+02	2.195722982e-02	4.211399231e+02	1.259928662e-02
4.208451538e+02	1.499054022e-02	4.212528992e+02	1.839650446e-03
4.209577332e+02	1.351275668e-02	4.213659058e+02	3.003731929e-02
4.210703125e+02	-3.030734370e-03	4.214788818e+02	1.487179659e-03
4.211829224e+02	-5.045892671e-03	4.215918884e+02	-3.651474370e-03
4.212955322e+02	1.781176217e-02	4.217048950e+02	8.258330636e-03
4.214081421e+02	-3.438564017e-04	4.218179321e+02	2.117916942e-03
4.215207520e+02	-6.869131234e-03	4.219309387e+02	8.722107857e-03
4.216333618e+02	-1.178228017e-02	4.220439758e+02	9.111681022e-03
4.217460022e+02	1.664105058e-02	4.221570129e+02	1.801620796e-02
4.218586426e+02	7.294553798e-03	4.222700195e+02	1.096679084e-02
4.219712524e+02	-1.828836277e-02	4.223830872e+02	-5.896157119e-03
4.220838928e+02	-1.130727818e-03	4.224961243e+02	2.758857422e-02
4.221965637e+02	1.920797862e-03	4.226091614e+02	2.313631028e-02
4.223092041e+02	1.581579447e-02	4.227222290e+02	3.204083815e-02
4.224218750e+02	-6.254987791e-03	4.228352661e+02	3.521307558e-02
4.225345154e+02	4.924823344e-02	4.229483337e+02	3.046399355e-02
4.226471863e+02	1.053799968e-02	4.230614014e+02	3.898822237e-03
4.227598572e+02	1.211174205e-02	4.231744995e+02	-1.499547041e-03
4.228725281e+02	1.451074053e-02	4.232875671e+02	5.401461385e-03
4.229852295e+02	8.542032912e-03	4.234006653e+02	-3.428861266e-03
4.230979004e+02	1.631478779e-02	4.235137329e+02	5.438563414e-03
4.232106018e+02	1.255315822e-02	4.236268311e+02	2.111424133e-02
4.233232727e+02	-7.061051205e-03	4.237399292e+02	-2.380724181e-04
4.234359741e+02	-2.608510666e-03	4.238530579e+02	9.148783050e-03
4.235487061e+02	3.351080418e-02	4.239661560e+02	1.393496618e-02
4.236614075e+02	3.047847189e-02	4.240792542e+02	3.991577774e-03
4.237741089e+02	-3.433766076e-03	4.241923828e+02	8.221227676e-03
4.238868408e+02	-1.778937131e-02	4.243055115e+02	-7.064876147e-03
4.239995728e+02	5.931922700e-03	4.244186401e+02	2.751437016e-02
4.241123047e+02	7.563241757e-03	4.245317688e+02	1.178303827e-02
4.242250366e+02	2.095924690e-02	4.246449280e+02	2.359081293e-03
4.243377686e+02	4.813989799e-04	4.247580566e+02	-2.167386468e-03
4.244505310e+02	1.902085729e-02	4.248712158e+02	2.563143382e-03
4.245632629e+02	7.275362033e-03	4.249843750e+02	5.512767937e-03
4.246760254e+02	1.556150150e-03	4.250975342e+02	8.647902869e-03
4.247887878e+02	-5.890340079e-03	4.252106934e+02	7.850206457e-03
4.249015503e+02	9.290520102e-03	4.253238525e+02	4.065782297e-03
4.250143433e+02	1.349356491e-02	4.254370422e+02	-2.018977888e-03
4.251271057e+02	3.805930540e-02	4.255502014e+02	2.645695768e-02
4.252398987e+02	-6.178219803e-03	4.256633911e+02	4.511008505e-03
4.253526917e+02	3.733001277e-02	4.257765808e+02	1.794200391e-02
4.254654541e+02	5.394547246e-03	4.258897705e+02	2.433285583e-03
4.255782776e+02	8.695568889e-03	4.260029907e+02	1.118940394e-02
4.256910706e+02	-1.320248656e-02	4.261161804e+02	4.213263467e-02
4.258038635e+02	1.781176217e-02	4.262294006e+02	8.814862929e-03
4.259166870e+02	5.336971488e-03	4.263426208e+02	5.406098813e-02
4.260295105e+02	1.440998283e-03	4.264558411e+02	1.643936336e-02
4.261423340e+02	-1.898407238e-03	4.265690613e+02	1.118940394e-02
4.262551575e+02	3.846233711e-02	4.266822815e+02	3.008369589e-03
4.263679810e+02	2.270571887e-02	4.267955017e+02	-2.556959633e-03
4.264808044e+02	1.376225334e-02	4.269087524e+02	1.153259887e-03
4.265936584e+02	5.164243281e-03	4.270220032e+02	-1.443893765e-03
4.267065125e+02	4.204644356e-03	4.271352539e+02	2.359081293e-03
4.268193665e+02	1.186224632e-02	4.272485046e+02	5.086092744e-03
4.269322205e+02	-7.468881086e-04	4.273617554e+02	1.163463015e-02
4.270450745e+02	-4.930741154e-03	4.274750366e+02	4.866262153e-02
4.271579285e+02	1.547033992e-02	4.275882874e+02	2.578911744e-02
4.272708130e+02	5.797578953e-03	4.277015686e+02	3.379391506e-03
4.273836975e+02	3.513732692e-03	4.278148499e+02	7.822379703e-04
4.274965820e+02	1.852186583e-02	4.279281311e+02	-5.654993001e-03
4.276094666e+02	1.781176217e-02	4.280414124e+02	2.914686687e-02
4.277223511e+02	3.111180849e-02	4.281547241e+02	7.330775261e-03
4.278352356e+02	3.854390525e-04	4.282680054e+02	4.613967240e-02
4.279481506e+02	-2.992350375e-03	4.283813171e+02	1.334133092e-02
4.280610352e+02	-3.054724366e-04	4.284946289e+02	-1.165627269e-03
4.281739502e+02	1.044203900e-02	4.286079407e+02	2.136467956e-03
4.282868652e+02	-9.268129244e-03	4.287212524e+02	4.640866071e-03
4.283998108e+02	-4.086293746e-03	4.288345642e+02	9.705316275e-03
4.285127258e+02	2.832897007e-02	4.289479065e+02	2.135540545e-02
4.286256409e+02	1.122891065e-02	4.290612488e+02	1.601268910e-02
4.287385864e+02	-1.410450973e-02	4.291745605e+02	-6.322832312e-03
4.288515320e+02	5.164243281e-03	4.292879028e+02	4.146479443e-02
4.289644775e+02	5.682426970e-03	4.294012756e+02	7.163815666e-03
4.290774231e+02	1.702488959e-02	4.295146179e+02	3.175329417e-03
4.291903687e+02	1.249558199e-02	4.296279602e+02	3.184605157e-04
4.293033447e+02	8.350113407e-03	4.297413330e+02	5.327256862e-03
4.294163208e+02	3.416333348e-02	4.298547058e+02	1.319292188e-02
4.295292664e+02	2.042187192e-02	4.299680786e+02	3.583453596e-03
4.296422424e+02	-4.182253499e-03	4.300814514e+02	1.354539301e-02
4.297552185e+02	2.055141842e-03	4.301948242e+02	1.054011565e-02
4.298682251e+02	9.232943878e-03	4.303082275e+02	6.403220352e-03
4.299812012e+02	1.476023626e-02	4.304216003e+02	5.475665443e-03
4.300942078e+02	-1.821639249e-03	4.305350037e+02	1.259928662e-02
4.302072144e+02	-6.658019498e-03	4.306484070e+02	7.776001468e-03
4.303202209e+02	3.287747130e-02	4.307618103e+02	2.244991995e-02
4.304332275e+02	7.755161263e-03	4.308752136e+02	5.549869966e-03
4.305462341e+02	-4.028717522e-03	4.309886475e+02	-5.506583955e-03
4.306592407e+02	-8.922673762e-03	4.311020508e+02	1.215406042e-02
4.307722778e+02	1.201578230e-02	4.312154846e+02	1.903651841e-02
4.308853149e+02	-1.502572559e-02	4.313289185e+02	3.903460130e-02
4.309983521e+02	2.918781014e-03	4.314423523e+02	8.007890428e-04
4.311113892e+02	-2.205478959e-03	4.315557861e+02	1.029895060e-02
4.312244263e+02	9.175368585e-03	4.316692505e+02	1.895303838e-03
4.313374634e+02	-7.406507153e-03	4.317826843e+02	1.357321977e-03
4.314505310e+02	-4.892357159e-03	4.318961487e+02	-6.638200954e-03
4.315635986e+02	9.309711866e-03	4.320096130e+02	6.124954205e-03
4.316766357e+02	1.518245973e-02	4.321230774e+02	4.882030655e-03
4.317897339e+02	5.931922700e-03	4.322365417e+02	1.283117570e-03
4.319028015e+02	-4.182253499e-03	4.323500061e+02	7.887308486e-03
4.320158691e+02	2.523905970e-02	4.324635010e+02	4.428455979e-02
4.321289673e+02	5.221819505e-03	4.325769653e+02	4.398774356e-02
4.322420349e+02	1.170871034e-02	4.326904602e+02	-6.322832312e-03
4.323551331e+02	-4.719628952e-03	4.328039551e+02	5.753932055e-03
4.324682312e+02	1.241881400e-02	4.329174500e+02	1.747822575e-02
4.325813293e+02	9.367288090e-03	4.330309753e+02	2.617868967e-02
4.326944580e+02	8.234960958e-03	4.331444702e+02	6.570180412e-03
4.328075562e+02	1.543195546e-02	4.332579956e+02	-5.951810628e-03
4.329206848e+02	3.032493591e-02	4.333714905e+02	2.091017924e-02
4.330338135e+02	1.155517437e-02	4.334850159e+02	4.458137974e-02
4.331469116e+02	1.479382161e-03	4.335985413e+02	-3.122767957e-04
4.332600708e+02	7.927889004e-03	4.337120972e+02	5.596247502e-04
4.333731995e+02	1.211174205e-02	4.338256226e+02	2.291369811e-02
4.334863281e+02	1.593094692e-02	4.339391785e+02	4.118652642e-02
4.335994873e+02	1.170871034e-02	4.340527039e+02	3.693832830e-02
4.337126465e+02	6.238994654e-03	4.341662598e+02	-2.761021722e-03
4.338258057e+02	9.616783820e-03	4.342798157e+02	8.499494754e-03
4.339389648e+02	2.199561521e-02	4.343934021e+02	6.588731427e-03
4.340521240e+02	1.005819999e-02	4.345069580e+02	5.030439235e-03
4.341652832e+02	-9.824696928e-03	4.346205139e+02	8.007890428e-04
4.342784729e+02	1.431882009e-02	4.347341003e+02	2.823786251e-02
4.343916626e+02	1.965419203e-02	4.348476868e+02	2.117916942e-03
4.345048218e+02	7.735969499e-03	4.349612732e+02	2.711551962e-03
4.346180420e+02	5.221819505e-03	4.350748596e+02	-1.295484952e-03
4.347312317e+02	2.107439935e-02	4.351884460e+02	1.542832935e-03
4.348444214e+02	1.266830973e-02	4.353020630e+02	3.076081164e-02
4.349576416e+02	2.515749307e-03	4.354156494e+02	2.716189809e-02
4.350708313e+02	9.751128033e-03	4.355292664e+02	9.983582422e-03
4.351840515e+02	2.562290058e-02	4.356428833e+02	4.121435340e-03
4.352972717e+02	3.061281517e-02	4.357565002e+02	2.562215738e-02
4.354104919e+02	-1.391259022e-02	4.358701172e+02	2.232006192e-02
4.355237427e+02	-7.291355170e-03	4.359837646e+02	1.000213344e-02
4.356369629e+02	4.953131545e-03	4.360973816e+02	1.651356928e-02
4.357502136e+02	2.506633289e-02	4.362110291e+02	6.996855605e-03
4.358634338e+02	7.678393275e-03	4.363246765e+02	8.907618932e-03
4.359766846e+02	2.543097921e-02	4.364383240e+02	1.289610472e-02
4.360899353e+02	2.197642252e-02	4.365519714e+02	-3.503065556e-03
4.362032166e+02	2.410673350e-02	4.366656494e+02	6.681486964e-03
4.363164673e+02	-1.475703716e-02	4.367792969e+02	-5.024255719e-03
4.364297485e+02	-1.170551218e-02	4.368929749e+02	4.065782297e-03
4.365429993e+02	1.449154876e-02	4.370066528e+02	1.942609064e-02
4.366562805e+02	1.191502437e-03	4.371203308e+02	5.011888221e-03
4.367695618e+02	1.360871736e-02	4.372340088e+02	-3.057839116e-03
4.368828735e+02	-2.474166686e-03	4.373476868e+02	-5.256144141e-05
4.369961548e+02	2.433703654e-02	4.374613647e+02	1.953739673e-02
4.371094360e+02	4.684443586e-03	4.375750732e+02	4.807826132e-03
4.372227478e+02	3.609692678e-03	4.376887817e+02	2.176352963e-02
4.373360596e+02	2.890472859e-02	4.378024902e+02	-9.476519190e-03
4.374493713e+02	3.667268436e-03	4.379161987e+02	8.963271976e-03
4.375626831e+02	1.499054022e-02	4.380299072e+02	1.616109721e-02
4.376759949e+02	1.357033290e-02	4.381436157e+02	2.202324383e-02
4.377893372e+02	-1.183985546e-02	4.382573547e+02	8.499494754e-03
4.379026489e+02	3.335727006e-02	4.383710938e+02	2.071539202e-04
4.380159912e+02	1.426124480e-02	4.384848328e+02	1.423178334e-02
4.381293335e+02	2.236026153e-02	4.385985718e+02	1.211695839e-02
4.382426758e+02	2.227869583e-03	4.387123108e+02	-2.241590992e-03
4.383560486e+02	8.388496935e-03	4.388260498e+02	3.397942754e-03
4.384693909e+02	4.792398587e-02	4.389398193e+02	7.850206457e-03
4.385827637e+02	1.420366857e-02	4.390535583e+02	8.202676661e-03
4.386961060e+02	-1.041964907e-02	4.391673279e+02	-3.577269847e-03
4.388094788e+02	1.728878007e-03	4.392810974e+02	2.065046318e-02
4.389228516e+02	3.241686150e-02	4.393948669e+02	2.452764288e-02
4.390362244e+02	1.151679084e-02	4.395086365e+02	1.050301269e-02
4.391496277e+02	-8.135802113e-03	4.396224365e+02	-8.957087994e-03
4.392630005e+02	5.183435511e-03	4.397362061e+02	8.740658872e-03
4.393764038e+02	4.223836120e-03	4.398500061e+02	2.846047468e-02
4.394898071e+02	-1.975175226e-03	4.399638062e+02	1.786779799e-02
4.396032104e+02	9.194560349e-03	4.400776062e+02	1.319292188e-02
4.397166138e+02	2.163096704e-02	4.401914062e+02	-2.464204095e-03
4.398300171e+02	6.795562338e-03	4.403052368e+02	2.165222168e-02
4.399434509e+02	-4.278213251e-03	4.404190369e+02	-2.779572736e-03
4.400568542e+02	-1.316410303e-02	4.405328674e+02	1.942609064e-02
4.401702881e+02	1.499054022e-02	4.406466980e+02	1.651356928e-02
4.402837219e+02	1.405013260e-02	4.407604980e+02	3.217069432e-02
4.403971558e+02	-7.660801057e-04	4.408743591e+02	8.555147797e-03
4.405105896e+02	-1.247319113e-02	4.409881897e+02	-7.575031486e-04
4.406240540e+02	2.533501945e-02	4.411020203e+02	5.920892116e-03
4.407374878e+02	2.021075971e-02	4.412158813e+02	-3.401034701e-05
4.408509521e+02	1.928954385e-02	4.413297424e+02	7.479184307e-03
4.409644165e+02	2.247061580e-03	4.414436035e+02	2.936947905e-02
4.410778809e+02	9.731936269e-03	4.415574646e+02	1.510368474e-02
4.411913452e+02	2.214915119e-02	4.416713257e+02	9.760969318e-03
4.413048096e+02	-1.824997924e-02	4.417851868e+02	7.460632827e-03
4.414183044e+02	-1.189743169e-02	4.418990784e+02	1.925913058e-02
4.415317688e+02	2.140066400e-02	4.420129395e+02	1.988059375e-03
4.416452637e+02	3.564111516e-02	4.421268311e+02	8.239778690e-03
4.417587585e+02	-1.120651979e-02	4.422407227e+02	2.562215738e-02
4.418722534e+02	4.665251821e-03	4.423546143e+02	-5.859055091e-03
4.419857483e+02	6.853138097e-03	4.424685364e+02	2.313631028e-02
4.420992737e+02	1.823398471e-02	4.425824280e+02	4.195639864e-03
4.422127686e+02	2.032591216e-02	4.426963501e+02	1.705154963e-02
4.423262939e+02	-1.610527397e-03	4.428102722e+02	-4.170904867e-03
4.424398193e+02	3.145726398e-02	4.429241638e+02	2.244991995e-02
4.425533447e+02	8.964256383e-03	4.430380859e+02	1.660632342e-02
4.426668701e+02	-2.071134979e-03	4.431520386e+02	-1.944773365e-03
4.427804260e+02	2.117035910e-02	4.432659607e+02	-1.062668674e-02
4.428939514e+02	7.620817516e-03	4.433799133e+02	7.590490859e-03
4.430075073e+02	1.518245973e-02	4.434938354e+02	2.810800448e-02
4.431210632e+02	-5.679228343e-03	4.436077881e+02	-1.545924715e-05
4.432345886e+02	-1.089944877e-02	4.437217407e+02	8.147023618e-03
4.433481750e+02	4.147068132e-03	4.438356934e+02	2.278384008e-02
4.434617310e+02	3.264236962e-03	4.439496765e+02	1.230246946e-02
4.435752869e+02	-1.370147802e-02	4.440636292e+02	4.956234712e-03
4.436888733e+02	-5.357762566e-04	4.441776123e+02	3.011152335e-02
4.438024597e+02	3.245044965e-03	4.442915649e+02	6.050749682e-03
4.439160461e+02	1.888651215e-02	4.444055481e+02	9.241538122e-03
4.440296326e+02	-6.811555475e-03	4.445195312e+02	-4.467722494e-03
4.441432190e+02	-8.423682302e-03	4.446335449e+02	-4.950051196e-03
4.442568054e+02	1.909762435e-02	4.447475281e+02	2.298790216e-02
4.443704224e+02	2.520067617e-02	4.448615112e+02	2.591897547e-02
4.444840088e+02	8.561224677e-03	4.449755249e+02	-2.130284440e-03
4.445976257e+02	1.199659053e-02	4.450895386e+02	3.089066967e-02
4.447112427e+02	6.258186419e-03	4.452035522e+02	-1.425342634e-03
4.448248596e+02	2.001884021e-02	4.453175659e+02	1.015054248e-02
4.449384766e+02	-5.947916303e-03	4.454315796e+02	-7.389520761e-04
4.450521240e+02	-7.195395418e-03	4.455456238e+02	5.902340636e-03
4.451657410e+02	1.690973900e-02	4.456596375e+02	1.764518581e-02
4.452793884e+02	1.888651215e-02	4.457736816e+02	3.454523534e-02
4.453930359e+02	-1.456511766e-02	4.458877258e+02	-6.693854462e-03
4.455066833e+02	6.143034901e-03	4.460017700e+02	4.584285244e-02
4.456203308e+02	1.477942802e-02	4.461158142e+02	1.126360800e-02
4.457340088e+02	3.341484442e-02	4.462298889e+02	-1.276933821e-03
4.458476562e+02	-8.903481998e-03	4.463439331e+02	-4.245109390e-03
4.459613342e+02	-7.195395418e-03	4.464580078e+02	-3.354656743e-03
4.460750122e+02	1.829156093e-02	4.465720825e+02	4.710432887e-02
4.461886902e+02	2.640977129e-02	4.466861572e+02	1.948174462e-02
4.463023682e+02	-2.128710970e-03	4.468002319e+02	2.414734568e-03
4.464160461e+02	-1.629239693e-02	4.469143066e+02	2.758857422e-02
4.465297241e+02	4.147068132e-03	4.470283813e+02	-6.137321237e-03
4.466434326e+02	1.518245973e-02	4.471424866e+02	2.406386472e-02
4.467571411e+02	-1.203177590e-02	4.472565918e+02	2.730103210e-03
4.468708496e+02	-1.778937131e-02	4.473706970e+02	3.059385158e-02
4.469845581e+02	2.995549003e-03	4.474848022e+02	1.237667352e-02
4.470982666e+02	1.957742497e-02	4.475989075e+02	2.462039888e-02
4.472119751e+02	-4.014323640e-04	4.477130127e+02	4.214190878e-03
4.473257141e+02	-4.028717522e-03	4.478271484e+02	-9.105497040e-03
4.474394226e+02	2.270571887e-02	4.479412537e+02	4.882030655e-03
4.475531616e+02	4.404720664e-02	4.480553894e+02	5.401461385e-03
4.476669006e+02	-7.468881086e-04	4.481695251e+02	1.489962265e-02
4.477806396e+02	8.964256383e-03	4.482836609e+02	-8.715923876e-03
4.478943787e+02	1.522084419e-02	4.483977966e+02	7.776001468e-03
4.480081482e+02	2.295521460e-02	4.485119629e+02	1.391641516e-02
4.481218872e+02	-8.044640417e-04	4.486260986e+02	5.846687593e-03
4.482356567e+02	1.170871034e-02	4.487402649e+02	2.813583123e-04
4.483494263e+02	2.899589017e-03	4.488544312e+02	7.627592888e-03
4.484631958e+02	9.463247843e-03	4.489685974e+02	1.423178334e-02
4.485769653e+02	8.350113407e-03	4.490827637e+02	4.251293372e-03
4.486907654e+02	2.151101595e-03	4.491969299e+02	8.202676661e-03
4.488045349e+02	2.995549003e-03	4.493111267e+02	8.369636722e-03
4.489183350e+02	3.030574508e-02	4.494252930e+02	3.311680257e-02
4.490321045e+02	-4.642860964e-03	4.495394897e+02	-1.079364680e-02
4.491459045e+02	2.093525836e-03	4.496536865e+02	1.682893746e-02
4.492597046e+02	2.464410849e-02	4.497678833e+02	1.289610472e-02
4.493735352e+02	3.362595662e-02	4.498820801e+02	2.202324383e-02
4.494873352e+02	-5.602460355e-03	4.499963074e+02	-6.063117180e-03
4.496011658e+02	1.888651215e-02	4.501105042e+02	-5.877606105e-03
4.497149658e+02	1.113295089e-02	4.502247314e+02	3.435044782e-03
4.498287964e+02	3.800173104e-02	4.503389587e+02	2.719900012e-02
4.499426270e+02	-1.222369540e-02	4.504531555e+02	1.178303827e-02
4.500564575e+02	-1.180147193e-02	4.505674133e+02	-3.799883183e-03
4.501703186e+02	1.293699723e-02	4.506816406e+02	7.998614572e-03
4.502841492e+02	8.369305171e-03	4.507958679e+02	2.996311337e-02
4.503980103e+02	1.495215576e-02	4.509101257e+02	2.291369811e-02
4.505118408e+02	4.511715844e-03	4.510243835e+02	7.553388365e-03
4.506257019e+02	1.746630669e-02	4.511386108e+02	3.954475746e-03
4.507395630e+02	1.742792130e-02	4.512528687e+02	2.164294710e-05
4.508534241e+02	-3.971141763e-03	4.513671570e+02	1.888810843e-02
4.509673157e+02	9.923855774e-03	4.514814148e+02	3.870068118e-02
4.510811768e+02	1.729357801e-02	4.515956726e+02	2.371139452e-02
4.511950684e+02	2.245622315e-02	4.517099609e+02	5.327256862e-03
4.513089600e+02	-7.368123159e-03	4.518242493e+02	2.217165381e-02
4.514228516e+02	6.334954407e-03	4.519385376e+02	1.542832935e-03
4.515367432e+02	2.391481400e-02	4.520528259e+02	1.074417774e-02
4.516506348e+02	1.213093381e-02	4.521671143e+02	1.590138301e-02
4.517645264e+02	1.381982863e-02	4.522814026e+02	4.668693000e-04
4.518784485e+02	8.268547244e-04	4.523957214e+02	1.222826540e-02
4.519923706e+02	1.399255637e-02	4.525100098e+02	2.222730592e-02
4.521062927e+02	1.057158574e-03	4.526243286e+02	5.364358891e-03
4.522202148e+02	-4.662053194e-03	4.527386475e+02	-5.951810628e-03
4.523341370e+02	2.126631886e-02	4.528529663e+02	2.291369811e-02
4.524480591e+02	1.452993229e-02	4.529672852e+02	5.605523475e-03
4.525620117e+02	2.402996458e-02	4.530816345e+02	1.007633749e-02
4.526759338e+02	1.516326796e-02	4.531959534e+02	-5.256144141e-05
4.527898865e+02	7.467281539e-03	4.533103027e+02	-2.260142006e-03
4.529038391e+02	1.886732131e-02	4.534246521e+02	1.964870468e-02
4.530177917e+02	1.038446371e-02	4.535390015e+02	1.480686758e-02
4.531317444e+02	-3.356998088e-03	4.536533508e+02	-4.263660405e-03
4.532456970e+02	2.438981552e-03	4.537677002e+02	1.617037342e-03
4.533596802e+02	1.627640240e-02	4.538820801e+02	6.217709277e-03
4.534736633e+02	1.959661581e-02	4.539964294e+02	4.028679803e-03
4.535876160e+02	-1.399415662e-03	4.541108093e+02	1.950957114e-03
4.537015991e+02	4.012724385e-03	4.542251892e+02	1.074417774e-02
4.538155823e+02	1.153598260e-02	4.543395691e+02	8.147023618e-03
4.539295959e+02	2.560370788e-02	4.544539490e+02	2.261688001e-02
4.540435791e+02	1.332083717e-02	4.545683594e+02	1.597558707e-02
4.541575928e+02	-2.287044917e-04	4.546827393e+02	3.949837759e-02
4.542715759e+02	1.562387589e-02	4.547971497e+02	1.969508128e-03
4.543855896e+02	1.328245364e-02	4.549115295e+02	2.507490106e-03
4.544996033e+02	3.916764166e-03	4.550259399e+02	8.480943739e-03
4.546136169e+02	-8.788329549e-03	4.551403503e+02	-7.547204848e-03
4.547276611e+02	8.599609137e-03	4.552547913e+02	1.029895060e-02
4.548416748e+02	1.190062985e-02	4.553692017e+02	1.712575555e-02
4.549557190e+02	7.582433522e-03	4.554836426e+02	-7.946053520e-04
4.550697327e+02	7.831929252e-03	4.555980530e+02	1.020619553e-02
4.551837769e+02	2.030671947e-02	4.557124939e+02	2.276528813e-02
4.552978210e+02	7.236978039e-03	4.558269348e+02	3.278288245e-02
4.554118652e+02	1.591175608e-02	4.559413757e+02	-3.122767957e-04
4.555259399e+02	-4.988316912e-03	4.560558167e+02	2.804307500e-03
4.556399841e+02	2.804109082e-02	4.561702881e+02	8.814862929e-03
4.557540588e+02	1.474104449e-02	4.562847290e+02	2.836772054e-02
4.558681335e+02	-9.383281693e-03	4.563992004e+02	4.065782297e-03
4.559822083e+02	-6.043876056e-03	4.565136719e+02	4.418252967e-03
4.560962830e+02	2.295521460e-02	4.566281433e+02	1.805330999e-02
4.562103577e+02	6.469298620e-03	4.567426147e+02	2.211599983e-02
4.563244324e+02	1.130567864e-02	4.568570862e+02	-1.398443524e-02
4.564385376e+02	2.702871279e-04	4.569715881e+02	3.323738230e-03
4.565526123e+02	1.381982863e-02	4.570860596e+02	5.846687593e-03
4.566667175e+02	1.633397862e-02	4.572005615e+02	6.143505219e-03
4.567808228e+02	-6.715595722e-03	4.573150635e+02	9.130232036e-03
4.568949280e+02	-1.379743777e-02	4.574295654e+02	1.525209378e-02
4.570090637e+02	6.622834131e-03	4.575440674e+02	3.141009808e-02
4.571231689e+02	2.172692679e-02	4.576585693e+02	1.823882014e-02
4.572373047e+02	5.682426970e-03	4.577731018e+02	3.404435515e-02
4.573514099e+02	2.189965546e-02	4.578876038e+02	-3.057839116e-03
4.574655457e+02	3.141887859e-02	4.580021362e+02	9.927929379e-03
4.575796814e+02	1.566226035e-02	4.581166687e+02	9.482702240e-03
4.576938171e+02	5.509699229e-03	4.582312012e+02	1.482541859e-02
4.578079834e+02	6.238994654e-03	4.583457336e+02	-7.946053520e-04
4.579221191e+02	1.817641035e-02	4.584602966e+02	2.920251898e-02
4.580362854e+02	1.000062376e-02	4.585748291e+02	1.174593624e-02
4.581504211e+02	1.126729511e-02	4.586893921e+02	-3.354656743e-03
4.582645874e+02	-1.462269388e-02	4.588039246e+02	1.096679084e-02
4.583787537e+02	1.433801278e-02	4.589184875e+02	1.278479770e-02
4.584929199e+02	2.850169688e-02	4.590330505e+02	9.491977980e-04
4.586071167e+02	-1.233884692e-02	4.591476440e+02	2.091017924e-02
4.587212830e+02	-2.896390390e-03	4.592622070e+02	2.934165299e-03
4.588354797e+02	1.971176825e-02	4.593768005e+02	1.697734557e-02
4.589496765e+02	3.126534447e-02	4.594913635e+02	2.239426598e-02
4.590638733e+02	1.048042346e-02	4.596059570e+02	-3.057839116e-03
4.591780701e+02	-6.024684291e-03	4.597205505e+02	1.326712687e-02
4.592922668e+02	1.211174205e-02	4.598351440e+02	2.350733243e-02
4.594064636e+02	2.138147131e-02	4.599497375e+02	-3.892638721e-03
4.595206909e+02	9.827896021e-03	4.600643616e+02	2.061336115e-02
4.596348877e+02	-5.199428648e-03	4.601789551e+02	1.141201705e-02
4.597491150e+02	2.554613166e-02	4.602935791e+02	2.910976298e-02
4.598633423e+02	1.809964143e-02	4.604082031e+02	5.772483069e-03
4.599775696e+02	9.367288090e-03	4.605228271e+02	2.536244132e-02
4.600917969e+02	1.944307983e-02	4.606374512e+02	1.029895060e-02
4.602060547e+02	2.614108287e-02	4.607520752e+02	3.991577774e-03
4.603202820e+02	-7.348930929e-03	4.608666992e+02	5.772483069e-03
4.604345398e+02	4.415756091e-03	4.609813538e+02	-2.723919461e-03
4.605487976e+02	3.475828469e-02	4.610960083e+02	2.920251898e-02
4.606630554e+02	2.324309386e-02	4.612106323e+02	9.074578062e-03
4.607773132e+02	-6.082260050e-03	4.613252869e+02	-7.621409371e-03
4.608915710e+02	-3.587302053e-03	4.614399414e+02	-4.875846673e-03
4.610058289e+02	1.710165851e-02	4.615546265e+02	-1.536649186e-03
4.611201172e+02	2.495118044e-02	4.616692810e+02	7.312224247e-03
4.612344055e+02	-9.421665221e-03	4.617839661e+02	-1.346500497e-02
4.613486633e+02	-1.410450973e-02	4.618986206e+02	4.231814668e-02
4.614629517e+02	5.782705173e-02	4.620133057e+02	2.918396890e-02
4.615772400e+02	1.788852923e-02	4.621279907e+02	1.734836772e-02
4.616915588e+02	-7.176203188e-03	4.622426758e+02	-1.573751448e-03
4.618058472e+02	-7.425698917e-03	4.623573914e+02	-4.263660405e-03
4.619201660e+02	1.932792924e-02	4.624720764e+02	5.772483069e-03
4.620344543e+02	5.606138706e-02	4.625867920e+02	8.740658872e-03
4.621487732e+02	2.239864692e-02	4.627014771e+02	-2.334346529e-03
4.622630920e+02	-6.125441869e-04	4.628161926e+02	9.538356215e-03
4.623774109e+02	9.079408832e-03	4.629309082e+02	2.940658107e-02
4.624917603e+02	2.009560727e-02	4.630456238e+02	1.801620796e-02
4.626060791e+02	-1.686815545e-02	4.631603699e+02	5.327256862e-03
4.627204285e+02	4.622069828e-04	4.632750854e+02	7.256570738e-03
4.628347473e+02	3.120776825e-02	4.633898315e+02	2.417517267e-02
4.629490967e+02	2.297440544e-02	4.635045471e+02	1.109664794e-02
4.630634460e+02	-1.642674021e-02	4.636192932e+02	4.937683698e-03
4.631777954e+02	-2.435782924e-03	4.637340393e+02	4.919132683e-03
4.632921753e+02	3.070877679e-02	4.638487854e+02	1.391641516e-02
4.634065247e+02	-3.822403669e-04	4.639635620e+02	-4.050323041e-04
4.635209045e+02	-6.254987791e-03	4.640783081e+02	-3.122767957e-04
4.636352539e+02	1.996126398e-02	4.641930847e+02	8.814862929e-03
4.637496338e+02	1.742792130e-02	4.643078308e+02	2.096583135e-02
4.638640137e+02	5.068283528e-03	4.644226074e+02	4.195639864e-03
4.639783936e+02	-1.558229327e-02	4.645373840e+02	-5.534410593e-04
4.640928040e+02	-6.043876056e-03	4.646521606e+02	-4.838744644e-03
4.642071838e+02	1.612286642e-02	4.647669678e+02	1.237667352e-02
4.643215942e+02	3.665829077e-02	4.648817444e+02	3.768964671e-03
4.644360046e+02	-1.725199632e-02	4.649965515e+02	-1.144293509e-02
4.645503845e+02	-1.834593900e-02	4.651113281e+02	1.304451376e-02
4.646647949e+02	2.969160117e-02	4.652261353e+02	4.019404514e-05
4.647792358e+02	1.032688748e-02	4.653409424e+02	1.584572904e-02
4.648936462e+02	-9.824696928e-03	4.654557495e+02	-8.122288622e-03
4.650080566e+02	7.117027999e-04	4.655705872e+02	-2.389999805e-03
4.651224976e+02	2.124712802e-02	4.656853943e+02	4.733621608e-03
4.652369385e+02	1.063395943e-02	4.658002319e+02	2.001972683e-02
4.653513794e+02	1.498574158e-03	4.659150391e+02	-1.128525124e-03
4.654658203e+02	-6.701201783e-04	4.660298767e+02	1.334133092e-02
4.655802612e+02	2.535421215e-02	4.661447144e+02	1.070707478e-02
4.656947021e+02	2.343501337e-02	4.662595520e+02	2.544592135e-03
4.658091736e+02	-1.994367223e-03	4.663744202e+02	1.784924790e-02
4.659236145e+02	-9.421665221e-03	4.664892578e+02	2.210672479e-03
4.660380859e+02	2.600673959e-02	4.666041260e+02	2.141105756e-02
4.661525574e+02	1.286022924e-02	4.667189941e+02	2.136467956e-03
4.662670288e+02	-1.742472313e-02	4.668338318e+02	1.141201705e-02
4.663815002e+02	-7.675194647e-03	4.669487000e+02	-6.285730284e-03
4.664959717e+02	4.607676063e-03	4.670635986e+02	5.160296801e-03
4.666104736e+02	2.092086338e-02	4.671784668e+02	6.273362786e-03
4.667249451e+02	3.074716032e-02	4.672933350e+02	-4.987153225e-03
4.668394470e+02	-9.978232905e-03	4.674082336e+02	-2.408550819e-03
4.669539490e+02	1.664105058e-02	4.675231323e+02	2.994456328e-02
4.670684509e+02	2.761886641e-02	4.676380005e+02	1.171811018e-03
4.671829529e+02	-4.527709447e-03	4.677528992e+02	3.729079664e-02
4.672974854e+02	-1.011257712e-02	4.678678284e+02	-6.026014686e-03
4.674119873e+02	1.829156093e-02	4.679827271e+02	2.951788716e-02
4.675265198e+02	1.936631277e-02	4.680976257e+02	-8.966364112e-05
4.676410217e+02	-3.894373775e-03	4.682125549e+02	1.207985636e-02
4.677555542e+02	3.801612416e-03	4.683274536e+02	3.694760147e-03
4.678700867e+02	2.376127802e-02	4.684423828e+02	7.033957634e-03
4.679846191e+02	1.276426949e-02	4.685573120e+02	2.311776020e-02
4.680991821e+02	-7.468881086e-04	4.686722412e+02	3.323738230e-03
4.682137146e+02	-5.045892671e-03	4.687872009e+02	1.428743731e-02
4.683282776e+02	1.153598260e-02	4.689021301e+02	-5.766299553e-03
4.684428406e+02	3.736839443e-02	4.690170898e+02	1.809041202e-02
4.685573730e+02	-9.402473457e-03	4.691320190e+02	1.672690618e-03
4.686719360e+02	3.724844428e-03	4.692469788e+02	1.378655713e-02
4.687865295e+02	2.735017799e-02	4.693619385e+02	1.153259887e-03
4.689010925e+02	3.784819320e-02	4.694768982e+02	7.256570738e-03
4.690156555e+02	3.220574930e-02	4.695918884e+02	4.324569926e-02
4.691302490e+02	1.380063687e-02	4.697068481e+02	1.097606611e-03
4.692448425e+02	7.697585505e-03	4.698218079e+02	1.961160265e-02
4.693594360e+02	1.201578230e-02	4.699367981e+02	1.085548382e-02
4.694740295e+02	-1.412370149e-02	4.700517883e+02	1.839650446e-03
4.695886230e+02	2.355016582e-02	4.701667786e+02	1.623530127e-02
4.697032166e+02	7.467281539e-03	4.702817688e+02	1.109664794e-02
4.698178101e+02	8.791528642e-03	4.703967590e+02	1.992697082e-02
4.699324341e+02	9.540015832e-03	4.705117798e+02	5.772483069e-03
4.700470581e+02	-1.327445643e-04	4.706267700e+02	4.585213028e-03
4.701616821e+02	1.314810943e-02	4.707417908e+02	1.765446155e-03
4.702763062e+02	6.430914626e-03	4.708568115e+02	6.495975889e-03
4.703909302e+02	-1.341839670e-03	4.709718323e+02	-7.751266938e-03
4.705055542e+02	6.349348696e-04	4.710868530e+02	9.668213315e-03
4.706201782e+02	3.036331944e-02	4.712018738e+02	1.749677584e-02
4.707348328e+02	1.976934448e-02	4.713168945e+02	4.218828678e-02
4.708494873e+02	-6.312564015e-03	4.714319458e+02	1.413902827e-02
4.709641418e+02	-1.270349510e-02	4.715469666e+02	3.842241317e-02
4.710787964e+02	1.593094692e-02	4.716620178e+02	1.445439644e-02
4.711934509e+02	9.866279550e-03	4.717770691e+02	3.126168996e-02
4.713081055e+02	7.117027999e-04	4.718921204e+02	1.219116244e-02
4.714227600e+02	-1.136005577e-02	4.720071716e+02	5.698278546e-03
4.715374451e+02	2.280167863e-02	4.721222534e+02	3.184605157e-04
4.716521301e+02	2.021075971e-02	4.722373047e+02	4.065782297e-03
4.717667847e+02	-1.372066978e-02	4.723523865e+02	4.659417085e-03
4.718814697e+02	-1.166712772e-02	4.724674377e+02	1.400917023e-02
4.719961548e+02	1.583498716e-02	4.725825195e+02	2.246847004e-02
4.721108704e+02	4.184012860e-02	4.726976013e+02	1.972290874e-02
4.722255554e+02	7.025865838e-03	4.728127136e+02	2.254267596e-02
4.723402710e+02	1.827237010e-02	4.729277954e+02	-8.177941665e-03
4.724549561e+02	1.305214968e-02	4.730428772e+02	2.099365927e-03
4.725696716e+02	3.080473654e-02	4.731579895e+02	2.061336115e-02
4.726843872e+02	-1.519365469e-04	4.732731018e+02	-9.059119038e-04
4.727991028e+02	-9.268129244e-03	4.733881836e+02	4.019404514e-05
4.729138184e+02	6.891522091e-03	4.735032959e+02	8.239778690e-03
4.730285645e+02	4.684443586e-03	4.736184387e+02	1.608689316e-02
4.731432800e+02	-9.152977727e-03	4.737335510e+02	8.276881650e-03
4.732580261e+02	-1.178228017e-02	4.738486633e+02	-2.260142006e-03
4.733727722e+02	2.710068226e-02	4.739638062e+02	1.831302419e-02
4.734875183e+02	4.287649319e-02	4.740789490e+02	4.790202528e-02
4.736022644e+02	-1.333683077e-02	4.741940613e+02	2.126264945e-02
4.737170105e+02	1.257234998e-02	4.743092041e+02	9.111681022e-03
4.738317566e+02	2.984513715e-02	4.744243469e+02	1.450077398e-03
4.739465332e+02	8.618800901e-03	4.745395203e+02	1.510368474e-02
4.740612793e+02	2.534941304e-03	4.746546631e+02	-6.935018580e-03
4.741760559e+02	5.605658982e-03	4.747698364e+02	1.170883421e-02
4.742908325e+02	1.785014570e-02	4.748849792e+02	5.401461385e-03
4.744056091e+02	1.076830272e-02	4.750001526e+02	3.122458793e-02
4.745203857e+02	-2.973158378e-03	4.751153259e+02	3.627048805e-02
4.746351624e+02	-1.349036675e-02	4.752304993e+02	3.546351567e-03
4.747499695e+02	4.308760539e-02	4.753456726e+02	-2.389999805e-03
4.748647461e+02	1.191982254e-02	4.754608765e+02	2.007537894e-02
4.749795532e+02	1.017335150e-02	4.755760498e+02	4.770724103e-03
4.750943604e+02	-7.195395418e-03	4.756912537e+02	2.164294710e-05
4.752091675e+02	1.790772192e-02	4.758064575e+02	1.308161579e-02
4.753239746e+02	1.195820607e-02	4.759216614e+02	1.823882014e-02
4.754388123e+02	6.737986114e-03	4.760368652e+02	2.581694396e-03
4.755536194e+02	2.822821261e-03	4.761520691e+02	7.080335636e-04
4.756684570e+02	1.873297803e-02	4.762672729e+02	-5.256144141e-05
4.757832642e+02	2.251379751e-02	4.763824768e+02	2.433285583e-03
4.758981018e+02	6.430914626e-03	4.764977112e+02	-6.322832312e-03
4.760129395e+02	-4.508517217e-03	4.766129456e+02	3.397942754e-03
4.761277771e+02	1.729357801e-02	4.767281799e+02	-2.946532564e-03
4.762426147e+02	2.061379142e-02	4.768434143e+02	3.734645247e-02
4.763574829e+02	-1.994367223e-03	4.769586487e+02	1.375873107e-03
4.764723206e+02	-6.619635504e-03	4.770738831e+02	-6.489792373e-03
4.765871887e+02	2.715825848e-02	4.771891479e+02	2.860888466e-02
4.767020569e+02	2.604512312e-02	4.773043823e+02	1.235812251e-02
4.768169250e+02	1.466427650e-02	4.774196472e+02	1.950957114e-03
4.769317932e+02	-8.059034124e-03	4.775349121e+02	6.885549054e-03
4.770466614e+02	1.193901431e-02	4.776501770e+02	2.785756486e-03
4.771615295e+02	1.690973900e-02	4.777654419e+02	4.064854607e-02
4.772764282e+02	-1.349036675e-02	4.778807068e+02	-2.037528902e-03
4.773912964e+02	6.833946332e-03	4.779959717e+02	5.874514318e-05
4.775061951e+02	2.497037314e-02	4.781112671e+02	2.217165381e-02
4.776210938e+02	9.463247843e-03	4.782265320e+02	1.230246946e-02
4.777359924e+02	2.450976521e-02	4.783418274e+02	2.688363194e-02
4.778508911e+02	9.962240234e-03	4.784571228e+02	-1.507895067e-02
4.779658203e+02	1.660266705e-02	4.785724182e+02	1.348973997e-02
4.780807190e+02	1.357033290e-02	4.786877136e+02	3.991577774e-03
4.781956482e+02	4.300604109e-03	4.788030396e+02	2.959209308e-02
4.783105469e+02	-1.281864662e-02	4.789183350e+02	1.118940394e-02
4.784254761e+02	1.318649296e-02	4.790336609e+02	-7.946053520e-04
4.785404053e+02	2.907745726e-02	4.791489563e+02	1.831302419e-02
4.786553345e+02	8.177384734e-03	4.792642822e+02	-6.026014686e-03
4.787702942e+02	1.709686010e-03	4.793796082e+02	1.178303827e-02
4.788852234e+02	1.199659053e-02	4.794949341e+02	8.536596783e-03
4.790001831e+02	2.452895604e-02	4.796102905e+02	1.801620796e-02
4.791151123e+02	-3.587302053e-03	4.797256165e+02	-2.315795282e-03
4.792300720e+02	-1.546714082e-02	4.798409729e+02	1.237667352e-02
4.793450317e+02	2.001884021e-02	4.799562988e+02	1.287755370e-02
4.794599915e+02	1.936631277e-02	4.800716553e+02	5.039714742e-04
4.795749512e+02	2.170293592e-03	4.801870117e+02	9.584733925e-05
4.796899414e+02	1.140163839e-02	4.803023682e+02	9.482702240e-03
4.798049011e+02	3.594818711e-02	4.804177246e+02	5.874514318e-05
4.799198914e+02	1.341679692e-02	4.805331116e+02	-5.506583955e-03
4.800348816e+02	2.758048289e-02	4.806484680e+02	1.207985636e-02
4.801498413e+02	3.897572402e-03	4.807638550e+02	-9.801163105e-04
4.802648621e+02	1.744711399e-02	4.808792419e+02	3.973026760e-03
4.803798523e+02	3.992092982e-02	4.809946289e+02	6.157418340e-02
4.804948425e+02	5.202627275e-03	4.811100159e+02	1.206130534e-02
4.806098328e+02	2.822821261e-03	4.812254028e+02	-5.617890507e-03
4.807248535e+02	2.441380545e-02	4.813407898e+02	6.338291569e-04
4.808398743e+02	4.483407736e-02	4.814562073e+02	1.315581985e-02
4.809548950e+02	-4.297405481e-03	4.815715942e+02	-4.096700810e-03
4.810699158e+02	-8.807522245e-03	4.816870117e+02	8.564423188e-04
4.811849365e+02	2.940372191e-02	4.818024292e+02	1.430598833e-02
4.812999573e+02	2.919260971e-02	4.819178467e+02	1.970435679e-02
4.814149780e+02	-8.884290233e-03	4.820332642e+02	-5.654993001e-03
4.815300293e+02	-6.274180021e-03	4.821486816e+02	5.698278546e-03
4.816450806e+02	3.823203593e-02	4.822640991e+02	-2.315795282e-03
4.817601013e+02	2.763805911e-02	4.823795471e+02	2.068756521e-02
4.818751526e+02	-5.161044654e-03	4.824949951e+02	-8.419106714e-03
4.819902039e+02	6.565258373e-03	4.826104126e+02	-1.425342634e-03
4.821052856e+02	1.144002285e-02	4.827258606e+02	5.781758809e-04
4.822203369e+02	1.533599570e-02	4.828413086e+02	4.548110534e-03
4.823353882e+02	-1.249238290e-02	4.829567871e+02	-4.050323041e-04
4.824504700e+02	8.714760654e-03	4.830722351e+02	1.037315559e-02
4.825655518e+02	2.890472859e-02	4.831876831e+02	2.259832807e-02
4.826806335e+02	5.057248101e-02	4.833031616e+02	1.488107163e-02
4.827957153e+02	1.571983472e-02	4.834186401e+02	5.679727532e-03
4.829107971e+02	4.262220114e-03	4.835341187e+02	9.306467255e-04
4.830258789e+02	2.118955180e-02	4.836495972e+02	2.239426598e-02
4.831409912e+02	1.785014570e-02	4.837650757e+02	2.170787565e-02
4.832560730e+02	4.622069828e-04	4.838805542e+02	3.333941475e-02
4.833711853e+02	7.836727309e-05	4.839960327e+02	5.735381041e-03
4.834862976e+02	2.178450301e-02	4.841115417e+02	2.178207971e-02
4.836014099e+02	1.547033992e-02	4.842270203e+02	2.339602634e-02
4.837165222e+02	-2.915582387e-03	4.843425293e+02	-1.196236629e-02
4.838316345e+02	-5.410540383e-03	4.844580383e+02	2.071539202e-04
4.839467468e+02	2.176531032e-02	4.845735474e+02	8.555147797e-03
4.840618896e+02	2.207238227e-02	4.846890564e+02	-1.425342634e-03
4.841770020e+02	-5.276196636e-03	4.848045959e+02	6.291913800e-03
4.842921448e+02	-3.951949533e-03	4.849201050e+02	-3.308278974e-04
4.844072876e+02	4.539064318e-02	4.850356445e+02	3.057529964e-02
4.845224304e+02	1.715923473e-02	4.851511841e+02	8.072819561e-03
4.846375732e+02	1.710165851e-02	4.852666931e+02	-2.408550819e-03
4.847527161e+02	-9.364089929e-03	4.853822327e+02	-7.946053520e-04
4.848678894e+02	1.191982254e-02	4.854978027e+02	1.386076119e-02
4.849830322e+02	1.846428961e-02	4.856133423e+02	1.215406042e-02
4.850982056e+02	-1.429643016e-02	4.857288818e+02	-7.213285193e-03
4.852133789e+02	-4.201445263e-03	4.858444519e+02	1.059576869e-02
4.853285522e+02	1.725519449e-02	4.859599915e+02	4.177088849e-03
4.854437256e+02	1.909762435e-02	4.860755615e+02	2.224585786e-02
4.855588989e+02	-1.687295386e-03	4.861911316e+02	-8.196493611e-03
4.856741028e+02	-1.132167224e-02	4.863067017e+02	2.059480920e-02
4.857892761e+02	7.966273464e-03	4.864222717e+02	4.399701953e-03
4.859044800e+02	2.664007433e-02	4.865378723e+02	4.450717568e-02
4.860196838e+02	-1.097621676e-02	4.866534424e+02	1.765446155e-03
4.861348572e+02	-6.677211728e-03	4.867690430e+02	-1.722160261e-03
4.862500610e+02	2.051783167e-02	4.868846130e+02	1.598486211e-03
4.863652954e+02	1.976934448e-02	4.870002136e+02	1.436164137e-02
4.864804993e+02	1.901605865e-03	4.871158142e+02	2.313631028e-02
4.865957031e+02	2.980675362e-02	4.872314148e+02	-1.072871848e-03
4.867109375e+02	3.617849201e-02	4.873470154e+02	7.460632827e-03
4.868261719e+02	3.126534447e-02	4.874626465e+02	2.246847004e-02
4.869413757e+02	7.544049527e-03	4.875782471e+02	-7.584306877e-03
4.870566101e+02	1.307134144e-02	4.876938782e+02	6.421771366e-03
4.871718445e+02	3.592899442e-02	4.878095093e+02	2.814510651e-02
4.872871094e+02	3.404818103e-02	4.879251404e+02	3.174401820e-02
4.874023438e+02	-1.343279053e-02	4.880407715e+02	2.172642760e-02
4.875175781e+02	7.620817516e-03	4.881564026e+02	8.295432664e-03
4.876328430e+02	1.596933044e-02	4.882720337e+02	9.408498183e-03
4.877481079e+02	5.063005537e-02	4.883876953e+02	1.148622110e-02
4.878633728e+02	2.032591216e-02	4.885033264e+02	1.946319267e-02
4.879786377e+02	-5.736804102e-03	4.886189880e+02	3.011152335e-02
4.880939026e+02	6.412202120e-02	4.887346497e+02	1.682893746e-02
4.882091675e+02	1.894408837e-02	4.888503113e+02	2.742161416e-02
4.883244629e+02	-2.301438944e-03	4.889659729e+02	2.071539202e-04
4.884397278e+02	9.943047538e-03	4.890816345e+02	7.553388365e-03
4.885550232e+02	2.094005607e-02	4.891972961e+02	8.555147797e-03
4.886703186e+02	2.339662984e-02	4.893129883e+02	1.022474654e-02
4.887856140e+02	3.552116686e-03	4.894286499e+02	-1.359486300e-02
4.889009094e+02	-8.428480360e-04	4.895443420e+02	1.786779799e-02
4.890162048e+02	2.032591216e-02	4.896600342e+02	1.035460457e-02
4.891315002e+02	1.322487742e-02	4.897757263e+02	1.636515930e-02
4.892468262e+02	-3.855989780e-03	4.898914185e+02	-1.409574226e-02
4.893621216e+02	2.036429569e-02	4.900071106e+02	-3.744229907e-03
4.894774475e+02	1.481781248e-02	4.901228333e+02	-3.280452453e-03
4.895927734e+02	1.760064997e-02	4.902385254e+02	6.069300696e-03
4.897080994e+02	3.341004718e-03	4.903542480e+02	2.052060515e-02
4.898234253e+02	2.934614569e-02	4.904699707e+02	8.007890428e-04
4.899387512e+02	2.940372191e-02	4.905856934e+02	8.147023618e-03
4.900540771e+02	-9.229745716e-03	4.907014160e+02	-1.499547041e-03
4.901694336e+02	-7.291355170e-03	4.908171387e+02	-3.308278974e-04
4.902847900e+02	3.510374203e-02	4.909328613e+02	1.571587101e-02
4.904001160e+02	2.516229264e-02	4.910485840e+02	1.675473340e-02
4.905154724e+02	1.229886431e-03	4.911643372e+02	-1.107191294e-02
4.906308289e+02	2.376127802e-02	4.912800903e+02	1.436164137e-02
4.907461853e+02	2.236026153e-02	4.913958435e+02	1.972290874e-02
4.908615723e+02	8.369305171e-03	4.915115662e+02	4.399701953e-03
4.909769287e+02	-2.167094965e-03	4.916273499e+02	-7.602857891e-03
4.910923157e+02	1.804206520e-02	4.917431030e+02	-1.724942960e-02
4.912076721e+02	2.103601582e-02	4.918588562e+02	1.653211936e-02
4.913230591e+02	1.809964143e-02	4.919746399e+02	-6.211525761e-03
4.914384460e+02	1.752388291e-02	4.920903931e+02	7.553388365e-03
4.915538330e+02	1.959181856e-03	4.922061768e+02	-6.415587850e-03
4.916692200e+02	3.197544813e-02	4.923219604e+02	-8.317075553e-04
4.917846375e+02	1.737034693e-02	4.924377441e+02	-3.057839116e-03
4.919000244e+02	2.803629264e-03	4.925535278e+02	-6.322832312e-03
4.920154419e+02	3.341004718e-03	4.926693115e+02	4.436803982e-03
4.921308594e+02	2.143904753e-02	4.927850952e+02	-3.503065556e-03
4.922462463e+02	9.751128033e-03	4.929009094e+02	1.839650446e-03
4.923616638e+02	-1.162874419e-02	4.930167236e+02	3.008369589e-03
4.924771118e+02	2.079131809e-05	4.931325073e+02	5.976545159e-03
4.925925293e+02	2.450976521e-02	4.932483215e+02	1.653211936e-02
4.927079468e+02	2.159258351e-02	4.933641357e+02	1.146767009e-02
4.928233948e+02	9.021832608e-03	4.934799500e+02	-7.231836207e-03
4.929388123e+02	-5.909532309e-03	4.935957947e+02	-1.359486300e-02
4.930542603e+02	2.671684325e-02	4.937116089e+02	4.696519580e-03
4.931697083e+02	3.828961030e-02	4.938274536e+02	2.142960951e-02
4.932851562e+02	-5.660036579e-03	4.939432678e+02	1.282189973e-02
4.934006042e+02	2.631381154e-02	4.940591125e+02	5.596247502e-04
4.935160522e+02	1.541276369e-02	4.941749573e+02	1.156042516e-02
4.936315308e+02	8.637992665e-03	4.942908020e+02	2.804307500e-03
4.937469788e+02	-4.566092975e-03	4.944066467e+02	-8.177941665e-03
4.938624573e+02	2.028752863e-02	4.945225220e+02	-1.647955854e-03
4.939779358e+02	9.156176820e-03	4.946383667e+02	1.690314151e-02
4.940934143e+02	1.318649296e-02	4.947542419e+02	-9.291008115e-03
4.942088928e+02	-1.180147193e-02	4.948700867e+02	-8.215044625e-03
4.943243713e+02	-4.777205177e-03	4.949859619e+02	-3.688576631e-03
4.944398499e+02	3.406737372e-02	4.951018372e+02	1.903651841e-02
4.945553589e+02	2.836735360e-02	4.952177124e+02	1.465845853e-02
4.946708374e+02	-9.920656681e-03	4.953335876e+02	-3.725678660e-03
4.947863464e+02	1.243800577e-02	4.954494934e+02	-2.315795282e-03
4.949018555e+02	2.535421215e-02	4.955653687e+02	-3.799883183e-03
4.950173645e+02	3.126534447e-02	4.956812744e+02	4.050013795e-02
4.951328735e+02	8.503648452e-03	4.957971497e+02	-1.344645396e-02
4.952483826e+02	-1.997725666e-02	4.959130554e+02	2.751437016e-02
4.953638916e+02	1.412690058e-02	4.960289612e+02	3.249533940e-03
4.954794312e+02	2.525825240e-02	4.961448669e+02	1.126360800e-02
4.955949402e+02	4.914747551e-03	4.962607727e+02	6.941202097e-03
4.957104797e+02	-1.285703108e-02	4.963767090e+02	6.143505219e-03
4.958260193e+02	1.988449693e-02	4.964926147e+02	1.846143417e-02
4.959415588e+02	6.584450137e-03	4.966085510e+02	1.742257178e-02
4.960570984e+02	-8.634794503e-03	4.967244873e+02	-5.256144141e-05
4.961726379e+02	1.591175608e-02	4.968403931e+02	9.594009258e-03
4.962882080e+02	1.138244662e-02	4.969563293e+02	1.233957149e-02
4.964037476e+02	3.084312007e-02	4.970722961e+02	4.131638631e-02
4.965193176e+02	9.309711866e-03	4.971882324e+02	-1.596940309e-02
4.966348877e+02	1.498574158e-03	4.973041687e+02	-9.142599069e-03
4.967504272e+02	2.564209141e-02	4.974201355e+02	1.682893746e-02
4.968659973e+02	4.314518347e-02	4.975360718e+02	4.139986355e-03
4.969815979e+02	-2.512550680e-03	4.976520386e+02	-9.884643368e-03
4.970971680e+02	2.909664996e-02	4.977680054e+02	5.727032945e-02
4.972127380e+02	1.410770882e-02	4.978839722e+02	1.792345196e-02
4.973283386e+02	2.834816091e-02	4.979999390e+02	1.486252062e-02
4.974439087e+02	-6.063068286e-03	4.981159058e+02	-3.540167818e-03
4.975595093e+02	1.063395943e-02	4.982319031e+02	-1.042262465e-02
4.976751099e+02	3.702294081e-02	4.983478699e+02	-1.592302579e-03
4.977907104e+02	4.009365663e-02	4.984638672e+02	4.956234712e-03
4.979063110e+02	-9.460049681e-03	4.985798645e+02	-4.170904867e-03
4.980219116e+02	-1.778937131e-02	4.986958313e+02	1.480686758e-02
4.981375427e+02	1.650670730e-02	4.988118286e+02	3.025993146e-02
4.982531433e+02	5.443007126e-02	4.989278564e+02	4.585213028e-03
4.983687744e+02	-4.604476970e-03	4.990438538e+02	-7.528653834e-03
4.984844055e+02	-7.982267067e-03	4.991598511e+02	-1.685058000e-03
4.986000366e+02	5.222299322e-02	4.992758789e+02	-1.054320717e-03
4.987156677e+02	2.479764447e-02	4.993918762e+02	5.160296801e-03
4.988312988e+02	-1.320248656e-02	4.995079041e+02	-1.125742402e-02
4.989469299e+02	-8.519642055e-03	4.996239319e+02	1.023402205e-03
4.990625916e+02	3.876940906e-02	4.997399597e+02	4.176161066e-02
4.991782227e+02	1.385821309e-02	4.998559875e+02	-1.369689358e-03
4.992938843e+02	-8.653986268e-03	4.999720459e+02	-9.216803126e-03
4.994095459e+02	1.479382161e-03	5.000880737e+02	-1.907671220e-03
4.995252075e+02	4.005527124e-02	5.002041016e+02	2.647550777e-02
4.996408691e+02	1.493296400e-02	5.003201599e+02	1.564166695e-02
4.997565308e+02	-1.120651979e-02	5.004362183e+02	-1.374327112e-02
4.998721924e+02	5.855154712e-03	5.005522766e+02	4.214190878e-03
4.999878540e+02	2.328147739e-02	5.006683350e+02	1.860984229e-02
5.001035461e+02	2.401077375e-02	5.007843933e+02	7.089611143e-03
5.002192383e+02	-6.542867515e-03	5.009004517e+02	-5.654993001e-03
5.003348999e+02	7.563241757e-03	5.010165405e+02	-5.135562271e-03
5.004505920e+02	6.005332246e-02	5.011325989e+02	1.859129220e-02
5.005662842e+02	1.919358410e-02	5.012486877e+02	9.389947169e-03
5.006820068e+02	2.049863897e-02	5.013647766e+02	-3.122767957e-04
5.007976990e+02	-1.324087102e-02	5.014808350e+02	-6.026014686e-03
5.009133911e+02	5.191592127e-02	5.015969238e+02	3.730934858e-02
5.010291138e+02	2.065217495e-02	5.017130432e+02	4.511008505e-03
5.011448364e+02	1.032688748e-02	5.018291321e+02	8.740658872e-03
5.012605286e+02	-6.005492061e-03	5.019452209e+02	-1.129452605e-02
5.013762512e+02	2.445218898e-02	5.020613403e+02	6.461656094e-02
5.014919739e+02	2.069056034e-02	5.021774292e+02	-6.471241359e-03
5.016077271e+02	-1.905604266e-02	5.022935486e+02	3.583453596e-03
5.017234497e+02	2.381405560e-03	5.024096680e+02	2.043712651e-03
5.018391724e+02	7.262407243e-02	5.025257874e+02	4.617677256e-02
5.019549255e+02	3.172595054e-02	5.026419067e+02	1.326712687e-02
5.020706787e+02	-1.086106431e-02	5.027580566e+02	8.926169947e-03
5.021864014e+02	2.427946031e-02	5.028741760e+02	1.562311593e-02
5.023021545e+02	1.600771584e-02	5.029902954e+02	7.701797411e-03
5.024179077e+02	1.349356491e-02	5.031064453e+02	1.252508257e-02
5.025336609e+02	7.467281539e-03	5.032225952e+02	-7.231836207e-03
5.026494446e+02	-1.260753535e-02	5.033387451e+02	1.074417774e-02
5.027651978e+02	9.098600596e-03	5.034548950e+02	1.386076119e-02
5.028809814e+02	2.708149143e-02	5.035710449e+02	7.265846361e-04
5.029967346e+02	4.012724385e-03	5.036871948e+02	2.062263666e-03
5.031125183e+02	1.276426949e-02	5.038033752e+02	-1.047827862e-02
5.032283020e+02	4.041992128e-02	5.039195251e+02	4.436803982e-03
5.033440857e+02	1.157436613e-02	5.040357056e+02	3.588091582e-02
5.034598694e+02	7.025865838e-03	5.041518555e+02	-2.612612909e-03
5.035756836e+02	-3.414574079e-03	5.042680359e+02	-5.617890507e-03
5.036914673e+02	3.840476274e-02	5.043842163e+02	1.311871782e-02
5.038072815e+02	1.934712008e-02	5.045003967e+02	1.749677584e-02
5.039230652e+02	1.811883412e-02	5.046166077e+02	6.570180412e-03
5.040388794e+02	-1.324087102e-02	5.047327881e+02	-3.521616571e-03
5.041546936e+02	5.494825542e-02	5.048489990e+02	1.449149940e-02
5.042705078e+02	2.825220115e-02	5.049651794e+02	2.988890931e-02
5.043863220e+02	2.880397253e-03	5.050813904e+02	3.917373251e-03
5.045021667e+02	-3.875181777e-03	5.051976013e+02	5.475665443e-03
5.046179810e+02	1.566226035e-02	5.053138123e+02	3.898822237e-03
5.047337952e+02	2.003803290e-02	5.054300232e+02	2.154091559e-02
5.048496399e+02	9.156176820e-03	5.055462341e+02	1.890666038e-02
5.049654846e+02	-4.988316912e-03	5.056624451e+02	-9.059119038e-04
5.050813293e+02	3.851991519e-02	5.057786865e+02	-1.907671220e-03
5.051971741e+02	2.065217495e-02	5.058949280e+02	4.492457490e-03
5.053130188e+02	6.349348696e-04	5.060111389e+02	1.768228784e-02
5.054288635e+02	7.117027999e-04	5.061273804e+02	-1.314036082e-03
5.055447388e+02	6.335434318e-02	5.062436218e+02	1.182014123e-02
5.056605835e+02	2.483602799e-02	5.063598633e+02	1.875825226e-02
5.057764587e+02	6.430914626e-03	5.064761047e+02	1.315581985e-02
5.058923340e+02	1.084507070e-02	5.065923767e+02	3.033413552e-02
5.060081787e+02	2.057540789e-02	5.067086182e+02	7.182366680e-03
5.061240540e+02	5.502502248e-02	5.068248901e+02	5.278096348e-02
5.062399597e+02	1.287462306e-03	5.069411316e+02	2.210672479e-03
5.063558350e+02	1.950065605e-02	5.070574036e+02	8.592249826e-03
5.064717102e+02	2.385723777e-02	5.071736755e+02	4.325497430e-03
5.065876160e+02	2.237945423e-02	5.072899475e+02	1.465845853e-02
5.067034912e+02	9.405672550e-03	5.074062195e+02	1.065142173e-02
5.068193970e+02	2.819462679e-02	5.075225220e+02	-5.580788478e-03
5.069353027e+02	3.495020419e-02	5.076387939e+02	1.627240516e-02
5.070512085e+02	6.206848100e-02	5.077550964e+02	2.071539202e-04
5.071671143e+02	2.934614569e-02	5.078713684e+02	2.319196425e-02
5.072830200e+02	-3.721645800e-03	5.079876709e+02	-3.966842778e-03
5.073989563e+02	3.439363837e-02	5.081039734e+02	4.795767739e-02
5.075148621e+02	4.554418102e-02	5.082202759e+02	1.015054248e-02
5.076307983e+02	3.205221519e-02	5.083365784e+02	-8.493310772e-03
5.077467346e+02	2.272490971e-02	5.084529114e+02	-4.208007362e-03
5.078626404e+02	5.362400785e-02	5.085692139e+02	3.187387809e-02
5.079785767e+02	3.652394935e-02	5.086855469e+02	2.795959637e-02
5.080945129e+02	9.060216136e-03	5.088018494e+02	-3.057839116e-03
5.082104797e+02	-2.301438944e-03	5.089181824e+02	-4.560478032e-03
5.083264160e+02	3.076635115e-02	5.090345154e+02	8.592249826e-03
5.084423523e+02	2.498956397e-02	5.091508484e+02	5.327256862e-03
5.085583191e+02	2.911584079e-02	5.092671814e+02	-8.966364112e-05
5.086742859e+02	5.528890993e-03	5.093835144e+02	-5.506583955e-03
5.087902527e+02	5.423815176e-02	5.094998779e+02	1.267349161e-02
5.089062195e+02	1.790772192e-02	5.096162109e+02	2.027944103e-02
5.090221863e+02	9.348096326e-03	5.097325745e+02	2.813583123e-04
5.091381531e+02	-4.470133223e-03	5.098489380e+02	-1.203657035e-02
5.092541199e+02	3.274312615e-02	5.099652710e+02	5.253052339e-03
5.093700867e+02	4.669569805e-02	5.100816345e+02	1.350829098e-02
5.094860840e+02	8.484456688e-03	5.101979980e+02	-1.092350483e-02
5.096020813e+02	-2.858006395e-03	5.103143921e+02	6.941202097e-03
5.097180786e+02	1.477942802e-02	5.104307556e+02	3.784732893e-02
5.098340454e+02	1.257234998e-02	5.105471497e+02	2.934165299e-03
5.099500427e+02	-6.331755780e-03	5.106635132e+02	-1.040407363e-02
5.100660706e+02	-1.917599235e-03	5.107799072e+02	-7.101978641e-03
5.101820679e+02	2.366531827e-02	5.108963013e+02	4.740114510e-02
5.102980652e+02	2.452895604e-02	5.110126953e+02	1.844288222e-02
5.104140930e+02	-7.425698917e-03	5.111290894e+02	-1.824191277e-04
5.105300903e+02	-4.873164929e-03	5.112454834e+02	-1.092350483e-02
5.106461182e+02	1.612286642e-02	5.113618774e+02	1.905506849e-02
5.107621460e+02	4.477650300e-02	5.114783020e+02	1.029895060e-02
5.108781738e+02	-2.819622634e-03	5.115946960e+02	-3.076390363e-03
5.109942017e+02	-1.408531796e-02	5.117111206e+02	1.860984229e-02
5.111102295e+02	5.068763345e-02	5.118275452e+02	8.629351854e-03
5.112262878e+02	4.475731030e-02	5.119439392e+02	2.363719046e-02
5.113423157e+02	2.093525836e-03	5.120603638e+02	3.315390274e-02
5.114583740e+02	-1.788533106e-02	5.121768188e+02	-8.493310772e-03
5.115744324e+02	2.032591216e-02	5.122932129e+02	5.401461385e-03
5.116904602e+02	1.646832190e-02	5.124096680e+02	1.323002391e-02
5.118065186e+02	4.492524080e-03	5.125261230e+02	9.612560272e-03
5.119225769e+02	-9.210553952e-03	5.126425781e+02	1.728343894e-03
5.120386353e+02	1.493296400e-02	5.127590332e+02	1.341553498e-02
5.121547241e+02	9.731936269e-03	5.128754272e+02	7.924410515e-03
5.122708130e+02	9.348096326e-03	5.129918823e+02	9.037476033e-03
5.123868408e+02	-5.933521898e-04	5.131083374e+02	-5.209766328e-03
5.125029297e+02	1.808044873e-02	5.132248535e+02	2.497286908e-02
5.126190186e+02	1.299457345e-02	5.133413086e+02	4.733621608e-03
5.127351074e+02	-1.040045638e-02	5.134577637e+02	-4.189456347e-03
5.128511963e+02	4.665251821e-03	5.135742188e+02	-2.093182178e-03
5.129672852e+02	1.690973900e-02	5.136907349e+02	2.311776020e-02
5.130833740e+02	2.596835606e-02	5.138071899e+02	7.924410515e-03
5.131995239e+02	1.061476767e-02	5.139236450e+02	-5.525134970e-03
5.133156128e+02	8.676377125e-03	5.140401611e+02	-4.653233569e-03
5.134317017e+02	2.877038531e-02	5.141566772e+02	9.705316275e-03
5.135478516e+02	4.911388829e-02	5.142731323e+02	5.549869966e-03
5.136639404e+02	-3.107502358e-03	5.143896484e+02	3.101125127e-03
5.137800903e+02	1.032688748e-02	5.145061646e+02	2.744016424e-02
5.138961792e+02	2.097843960e-02	5.146226807e+02	1.013199147e-02
5.140123291e+02	1.750469021e-02	5.147391357e+02	5.401461385e-03
5.141284180e+02	6.929906085e-03	5.148556519e+02	-3.317554481e-03
5.142445679e+02	2.105520666e-02	5.149721680e+02	3.880271222e-03
5.143607178e+02	6.736546755e-02	5.150886841e+02	6.996855605e-03
5.144768677e+02	4.301083833e-02	5.152052612e+02	3.620555857e-03
5.145930176e+02	-3.280230099e-03	5.153217773e+02	-2.761021722e-03
5.147091675e+02	7.045058068e-03	5.154382935e+02	-4.170904867e-03
5.148253174e+02	4.466135055e-02	5.155548096e+02	1.488107163e-02
5.149414673e+02	3.072796762e-02	5.156713867e+02	7.238019723e-03
5.150576172e+02	1.719761826e-02	5.157879028e+02	-9.253906086e-03
5.151737671e+02	-1.293379907e-02	5.159044189e+02	-7.064876147e-03
5.152899170e+02	9.962240234e-03	5.160209961e+02	2.099365927e-03
5.154061279e+02	3.788657859e-02	5.161375732e+02	3.843168961e-03
5.155222778e+02	-8.941865526e-03	5.162540894e+02	5.327256862e-03
5.156384888e+02	-1.237723138e-02	5.163706665e+02	-5.358175375e-03
5.157546387e+02	2.596835606e-02	5.164872437e+02	2.029799297e-02
5.158708496e+02	4.613913223e-02	5.166037598e+02	2.039074712e-02
5.159869995e+02	-4.047909752e-03	5.167203369e+02	1.360104606e-02
5.161032104e+02	-8.078226820e-03	5.168369141e+02	-1.647955854e-03
5.162194214e+02	2.376127802e-02	5.169534912e+02	1.163463015e-02
5.163355713e+02	1.946227252e-02	5.170700684e+02	1.356394403e-02
5.164517822e+02	8.369305171e-03	5.171866455e+02	3.345071897e-02
5.165679932e+02	-8.097418584e-03	5.173032837e+02	1.747822575e-02
5.166842041e+02	4.015123099e-02	5.174198608e+02	1.235812251e-02
5.168004150e+02	3.702294081e-02	5.175364380e+02	6.811344530e-03
5.169166260e+02	-1.268430334e-02	5.176530762e+02	1.691241749e-03
5.170328369e+02	1.551352179e-04	5.177696533e+02	1.371235307e-02
5.171491089e+02	3.535323590e-02	5.178862305e+02	8.406738751e-03
5.172653198e+02	2.328147739e-02	5.180028687e+02	1.734836772e-02
5.173815308e+02	-4.796396941e-03	5.181194458e+02	-1.963324379e-03
5.174978027e+02	-1.001661737e-02	5.182360840e+02	1.486252062e-02
5.176140137e+02	4.491084442e-02	5.183527222e+02	1.276624668e-02
5.177302856e+02	2.153500728e-02	5.184693604e+02	1.716285758e-02
5.178464966e+02	-1.011257712e-02	5.185859375e+02	-9.244630346e-04
5.179627686e+02	-6.811555475e-03	5.187025757e+02	1.272914466e-02
5.180789795e+02	5.310582370e-02	5.188192139e+02	2.536244132e-02
5.181952515e+02	1.896328107e-02	5.189358521e+02	1.230246946e-02
5.183115234e+02	4.857171793e-03	5.190524902e+02	9.111681022e-03
5.184277954e+02	9.420065908e-04	5.191691284e+02	-8.317075553e-04
5.185440674e+02	3.337646276e-02	5.192858276e+02	2.076176926e-02
5.186603394e+02	1.765822619e-02	5.194024658e+02	7.182366680e-03
5.187766113e+02	1.600771584e-02	5.195191040e+02	-6.768058520e-03
5.188928833e+02	-1.406612620e-02	5.196357422e+02	7.683246396e-03
5.190091553e+02	4.778964445e-02	5.197524414e+02	1.913854852e-03
5.191254272e+02	8.076627273e-04	5.198690796e+02	-6.563996430e-03
5.192416992e+02	-6.696403492e-03	5.199857788e+02	1.185724325e-02
5.193580322e+02	4.456539080e-02	5.201024170e+02	9.853724390e-03
5.194743042e+02	3.086231276e-02	5.202191162e+02	3.441537917e-02
5.195906372e+02	8.004656993e-03	5.203358154e+02	-3.122767957e-04
5.197069092e+02	4.243027885e-03	5.204524536e+02	1.171811018e-03
5.198232422e+02	2.044106461e-02	5.205691528e+02	6.662935950e-03
5.199395142e+02	3.454717249e-02	5.206858521e+02	2.833061852e-02
5.200558472e+02	-7.118627429e-03	5.208025513e+02	-5.821952596e-03
5.201721802e+02	-1.178228017e-02	5.209192505e+02	-6.322832312e-03
5.202884521e+02	1.205416583e-02	5.210359497e+02	-4.041047301e-03
5.204047852e+02	2.596835606e-02	5.211526489e+02	1.541905385e-02
5.205211182e+02	-1.540956460e-02	5.212693481e+02	-2.334346529e-03
5.206374512e+02	-3.054724366e-04	5.213860474e+02	-1.545924715e-05
5.207537842e+02	4.523710907e-02	5.215028076e+02	-3.373207990e-03
5.208701172e+02	1.305214968e-02	5.216195068e+02	2.269108407e-02
5.209864502e+02	-9.997424670e-03	5.217362061e+02	-1.682275347e-02
5.211027832e+02	-4.182253499e-03	5.218529663e+02	2.804307500e-03
5.212191772e+02	3.101584688e-02	5.219696655e+02	6.811344530e-03
5.213355103e+02	1.550872345e-02	5.220864258e+02	1.246015425e-03
5.214518433e+02	-1.642674021e-02	5.222031250e+02	-3.243350191e-03
5.215682373e+02	-1.919038594e-02	5.223198853e+02	-1.796364551e-03
5.216845703e+02	1.030769572e-02	5.224366455e+02	8.054268546e-03
5.218009644e+02	1.497134753e-02	5.225534058e+02	4.659417085e-03
5.219172974e+02	3.475348698e-03	5.226701050e+02	-1.225918345e-02
5.220336914e+02	6.181418430e-03	5.227868652e+02	8.740658872e-03
5.221500854e+02	1.387740485e-02	5.229036255e+02	1.161607914e-02
5.222664185e+02	2.610269934e-02	5.230203857e+02	9.491977980e-04
5.223828125e+02	-1.034288108e-02	5.231371460e+02	5.308705848e-03
5.224992065e+02	8.460466634e-04	5.232539062e+02	-7.955328561e-03
5.226156006e+02	3.270474076e-02	5.233707275e+02	1.604979113e-02
5.227319946e+02	2.349258959e-02	5.234874878e+02	1.044735964e-02
5.228483887e+02	-1.848028228e-02	5.236042480e+02	-6.805161014e-03
5.229647827e+02	-1.400854997e-02	5.237210083e+02	3.150285408e-02
5.230811768e+02	1.159355883e-02	5.238378296e+02	6.829895545e-03
5.231976318e+02	2.949968167e-02	5.239545898e+02	1.608689316e-02
5.233140259e+02	1.364230295e-03	5.240714111e+02	-3.503065556e-03
5.234304199e+02	-1.967018656e-02	5.241881714e+02	-8.586065844e-03
5.235468750e+02	1.942388900e-02	5.243049927e+02	2.003827691e-02
5.236632690e+02	2.819462679e-02	5.244218140e+02	1.041025762e-02
5.237797241e+02	-1.898407238e-03	5.245385742e+02	-3.818434197e-03
5.238961182e+02	7.117027999e-04	5.246553955e+02	-1.261165459e-02
5.240125732e+02	1.846428961e-02	5.247722168e+02	1.844288222e-02
5.241289673e+02	4.991995171e-02	5.248890381e+02	6.069300696e-03
5.242454224e+02	-1.149919815e-03	5.250058594e+02	-1.518098172e-03
5.243618774e+02	2.065217495e-02	5.251226807e+02	2.655898686e-03
5.244783325e+02	6.174221635e-02	5.252395020e+02	7.404979784e-03
5.245947876e+02	5.857553706e-02	5.253563232e+02	2.818220854e-02
5.247112427e+02	3.993532155e-03	5.254731445e+02	1.468628529e-03
5.248276978e+02	-1.205096766e-02	5.255900269e+02	2.433285583e-03
5.249441528e+02	1.589256339e-02	5.257068481e+02	3.393305093e-02
5.250606079e+02	2.704310603e-02	5.258236694e+02	1.835012808e-02
5.251770630e+02	-6.677211728e-03	5.259405518e+02	-2.241590992e-03
5.252935181e+02	-5.564076360e-03	5.260573730e+02	-7.213285193e-03
5.254100342e+02	7.861196995e-02	5.261742554e+02	1.575297303e-02
5.255264893e+02	4.777045175e-02	5.262910767e+02	-4.170904867e-03
5.256429443e+02	-9.440857917e-03	5.264079590e+02	3.472147044e-03
5.257594604e+02	-3.875181777e-03	5.265248413e+02	7.683246396e-03
5.258759155e+02	3.245524690e-02	5.266417236e+02	6.848447025e-03
5.259924316e+02	5.824927613e-02	5.267585449e+02	1.629095525e-02
5.261089478e+02	1.261073351e-02	5.268754272e+02	-2.705368446e-03
5.262254028e+02	-4.014323640e-04	5.269923096e+02	1.007633749e-02
5.263419189e+02	2.159258351e-02	5.271091919e+02	2.684652992e-02
5.264584351e+02	4.493003711e-02	5.272260742e+02	5.457114428e-03
5.265749512e+02	-5.357762566e-04	5.273429565e+02	1.094823889e-02
5.266914673e+02	1.249078428e-03	5.274598389e+02	5.457114428e-03
5.268079834e+02	3.376030177e-02	5.275767822e+02	8.072819561e-03
5.269244995e+02	3.640879691e-02	5.276936646e+02	-1.907671220e-03
5.270410156e+02	3.648076672e-03	5.278105469e+02	9.816622362e-03
5.271575317e+02	6.526874378e-03	5.279274902e+02	-1.072871848e-03
5.272740479e+02	2.512390912e-02	5.280443726e+02	3.880271222e-03
5.273905640e+02	2.015318349e-02	5.281613159e+02	1.050301269e-02
5.275071411e+02	-3.529726062e-03	5.282781982e+02	1.549325790e-02
5.276236572e+02	-2.435782924e-03	5.283951416e+02	-7.918226533e-03
5.277401733e+02	3.479667008e-02	5.285120239e+02	1.630950719e-02
5.278567505e+02	1.403094083e-02	5.286289673e+02	9.863000596e-04
5.279732666e+02	-5.775188096e-03	5.287459106e+02	2.025161404e-03
5.280898438e+02	-5.871148314e-03	5.288628540e+02	1.950029470e-02
5.282064209e+02	2.017237619e-02	5.289797974e+02	1.202420332e-02
5.283229370e+02	2.370370179e-02	5.290966797e+02	6.366118323e-03
5.284395142e+02	-1.207015943e-02	5.292136230e+02	-5.599339493e-03
5.285560913e+02	1.796529815e-02	5.293306274e+02	1.979711279e-02
5.286726685e+02	3.147645667e-02	5.294475708e+02	1.562311593e-02
5.287892456e+02	1.144002285e-02	5.295645142e+02	1.809041202e-02
5.289058228e+02	2.381405560e-03	5.296814575e+02	1.357321977e-03
5.290223999e+02	1.439558808e-02	5.297984009e+02	7.256570738e-03
5.291389771e+02	1.886732131e-02	5.299154053e+02	9.297192097e-03
5.292555542e+02	3.093907982e-02	5.300323486e+02	-3.493789991e-04
5.293721313e+02	-6.619635504e-03	5.301492920e+02	-3.057839116e-03
5.294887085e+02	-4.316597246e-03	5.302662964e+02	2.433285583e-03
5.296053467e+02	3.592899442e-02	5.303832397e+02	2.918396890e-02
5.297219238e+02	1.829156093e-02	5.305002441e+02	4.065782297e-03
5.298385620e+02	-4.782002943e-04	5.306172485e+02	-1.685058000e-03
5.299551392e+02	3.302620724e-03	5.307341919e+02	1.311871782e-02
5.300717773e+02	4.109163955e-02	5.308511963e+02	2.751437016e-02
5.301883545e+02	4.266538471e-02	5.309682007e+02	-5.061357748e-03
5.303049927e+02	8.599609137e-03	5.310852051e+02	2.877584472e-02
5.304216309e+02	1.299457345e-02	5.312022095e+02	1.745967381e-02
5.305382080e+02	6.584450137e-03	5.313192139e+02	3.200373426e-02
5.306548462e+02	3.673505783e-02	5.314362183e+02	2.706914395e-02
5.307714844e+02	2.030671947e-02	5.315532227e+02	-1.196236629e-02
5.308881226e+02	1.679458655e-02	5.316702271e+02	1.839650446e-03
5.310047607e+02	2.289763838e-02	5.317872314e+02	1.395351719e-02
5.311213989e+02	2.376127802e-02	5.319042969e+02	2.470387844e-03
5.312380371e+02	2.101682313e-02	5.320213013e+02	-1.443893765e-03
5.313546753e+02	3.686460434e-03	5.321383057e+02	-1.084929984e-02
5.314713135e+02	1.708246581e-02	5.322553711e+02	9.853724390e-03
5.315880127e+02	6.891522091e-03	5.323723755e+02	1.022474654e-02
5.317046509e+02	-2.454974689e-03	5.324894409e+02	9.853724390e-03
5.318212891e+02	3.998330430e-05	5.326064453e+02	-1.708246954e-02
5.319379883e+02	1.332083717e-02	5.327235107e+02	2.660536580e-02
5.320546265e+02	2.189965546e-02	5.328405762e+02	7.701797411e-03
5.321713257e+02	3.894213960e-02	5.329575806e+02	4.844928160e-03
5.322879639e+02	7.985465229e-03	5.330746460e+02	1.765446155e-03
5.324046631e+02	2.704310603e-02	5.331917114e+02	3.580671176e-02
5.325213623e+02	6.220282242e-02	5.333087769e+02	3.968388960e-02
5.326380005e+02	2.493198775e-02	5.334258423e+02	1.621675119e-02
5.327546997e+02	4.377372097e-03	5.335429077e+02	7.265846361e-04
5.328713989e+02	3.537242860e-02	5.336599731e+02	1.200565230e-02
5.329880981e+02	5.924725905e-02	5.337770386e+02	1.621675119e-02
5.331047974e+02	3.648076672e-03	5.338941040e+02	-6.100219209e-03
5.332214966e+02	9.731936269e-03	5.340112305e+02	1.593848504e-02
5.333381958e+02	1.998045668e-02	5.341282959e+02	-3.799883183e-03
5.334548950e+02	2.191884629e-02	5.342453613e+02	1.682893746e-02
5.335715942e+02	4.874924198e-02	5.343624878e+02	1.028039958e-02
5.336883545e+02	9.136984125e-03	5.344795532e+02	-1.266730763e-02
5.338050537e+02	3.466232494e-02	5.345966797e+02	-1.276933821e-03
5.339217529e+02	3.258959204e-02	5.347137451e+02	3.380319104e-02
5.340385132e+02	7.080083340e-02	5.348308716e+02	6.217709277e-03
5.341552124e+02	1.477942802e-02	5.349479980e+02	-7.361693773e-03
5.342719727e+02	1.992288046e-02	5.350650635e+02	1.630950719e-02
5.343886719e+02	1.412690058e-02	5.351821899e+02	1.297030877e-02
5.345054321e+02	1.863221871e-03	5.352993164e+02	-3.447412280e-03
5.346221924e+02	2.525825240e-02	5.354164429e+02	2.266325755e-03
5.347388916e+02	3.101584688e-02	5.355335693e+02	2.343312837e-02
5.348556519e+02	1.815721765e-02	5.356506958e+02	2.766277827e-02
5.349724121e+02	1.750469021e-02	5.357678223e+02	-1.428125333e-02
5.350891724e+02	2.687037922e-02	5.358849487e+02	8.573698811e-03
5.352059326e+02	2.335824631e-02	5.360020752e+02	1.712575555e-02
5.353226929e+02	1.474104449e-02	5.361192017e+02	2.499142103e-02
5.354394531e+02	1.405013260e-02	5.362363892e+02	-7.732715923e-03
5.355562134e+02	3.241686150e-02	5.363535156e+02	-3.299003467e-03
5.356729736e+02	4.364417493e-02	5.364706421e+02	3.555626899e-04
5.357897339e+02	1.946227252e-02	5.365878296e+02	1.022474654e-02
5.359065552e+02	3.362595662e-02	5.367049561e+02	-3.280452453e-03
5.360233154e+02	1.120971888e-02	5.368221436e+02	-6.397036836e-03
5.361400757e+02	3.667748347e-02	5.369392700e+02	8.072819561e-03
5.362568970e+02	2.069056034e-02	5.370564575e+02	4.114942625e-02
5.363736572e+02	9.444056079e-03	5.371736450e+02	-7.139080670e-03
5.364904785e+02	1.522084419e-02	5.372908325e+02	-8.697372861e-03
5.366072388e+02	5.015025660e-02	5.374079590e+02	1.124505699e-02
5.367240601e+02	9.847087786e-03	5.375251465e+02	1.598486211e-03
5.368408813e+02	1.660266705e-02	5.376423340e+02	1.493672561e-02
5.369576416e+02	1.406932436e-02	5.377595215e+02	3.098342381e-02
5.370744629e+02	1.988449693e-02	5.378767090e+02	1.141201705e-02
5.371912842e+02	1.671781950e-02	5.379938965e+02	2.846047468e-02
5.373081055e+02	3.116938286e-02	5.381110840e+02	-1.073799375e-02
5.374249268e+02	1.120971888e-02	5.382283325e+02	-1.544997189e-02
5.375417480e+02	1.270669326e-02	5.383455200e+02	4.297670966e-04
5.376585693e+02	1.904004812e-02	5.384627075e+02	1.400917023e-02
5.377753906e+02	-7.660801057e-04	5.385798950e+02	-1.589519903e-02
5.378922119e+02	3.441282734e-02	5.386971436e+02	-4.931500182e-03
5.380090942e+02	3.648556396e-02	5.388143311e+02	3.453596029e-03
5.381259155e+02	2.462491579e-02	5.389315796e+02	8.963271976e-03
5.382427368e+02	7.006674074e-03	5.390487671e+02	1.695879549e-02
5.383596191e+02	5.298587494e-03	5.391660156e+02	-6.489792373e-03
5.384764404e+02	2.474006824e-02	5.392832642e+02	1.690314151e-02
5.385933228e+02	1.748549752e-02	5.394004517e+02	1.085548382e-02
5.387101440e+02	1.312891766e-02	5.395177002e+02	-1.203657035e-02
5.388270264e+02	2.995549003e-03	5.396349487e+02	-1.526446175e-02
5.389439087e+02	6.392530631e-03	5.397521973e+02	7.265846361e-04
5.390607300e+02	1.284103747e-02	5.398694458e+02	4.436803982e-03
5.391776123e+02	-5.122660659e-03	5.399866943e+02	1.044735964e-02
5.392944946e+02	5.197829450e-04	5.401039429e+02	-1.322384086e-02
5.394113770e+02	1.067234296e-02	5.402211914e+02	1.074417774e-02
5.395282593e+02	4.530908074e-03	5.403384399e+02	8.425289765e-03
5.396451416e+02	-4.374173470e-03	5.404556885e+02	-1.147076138e-03
5.397620239e+02	4.622069828e-04	5.405729370e+02	-8.474759758e-03
5.398789062e+02	2.664007433e-02	5.406902466e+02	4.715070594e-03
5.399957886e+02	-1.936791232e-03	5.408074951e+02	3.731862409e-03
5.401126709e+02	1.111375913e-02	5.409248047e+02	-1.263020560e-02
5.402295532e+02	1.345038298e-03	5.410420532e+02	-1.307543181e-02
5.403464966e+02	1.564306766e-02	5.411593628e+02	2.766277827e-02
5.404633789e+02	1.516326796e-02	5.412766113e+02	3.270867839e-02
5.405802612e+02	2.021075971e-02	5.413939209e+02	1.033605356e-02
5.406972046e+02	2.305117436e-02	5.415111694e+02	-6.174423732e-03
5.408140869e+02	1.286022924e-02	5.416284790e+02	3.055674955e-02
5.409310303e+02	1.957742497e-02	5.417457886e+02	-3.224799177e-03
5.410479736e+02	-5.161044654e-03	5.418630981e+02	-1.040407363e-02
5.411648560e+02	-2.397398930e-03	5.419804077e+02	-2.927981550e-03
5.412817993e+02	2.205319144e-02	5.420976562e+02	3.129879385e-02
5.413987427e+02	1.875216886e-02	5.422149658e+02	2.677232586e-02
5.415156860e+02	1.551352179e-04	5.423323364e+02	-1.552417688e-02
5.416325684e+02	2.959564142e-02	5.424496460e+02	4.214190878e-03
5.417495117e+02	1.790772192e-02	5.425669556e+02	8.518045768e-03
5.418664551e+02	1.944307983e-02	5.426842651e+02	6.347567309e-03
5.419833984e+02	1.408851705e-02	5.428015747e+02	1.126360800e-02
5.421004028e+02	-4.393365234e-03	5.429188843e+02	-4.541927017e-03
5.422173462e+02	2.568047494e-02	5.430362549e+02	9.909377433e-03
5.423342896e+02	9.731936269e-03	5.431535645e+02	6.461656094e-02
5.424512329e+02	2.257137373e-02	5.432709351e+02	5.883789621e-03
5.425681763e+02	8.062233217e-03	5.433882446e+02	1.831302419e-02
5.426851807e+02	1.136325486e-02	5.435056152e+02	7.256570738e-03
5.428021240e+02	2.228349447e-02	5.436229248e+02	2.660536580e-02
5.429191284e+02	7.836727309e-05	5.437402954e+02	-1.270440966e-02
5.430360718e+02	-1.802447252e-03	5.438576660e+02	4.436803982e-03
5.431530762e+02	1.378144510e-02	5.439750366e+02	1.311871782e-02
5.432700195e+02	2.117035910e-02	5.440923462e+02	2.662391588e-02
5.433870239e+02	2.514309995e-02	5.442097168e+02	-1.190671232e-02
5.435040283e+02	1.289861370e-02	5.443270874e+02	5.457114428e-03
5.436209717e+02	1.692892984e-02	5.444444580e+02	5.141745787e-03
5.437379761e+02	2.589158714e-02	5.445618286e+02	2.136467956e-03
5.438549805e+02	1.431882009e-02	5.446791992e+02	1.237667352e-02
5.439719849e+02	-1.821639249e-03	5.447965698e+02	-8.270697668e-03
5.440889893e+02	1.773499325e-02	5.449140015e+02	5.163079500e-02
5.442059937e+02	2.458653226e-02	5.450313721e+02	2.395255864e-02
5.443229980e+02	2.166935056e-02	5.451487427e+02	1.866549626e-02
5.444400024e+02	9.981431998e-03	5.452661133e+02	3.212431679e-03
5.445570068e+02	3.166837618e-02	5.453835449e+02	1.171811018e-03
5.446740723e+02	7.870313711e-03	5.455009155e+02	1.549325790e-02
5.447910767e+02	6.450106390e-03	5.456183472e+02	-9.662030265e-03
5.449080811e+02	-7.061051205e-03	5.457357178e+02	-3.577269847e-03
5.450251465e+02	2.013399266e-02	5.458531494e+02	1.443584543e-02
5.451421509e+02	4.199366271e-02	5.459705811e+02	4.789275117e-03
5.452592163e+02	9.194560349e-03	5.460879517e+02	5.995096173e-03
5.453762207e+02	4.799595568e-03	5.462053833e+02	-4.690335598e-03
5.454932861e+02	2.865523286e-02	5.463228149e+02	1.339698397e-02
5.456102905e+02	4.512195662e-02	5.464402466e+02	2.662391588e-02
5.457273560e+02	8.618800901e-03	5.465576782e+02	-8.252146654e-03
5.458444214e+02	1.410770882e-02	5.466750488e+02	1.245087851e-02
5.459614868e+02	2.402996458e-02	5.467924805e+02	3.404435515e-02
5.460785522e+02	9.655168280e-03	5.469099731e+02	1.341553498e-02
5.461956177e+02	1.144002285e-02	5.470274048e+02	-4.393518437e-03
5.463126221e+02	2.569966763e-02	5.471448364e+02	-5.914708134e-03
5.464296875e+02	2.990271337e-02	5.472622681e+02	1.630950719e-02
5.465468140e+02	2.076732740e-02	5.473796997e+02	1.163463015e-02
5.466638794e+02	5.740003195e-03	5.474971924e+02	-9.587825276e-03
5.467809448e+02	-7.617618889e-03	5.476146240e+02	1.020619553e-02
5.468980103e+02	4.072699323e-02	5.477320557e+02	1.497382764e-02
5.470150757e+02	1.704408228e-02	5.478495483e+02	1.361959707e-02
5.471322021e+02	7.394831628e-02	5.479669800e+02	1.524281804e-03
5.472492676e+02	1.773499325e-02	5.480844727e+02	3.230982693e-03
5.473663330e+02	4.521791637e-02	5.482019653e+02	2.343312837e-02
5.474834595e+02	4.581286758e-02	5.483193970e+02	3.578815982e-02
5.476005249e+02	-1.840831246e-03	5.484368896e+02	-8.623168804e-03
5.477176514e+02	4.607676063e-03	5.485543823e+02	-6.471241359e-03
5.478347778e+02	2.385723777e-02	5.486718750e+02	1.497382764e-02
5.479518433e+02	7.601625752e-03	5.487893066e+02	2.623434365e-02
5.480689697e+02	2.669285284e-03	5.489067993e+02	-3.818434197e-03
5.481860962e+02	-9.959041141e-03	5.490242920e+02	-1.329804491e-02
5.483032227e+02	2.443299629e-02	5.491417847e+02	1.227464294e-03
5.484203491e+02	2.032591216e-02	5.492592773e+02	2.526968718e-02
5.485374146e+02	-9.671160951e-03	5.493768311e+02	-1.685058000e-03
5.486545410e+02	-3.822403669e-04	5.494943237e+02	1.400917023e-02
5.487716675e+02	1.243800577e-02	5.496118164e+02	9.631111287e-03
5.488888550e+02	9.117792360e-03	5.497293091e+02	-4.504824989e-03
5.490059814e+02	-1.003580913e-02	5.498468628e+02	-3.150594654e-03
5.491231079e+02	8.503648452e-03	5.499643555e+02	1.764518581e-02
5.492402344e+02	5.624851212e-03	5.500818481e+02	2.647550777e-02
5.493573608e+02	-7.085041143e-04	5.501994019e+02	-5.135562271e-03
5.494745483e+02	1.976934448e-02	5.503168945e+02	1.913854852e-03
5.495916748e+02	7.927889004e-03	5.504344482e+02	4.288395401e-03
5.497088623e+02	1.712085120e-02	5.505520020e+02	2.565925941e-02
5.498259888e+02	1.439558808e-02	5.506694946e+02	8.184125647e-03
5.499431763e+02	1.026931126e-02	5.507870483e+02	4.668693000e-04
5.500603027e+02	3.197544813e-02	5.509046021e+02	2.298790216e-02
5.501774902e+02	5.720810965e-03	5.510221558e+02	1.126360800e-02
5.502946167e+02	2.445218898e-02	5.511397095e+02	4.398774356e-02
5.504118042e+02	-1.725679380e-03	5.512572021e+02	1.050301269e-02
5.505289917e+02	8.158192970e-03	5.513747559e+02	6.236260757e-03
5.506461792e+02	1.598852314e-02	5.514923096e+02	1.156042516e-02
5.507633667e+02	2.861205256e-03	5.516099243e+02	-1.369689358e-03
5.508805542e+02	9.616783820e-03	5.517274780e+02	7.312224247e-03
5.509977417e+02	5.874346942e-03	5.518450317e+02	6.366118323e-03
5.511149292e+02	2.996028773e-02	5.519625854e+02	1.508513372e-02
5.512321167e+02	6.737986114e-03	5.520801392e+02	4.214190878e-03
5.513493042e+02	6.507682614e-03	5.521977539e+02	1.765446155e-03
5.514664917e+02	1.754307374e-02	5.523153076e+02	4.344048444e-03
5.515836792e+02	2.621785179e-02	5.524329224e+02	1.586428098e-02
5.517009277e+02	2.107439935e-02	5.525504761e+02	2.959209308e-02
5.518181152e+02	1.760064997e-02	5.526680908e+02	-8.623168804e-03
5.519353027e+02	2.376127802e-02	5.527856445e+02	3.508321568e-02
5.520525513e+02	1.391578838e-02	5.529032593e+02	1.532629877e-02
5.521697388e+02	-3.011542372e-03	5.530208130e+02	5.457114428e-03
5.522869873e+02	1.191982254e-02	5.531384277e+02	3.011152335e-02
5.524041748e+02	2.769563347e-02	5.532560425e+02	1.695879549e-02
5.525214233e+02	1.168951858e-02	5.533736572e+02	7.738899440e-03
5.526386719e+02	5.951114930e-03	5.534912720e+02	5.995096173e-03
5.527559204e+02	1.343598869e-02	5.536088867e+02	3.991577774e-03
5.528731079e+02	1.199659053e-02	5.537265015e+02	3.959113359e-02
5.529903564e+02	6.795562338e-03	5.538441162e+02	2.193048969e-02
5.531076050e+02	1.581579447e-02	5.539617310e+02	3.664150834e-02
5.532248535e+02	2.688477281e-03	5.540793457e+02	8.443840779e-03
5.533421021e+02	1.376225334e-02	5.541969604e+02	2.841409761e-03
5.534593506e+02	2.145823836e-02	5.543145752e+02	2.637347672e-03
5.535765991e+02	7.774353493e-03	5.544322510e+02	3.246751055e-02
5.536938477e+02	-1.514567528e-03	5.545498657e+02	1.028039958e-02
5.538110962e+02	4.853812978e-02	5.546674805e+02	1.326712687e-02
5.539284058e+02	2.694714628e-02	5.547851562e+02	3.824617947e-03
5.540456543e+02	3.974340390e-03	5.549027710e+02	-9.059119038e-04
5.541629028e+02	1.654509082e-02	5.550204468e+02	1.950029470e-02
5.542802124e+02	3.844314441e-02	5.551380615e+02	2.062263666e-03
5.543974609e+02	2.397238836e-02	5.552557373e+02	1.324857585e-02
5.545147705e+02	1.443397254e-02	5.553734131e+02	3.256026655e-02
5.546320190e+02	2.679361030e-02	5.554910278e+02	1.356394403e-02
5.547493286e+02	7.018668950e-02	5.556087036e+02	2.306210622e-02
5.548665771e+02	1.535518747e-02	5.557263794e+02	1.682893746e-02
5.549838867e+02	3.425929323e-02	5.558440552e+02	1.740402170e-02
5.551011963e+02	1.113295089e-02	5.559617310e+02	-1.018146053e-02
5.552185059e+02	4.082295299e-02	5.560794067e+02	3.601077199e-02
5.553357544e+02	1.224608626e-02	5.561970825e+02	4.139986355e-03
5.554530640e+02	2.314713411e-02	5.563147583e+02	5.489578843e-02
5.555703735e+02	1.201578230e-02	5.564324341e+02	-6.192974746e-03
5.556876831e+02	2.111278288e-02	5.565501099e+02	4.807826132e-03
5.558049927e+02	2.988352068e-02	5.566677856e+02	2.046495304e-02
5.559223022e+02	1.305214968e-02	5.567854614e+02	3.212431679e-03
5.560396118e+02	1.687135361e-02	5.569031982e+02	-1.762044989e-02
5.561569824e+02	2.272490971e-02	5.570208740e+02	4.362599924e-03
5.562742920e+02	2.690876275e-02	5.571386108e+02	3.352492675e-02
5.563916016e+02	6.354146637e-03	5.572562866e+02	2.081742324e-02
5.565089111e+02	1.381982863e-02	5.573740234e+02	-1.363196503e-02
5.566262817e+02	1.919358410e-02	5.574916992e+02	4.919132683e-03
5.567435913e+02	1.483700424e-02	5.576094360e+02	4.139986355e-03
5.568609619e+02	1.345038298e-03	5.577271118e+02	3.323738230e-03
5.569782715e+02	2.419789555e-03	5.578448486e+02	-1.079364680e-02
5.570956421e+02	2.996028773e-02	5.579625854e+02	4.993337207e-03
5.572129517e+02	6.661218125e-03	5.580803223e+02	7.256570738e-03
5.573303223e+02	5.197829450e-04	5.581979980e+02	-7.213285193e-03
5.574476929e+02	9.559208527e-03	5.583157349e+02	-1.359486300e-02
5.575650024e+02	3.395222127e-02	5.584334717e+02	7.794552948e-03
5.576823730e+02	2.111278288e-02	5.585512085e+02	1.345263794e-02
5.577997437e+02	-6.043876056e-03	5.586689453e+02	-8.957087994e-03
5.579171143e+02	1.767262002e-03	5.587866821e+02	1.000213344e-02
5.580344849e+02	1.944307983e-02	5.589044189e+02	4.733621608e-03
5.581518555e+02	9.789511561e-03	5.590222168e+02	2.222730592e-02
5.582692261e+02	1.594534144e-03	5.591399536e+02	5.407954007e-02
5.583865967e+02	8.733952418e-03	5.592576904e+02	-5.951810628e-03
5.585039673e+02	1.940469630e-02	5.593754883e+02	1.579007506e-02
5.586213379e+02	2.011479996e-02	5.594932251e+02	3.500901163e-02
5.587387695e+02	-1.074591279e-02	5.596109619e+02	1.839650446e-03
5.588561401e+02	3.839996411e-03	5.597287598e+02	1.598486211e-03
5.589735107e+02	2.758048289e-02	5.598464966e+02	1.169028319e-02
5.590909424e+02	2.230268717e-02	5.599642944e+02	5.995096173e-03
5.592083130e+02	2.176531032e-02	5.600820923e+02	3.342289478e-03
5.593257446e+02	1.013496798e-02	5.601998291e+02	9.445600212e-03
5.594431152e+02	1.437639631e-02	5.603176270e+02	4.391353950e-02
5.595605469e+02	1.414609235e-02	5.604354248e+02	1.579007506e-02
5.596779175e+02	7.313745562e-03	5.605531616e+02	1.524281804e-03
5.597953491e+02	1.153118443e-03	5.606709595e+02	-3.799883183e-03
5.599127808e+02	2.400597557e-03	5.607887573e+02	1.074417774e-02
5.600301514e+02	5.893538706e-03	5.609065552e+02	1.636515930e-02
5.601475830e+02	-5.314580631e-03	5.610243530e+02	3.040834144e-02
5.602650146e+02	-6.331755780e-03	5.611421509e+02	-6.805161014e-03
5.603824463e+02	2.328147739e-02	5.612599487e+02	7.163815666e-03
5.604998779e+02	2.287844568e-02	5.613777466e+02	6.514526904e-03
5.606173096e+02	2.439461276e-02	5.614956055e+02	1.660632342e-02
5.607347412e+02	2.840573713e-02	5.616134033e+02	-4.430620465e-03
5.608521729e+02	2.414511703e-02	5.617312012e+02	3.656730428e-02
5.609696045e+02	1.548953168e-02	5.618490601e+02	3.738355264e-02
5.610870361e+02	1.191982254e-02	5.619668579e+02	4.640866071e-03
5.612045288e+02	3.801612416e-03	5.620846558e+02	-3.299003467e-03
5.613219604e+02	1.262992620e-02	5.622025146e+02	6.421771366e-03
5.614393921e+02	2.754209749e-02	5.623203125e+02	8.072819561e-03
5.615568848e+02	3.245044965e-03	5.624381714e+02	-2.575510647e-03
5.616743164e+02	3.550677374e-02	5.625560303e+02	1.297030877e-02
5.617918091e+02	1.999964751e-02	5.626738281e+02	-2.315795282e-03
5.619092407e+02	9.827896021e-03	5.627916870e+02	6.143505219e-03
5.620267334e+02	2.216834202e-02	5.629095459e+02	2.267253213e-02
5.621441650e+02	4.454140086e-03	5.630273438e+02	1.672690618e-03
5.622616577e+02	1.119052712e-02	5.631452026e+02	1.068852376e-02
5.623791504e+02	1.282184571e-02	5.632630615e+02	1.768228784e-02
5.624966431e+02	1.604609936e-02	5.633809204e+02	-1.166554820e-02
5.626140747e+02	-7.847922854e-03	5.634987793e+02	-2.037528902e-03
5.627315674e+02	1.339760516e-02	5.636166382e+02	1.732981764e-02
5.628490601e+02	3.604414687e-02	5.637344971e+02	1.727416366e-02
5.629665527e+02	1.057638321e-02	5.638523560e+02	-1.122032199e-02
5.630840454e+02	-1.610527397e-03	5.639702759e+02	3.929431736e-02
5.632015381e+02	3.193706274e-02	5.640881348e+02	-1.443893765e-03
5.633190308e+02	1.786933839e-02	5.642059937e+02	5.178847816e-03
5.634365234e+02	1.710165851e-02	5.643239136e+02	-1.381747611e-02
5.635540771e+02	9.175368585e-03	5.644417725e+02	-4.560478032e-03
5.636715698e+02	2.761886641e-02	5.645596313e+02	1.324857585e-02
5.637890625e+02	5.375355482e-03	5.646775513e+02	5.104643758e-03
5.639066162e+02	9.693551809e-03	5.647954102e+02	4.548110534e-03
5.640241089e+02	-5.549682537e-04	5.649133301e+02	4.139986355e-03
5.641416016e+02	8.369305171e-03	5.650311890e+02	2.365574054e-02
5.642591553e+02	1.049961522e-02	5.651491089e+02	1.599413715e-02
5.643766479e+02	7.141017821e-03	5.652670288e+02	-7.881124504e-03
5.644942017e+02	-1.380223664e-03	5.653849487e+02	-1.443893765e-03
5.646117554e+02	2.427946031e-02	5.655028076e+02	5.846687593e-03
5.647292480e+02	1.790772192e-02	5.656207275e+02	1.356394403e-02
5.648468018e+02	6.277378649e-03	5.657386475e+02	8.221227676e-03
5.649643555e+02	2.560370788e-02	5.658565674e+02	-9.810438380e-03
5.650818481e+02	1.562387589e-02	5.659744873e+02	3.694760147e-03
5.651994019e+02	2.095924690e-02	5.660924072e+02	1.228391845e-02
5.653169556e+02	3.661990911e-02	5.662103271e+02	5.234501325e-03
5.654345093e+02	5.682426970e-03	5.663282471e+02	-9.291008115e-03
5.655520630e+02	2.867442556e-02	5.664461670e+02	2.350733243e-02
5.656696167e+02	1.170871034e-02	5.665641479e+02	7.776001468e-03
5.657871704e+02	9.079408832e-03	5.666820679e+02	-8.122288622e-03
5.659047241e+02	-3.510534065e-03	5.667999878e+02	-5.358175375e-03
5.660223389e+02	1.760064997e-02	5.669179688e+02	5.438563414e-03
5.661398926e+02	7.966273464e-03	5.670358887e+02	-4.560478032e-03
5.662574463e+02	1.517766155e-03	5.671538086e+02	-2.686817199e-03
5.663750000e+02	5.005909479e-04	5.672717896e+02	-3.206247929e-03
5.664926147e+02	3.980577737e-02	5.673897095e+02	2.340530045e-03
5.666101685e+02	1.245719753e-02	5.675076904e+02	-3.057839116e-03
5.667277832e+02	9.770319797e-03	5.676256714e+02	-2.686817199e-03
5.668453369e+02	4.550099839e-03	5.677435913e+02	7.033957634e-03
5.669629517e+02	4.032396153e-02	5.678615723e+02	7.664694916e-03
5.670805054e+02	1.476023626e-02	5.679795532e+02	6.069300696e-03
5.671981201e+02	4.070300143e-03	5.680975342e+02	-8.623168804e-03
5.673157349e+02	1.664105058e-02	5.682155151e+02	1.243232749e-02
5.674332886e+02	4.374013469e-02	5.683334351e+02	1.649501733e-02
5.675509033e+02	2.042187192e-02	5.684514160e+02	4.096391425e-02
5.676685181e+02	1.005819999e-02	5.685693970e+02	-1.392878219e-02
5.677861328e+02	1.790772192e-02	5.686873779e+02	3.315390274e-02
5.679037476e+02	2.343501337e-02	5.688054199e+02	3.660440817e-02
5.680213623e+02	2.679361030e-02	5.689234009e+02	3.307969868e-02
5.681389771e+02	3.045928106e-02	5.690413818e+02	2.558505535e-02
5.682565918e+02	1.435720455e-02	5.691593628e+02	-5.729197059e-03
5.683742065e+02	2.450976521e-02	5.692773438e+02	7.609041873e-03
5.684918213e+02	2.072894387e-02	5.693953857e+02	2.810800448e-02
5.686094360e+02	1.255315822e-02	5.695133667e+02	4.807826132e-03
5.687270508e+02	1.815721765e-02	5.696313477e+02	1.367525104e-02
5.688447266e+02	2.665926702e-02	5.697493896e+02	1.608689316e-02
5.689623413e+02	3.780981153e-02	5.698673706e+02	1.742257178e-02
5.690799561e+02	3.084312007e-02	5.699854126e+02	6.922651082e-03
5.691976318e+02	1.570064388e-02	5.701034546e+02	-1.413284428e-02
5.693152466e+02	2.602593228e-02	5.702214355e+02	4.585213028e-03
5.694329224e+02	3.493101150e-02	5.703394775e+02	1.942609064e-02
5.695505371e+02	2.529663593e-02	5.704575195e+02	5.846687593e-03
5.696682129e+02	1.888651215e-02	5.705755005e+02	-7.973880507e-03
5.697858887e+02	2.631381154e-02	5.706935425e+02	1.538195182e-02
5.699035034e+02	2.848250605e-02	5.708115845e+02	-4.263660405e-03
5.700211792e+02	2.335824631e-02	5.709296265e+02	-1.188816130e-02
5.701388550e+02	4.358179867e-03	5.710476685e+02	-2.464204095e-03
5.702565308e+02	3.731082007e-02	5.711657104e+02	2.519548312e-02
5.703742065e+02	4.963207245e-02	5.712837524e+02	1.326712687e-02
5.704918213e+02	4.722827580e-03	5.714017944e+02	4.548110534e-03
5.706094971e+02	8.004656993e-03	5.715198364e+02	9.482702240e-03
5.707271729e+02	3.372191638e-02	5.716378784e+02	2.165222168e-02
5.708449097e+02	1.378144510e-02	5.717559814e+02	2.378559858e-02
5.709625854e+02	1.026931126e-02	5.718740234e+02	-1.225918345e-02
5.710802612e+02	8.676377125e-03	5.719920654e+02	5.123194773e-03
5.711979370e+02	3.028655238e-02	5.721101685e+02	9.491977980e-04
5.713156128e+02	1.773499325e-02	5.722282104e+02	5.178847816e-03
5.714332886e+02	1.529761218e-02	5.723463135e+02	2.513982914e-02
5.715510254e+02	1.479382161e-03	5.724643555e+02	2.024233900e-02
5.716687012e+02	2.646734752e-02	5.725824585e+02	4.028679803e-03
5.717864380e+02	2.316632494e-02	5.727005005e+02	3.323738230e-03
5.719041138e+02	2.127111657e-04	5.728186035e+02	3.175329417e-03
5.720218506e+02	1.229886431e-03	5.729367065e+02	-8.548963815e-03
5.721395264e+02	9.866279550e-03	5.730547485e+02	3.348782286e-02
5.722572632e+02	8.849104866e-03	5.731728516e+02	-2.093182178e-03
5.723749390e+02	7.851121016e-03	5.732909546e+02	3.675281629e-02
5.724926758e+02	-4.201445263e-03	5.734090576e+02	-8.604617789e-03
5.726104126e+02	2.170773409e-02	5.735271606e+02	7.924410515e-03
5.727281494e+02	1.276426949e-02	5.736452637e+02	4.717853293e-02
5.728458252e+02	5.951114930e-03	5.737633667e+02	1.839650446e-03
5.729635620e+02	5.778386723e-03	5.738814697e+02	-8.845781907e-03
5.730812988e+02	2.046025544e-02	5.739995728e+02	9.111681022e-03
5.731990356e+02	1.959661581e-02	5.741176758e+02	1.540050283e-02
5.733167725e+02	1.051880699e-02	5.742357788e+02	-1.110901590e-02
5.734345093e+02	-5.122660659e-03	5.743538818e+02	-1.545924715e-05
5.735522461e+02	6.430914626e-03	5.744719849e+02	1.066997275e-02
5.736699829e+02	9.290520102e-03	5.745901489e+02	2.618796658e-03
5.737877808e+02	3.475348698e-03	5.747082520e+02	-1.005160343e-02
5.739055176e+02	1.229886431e-03	5.748264160e+02	-4.690335598e-03
5.740232544e+02	7.563241757e-03	5.749445190e+02	-1.824191277e-04
5.741409912e+02	2.227869583e-03	5.750626221e+02	2.721755207e-02
5.742587891e+02	-2.550934674e-03	5.751807861e+02	-8.966364112e-05
5.743765259e+02	1.723600179e-02	5.752989502e+02	-7.435898297e-03
5.744943237e+02	2.493198775e-02	5.754170532e+02	1.519644074e-02
5.746120605e+02	6.008690689e-03	5.755352173e+02	7.089611143e-03
5.747298584e+02	1.808044873e-02	5.756533813e+02	3.472147044e-03
5.748475952e+02	1.744711399e-02	5.757714844e+02	-3.874087473e-03
5.749653931e+02	1.161275059e-02	5.758896484e+02	-1.944773365e-03
5.750831909e+02	8.983448148e-03	5.760078125e+02	1.311871782e-02
5.752009277e+02	-2.877198393e-03	5.761259766e+02	4.492457490e-03
5.753187256e+02	7.884707302e-04	5.762441406e+02	1.957449876e-02
5.754365234e+02	2.556532435e-02	5.763623047e+02	2.855323069e-02
5.755543213e+02	1.892489754e-02	5.764804688e+02	2.551085129e-02
5.756721191e+02	-1.341839670e-03	5.765986328e+02	1.029895060e-02
5.757898560e+02	3.916764166e-03	5.767167969e+02	2.396183321e-03
5.759076538e+02	1.748549752e-02	5.768349609e+02	4.807826132e-03
5.760254517e+02	3.692698106e-02	5.769531250e+02	-5.348899867e-04
5.761433105e+02	2.389562130e-02	5.770712891e+02	-4.616131540e-03
5.762611084e+02	-4.047909752e-03	5.771895142e+02	1.246015425e-03
5.763789062e+02	1.032688748e-02	5.773076782e+02	1.163463015e-02
5.764967041e+02	1.627640240e-02	5.774258423e+02	1.206130534e-02
5.766145020e+02	-8.812319720e-04	5.775440674e+02	3.144720197e-02
5.767323608e+02	1.982692070e-02	5.776622314e+02	-3.020737087e-03
5.768501587e+02	2.825220115e-02	5.777804565e+02	1.445439644e-02
5.769679565e+02	2.115116641e-02	5.778986206e+02	4.177088849e-03
5.770858154e+02	-3.644877812e-03	5.780168457e+02	-4.356415942e-03
5.772036133e+02	3.014741000e-03	5.781350708e+02	-5.988912657e-03
5.773214722e+02	1.769660972e-02	5.782532349e+02	2.313631028e-02
5.774392700e+02	1.516326796e-02	5.783714600e+02	1.681038551e-02
5.775571289e+02	1.625721157e-02	5.784896851e+02	-8.122288622e-03
5.776749268e+02	1.117133442e-02	5.786079102e+02	-6.174423732e-03
5.777927856e+02	1.671781950e-02	5.787260742e+02	5.104643758e-03
5.779106445e+02	2.379966155e-02	5.788442993e+02	4.621387646e-02
5.780285034e+02	1.978853717e-02	5.789625244e+02	1.673618145e-02
5.781463013e+02	7.985465229e-03	5.790807495e+02	7.776001468e-03
5.782641602e+02	2.531582862e-02	5.791989746e+02	1.623530127e-02
5.783820190e+02	1.015415974e-02	5.793171997e+02	7.757450454e-03
5.784998779e+02	-9.579999605e-04	5.794354248e+02	1.417613029e-02
5.786177368e+02	1.481781248e-02	5.795537109e+02	2.825641260e-02
5.787355957e+02	2.132389508e-02	5.796719360e+02	1.005778648e-02
5.788534546e+02	1.965419203e-02	5.797901611e+02	1.823882014e-02
5.789713135e+02	1.573902741e-02	5.799083862e+02	-3.864812024e-04
5.790891724e+02	1.001981553e-02	5.800266724e+02	1.399061922e-02
5.792070923e+02	1.347437315e-02	5.801448975e+02	3.330231085e-02
5.793249512e+02	6.238994654e-03	5.802631226e+02	-1.188816130e-02
5.794428101e+02	-1.284263679e-03	5.803814087e+02	1.200565230e-02
5.795606689e+02	1.132487040e-02	5.804996338e+02	2.443488687e-02
5.796785889e+02	1.552791521e-02	5.806179199e+02	1.196854934e-02
5.797964478e+02	8.330920711e-03	5.807361450e+02	-5.914708134e-03
5.799143677e+02	-1.879215240e-03	5.808544312e+02	1.853563823e-02
5.800322266e+02	5.279395264e-03	5.809727173e+02	2.396183321e-03
5.801501465e+02	2.157339081e-02	5.810909424e+02	2.859960776e-03
5.802680054e+02	1.210694434e-03	5.812092285e+02	-9.328110144e-03
5.803859253e+02	1.675620303e-02	5.813275146e+02	-8.938536979e-03
5.805038452e+02	2.650573105e-02	5.814458008e+02	9.779520333e-03
5.806217041e+02	2.520067617e-02	5.815640869e+02	2.380415052e-02
5.807396240e+02	2.819462679e-02	5.816823730e+02	-9.662030265e-03
5.808575439e+02	-5.218620878e-03	5.818006592e+02	1.161607914e-02
5.809754639e+02	2.013399266e-02	5.819189453e+02	1.953739673e-02
5.810933838e+02	2.308955789e-02	5.820372314e+02	1.734836772e-02
5.812113037e+02	1.245719753e-02	5.821555176e+02	-3.280452453e-03
5.813292236e+02	-5.832764320e-03	5.822738037e+02	1.700517314e-04
5.814471436e+02	7.697585505e-03	5.823920898e+02	3.843168961e-03
5.815650635e+02	3.351080418e-02	5.825103760e+02	1.317437086e-02
5.816829834e+02	9.755925566e-05	5.826287231e+02	-2.380724181e-04
5.818009033e+02	2.527744323e-02	5.827470093e+02	-7.009223104e-03
5.819188232e+02	1.525922772e-02	5.828652954e+02	5.160296801e-03
5.820367432e+02	2.157339081e-02	5.829836426e+02	1.393496618e-02
5.821547241e+02	1.915520057e-02	5.831019287e+02	3.768964671e-03
5.822726440e+02	-7.852720446e-04	5.832202759e+02	1.130071003e-02
5.823905640e+02	1.191982254e-02	5.833385620e+02	1.103264689e-01
5.825085449e+02	1.581579447e-02	5.834569092e+02	9.631111287e-03
5.826264648e+02	4.108684137e-03	5.835751953e+02	-7.955328561e-03
5.827444458e+02	-3.702453803e-03	5.836935425e+02	4.659417085e-03
5.828623657e+02	1.416528411e-02	5.838118896e+02	4.844000563e-02
5.829803467e+02	9.424864314e-03	5.839301758e+02	1.512223668e-02
5.830982666e+02	-9.268129244e-03	5.840485229e+02	5.401461385e-03
5.832162476e+02	7.217785809e-03	5.841668701e+02	4.882030655e-03
5.833342285e+02	9.923855774e-03	5.842852173e+02	7.738899440e-03
5.834521484e+02	1.827237010e-02	5.844035645e+02	1.104099490e-02
5.835701294e+02	5.912730936e-03	5.845219116e+02	-1.272296067e-02
5.836881104e+02	9.808704257e-03	5.846402588e+02	4.937683698e-03
5.838060913e+02	2.606431581e-02	5.847586060e+02	1.081838179e-02
5.839240723e+02	2.149662375e-02	5.848769531e+02	1.623530127e-02
5.840420532e+02	-3.472150071e-03	5.849953003e+02	7.924410515e-03
5.841600342e+02	9.578400292e-03	5.851136475e+02	-4.783091135e-03
5.842780151e+02	1.581579447e-02	5.852319946e+02	-4.912949167e-03
5.843959961e+02	1.305214968e-02	5.853503418e+02	1.790490001e-02
5.845139771e+02	1.165113412e-02	5.854687500e+02	-2.909430536e-03
5.846319580e+02	7.697585505e-03	5.855870972e+02	2.816365846e-02
5.847499390e+02	1.429962832e-02	5.857054443e+02	2.120699547e-02
5.848679199e+02	1.076830272e-02	5.858238525e+02	2.476880699e-02
5.849859619e+02	1.134406310e-02	5.859421997e+02	-8.660270832e-03
5.851039429e+02	1.944307983e-02	5.860606079e+02	3.694760147e-03
5.852219238e+02	1.525922772e-02	5.861789551e+02	6.143505219e-03
5.853399658e+02	2.017237619e-02	5.862973633e+02	1.378655713e-02
5.854579468e+02	9.693551809e-03	5.864157104e+02	8.944720961e-03
5.855759888e+02	1.829156093e-02	5.865341187e+02	3.379391506e-03
5.856939697e+02	8.043041453e-03	5.866525269e+02	3.259737045e-02
5.858120117e+02	1.229886431e-03	5.867709351e+02	1.399061922e-02
5.859299927e+02	1.362790912e-02	5.868892822e+02	-7.658511400e-03
5.860480347e+02	8.004656993e-03	5.870076904e+02	-1.235193945e-02
5.861660767e+02	4.262699932e-02	5.871260986e+02	2.283949219e-02
5.862841187e+02	2.474006824e-02	5.872445068e+02	1.180159021e-02
5.864020996e+02	6.622834131e-03	5.873629150e+02	6.477424875e-03
5.865201416e+02	3.417772707e-03	5.874813232e+02	1.243232749e-02
5.866381836e+02	2.637138776e-02	5.875997314e+02	-1.796364551e-03
5.867562256e+02	1.036527101e-02	5.877181396e+02	8.406738751e-03
5.868742676e+02	3.592899442e-02	5.878365479e+02	1.705154963e-02
5.869923096e+02	1.786933839e-02	5.879549561e+02	-5.228317808e-03
5.871103516e+02	1.731277071e-02	5.880733643e+02	9.482702240e-03
5.872283936e+02	3.633202612e-02	5.881918335e+02	1.792345196e-02
5.873464355e+02	5.087475292e-03	5.883102417e+02	2.024233900e-02
5.874644775e+02	9.693551809e-03	5.884286499e+02	-5.358175375e-03
5.875825195e+02	2.633300424e-02	5.885471191e+02	2.601172961e-02
5.877006226e+02	2.454814874e-02	5.886655273e+02	-2.380724181e-04
5.878186646e+02	1.048042346e-02	5.887839355e+02	-1.218497939e-02
5.879367065e+02	4.107244685e-02	5.889024048e+02	1.363814808e-02
5.880548096e+02	2.925018594e-02	5.890208130e+02	2.443488687e-02
5.881728516e+02	1.558549143e-02	5.891392822e+02	1.675473340e-02
5.882908936e+02	1.306654303e-03	5.892577515e+02	-3.354656743e-03
5.884089966e+02	2.253299020e-02	5.893761597e+02	2.859960776e-03
5.885270386e+02	3.617849201e-02	5.894946289e+02	1.940754056e-02
5.886451416e+02	2.967240848e-02	5.896130981e+02	1.430598833e-02
5.887632446e+02	1.412690058e-02	5.897315063e+02	9.705316275e-03
5.888812866e+02	1.959181856e-03	5.898499756e+02	1.302596182e-02
5.889993896e+02	2.437542006e-02	5.899684448e+02	6.669428945e-02
5.891174927e+02	2.005722374e-02	5.900869141e+02	3.472147044e-03
5.892355347e+02	2.264814265e-02	5.902053833e+02	-2.130284440e-03
5.893536377e+02	1.642993838e-02	5.903238525e+02	9.111681022e-03
5.894717407e+02	2.347339690e-02	5.904423218e+02	8.944720961e-03
5.895898438e+02	5.308663100e-02	5.905607910e+02	1.022474654e-02
5.897079468e+02	3.752193227e-02	5.906792603e+02	4.807826132e-03
5.898260498e+02	1.984611154e-02	5.907977295e+02	2.146671154e-02
5.899441528e+02	2.034510300e-02	5.909161987e+02	4.399701953e-03
5.900622559e+02	2.717745118e-02	5.910347290e+02	9.705316275e-03
5.901803589e+02	2.972998470e-02	5.911531982e+02	-1.202729531e-03
5.902984619e+02	7.006674074e-03	5.912716675e+02	1.783069596e-02
5.904165649e+02	1.863701642e-02	5.913901978e+02	3.527800320e-03
5.905347290e+02	1.345518138e-02	5.915086670e+02	8.147023618e-03
5.906528320e+02	5.917528688e-05	5.916271362e+02	5.995096173e-03
5.907709351e+02	1.161275059e-02	5.917456665e+02	9.556907229e-03
5.908890381e+02	2.915422432e-02	5.918641357e+02	1.510368474e-02
5.910072021e+02	1.656428352e-02	5.919826660e+02	1.376800612e-02
5.911253052e+02	9.981431998e-03	5.921011353e+02	-8.317075553e-04
5.912434692e+02	1.433801278e-02	5.922196655e+02	6.959753577e-03
5.913615723e+02	4.301083833e-02	5.923381958e+02	3.307969868e-02
5.914797363e+02	3.571788594e-02	5.924566650e+02	1.404627226e-02
5.915978394e+02	2.399158105e-02	5.925751953e+02	1.571587101e-02
5.917160034e+02	3.955148160e-03	5.926937256e+02	1.784924790e-02
5.918341675e+02	3.479667008e-02	5.928122559e+02	9.705316275e-03
5.919522705e+02	2.347339690e-02	5.929307861e+02	1.972290874e-02
5.920704346e+02	4.684443586e-03	5.930492554e+02	2.989818575e-03
5.921885986e+02	-3.088310361e-03	5.931677856e+02	1.445439644e-02
5.923067627e+02	3.709970787e-02	5.932863159e+02	1.170883421e-02
5.924248657e+02	1.406932436e-02	5.934048462e+02	2.428647876e-02
5.925430298e+02	7.678393275e-03	5.935233765e+02	-5.896157119e-03
5.926611938e+02	2.995549003e-03	5.936419678e+02	1.097606611e-03
5.927793579e+02	2.596835606e-02	5.937604980e+02	8.499494754e-03
5.928975220e+02	3.226332739e-02	5.938790283e+02	7.108162157e-03
5.930156860e+02	8.177384734e-03	5.939975586e+02	1.656922139e-02
5.931338501e+02	1.353194937e-02	5.941160889e+02	-3.428861266e-03
5.932520752e+02	3.049766459e-02	5.942346802e+02	2.387835458e-02
5.933702393e+02	2.090167068e-02	5.943532104e+02	3.137299791e-02
5.934884033e+02	1.318649296e-02	5.944717407e+02	3.389594704e-02
5.936065674e+02	5.005909479e-04	5.945903320e+02	-5.673544016e-03
5.937247314e+02	2.832897007e-02	5.947088623e+02	3.693832830e-02
5.938429565e+02	2.019156888e-02	5.948274536e+02	1.171811018e-03
5.939611206e+02	1.506730821e-02	5.949459839e+02	4.807826132e-03
5.940793457e+02	5.912730936e-03	5.950645752e+02	3.731862409e-03
5.941975098e+02	1.604609936e-02	5.951831665e+02	1.222826540e-02
5.943157349e+02	2.439461276e-02	5.953016968e+02	1.560456492e-02
5.944338989e+02	8.580416441e-03	5.954202881e+02	7.089611143e-03
5.945521240e+02	1.727438532e-02	5.955388794e+02	4.511008505e-03
5.946702881e+02	3.481585905e-02	5.956574097e+02	1.849853620e-02
5.947885132e+02	1.387740485e-02	5.957760010e+02	1.059576869e-02
5.949067383e+02	1.072991919e-02	5.958945923e+02	4.789275117e-03
5.950249023e+02	7.121826056e-03	5.960131836e+02	7.757450454e-03
5.951431274e+02	3.656233102e-02	5.961317749e+02	2.091017924e-02
5.952613525e+02	1.719761826e-02	5.962503662e+02	1.770083793e-02
5.953795776e+02	-6.701201783e-04	5.963689575e+02	1.471411251e-02
5.954978027e+02	2.980675362e-02	5.964875488e+02	1.208913163e-03
5.956160278e+02	1.612286642e-02	5.966061401e+02	2.334037237e-02
5.957341919e+02	1.491377223e-02	5.967247314e+02	3.439682722e-02
5.958524170e+02	6.488490384e-03	5.968433228e+02	-6.090943934e-04
5.959707031e+02	7.601625752e-03	5.969619141e+02	1.660632342e-02
5.960889282e+02	2.063298412e-02	5.970805664e+02	1.673618145e-02
5.962071533e+02	1.241881400e-02	5.971991577e+02	1.074417774e-02
5.963253784e+02	2.518148348e-02	5.973177490e+02	2.547374927e-02
5.964436035e+02	2.614108287e-02	5.974364014e+02	1.020619553e-02
5.965618286e+02	1.779256947e-02	5.975549927e+02	3.656730428e-02
5.966801147e+02	1.785014570e-02	5.976736450e+02	7.813103497e-03
5.967983398e+02	1.593094692e-02	5.977922363e+02	7.534837350e-03
5.969165649e+02	2.959564142e-02	5.979108887e+02	1.728343894e-03
5.970348511e+02	1.871378534e-02	5.980294800e+02	9.334294125e-03
5.971530762e+02	3.496939689e-02	5.981481323e+02	9.519805200e-03
5.972713623e+02	3.475348698e-03	5.982667236e+02	2.217165381e-02
5.973895874e+02	8.561224677e-03	5.983853760e+02	2.133685350e-02
5.975078735e+02	1.811883412e-02	5.985040283e+02	2.519548312e-02
5.976260986e+02	2.429865301e-02	5.986226196e+02	1.608689316e-02
5.977443848e+02	1.291780546e-02	5.987412720e+02	4.962727800e-02
5.978626099e+02	2.907745726e-02	5.988599243e+02	6.523802876e-04
5.979808960e+02	1.723600179e-02	5.989785767e+02	2.009393089e-02
5.980991821e+02	3.462393954e-02	5.990972290e+02	3.453596029e-03
5.982174683e+02	1.468346827e-02	5.992158813e+02	1.224681642e-02
5.983357544e+02	2.901988104e-02	5.993345337e+02	6.403220352e-03
5.984539795e+02	3.118857555e-02	5.994531860e+02	1.579007506e-02
5.985722656e+02	2.854008228e-02	5.995718384e+02	2.734741010e-02
5.986905518e+02	2.470168471e-02	5.996904907e+02	3.740210459e-02
5.988088379e+02	1.932792924e-02	5.998091431e+02	2.059480920e-02
5.989271240e+02	3.917244077e-02	5.999277954e+02	2.721755207e-02
5.990454102e+02	2.614108287e-02	6.000464478e+02	2.721755207e-02
5.991636963e+02	2.546936460e-02	6.001651611e+02	1.515933871e-02
5.992819824e+02	1.126729511e-02	6.002838135e+02	1.896231435e-02
5.994003296e+02	2.852088958e-02	6.004024658e+02	1.664342545e-02
5.995186157e+02	2.088247985e-02	6.005211792e+02	1.556746289e-02
5.996369019e+02	1.353194937e-02	6.006398315e+02	2.992601134e-02
5.997551880e+02	3.053604811e-02	6.007585449e+02	5.957994144e-03
5.998735352e+02	3.871183470e-02	6.008771973e+02	3.781022877e-02
5.999918213e+02	3.400979936e-02	6.009959106e+02	1.879535429e-02
6.001101074e+02	4.469973221e-02	6.011145630e+02	2.658681385e-02
6.002284546e+02	2.596835606e-02	6.012332764e+02	1.332277991e-02
6.003467407e+02	4.437347129e-02	6.013519287e+02	2.165222168e-02
6.004650879e+02	3.763708100e-02	6.014706421e+02	2.091017924e-02
6.005833740e+02	3.569869325e-02	6.015893555e+02	1.193144731e-02
6.007017212e+02	4.832701758e-02	6.017080078e+02	4.079695418e-02
6.008200073e+02	4.043911397e-02	6.018267212e+02	2.400821261e-02
6.009383545e+02	3.364514932e-02	6.019454346e+02	2.139250748e-02
6.010567017e+02	3.456636518e-02	6.020641479e+02	6.922651082e-03
6.011750488e+02	4.095729440e-02	6.021828613e+02	1.170883421e-02
6.012933350e+02	5.268359929e-02	6.023015747e+02	2.513982914e-02
6.014116821e+02	3.792496398e-02	6.024202881e+02	1.879535429e-02
6.015300293e+02	4.410478100e-02	6.025390015e+02	1.289610472e-02
6.016483765e+02	2.078652009e-02	6.026577148e+02	3.286636202e-03
6.017667236e+02	4.441185296e-02	6.027764282e+02	2.391545661e-02
6.018850708e+02	3.608253226e-02	6.028951416e+02	3.315390274e-02
6.020034180e+02	3.721486032e-02	6.030138550e+02	2.124409750e-02
6.021217651e+02	5.214622244e-02	6.031325684e+02	1.298885979e-02
6.022401123e+02	5.007348955e-02	6.032513428e+02	1.304451376e-02
6.023584595e+02	4.890277982e-02	6.033700562e+02	3.122458793e-02
6.024768066e+02	3.518050909e-02	6.034887695e+02	2.239426598e-02
6.025951538e+02	3.174514323e-02	6.036075439e+02	2.001972683e-02
6.027135620e+02	4.387447983e-02	6.037262573e+02	2.660536580e-02
6.028319092e+02	4.803913832e-02	6.038449707e+02	3.395159915e-02
6.029502563e+02	2.959564142e-02	6.039637451e+02	1.237667352e-02
6.030686035e+02	3.587142006e-02	6.040824585e+02	5.995096173e-03
6.031870117e+02	3.475828469e-02	6.042012329e+02	1.883245632e-02
6.033053589e+02	7.394831628e-02	6.043199463e+02	4.421035573e-02
6.034237671e+02	5.418057367e-02	6.044387207e+02	5.051773041e-02
6.035421143e+02	5.291390419e-02	6.045574951e+02	2.068756521e-02
6.036605225e+02	6.934224069e-02	6.046762085e+02	3.363623098e-02
6.037788696e+02	4.283811152e-02	6.047949829e+02	5.994168669e-02
6.038972778e+02	2.798351459e-02	6.049137573e+02	3.077936172e-02
6.040156250e+02	5.137854442e-02	6.050325317e+02	1.541905385e-02
6.041340332e+02	6.137757003e-02	6.051512451e+02	2.142960951e-02
6.042524414e+02	5.613815784e-02	6.052700195e+02	2.265398204e-02
6.043708496e+02	2.967240848e-02	6.053887939e+02	2.410096675e-02
6.044891968e+02	6.803718954e-02	6.055075684e+02	2.721755207e-02
6.046076050e+02	6.371898949e-02	6.056263428e+02	3.426696733e-02
6.047260132e+02	4.922904074e-02	6.057451172e+02	1.504803170e-02
6.048444214e+02	5.684826151e-02	6.058638916e+02	3.163271397e-02
6.049628296e+02	5.276036635e-02	6.059826660e+02	1.337843295e-02
6.050812378e+02	5.968867242e-02	6.061014404e+02	3.936852142e-02
6.051996460e+02	4.416235909e-02	6.062202759e+02	2.261688001e-02
6.053180542e+02	3.516131639e-02	6.063390503e+02	2.230151184e-02
6.054364624e+02	4.379770905e-02	6.064578247e+02	1.297030877e-02
6.055548706e+02	5.656038225e-02	6.065765991e+02	1.953739673e-02
6.056732788e+02	5.450683832e-02	6.066954346e+02	3.654875234e-02
6.057916870e+02	2.640977129e-02	6.068142090e+02	1.812751405e-02
6.059101562e+02	2.711987495e-02	6.069329834e+02	2.209744975e-02
6.060285645e+02	6.625233591e-02	6.070518188e+02	2.065046318e-02
6.061469727e+02	3.646637127e-02	6.071705933e+02	1.319292188e-02
6.062653809e+02	3.374110907e-02	6.072894287e+02	3.315390274e-02
6.063838501e+02	4.193608835e-02	6.074082031e+02	4.962727800e-02
6.065022583e+02	4.116840661e-02	6.075270386e+02	2.224585786e-02
6.066207275e+02	4.696438834e-02	6.076458130e+02	9.482702240e-03
6.067391357e+02	3.138049692e-02	6.077646484e+02	4.465558380e-02
6.068576050e+02	3.013301641e-02	6.078834839e+02	3.608497605e-02
6.069760132e+02	4.757853225e-02	6.080023193e+02	1.272914466e-02
6.070944824e+02	3.078554384e-02	6.081210938e+02	9.482702240e-03
6.072128906e+02	3.335727006e-02	6.082399292e+02	3.298694268e-02
6.073313599e+02	1.690973900e-02	6.083587646e+02	2.692073397e-02
6.074498291e+02	3.541081399e-02	6.084776001e+02	1.222826540e-02
6.075682373e+02	3.195625544e-02	6.085964355e+02	2.454619296e-02
6.076867065e+02	3.303100541e-02	6.087152710e+02	1.734836772e-02
6.078051758e+02	2.036429569e-02	6.088341064e+02	1.723706163e-02
6.079236450e+02	5.149369687e-02	6.089529419e+02	3.352492675e-02
6.080421143e+02	2.913503349e-02	6.090717773e+02	3.157705814e-02
6.081605835e+02	2.165015973e-02	6.091906128e+02	3.471219540e-02
6.082790527e+02	2.245622315e-02	6.093094482e+02	1.598486211e-03
6.083975220e+02	3.938355297e-02	6.094282837e+02	3.923866153e-02
6.085159912e+02	4.364417493e-02	6.095471191e+02	1.015054248e-02
6.086344604e+02	1.733196154e-02	6.096659546e+02	3.690122440e-02
6.087529297e+02	6.968290079e-03	6.097848511e+02	1.734836772e-02
6.088713989e+02	3.917244077e-02	6.099036865e+02	1.623530127e-02
6.089898682e+02	4.345225543e-02	6.100225220e+02	1.742257178e-02
6.091083374e+02	1.698650606e-02	6.101414185e+02	3.241185844e-02
6.092268066e+02	3.011382371e-02	6.102602539e+02	4.441441968e-02
6.093453369e+02	6.160787120e-02	6.103790894e+02	8.740658872e-03
6.094638062e+02	1.067234296e-02	6.104979858e+02	3.025993146e-02
6.095822754e+02	1.499054022e-02	6.106168213e+02	3.323738230e-03
6.097008057e+02	3.139968589e-02	6.107357178e+02	2.866453677e-02
6.098192749e+02	2.631381154e-02	6.108546143e+02	3.144720197e-02
6.099378052e+02	1.856024936e-02	6.109734497e+02	1.757098176e-02
6.100562744e+02	4.205124080e-02	6.110923462e+02	2.335892431e-02
6.101748047e+02	4.460377246e-02	6.112112427e+02	1.994552091e-02
6.102932739e+02	3.560273349e-02	6.113300781e+02	2.209744975e-02
6.104118042e+02	1.614205912e-02	6.114489746e+02	2.621579170e-02
6.105302734e+02	1.633397862e-02	6.115678711e+02	2.488011308e-02
6.106488037e+02	3.850072250e-02	6.116867676e+02	2.376704849e-02
6.107673340e+02	5.222299322e-02	6.118056030e+02	2.833061852e-02
6.108858032e+02	2.535421215e-02	6.119244995e+02	2.638275176e-02
6.110043335e+02	2.165015973e-02	6.120433960e+02	3.209649026e-02
6.111228638e+02	3.247443959e-02	6.121622925e+02	3.311680257e-02
6.112413940e+02	3.982497007e-02	6.122811890e+02	3.697542846e-02
6.113599243e+02	2.525825240e-02	6.124000854e+02	3.181822225e-02
6.114784546e+02	1.942388900e-02	6.125189819e+02	1.764518581e-02
6.115969849e+02	3.345322981e-02	6.126379395e+02	2.779263631e-02
6.117155151e+02	4.638862982e-02	6.127568359e+02	2.803380042e-02
6.118340454e+02	3.685021028e-02	6.128757324e+02	3.768037260e-02
6.119525757e+02	1.957742497e-02	6.129946289e+02	1.109664794e-02
6.120711060e+02	4.604317248e-02	6.131135254e+02	2.942513302e-02
6.121896362e+02	3.130372614e-02	6.132324829e+02	4.228104278e-02
6.123081665e+02	1.639155485e-02	6.133513794e+02	2.237571590e-02
6.124266968e+02	3.635121882e-02	6.134702759e+02	1.764518581e-02
6.125452271e+02	5.448764563e-02	6.135892334e+02	1.501092967e-02
6.126638184e+02	4.706034809e-02	6.137081299e+02	3.081646562e-02
6.127823486e+02	3.065120056e-02	6.138270874e+02	1.415757928e-02
6.129008789e+02	2.172692679e-02	6.139459839e+02	2.087307721e-02
6.130194702e+02	3.942193836e-02	6.140649414e+02	3.645600006e-02
6.131380005e+02	5.694422126e-02	6.141838379e+02	3.612207994e-02
6.132565918e+02	1.548953168e-02	6.143027954e+02	1.293320674e-02
6.133751221e+02	2.082490362e-02	6.144216919e+02	1.259928662e-02
6.134937134e+02	3.354918957e-02	6.145406494e+02	2.016813494e-02
6.136122437e+02	3.926840052e-02	6.146596069e+02	3.270867839e-02
6.137308350e+02	1.708246581e-02	6.147785645e+02	2.120699547e-02
6.138493652e+02	1.084507070e-02	6.148974609e+02	1.296938211e-01
6.139679565e+02	5.819169804e-02	6.150164185e+02	3.146575391e-02
6.140865479e+02	6.153110415e-02	6.151353760e+02	1.675473340e-02
6.142050781e+02	1.746630669e-02	6.152543335e+02	9.742418304e-03
6.143236694e+02	2.282086946e-02	6.153732910e+02	1.478831656e-02
6.144422607e+02	4.851893708e-02	6.154922485e+02	1.549325790e-02
6.145608521e+02	3.832799569e-02	6.156112061e+02	3.126168996e-02
6.146793823e+02	3.433606029e-02	6.157301636e+02	4.159465060e-02
6.147979736e+02	3.036331944e-02	6.158491211e+02	3.120603785e-02
6.149165649e+02	3.379868716e-02	6.159680786e+02	3.825545311e-02
6.150351562e+02	5.068763345e-02	6.160870361e+02	1.289610472e-02
6.151537476e+02	2.616027556e-02	6.162059937e+02	4.888523370e-02
6.152723389e+02	1.733196154e-02	6.163249512e+02	1.042880863e-02
6.153909302e+02	3.316535056e-02	6.164439697e+02	2.408241667e-02
6.155095215e+02	3.433606029e-02	6.165629272e+02	3.159561008e-02
6.156281738e+02	1.756226644e-02	6.166818848e+02	1.304451376e-02
6.157467651e+02	2.011479996e-02	6.168009033e+02	2.146671154e-02
6.158653564e+02	4.828863591e-02	6.169198608e+02	3.849661723e-02
6.159839478e+02	3.466232494e-02	6.170388184e+02	1.430598833e-02
6.161025391e+02	1.554710791e-02	6.171578369e+02	1.304451376e-02
6.162211914e+02	2.418350056e-02	6.172767944e+02	8.889067918e-03
6.163397827e+02	3.759869933e-02	6.173958130e+02	1.463990752e-02
6.164583740e+02	3.924920782e-02	6.175147705e+02	3.103907779e-02
6.165770264e+02	2.823301032e-02	6.176337891e+02	1.567876898e-02
6.166956177e+02	4.531387612e-02	6.177527466e+02	1.519644074e-02
6.168142700e+02	5.189672858e-02	6.178717651e+02	2.120699547e-02
6.169328613e+02	3.287747130e-02	6.179907837e+02	2.324761637e-02
6.170515137e+02	2.702391520e-02	6.181097412e+02	7.627592888e-03
6.171701050e+02	2.099763229e-02	6.182287598e+02	2.729175612e-02
6.172887573e+02	3.836637735e-02	6.183477783e+02	2.766277827e-02
6.174073486e+02	3.045928106e-02	6.184667969e+02	1.838723011e-02
6.175260010e+02	2.930776030e-02	6.185858154e+02	4.480399191e-02
6.176446533e+02	2.013399266e-02	6.187047729e+02	1.734836772e-02
6.177633057e+02	4.028557613e-02	6.188237915e+02	2.232006192e-02
6.178818970e+02	3.178352863e-02	6.189428101e+02	2.046495304e-02
6.180005493e+02	1.249558199e-02	6.190618286e+02	2.306210622e-02
6.181192017e+02	2.044106461e-02	6.191808472e+02	3.107617982e-02
6.182378540e+02	4.510276392e-02	6.192998657e+02	3.513887152e-02
6.183565063e+02	3.418252617e-02	6.194188843e+02	4.198422655e-02
6.184751587e+02	2.341582067e-02	6.195379639e+02	4.220683873e-02
6.185938110e+02	1.017335150e-02	6.196569824e+02	3.790298477e-02
6.187124634e+02	3.005624935e-02	6.197760010e+02	3.298694268e-02
6.188311157e+02	3.955627978e-02	6.198950195e+02	2.395255864e-02
6.189497681e+02	7.505665533e-03	6.200140381e+02	4.330135509e-02
6.190684204e+02	2.848250605e-02	6.201331177e+02	1.738546975e-02
6.191870728e+02	7.828570902e-02	6.202521362e+02	2.957354113e-02
6.193057251e+02	3.610172495e-02	6.203711548e+02	4.072275013e-02
6.194243774e+02	1.660266705e-02	6.204902344e+02	3.708673641e-02
6.195430908e+02	2.308955789e-02	6.206092529e+02	1.386076119e-02
6.196617432e+02	2.794512920e-02	6.207282715e+02	2.591897547e-02
6.197803955e+02	3.040170483e-02	6.208473511e+02	1.337843295e-02
6.198991089e+02	1.428043656e-02	6.209663696e+02	2.788539045e-02
6.200177612e+02	3.648556396e-02	6.210854492e+02	1.868404634e-02
6.201364136e+02	2.855927311e-02	6.212045288e+02	2.469460294e-02
6.202551270e+02	2.502794750e-02	6.213235474e+02	1.643936336e-02
6.203737793e+02	2.842492983e-02	6.214426270e+02	1.586428098e-02
6.204924927e+02	1.241881400e-02	6.215617065e+02	2.157801762e-02
6.206111450e+02	7.254730165e-02	6.216807251e+02	4.895943776e-02
6.207298584e+02	3.186029568e-02	6.217998047e+02	5.979327857e-02
6.208485718e+02	3.045928106e-02	6.219188843e+02	1.705154963e-02
6.209672241e+02	3.026735969e-02	6.220379639e+02	1.964870468e-02
6.210859375e+02	3.677344322e-02	6.221569824e+02	2.792249434e-02
6.212046509e+02	2.506633289e-02	6.222760620e+02	2.712479606e-02
6.213233032e+02	3.042089567e-02	6.223951416e+02	2.521403320e-02
6.214420166e+02	4.370174929e-02	6.225142212e+02	3.129879385e-02
6.215607300e+02	4.830782488e-02	6.226333008e+02	2.942513302e-02
6.216794434e+02	3.567950055e-02	6.227523804e+02	1.771938987e-02
6.217981567e+02	1.821479388e-02	6.228714600e+02	1.525209378e-02
6.219168091e+02	3.086231276e-02	6.229905396e+02	2.296935022e-02
6.220355225e+02	3.468151763e-02	6.231096191e+02	1.111519895e-02
6.221542358e+02	3.228252009e-02	6.232286987e+02	2.732885815e-02
6.222729492e+02	5.245329440e-02	6.233478394e+02	1.476976555e-02
6.223916626e+02	2.802189812e-02	6.234669189e+02	2.914686687e-02
6.225103760e+02	4.617751762e-02	6.235859985e+02	2.766277827e-02
6.226291504e+02	3.863506764e-02	6.237050781e+02	3.254171833e-02
6.227478638e+02	1.445316430e-02	6.238242188e+02	1.052156370e-02
6.228665771e+02	2.443299629e-02	6.239432983e+02	1.252508257e-02
6.229852905e+02	5.308663100e-02	6.240623779e+02	4.254075885e-02
6.231040039e+02	3.638960421e-02	6.241815186e+02	3.300549462e-02
6.232227173e+02	3.686940297e-02	6.243005981e+02	4.621387646e-02
6.233414917e+02	3.011382371e-02	6.244197388e+02	1.502948068e-02
6.234602051e+02	2.974917740e-02	6.245388184e+02	2.217165381e-02
6.235789185e+02	2.711987495e-02	6.246579590e+02	2.157801762e-02
6.236976929e+02	1.919358410e-02	6.247770386e+02	3.237475827e-02
6.238164062e+02	2.629461884e-02	6.248961792e+02	1.066997275e-02
6.239351807e+02	2.397238836e-02	6.250152588e+02	5.547087267e-02
6.240538940e+02	2.842492983e-02	6.251343994e+02	2.593752556e-02
6.241726685e+02	3.303100541e-02	6.252535400e+02	6.027560681e-02
6.242913818e+02	2.855927311e-02	6.253726807e+02	1.860984229e-02
6.244101562e+02	4.677246884e-02	6.254917603e+02	2.087307721e-02
6.245288696e+02	3.475828469e-02	6.256109009e+02	2.920251898e-02
6.246476440e+02	2.328147739e-02	6.257300415e+02	3.576960787e-02
6.247664185e+02	1.654509082e-02	6.258491821e+02	4.359817132e-02
6.248851318e+02	3.255120665e-02	6.259683228e+02	4.020332173e-02
6.250039062e+02	3.748354688e-02	6.260874634e+02	5.363431573e-02
6.251226807e+02	2.402996458e-02	6.262066040e+02	1.430598833e-02
6.252414551e+02	1.921277680e-02	6.263257446e+02	4.866262153e-02
6.253602295e+02	4.132194445e-02	6.264448853e+02	2.606738359e-02
6.254789429e+02	4.139871150e-02	6.265640259e+02	3.218924627e-02
6.255977173e+02	7.224023342e-02	6.266831665e+02	4.703012481e-02
6.257164917e+02	2.130470239e-02	6.268023071e+02	2.001972683e-02
6.258352661e+02	4.721388221e-02	6.269214478e+02	2.424937673e-02
6.259540405e+02	4.704115540e-02	6.270405884e+02	2.875729278e-02
6.260728149e+02	4.899873957e-02	6.271597290e+02	1.972290874e-02
6.261915894e+02	2.105520666e-02	6.272788696e+02	1.532629877e-02
6.263103638e+02	5.917049199e-02	6.273980713e+02	2.283949219e-02
6.264291992e+02	2.569966763e-02	6.275172119e+02	2.988890931e-02
6.265479736e+02	4.416235909e-02	6.276363525e+02	3.077936172e-02
6.266667480e+02	4.445023835e-02	6.277555542e+02	4.673330486e-02
6.267855225e+02	5.519774929e-02	6.278746948e+02	2.658681385e-02
6.269042969e+02	4.377851635e-02	6.279938965e+02	2.180063166e-02
6.270231323e+02	1.788852923e-02	6.281130371e+02	2.638275176e-02
6.271419067e+02	1.161275059e-02	6.282322388e+02	1.562311593e-02
6.272606812e+02	1.085706577e-01	6.283513794e+02	2.113279141e-02
6.273795166e+02	4.968965054e-02	6.284705811e+02	3.849661723e-02
6.274982910e+02	2.466330118e-02	6.285897217e+02	4.213263467e-02
6.276171265e+02	2.203399874e-02	6.287089233e+02	1.015054248e-02
6.277359009e+02	3.084312007e-02	6.288280640e+02	2.786684036e-02
6.278546753e+02	4.575529322e-02	6.289472656e+02	3.953548148e-02
6.279735107e+02	2.107439935e-02	6.290664673e+02	2.191193774e-02
6.280923462e+02	2.525825240e-02	6.291856689e+02	3.374753892e-02
6.282111206e+02	6.041796878e-02	6.293048096e+02	3.447103128e-02
6.283299561e+02	4.231992736e-02	6.294240112e+02	5.348590761e-02
6.284487305e+02	2.118955180e-02	6.295432129e+02	1.443584543e-02
6.285675659e+02	1.704408228e-02	6.296624146e+02	2.187483571e-02
6.286864014e+02	6.880486757e-02	6.297816162e+02	1.801620796e-02
6.288052368e+02	5.099470541e-02	6.299008179e+02	5.059193447e-02
6.289240112e+02	4.903712124e-02	6.300200195e+02	2.074321918e-02
6.290428467e+02	2.040267922e-02	6.301392212e+02	6.350349635e-02
6.291616821e+02	3.813607618e-02	6.302584229e+02	2.424937673e-02
6.292805176e+02	3.437444568e-02	6.303776245e+02	5.036932230e-02
6.293993530e+02	2.533501945e-02	6.304968262e+02	1.124505699e-02
6.295181885e+02	5.548562855e-02	6.306160278e+02	1.423178334e-02
6.296370239e+02	5.247248709e-02	6.307352295e+02	1.916637644e-02
6.297558594e+02	5.051490664e-02	6.308544312e+02	2.150381356e-02
6.298746948e+02	2.560370788e-02	6.309736328e+02	2.311776020e-02
6.299935303e+02	4.917146638e-02	6.310928955e+02	1.326712687e-02
6.301123657e+02	5.212703347e-02	6.312120972e+02	3.545423970e-02
6.302312012e+02	4.406639934e-02	6.313312988e+02	3.500901163e-02
6.303500366e+02	4.253103957e-02	6.314505615e+02	2.239426598e-02
6.304688721e+02	1.946227252e-02	6.315697632e+02	3.371043503e-02
6.305877075e+02	3.314615786e-02	6.316889648e+02	1.586428098e-02
6.307066040e+02	4.214720055e-02	6.318082275e+02	3.410000727e-02
6.308254395e+02	3.742597252e-02	6.319274292e+02	3.500901163e-02
6.309442749e+02	2.122793533e-02	6.320466919e+02	3.619628400e-02
6.310631714e+02	4.385528713e-02	6.321658936e+02	1.226536743e-02
6.311820068e+02	3.942193836e-02	6.322851562e+02	3.066805564e-02
6.313008423e+02	2.305117436e-02	6.324043579e+02	2.781118639e-02
6.314197388e+02	2.715825848e-02	6.325236206e+02	1.614254713e-02
6.315385742e+02	2.848250605e-02	6.326428833e+02	3.148430586e-02
6.316574707e+02	3.036331944e-02	6.327620850e+02	4.057434201e-02
6.317763062e+02	3.685021028e-02	6.328813477e+02	1.245087851e-02
6.318952026e+02	2.330067009e-02	6.330006104e+02	2.692073397e-02
6.320140381e+02	3.471989930e-02	6.331198120e+02	2.191193774e-02
6.321329346e+02	4.792398587e-02	6.332390747e+02	2.840482257e-02
6.322518311e+02	2.356935665e-02	6.333583374e+02	2.304355428e-02
6.323706665e+02	1.230366156e-02	6.334776001e+02	1.886955835e-02
6.324895630e+02	3.360676765e-02	6.335968628e+02	2.944368310e-02
6.326084595e+02	5.241491273e-02	6.337161255e+02	2.209744975e-02
6.327272949e+02	8.273345418e-03	6.338353882e+02	2.732885815e-02
6.328461914e+02	3.609692678e-03	6.339545898e+02	1.868404634e-02
6.329650879e+02	2.504714020e-02	6.340738525e+02	3.380319104e-02
6.330839844e+02	2.890472859e-02	6.341931763e+02	2.640130371e-02
6.332028809e+02	2.057540789e-02	6.343124390e+02	3.410000727e-02
6.333217773e+02	2.514309995e-02	6.344317017e+02	1.493672561e-02
6.334406738e+02	3.683101758e-02	6.345509644e+02	3.691977635e-02
6.335595703e+02	5.011187494e-02	6.346702271e+02	4.235524684e-02
6.336784668e+02	5.838361755e-02	6.347894897e+02	2.410096675e-02
6.337973633e+02	4.122598469e-02	6.349087524e+02	2.187483571e-02
6.339162598e+02	4.038153589e-02	6.350280762e+02	3.107617982e-02
6.340351562e+02	3.734920174e-02	6.351473389e+02	2.460184693e-02
6.341540527e+02	2.299359813e-02	6.352666016e+02	1.022474654e-02
6.342729492e+02	2.725421824e-02	6.353858643e+02	1.161700636e-01
6.343918457e+02	3.521889076e-02	6.355051880e+02	2.365574054e-02
6.345107422e+02	3.285827860e-02	6.356244507e+02	7.203700393e-02
6.346296997e+02	1.721681096e-02	6.357437744e+02	8.833413944e-03
6.347485962e+02	2.971079201e-02	6.358630371e+02	1.948174462e-02
6.348674927e+02	4.546741396e-02	6.359823608e+02	2.907266095e-02
6.349863892e+02	2.809866518e-02	6.361016235e+02	1.668052934e-02
6.351053467e+02	9.079408832e-03	6.362209473e+02	2.180063166e-02
6.352242432e+02	2.272490971e-02	6.363402100e+02	4.547183216e-02
6.353432007e+02	5.803816393e-02	6.364595337e+02	2.677232586e-02
6.354620972e+02	4.899873957e-02	6.365787964e+02	2.513982914e-02
6.355809937e+02	2.650573105e-02	6.366981201e+02	3.120603785e-02
6.356999512e+02	2.291682921e-02	6.368174438e+02	1.341553498e-02
6.358189087e+02	4.011284932e-02	6.369367065e+02	2.148526348e-02
6.359378052e+02	3.134211153e-02	6.370560303e+02	2.484301105e-02
6.360567627e+02	1.111999601e-01	6.371753540e+02	2.174497768e-02
6.361756592e+02	2.214915119e-02	6.372946777e+02	2.276528813e-02
6.362946167e+02	4.443104565e-02	6.374140015e+02	2.452764288e-02
6.364135742e+02	2.988352068e-02	6.375332642e+02	2.439778484e-02
6.365324707e+02	4.859570786e-02	6.376525879e+02	1.682893746e-02
6.366514282e+02	2.836735360e-02	6.377719116e+02	3.246751055e-02
6.367703857e+02	3.205221519e-02	6.378912354e+02	2.623434365e-02
6.368893433e+02	5.640684441e-02	6.380105591e+02	4.406194761e-02
6.370082397e+02	1.297538169e-02	6.381298828e+02	1.148622110e-02
6.371271973e+02	4.379770905e-02	6.382492065e+02	2.165222168e-02
6.372461548e+02	3.289666399e-02	6.383685303e+02	3.484205157e-02
6.373651123e+02	4.389366880e-02	6.384878540e+02	3.901604936e-02
6.374840698e+02	2.372289263e-02	6.386071777e+02	2.083597519e-02
6.376030273e+02	2.802189812e-02	6.387265625e+02	2.447198890e-02
6.377219849e+02	8.751705289e-02	6.388458862e+02	3.337651491e-02
6.378409424e+02	4.696438834e-02	6.389652100e+02	2.076176926e-02
6.379598999e+02	2.550774813e-02	6.390845337e+02	2.771843225e-02
6.380788574e+02	2.617946826e-02	6.392039185e+02	1.222826540e-02
6.381978149e+02	4.713711515e-02	6.393232422e+02	2.306210622e-02
6.383167725e+02	3.598657250e-02	6.394425659e+02	3.951692954e-02
6.384357300e+02	3.149564564e-02	6.395618896e+02	1.621675119e-02
6.385547485e+02	3.207140788e-02	6.396812744e+02	1.712575555e-02
6.386737061e+02	4.942096025e-02	6.398005981e+02	3.094632179e-02
6.387926636e+02	6.410282850e-02	6.399199829e+02	1.630950719e-02
6.389116211e+02	3.084312007e-02	6.400393066e+02	5.578624085e-02
6.390306396e+02	2.736937068e-02	6.401586914e+02	3.196663409e-02
6.391495972e+02	5.796139687e-02	6.402780151e+02	4.027752578e-02
6.392685547e+02	5.114823952e-02	6.403973999e+02	2.803380042e-02
6.393875732e+02	2.907745726e-02	6.405167236e+02	1.404627226e-02
6.395065308e+02	2.199561521e-02	6.406361084e+02	2.298790216e-02
6.396255493e+02	4.823105782e-02	6.407554932e+02	3.337651491e-02
6.397445068e+02	1.616125181e-02	6.408748169e+02	1.274769567e-02
6.398635254e+02	2.589158714e-02	6.409942017e+02	7.441154122e-02
6.399824829e+02	5.619573221e-02	6.411135864e+02	3.126168996e-02
6.401015015e+02	5.387350172e-02	6.412329102e+02	6.127736717e-02
6.402204590e+02	5.061086640e-02	6.413522949e+02	1.267349161e-02
6.403394775e+02	4.352902249e-02	6.414716797e+02	3.753196076e-02
6.404584961e+02	6.462101638e-02	6.415910645e+02	2.454619296e-02
6.405774536e+02	5.061086640e-02	6.417104492e+02	4.760520905e-02
6.406964722e+02	4.915227368e-02	6.418298340e+02	9.760969318e-03
6.408154907e+02	5.360481516e-02	6.419492188e+02	2.977760322e-02
6.409344482e+02	4.450781271e-02	6.420686035e+02	3.092777170e-02
6.410534668e+02	4.592802003e-02	6.421879272e+02	4.925625399e-02
6.411724854e+02	4.558256641e-02	6.423073730e+02	1.768228784e-02
6.412915039e+02	3.811688349e-02	6.424267578e+02	3.157705814e-02
6.414105225e+02	5.068763345e-02	6.425461426e+02	2.590042353e-02
6.415295410e+02	7.511903346e-02	6.426655273e+02	4.547183216e-02
6.416485596e+02	4.120679200e-02	6.427849121e+02	2.513982914e-02
6.417675781e+02	4.529468343e-02	6.429042969e+02	1.300741080e-02
6.418865356e+02	8.638472855e-02	6.430236816e+02	2.699493803e-02
6.420055542e+02	7.613620907e-02	6.431430664e+02	1.614254713e-02
6.421246338e+02	3.447040543e-02	6.432625122e+02	5.624074489e-03
6.422436523e+02	9.834133089e-02	6.433818970e+02	1.059576869e-02
6.423626709e+02	4.001688957e-02	6.435012817e+02	3.920156136e-02
6.424816895e+02	4.940177128e-02	6.436206665e+02	3.966533765e-02
6.426007080e+02	3.445121273e-02	6.437401123e+02	2.536244132e-02
6.427197266e+02	3.299262375e-02	6.438594971e+02	2.957354113e-02
6.428387451e+02	5.817250535e-02	6.439789429e+02	3.604787588e-02
6.429578247e+02	5.880584195e-02	6.440983276e+02	3.641889617e-02
6.430768433e+02	3.734920174e-02	6.442177124e+02	4.042593390e-02
6.431958618e+02	4.385528713e-02	6.443371582e+02	3.152140602e-02
6.433148804e+02	6.168464199e-02	6.444565430e+02	2.207889780e-02
6.434339600e+02	5.228056759e-02	6.445759888e+02	2.328471839e-02
6.435529785e+02	3.675425053e-02	6.446954346e+02	1.530774683e-02
6.436720581e+02	3.147645667e-02	6.448148193e+02	2.207889780e-02
6.437910767e+02	5.350885540e-02	6.449342651e+02	4.665910080e-02
6.439100952e+02	4.550579563e-02	6.450536499e+02	3.031558543e-02
6.440291748e+02	3.535323590e-02	6.451730957e+02	3.402580321e-02
6.441481934e+02	3.226332739e-02	6.452925415e+02	9.260089137e-03
6.442672729e+02	5.224218220e-02	6.454119263e+02	1.497382764e-02
6.443862915e+02	4.963207245e-02	6.455313721e+02	1.938898861e-02
6.445053711e+02	3.733001277e-02	6.456508179e+02	1.178303827e-02
6.446244507e+02	3.147645667e-02	6.457702637e+02	7.924410515e-03
6.447434692e+02	6.840183586e-02	6.458897095e+02	4.129783437e-02
6.448625488e+02	4.540983588e-02	6.460091553e+02	4.732694104e-02
6.449816284e+02	3.894213960e-02	6.461285400e+02	2.267253213e-02
6.451006470e+02	7.400589436e-02	6.462479858e+02	2.460184693e-02
6.452197266e+02	4.276134446e-02	6.463674316e+02	3.192953020e-02
6.453388062e+02	4.661893100e-02	6.464868774e+02	2.528823726e-02
6.454578857e+02	3.694617003e-02	6.466063232e+02	1.054011565e-02
6.455769653e+02	4.527549446e-02	6.467257690e+02	2.699493803e-02
6.456959839e+02	7.341094315e-02	6.468452148e+02	3.359913081e-02
6.458150635e+02	4.335629568e-02	6.469646606e+02	1.888810843e-02
6.459341431e+02	3.159160912e-02	6.470841675e+02	1.124505699e-02
6.460532227e+02	3.408656642e-02	6.472036133e+02	3.174401820e-02
6.461723022e+02	4.483407736e-02	6.473230591e+02	1.384221017e-02
6.462913818e+02	7.108871639e-02	6.474425049e+02	3.122458793e-02
6.464104614e+02	3.506535664e-02	6.475619507e+02	2.641985379e-02
6.465295410e+02	4.375932738e-02	6.476814575e+02	2.656826377e-02
6.466486206e+02	7.786348462e-02	6.478009033e+02	5.066613853e-02
6.467677002e+02	6.009170413e-02	6.479203491e+02	2.632709965e-02
6.468867798e+02	5.279875174e-02	6.480397949e+02	3.285708651e-02
6.470059204e+02	3.924920782e-02	6.481593018e+02	1.206130534e-02
6.471250000e+02	8.093420416e-02	6.482787476e+02	3.406290710e-02
6.472440796e+02	4.542902857e-02	6.483982544e+02	2.001972683e-02
6.473631592e+02	4.550579563e-02	6.485177002e+02	3.003731929e-02
6.474822388e+02	3.180271760e-02	6.486371460e+02	2.528823726e-02
6.476013794e+02	7.675034553e-02	6.487566528e+02	4.391353950e-02
6.477204590e+02	5.709775537e-02	6.488760986e+02	1.317437086e-02
6.478395386e+02	3.698455542e-02	6.489956055e+02	2.721755207e-02
6.479586792e+02	4.038153589e-02	6.491151123e+02	2.565925941e-02
6.480777588e+02	6.433313340e-02	6.492345581e+02	2.718045004e-02
6.481968994e+02	6.742304564e-02	6.493540649e+02	3.387739509e-02
6.483159790e+02	3.756031394e-02	6.494735107e+02	3.671571240e-02
6.484350586e+02	3.038251214e-02	6.495930176e+02	4.863479175e-03
6.485541992e+02	7.348771393e-02	6.497125244e+02	2.536244132e-02
6.486732788e+02	5.222299322e-02	6.498319702e+02	2.224585786e-02
6.487924194e+02	2.109359205e-02	6.499514771e+02	2.885004878e-02
6.489115601e+02	3.458555788e-02	6.500709839e+02	4.473906476e-03
6.490306396e+02	5.220380053e-02	6.501904907e+02	1.979711279e-02
6.491497803e+02	4.552498832e-02	6.503099976e+02	4.131638631e-02
6.492688599e+02	2.328147739e-02	6.504294434e+02	1.074417774e-02
6.493880005e+02	2.249460667e-02	6.505489502e+02	7.701797411e-03
6.495071411e+02	4.212800786e-02	6.506684570e+02	3.211504221e-02
6.496262817e+02	5.654118955e-02	6.507879639e+02	2.692073397e-02
6.497453613e+02	1.499054022e-02	6.509074707e+02	3.857082501e-02
6.498645020e+02	2.209157497e-02	6.510269775e+02	1.371235307e-02
6.499836426e+02	5.233814195e-02	6.511464844e+02	3.211504221e-02
6.501027832e+02	4.665731639e-02	6.512659912e+02	3.899749741e-02
6.502219238e+02	4.398962855e-02	6.513854980e+02	3.053819761e-02
6.503410034e+02	1.276426949e-02	6.515050049e+02	3.560264781e-02
6.504601440e+02	3.928759322e-02	6.516245117e+02	1.579007506e-02
6.505792847e+02	4.763610661e-02	6.517440796e+02	2.870163880e-02
6.506984253e+02	2.468249202e-02	6.518635864e+02	3.743920475e-02
6.508175659e+02	5.978463218e-02	6.519830933e+02	1.341553498e-02
6.509367065e+02	4.819267616e-02	6.521026001e+02	4.502660409e-02
6.510558472e+02	4.128355905e-02	6.522221069e+02	2.161511965e-02
6.511749878e+02	2.750371397e-02	6.523416748e+02	9.185885079e-03
6.512941284e+02	1.470266003e-02	6.524611816e+02	1.708865352e-02
6.514133301e+02	4.894116148e-02	6.525806885e+02	5.626856908e-02
6.515324707e+02	4.370174929e-02	6.527002563e+02	3.530583158e-02
6.516516113e+02	4.306841642e-02	6.528197632e+02	4.636228457e-02
6.517707520e+02	5.051490664e-02	6.529392700e+02	3.617773205e-02
6.518898926e+02	3.679263592e-02	6.530588379e+02	1.994552091e-02
6.520090332e+02	4.187851027e-02	6.531783447e+02	1.829447411e-02
6.521282349e+02	5.003510416e-02	6.532979126e+02	1.378655713e-02
6.522473755e+02	3.997850418e-02	6.534174194e+02	2.981470525e-02
6.523665161e+02	5.015025660e-02	6.535369873e+02	2.525113523e-02
6.524857178e+02	4.679166153e-02	6.536564941e+02	2.217165381e-02
6.526048584e+02	2.236026153e-02	6.537760620e+02	1.705154963e-02
6.527239990e+02	2.226430178e-02	6.538956299e+02	1.860984229e-02
6.528432007e+02	4.406639934e-02	6.540151367e+02	1.875825226e-02
6.529623413e+02	4.212800786e-02	6.541347046e+02	2.324761637e-02
6.530815430e+02	3.255120665e-02	6.542542114e+02	2.970339917e-02
6.532006836e+02	1.975015178e-02	6.543737793e+02	2.907266095e-02
6.533198853e+02	3.351080418e-02	6.544933472e+02	5.853180587e-02
6.534390259e+02	4.168659076e-02	6.546129150e+02	1.792345196e-02
6.535582275e+02	4.815429077e-02	6.547324219e+02	1.649501733e-02
6.536773682e+02	2.604512312e-02	6.548519897e+02	2.276528813e-02
6.537965698e+02	5.039975420e-02	6.549715576e+02	2.690218389e-02
6.539157715e+02	6.318161637e-02	6.550911255e+02	2.988890931e-02
6.540349121e+02	3.272393346e-02	6.552106934e+02	3.063095361e-02
6.541541138e+02	3.700374812e-02	6.553302612e+02	2.669812180e-02
6.542733154e+02	6.354626268e-02	6.554498291e+02	2.614158764e-02
6.543925171e+02	4.224316031e-02	6.555693970e+02	3.716094047e-02
6.545116577e+02	2.015318349e-02	6.556889648e+02	1.094823889e-02
6.546308594e+02	1.859863289e-02	6.558085327e+02	3.664150834e-02
6.547500610e+02	4.253103957e-02	6.559281006e+02	4.070419818e-02
6.548692627e+02	6.859375536e-02	6.560476685e+02	2.569636144e-02
6.549884644e+02	2.120874263e-02	6.561672363e+02	7.534837350e-03
6.551076050e+02	2.946129628e-02	6.562868042e+02	1.104099490e-02
6.552268066e+02	4.861489683e-02	6.564063721e+02	2.252412401e-02
6.553460083e+02	4.690681025e-02	6.565259399e+02	5.665814504e-02
6.554652100e+02	4.629266635e-02	6.566455078e+02	6.276145577e-02
6.555844116e+02	2.802189812e-02	6.567650757e+02	5.422794819e-02
6.557036133e+02	8.912917972e-02	6.568847046e+02	5.808657780e-02
6.558228149e+02	5.274117365e-02	6.570042725e+02	3.927576542e-02
6.559420166e+02	1.570064388e-02	6.571238403e+02	6.372611225e-02
6.560612183e+02	3.594818711e-02	6.572434692e+02	2.447198890e-02
6.561804810e+02	4.364417493e-02	6.573630371e+02	3.454523534e-02
6.562996826e+02	7.053214312e-02	6.574826050e+02	2.630854771e-02
6.564188843e+02	1.050201431e-01	6.576022339e+02	2.788539045e-02
6.565380859e+02	1.090696529e-01	6.577218018e+02	1.245087851e-02
6.566572876e+02	1.097029895e-01	6.578413696e+02	3.077936172e-02
6.567764893e+02	8.392815292e-02	6.579609985e+02	2.601172961e-02
6.568957520e+02	4.494922981e-02	6.580805664e+02	2.239426598e-02
6.570149536e+02	3.322292492e-02	6.582001953e+02	2.014958300e-02
6.571341553e+02	5.638765171e-02	6.583197632e+02	1.955594867e-02
6.572534180e+02	4.986237735e-02	6.584393921e+02	2.283949219e-02
6.573726196e+02	4.024719447e-02	6.585589600e+02	1.452860143e-02
6.574918213e+02	2.042187192e-02	6.586785889e+02	2.432358079e-02
6.576110840e+02	3.646637127e-02	6.587982178e+02	1.836867817e-02
6.577302856e+02	4.320275784e-02	6.589177856e+02	1.207985636e-02
6.578495483e+02	1.387740485e-02	6.590374146e+02	3.076081164e-02
6.579687500e+02	2.445218898e-02	6.591570435e+02	2.764422633e-02
6.580880127e+02	3.890375420e-02	6.592766113e+02	3.630758822e-02
6.582072144e+02	3.155322373e-02	6.593962402e+02	2.276528813e-02
6.583264771e+02	1.917439327e-02	6.595158691e+02	1.248798054e-02
6.584456787e+02	4.074618593e-02	6.596354980e+02	8.647902869e-03
6.585649414e+02	5.197349563e-02	6.597550659e+02	4.651069269e-02
6.586841431e+02	3.708051518e-02	6.598746948e+02	2.925817296e-02
6.588034058e+02	1.155517437e-02	6.599943237e+02	2.254267596e-02
6.589226685e+02	3.385626152e-02	6.601139526e+02	1.690314151e-02
6.590418701e+02	5.143611878e-02	6.602335815e+02	1.690314151e-02
6.591611328e+02	3.767546639e-02	6.603532104e+02	2.276528813e-02
6.592803955e+02	3.126534447e-02	6.604728394e+02	3.159561008e-02
6.593996582e+02	2.944210544e-02	6.605924683e+02	3.781022877e-02
6.595188599e+02	3.869264200e-02	6.607120972e+02	3.745775670e-02
6.596381226e+02	2.867442556e-02	6.608317261e+02	3.077936172e-02
6.597573853e+02	2.163096704e-02	6.609513550e+02	2.235716395e-02
6.598766479e+02	1.144002285e-02	6.610709839e+02	1.690314151e-02
6.599959106e+02	2.901988104e-02	6.611906128e+02	2.059480920e-02
6.601151733e+02	2.435622923e-02	6.613102417e+02	3.352492675e-02
6.602344360e+02	5.235733464e-02	6.614298706e+02	2.758857422e-02
6.603536377e+02	2.136227861e-02	6.615494995e+02	9.909377433e-03
6.604729004e+02	3.804011270e-02	6.616691895e+02	2.335892431e-02
6.605921631e+02	4.462296516e-02	6.617888184e+02	1.037315559e-02
6.607114258e+02	2.698553167e-02	6.619084473e+02	1.868404634e-02
6.608306885e+02	1.871378534e-02	6.620280762e+02	2.014958300e-02
6.609500122e+02	2.903907374e-02	6.621477661e+02	1.927768253e-02
6.610692749e+02	3.477747738e-02	6.622673950e+02	1.912927255e-02
6.611885376e+02	6.795562338e-03	6.623870239e+02	1.512223668e-02
6.613078003e+02	2.822821261e-03	6.625067139e+02	5.976545159e-03
6.614270630e+02	3.122695908e-02	6.626263428e+02	2.423082478e-02
6.615463257e+02	2.715825848e-02	6.627459717e+02	2.365574054e-02
6.616655884e+02	7.371321786e-03	6.628656616e+02	8.279664069e-02
6.617849121e+02	5.010707304e-03	6.629852905e+02	1.250653155e-02
6.619041748e+02	4.610074684e-02	6.631049805e+02	1.104099490e-02
6.620234375e+02	3.070877679e-02	6.632246094e+02	1.345263794e-02
6.621427002e+02	1.460670028e-02	6.633442993e+02	1.796055399e-02
6.622620239e+02	2.044106461e-02	6.634639282e+02	1.111519895e-02
6.623812866e+02	5.187753588e-02	6.635836182e+02	9.909377433e-03
6.625005493e+02	4.011284932e-02	6.637032471e+02	6.046111882e-02
6.626198730e+02	2.208677586e-03	6.638229370e+02	1.382365916e-02
6.627391357e+02	5.528890993e-03	6.639426270e+02	1.348973997e-02
6.628584595e+02	5.287551880e-02	6.640622559e+02	3.315390274e-02
6.629777222e+02	2.362693287e-02	6.641819458e+02	2.564070933e-02
6.630969849e+02	3.496939689e-02	6.643016357e+02	2.408241667e-02
6.632163086e+02	7.025865838e-03	6.644212646e+02	5.030439235e-03
6.633355713e+02	4.577448592e-02	6.645409546e+02	2.751437016e-02
6.634548950e+02	4.356740788e-02	6.646606445e+02	1.527064480e-02
6.635742188e+02	1.712085120e-02	6.647803345e+02	1.015054248e-02
6.636934814e+02	3.938355297e-02	6.648999634e+02	1.013199147e-02
6.638128052e+02	3.099665605e-02	6.650196533e+02	2.146671154e-02
6.639320679e+02	4.990076274e-02	6.651393433e+02	2.378559858e-02
6.640513916e+02	1.608448289e-02	6.652590332e+02	1.549325790e-02
6.641707153e+02	1.414609235e-02	6.653787231e+02	1.391641516e-02
6.642899780e+02	2.032591216e-02	6.654984131e+02	2.200469375e-02
6.644093018e+02	3.594818711e-02	6.656181030e+02	1.972290874e-02
6.645286255e+02	1.028850395e-02	6.657377930e+02	2.396183321e-03
6.646479492e+02	3.995931149e-02	6.658574829e+02	1.749677584e-02
6.647672119e+02	3.491182253e-02	6.659771729e+02	4.142769426e-02
6.648865356e+02	1.890570484e-02	6.660968628e+02	2.276528813e-02
6.650058594e+02	6.622834131e-03	6.662165527e+02	2.042785101e-02
6.651251831e+02	1.709686010e-03	6.663362427e+02	1.256218459e-02
6.652445068e+02	3.704212978e-02	6.664559326e+02	8.554220200e-02
6.653638306e+02	2.775320970e-02	6.665756226e+02	4.094536230e-02
6.654831543e+02	8.350113407e-03	6.666953125e+02	2.476880699e-02
6.656024170e+02	1.270669326e-02	6.668150635e+02	2.150381356e-02
6.657217407e+02	2.646734752e-02	6.669347534e+02	2.920251898e-02
6.658410645e+02	3.026735969e-02	6.670544434e+02	4.762375727e-02
6.659603882e+02	1.666024327e-02	6.671741333e+02	1.894376241e-02
6.660797119e+02	1.756226644e-02	6.672938232e+02	1.133781206e-02
6.661990356e+02	4.360578954e-02	6.674135742e+02	1.912927255e-02
6.663184204e+02	3.095827252e-02	6.675332642e+02	3.055674955e-02
6.664377441e+02	9.770319797e-03	6.676529541e+02	3.068660758e-02
6.665570679e+02	1.230366156e-02	6.677727051e+02	2.549229935e-02
6.666763916e+02	2.520067617e-02	6.678923950e+02	2.367429249e-02
6.667957153e+02	6.636748463e-02	6.680120850e+02	3.602932394e-02
6.669150391e+02	3.724844428e-03	6.681318359e+02	7.924410515e-03
6.670343628e+02	4.622069828e-04	6.682515259e+02	1.020619553e-02
6.671537476e+02	2.988352068e-02	6.683712769e+02	3.202228621e-02
6.672730713e+02	4.272295907e-02	6.684909668e+02	4.330135509e-02
6.673923950e+02	5.773588782e-04	6.686107178e+02	9.816622362e-03
6.675117188e+02	6.795562338e-03	6.687304077e+02	1.237667352e-02
6.676311035e+02	2.911584079e-02	6.688501587e+02	2.220875584e-02
6.677504272e+02	1.723600179e-02	6.689698486e+02	1.638371125e-02
6.678697510e+02	5.241011269e-03	6.690895996e+02	1.291465573e-02
6.679891357e+02	4.730984196e-02	6.692093506e+02	1.104099490e-02
6.681084595e+02	3.116938286e-02	6.693290405e+02	1.883245632e-02
6.682278442e+02	2.203399874e-02	6.694487915e+02	4.851421341e-02
6.683471680e+02	4.295326397e-02	6.695685425e+02	7.961512543e-03
6.684665527e+02	1.677539386e-02	6.696882324e+02	1.497382764e-02
6.685858765e+02	3.070877679e-02	6.698079834e+02	1.560456492e-02
6.687052002e+02	2.909664996e-02	6.699277344e+02	1.423178334e-02
6.688245850e+02	1.882893778e-02	6.700474243e+02	1.097606611e-03
6.689439697e+02	2.055141842e-03	6.701671753e+02	1.764518581e-02
6.690632935e+02	5.170480907e-02	6.702869263e+02	2.551085129e-02
6.691826782e+02	3.665829077e-02	6.704066772e+02	9.464151226e-03
6.693020020e+02	1.935191831e-04	6.705264282e+02	1.712575555e-02
6.694213867e+02	6.925108028e-04	6.706461792e+02	2.136467956e-03
6.695407715e+02	3.535323590e-02	6.707658691e+02	1.334133092e-02
6.696600952e+02	2.355016582e-02	6.708856201e+02	1.319292188e-02
6.697794800e+02	1.579660363e-02	6.710053711e+02	5.039714742e-04
6.698988647e+02	6.987481844e-03	6.711251221e+02	2.339602634e-02
6.700181885e+02	3.228252009e-02	6.712448730e+02	3.886764124e-02
6.701375732e+02	8.849104866e-03	6.713646240e+02	7.924410515e-03
6.702569580e+02	2.416430973e-02	6.714843750e+02	2.071539202e-04
6.703763428e+02	1.923196949e-02	6.716041260e+02	1.467700955e-02
6.704957275e+02	2.069056034e-02	6.717238770e+02	2.306210622e-02
6.706150513e+02	9.444056079e-03	6.718436279e+02	7.256570738e-03
6.707344360e+02	1.274507772e-02	6.719634399e+02	1.213550940e-02
6.708538208e+02	4.458457977e-02	6.720831909e+02	2.066901512e-02
6.709732056e+02	3.124615178e-02	6.722029419e+02	3.107617982e-02
6.710925903e+02	6.392530631e-03	6.723226929e+02	1.066997275e-02
6.712119751e+02	3.744036425e-03	6.724424438e+02	1.079983078e-02
6.713313599e+02	4.955530539e-02	6.725621948e+02	2.658681385e-02
6.714507446e+02	2.972998470e-02	6.726820068e+02	1.727416366e-02
6.715701294e+02	1.706327498e-02	6.728017578e+02	3.098342381e-02
6.716895142e+02	1.115214266e-02	6.729215088e+02	1.668052934e-02
6.718088989e+02	3.372191638e-02	6.730412598e+02	1.126360800e-02
6.719282837e+02	3.157241642e-02	6.731610718e+02	1.397206821e-02
6.720476685e+02	1.568145119e-02	6.732808228e+02	1.541905385e-02
6.721670532e+02	7.601625752e-03	6.734005737e+02	1.356394403e-02
6.722864380e+02	4.155224934e-02	6.735203857e+02	1.428743731e-02
6.724058228e+02	2.514309995e-02	6.736401367e+02	3.664150834e-02
6.725252686e+02	8.350113407e-03	6.737599487e+02	6.143505219e-03
6.726446533e+02	7.582433522e-03	6.738796997e+02	1.933333464e-02
6.727640381e+02	2.598754689e-02	6.739994507e+02	3.782878071e-02
6.728834229e+02	3.992092982e-02	6.741192627e+02	1.734836772e-02
6.730028076e+02	1.823398471e-02	6.742390137e+02	8.406738751e-03
6.731222534e+02	3.280070424e-02	6.743588257e+02	1.668052934e-02
6.732416382e+02	2.978756092e-02	6.744785767e+02	1.822027005e-02
6.733610229e+02	4.913308099e-02	6.745983887e+02	2.328471839e-02
6.734804688e+02	1.786933839e-02	6.747182007e+02	3.286636202e-03
6.735998535e+02	9.463247843e-03	6.748379517e+02	1.918492652e-02
6.737192383e+02	4.876843467e-02	6.749577637e+02	1.104099490e-02
6.738386841e+02	4.857651517e-02	6.750775146e+02	2.072466724e-02
6.739580688e+02	7.390513550e-03	6.751973267e+02	3.026920836e-03
6.740775146e+02	9.228146519e-04	6.753171387e+02	2.089162730e-02
6.741968994e+02	3.280070424e-02	6.754368896e+02	3.100197576e-02
6.743162842e+02	5.778866634e-02	6.755567017e+02	1.408337522e-02
6.744357300e+02	8.906680159e-03	6.756765137e+02	2.792249434e-02
6.745551147e+02	1.226527803e-02	6.757963257e+02	2.647550777e-02
6.746745605e+02	2.669765055e-02	6.759160767e+02	3.448958322e-02
6.747939453e+02	2.036429569e-02	6.760358887e+02	1.534484979e-02
6.749133911e+02	1.483700424e-02	6.761557007e+02	2.061336115e-02
6.750328369e+02	2.811785787e-02	6.762755127e+02	1.311871782e-02
6.751522217e+02	3.209060058e-02	6.763953247e+02	2.053915709e-02
6.752716675e+02	4.819267616e-02	6.765151367e+02	3.979519755e-02
6.753910522e+02	5.009268224e-02	6.766349487e+02	1.985276677e-02
6.755104980e+02	3.675425053e-02	6.767546997e+02	7.404979784e-03
6.756299438e+02	5.325935781e-02	6.768745117e+02	1.028039958e-02
6.757493896e+02	5.427653342e-02	6.769943237e+02	1.460280549e-02
6.758687744e+02	2.333905362e-02	6.771141357e+02	1.141201705e-02
6.759882202e+02	1.061476767e-02	6.772339478e+02	1.171811018e-03
6.761076660e+02	4.304922372e-02	6.773537598e+02	2.918396890e-02
6.762271118e+02	4.377851635e-02	6.774735718e+02	2.039074712e-02
6.763464966e+02	1.984611154e-02	6.775933838e+02	1.239522453e-02
6.764659424e+02	1.326326095e-02	6.777132568e+02	3.435044782e-03
6.765853882e+02	3.195625544e-02	6.778330688e+02	2.877584472e-02
6.767048340e+02	2.711987495e-02	6.779528809e+02	7.776001468e-03
6.768242798e+02	1.545114722e-02	6.780726929e+02	1.233957149e-02
6.769437256e+02	1.412690058e-02	6.781925049e+02	5.549869966e-03
6.770631714e+02	3.400979936e-02	6.783123169e+02	5.059193447e-02
6.771825562e+02	2.397238836e-02	6.784321289e+02	1.697734557e-02
6.773020020e+02	2.696633898e-02	6.785520020e+02	2.222730592e-02
6.774214478e+02	1.440998283e-03	6.786718140e+02	5.407954007e-02
6.775408936e+02	4.370174929e-02	6.787916260e+02	3.033413552e-02
6.776603394e+02	2.378046885e-02	6.789114380e+02	1.170883421e-02
6.777797852e+02	9.405672550e-03	6.790313110e+02	1.320219715e-03
6.778992920e+02	1.925116032e-02	6.791511230e+02	7.627592888e-03
6.780187378e+02	3.333807737e-02	6.792709351e+02	1.961160265e-02
6.781381836e+02	2.339662984e-02	6.793908081e+02	1.258073561e-02
6.782576294e+02	1.545114722e-02	6.795106201e+02	3.246751055e-02
6.783770752e+02	2.765245270e-03	6.796304321e+02	1.593848504e-02
6.784965210e+02	5.026540905e-02	6.797503052e+02	4.202132672e-02
6.786159668e+02	2.063298412e-02	6.798701172e+02	1.352684200e-02
6.787354126e+02	4.437347129e-02	6.799899902e+02	-1.258382807e-03
6.788549194e+02	4.262220114e-03	6.801098022e+02	1.087403484e-02
6.789743652e+02	2.809866518e-02	6.802296753e+02	2.313631028e-02
6.790938110e+02	3.566030785e-02	6.803494873e+02	6.949550658e-02
6.792132568e+02	-2.454974689e-03	6.804693604e+02	2.740306221e-02
6.793327637e+02	2.280167863e-02	6.805891724e+02	1.130071003e-02
6.794522095e+02	2.086328715e-02	6.807090454e+02	6.588731427e-03
6.795716553e+02	2.165015973e-02	6.808288574e+02	2.469460294e-02
6.796911621e+02	4.047749564e-02	6.809487305e+02	8.072819561e-03
6.798106079e+02	1.652110135e-03	6.810686035e+02	1.449149940e-02
6.799300537e+02	2.360774204e-02	6.811884155e+02	7.330775261e-03
6.800495605e+02	1.886732131e-02	6.813082886e+02	8.666454814e-03
6.801690063e+02	-6.893121172e-04	6.814281006e+02	2.217165381e-02
6.802884521e+02	-2.666086657e-03	6.815479736e+02	2.396183321e-03
6.804079590e+02	3.360676765e-02	6.816678467e+02	1.697734557e-02
6.805274048e+02	2.391481400e-02	6.817877197e+02	1.393496618e-02
6.806469116e+02	2.515749307e-03	6.819075317e+02	6.689834595e-02
6.807663574e+02	1.456831582e-02	6.820274048e+02	1.673618145e-02
6.808858643e+02	2.836735360e-02	6.821472778e+02	2.350733243e-02
6.810053101e+02	2.475926094e-02	6.822671509e+02	3.090921976e-02
6.811248169e+02	1.220770180e-02	6.823869629e+02	7.757450454e-03
6.812442627e+02	1.992288046e-02	6.825068359e+02	3.003731929e-02
6.813637695e+02	4.738661274e-02	6.826267090e+02	2.068756521e-02
6.814832764e+02	2.426026948e-02	6.827465820e+02	1.918492652e-02
6.816027222e+02	-4.143869504e-03	6.828664551e+02	1.193144731e-02
6.817222290e+02	9.635975584e-03	6.829863281e+02	1.645791531e-02
6.818417358e+02	2.731179446e-02	6.831062012e+02	2.217165381e-02
6.819611816e+02	1.781176217e-02	6.832260742e+02	2.959209308e-02
6.820806885e+02	1.059557498e-02	6.833459473e+02	2.124409750e-02
6.822001953e+02	1.301376522e-02	6.834658203e+02	8.406738751e-03
6.823196411e+02	3.919163346e-02	6.835856934e+02	1.771938987e-02
6.824391479e+02	3.830880299e-02	6.837055664e+02	1.423178334e-02
6.825586548e+02	1.877136156e-02	6.838254395e+02	5.586971994e-03
6.826781616e+02	3.590500681e-03	6.839453125e+02	4.910784587e-02
6.827976685e+02	2.965321764e-02	6.840651855e+02	2.066901512e-02
6.829171143e+02	1.798448898e-02	6.841850586e+02	2.732885815e-02
6.830366211e+02	9.611985879e-04	6.843049316e+02	1.593848504e-02
6.831561279e+02	3.132291883e-02	6.844248047e+02	7.442081813e-03
6.832756348e+02	3.552596271e-02	6.845446777e+02	1.016909350e-02
6.833951416e+02	2.341582067e-02	6.846646118e+02	1.556746289e-02
6.835146484e+02	1.358952466e-02	6.847844849e+02	1.003923547e-02
6.836341553e+02	-2.032751217e-03	6.849043579e+02	9.037476033e-03
6.837536621e+02	4.485327005e-02	6.850242310e+02	5.995096173e-03
6.838731689e+02	2.147743106e-02	6.851441040e+02	1.556746289e-02
6.839926758e+02	3.030574508e-02	6.852640381e+02	5.327256862e-03
6.841121826e+02	8.561224677e-03	6.853839111e+02	3.694760147e-03
6.842316895e+02	2.610269934e-02	6.855037842e+02	1.575297303e-02
6.843511963e+02	2.257137373e-02	6.856237183e+02	2.215310186e-02
6.844707031e+02	3.571308684e-03	6.857435913e+02	1.070707478e-02
6.845902100e+02	-3.376190085e-03	6.858634644e+02	-3.122767957e-04
6.847097168e+02	2.201480605e-02	6.859833984e+02	4.677040875e-02
6.848292236e+02	2.138147131e-02	6.861032715e+02	1.727416366e-02
6.849487305e+02	1.658347435e-02	6.862231445e+02	6.338291569e-04
6.850682373e+02	1.124810241e-02	6.863430786e+02	2.469460294e-02
6.851877441e+02	5.375834927e-02	6.864629517e+02	2.191193774e-02
6.853073120e+02	2.959564142e-02	6.865828857e+02	1.070707478e-02
6.854268188e+02	-1.456991537e-03	6.867027588e+02	1.193144731e-02
6.855463257e+02	8.657184429e-03	6.868226929e+02	1.007633749e-02
6.856658325e+02	2.940372191e-02	6.869425659e+02	3.620555857e-03
6.857853394e+02	2.126631886e-02	6.870625000e+02	5.661176518e-03
6.859049072e+02	-1.840831246e-03	6.871823730e+02	2.083597519e-02
6.860244141e+02	1.358952466e-02	6.873023071e+02	9.315743111e-03
6.861439209e+02	2.232187800e-02	6.874221802e+02	7.757450454e-03
6.862634277e+02	3.235928714e-02	6.875421143e+02	2.669812180e-02
6.863829956e+02	1.324406918e-02	6.876619873e+02	1.430598833e-02
6.865025024e+02	3.896132857e-02	6.877819214e+02	1.400917023e-02
6.866220703e+02	2.330067009e-02	6.879018555e+02	1.586428098e-02
6.867415771e+02	3.184110299e-02	6.880217285e+02	6.662935950e-03
6.868610840e+02	1.276426949e-02	6.881416626e+02	2.037219703e-02
6.869806519e+02	3.955148160e-03	6.882615967e+02	2.347023040e-02
6.871001587e+02	2.343501337e-02	6.883814697e+02	5.809585564e-03
6.872197266e+02	3.272393346e-02	6.885014038e+02	3.144720197e-02
6.873392334e+02	1.930873655e-02	6.886213379e+02	2.284876769e-03
6.874588013e+02	3.855829686e-02	6.887412720e+02	2.053915709e-02
6.875783081e+02	3.287747130e-02	6.888611450e+02	2.413806878e-02
6.876978760e+02	3.654313833e-02	6.889810791e+02	1.504803170e-02
6.878173828e+02	1.418447681e-02	6.891010132e+02	6.848447025e-03
6.879369507e+02	-4.590083263e-04	6.892209473e+02	1.749677584e-02
6.880564575e+02	4.867247492e-02	6.893408813e+02	1.204275433e-02
6.881760254e+02	2.614108287e-02	6.894608154e+02	2.695783600e-02
6.882955322e+02	8.652386605e-04	6.895806885e+02	1.052156370e-02
6.884151001e+02	6.733188056e-04	6.897006226e+02	1.371235307e-02
6.885346680e+02	2.149662375e-02	6.898205566e+02	1.912927255e-02
6.886541748e+02	3.366434202e-02	6.899404907e+02	2.000117488e-02
6.887737427e+02	9.540015832e-03	6.900604248e+02	2.773698233e-02
6.888933105e+02	5.010707304e-03	6.901803589e+02	1.836867817e-02
6.890128174e+02	3.068958409e-02	6.903002930e+02	6.143505219e-03
6.891323853e+02	3.147645667e-02	6.904202271e+02	1.215406042e-02
6.892519531e+02	9.386479855e-03	6.905401611e+02	6.069300696e-03
6.893714600e+02	6.891522091e-03	6.906600952e+02	6.535860896e-02
6.894910278e+02	3.780981153e-02	6.907800293e+02	3.230055422e-02
6.896105957e+02	2.495118044e-02	6.908999634e+02	7.256570738e-03
6.897301636e+02	7.160210051e-03	6.910198975e+02	4.399701953e-03
6.898497314e+02	2.617946826e-02	6.911398315e+02	9.853724390e-03
6.899692383e+02	3.827041760e-02	6.912598267e+02	2.905411087e-02
6.900888062e+02	4.279972613e-02	6.913797607e+02	1.860984229e-02
6.902083740e+02	1.754307374e-02	6.914996948e+02	3.583453596e-03
6.903279419e+02	2.784916945e-02	6.916196289e+02	1.141201705e-02
6.904475098e+02	4.256942123e-02	6.917395630e+02	2.484301105e-02
6.905670776e+02	4.370174929e-02	6.918594971e+02	8.369636722e-03
6.906866455e+02	1.191502437e-03	6.919794922e+02	7.998614572e-03
6.908062134e+02	-8.039842360e-03	6.920994263e+02	1.196854934e-02
6.909257202e+02	2.385723777e-02	6.922193604e+02	2.339602634e-02
6.910452881e+02	3.118857555e-02	6.923392944e+02	4.012911394e-02
6.911648560e+02	2.059460059e-02	6.924592896e+02	2.873874269e-02
6.912844238e+02	4.991515540e-03	6.925792236e+02	1.115230098e-02
6.914039917e+02	2.782997862e-02	6.926991577e+02	3.760616481e-02
6.915235596e+02	3.366434202e-02	6.928190918e+02	1.634660922e-02
6.916431274e+02	2.848250605e-02	6.929390869e+02	6.570180412e-03
6.917627563e+02	1.533599570e-02	6.930590210e+02	7.924410515e-03
6.918823242e+02	6.550384313e-02	6.931790161e+02	2.766277827e-02
6.920018921e+02	2.356935665e-02	6.932989502e+02	1.213550940e-02
6.921214600e+02	3.124615178e-02	6.934188843e+02	5.327256862e-03
6.922410278e+02	1.650670730e-02	6.935388794e+02	-8.966364112e-05
6.923605957e+02	3.214817494e-02	6.936588135e+02	2.120699547e-02
6.924801636e+02	3.552596271e-02	6.937788086e+02	1.695879549e-02
6.925997314e+02	2.140066400e-02	6.938987427e+02	8.592249826e-03
6.927193604e+02	1.428043656e-02	6.940187378e+02	2.371139452e-02
6.928389282e+02	2.809866518e-02	6.941386719e+02	2.506562509e-02
6.929584961e+02	2.015318349e-02	6.942586670e+02	4.157610238e-02
6.930780640e+02	1.606529206e-02	6.943786011e+02	3.138227388e-03
6.931976318e+02	1.051880699e-02	6.944985962e+02	7.701797411e-03
6.933172607e+02	2.257137373e-02	6.946185303e+02	2.476880699e-02
6.934368286e+02	1.854105666e-02	6.947385254e+02	3.152140602e-02
6.935563965e+02	5.917528688e-05	6.948584595e+02	-3.503065556e-03
6.936760254e+02	-9.579999605e-04	6.949784546e+02	1.295175776e-02
6.937955933e+02	3.946032003e-02	6.950984497e+02	4.381150939e-03
6.939151611e+02	1.911681704e-02	6.952183838e+02	1.015054248e-02
6.940347900e+02	4.262220114e-03	6.953383789e+02	2.428647876e-02
6.941543579e+02	6.968290079e-03	6.954583740e+02	1.790490001e-02
6.942739258e+02	6.757657975e-02	6.955783081e+02	1.280334871e-02
6.943935547e+02	2.706229873e-02	6.956983032e+02	2.699493803e-02
6.945131226e+02	3.916764166e-03	6.958182983e+02	1.393496618e-02
6.946327515e+02	5.931922700e-03	6.959382324e+02	-2.501306357e-03
6.947523193e+02	1.790772192e-02	6.960582275e+02	1.770083793e-02
6.948718872e+02	4.754014686e-02	6.961782227e+02	1.171811018e-03
6.949915161e+02	-6.542867515e-03	6.962982178e+02	1.523354277e-02
6.951110840e+02	5.164243281e-03	6.964181519e+02	4.344048444e-03
6.952307129e+02	2.940372191e-02	6.965381470e+02	2.313631028e-02
6.953502808e+02	3.946032003e-02	6.966581421e+02	1.630950719e-02
6.954699097e+02	4.626867827e-03	6.967781372e+02	4.947886989e-02
6.955894775e+02	2.650573105e-02	6.968981323e+02	1.058000028e-01
6.957091064e+02	2.477845177e-02	6.970181274e+02	1.222733781e-01
6.958287354e+02	4.020880908e-02	6.971380615e+02	1.382087618e-01
6.959483032e+02	-2.397398930e-03	6.972580566e+02	6.995928288e-02
6.960679321e+02	2.264814265e-02	6.973780518e+02	6.751053780e-02
6.961875000e+02	3.748354688e-02	6.974980469e+02	9.190522879e-02
6.963071289e+02	3.464313224e-02	6.976180420e+02	3.944272548e-02
6.964267578e+02	2.341582067e-02	6.977380371e+02	1.972290874e-02
6.965463257e+02	5.128258467e-02	6.978580322e+02	3.256026655e-02
6.966659546e+02	2.383660525e-01	6.979780273e+02	2.283949219e-02
6.967855835e+02	3.623462915e-01	6.980980225e+02	3.085356764e-02
6.969051514e+02	2.823348939e-01	6.982180176e+02	1.645791531e-02
6.970247803e+02	2.218033820e-01	6.983380127e+02	1.363814808e-02
6.971444092e+02	1.800032258e-01	6.984580078e+02	1.297030877e-02
6.972640381e+02	1.275899112e-01	6.985780029e+02	1.816461608e-02
6.973836060e+02	7.101194561e-02	6.986979980e+02	-2.204488730e-03
6.975032349e+02	4.754014686e-02	6.988179932e+02	1.326712687e-02
6.976228638e+02	4.149467126e-02	6.989379883e+02	4.450717568e-02
6.977424927e+02	3.612091765e-02	6.990580444e+02	1.228391845e-02
6.978621216e+02	1.696731523e-02	6.991780396e+02	2.714334801e-02
6.979816895e+02	2.019156888e-02	6.992980347e+02	-7.204009453e-04
6.981013184e+02	3.057443164e-02	6.994180298e+02	3.701253235e-02
6.982209473e+02	2.602593228e-02	6.995380249e+02	2.751437016e-02
6.983405762e+02	1.714004204e-02	6.996580200e+02	7.553388365e-03
6.984602051e+02	7.908697240e-03	6.997780762e+02	2.080814680e-03
6.985798340e+02	2.698553167e-02	6.998980713e+02	3.326521069e-02
6.986994629e+02	2.575724386e-02	7.000180664e+02	1.087403484e-02
6.988190918e+02	3.587142006e-02	7.001380615e+02	-5.348899867e-04
6.989387207e+02	1.920797862e-03	7.002580566e+02	4.065782297e-03
6.990583496e+02	3.827041760e-02	7.003781128e+02	1.883245632e-02
6.991779785e+02	5.162803829e-02	7.004981079e+02	4.302308708e-02
6.992975464e+02	1.335922163e-02	7.006181030e+02	1.213550940e-02
6.994171753e+02	1.080668718e-02	7.007381592e+02	2.180063166e-02
6.995368042e+02	4.109163955e-02	7.008581543e+02	2.513982914e-02
6.996564941e+02	2.786836214e-02	7.009781494e+02	2.180063166e-02
6.997761230e+02	1.537437923e-02	7.010982056e+02	1.301668701e-03
6.998957520e+02	-1.514567528e-03	7.012182007e+02	-3.651474370e-03
7.000153809e+02	3.201382980e-02	7.013381958e+02	7.534837350e-03
7.001350098e+02	3.339565545e-02	7.014582520e+02	3.101125127e-03
7.002546387e+02	1.366629265e-02	7.015782471e+02	6.514526904e-03
7.003742676e+02	8.043041453e-03	7.016983032e+02	6.050749682e-03
7.004938965e+02	4.137951881e-02	7.018182983e+02	3.527800320e-03
7.006135254e+02	1.863701642e-02	7.019383545e+02	1.154187415e-02
7.007331543e+02	1.435720455e-02	7.020583496e+02	2.380415052e-02
7.008528442e+02	1.719761826e-02	7.021784058e+02	1.015054248e-02
7.009724731e+02	1.489458047e-02	7.022984009e+02	8.072819561e-03
7.010921021e+02	3.705652431e-03	7.024184570e+02	3.166981414e-02
7.012117310e+02	1.274507772e-02	7.025384521e+02	-1.638680260e-04
7.013313599e+02	3.454717249e-02	7.026585083e+02	9.315743111e-03
7.014510498e+02	4.485327005e-02	7.027785034e+02	9.241538122e-03
7.015706787e+02	-2.862804395e-04	7.028985596e+02	-6.990672089e-03
7.016903076e+02	7.884707302e-04	7.030185547e+02	2.014958300e-02
7.018099365e+02	2.234107070e-02	7.031386108e+02	1.152332313e-02
7.019296265e+02	2.644815482e-02	7.032586060e+02	1.812751405e-02
7.020492554e+02	5.260203499e-03	7.033786621e+02	2.469460294e-02
7.021688843e+02	8.407688700e-03	7.034987183e+02	2.202324383e-02
7.022885742e+02	7.659201510e-03	7.036187134e+02	1.215406042e-02
7.024082031e+02	1.111375913e-02	7.037387695e+02	2.113279141e-02
7.025278320e+02	1.289861370e-02	7.038588257e+02	4.807826132e-03
7.026475220e+02	7.179401815e-03	7.039788208e+02	1.196854934e-02
7.027671509e+02	3.030574508e-02	7.040988770e+02	3.575105593e-02
7.028867798e+02	4.573610052e-02	7.042189331e+02	1.347118896e-02
7.030064697e+02	2.957165008e-03	7.043389893e+02	2.031654306e-02
7.031260986e+02	3.470071033e-02	7.044589844e+02	6.662935950e-03
7.032457886e+02	3.769465908e-02	7.045790405e+02	2.215310186e-02
7.033654175e+02	3.249363229e-02	7.046990967e+02	4.962727800e-02
7.034850464e+02	2.255218290e-02	7.048191528e+02	1.248798054e-02
7.036047363e+02	2.157339081e-02	7.049391479e+02	1.436164137e-02
7.037243652e+02	4.124517739e-02	7.050592041e+02	1.703299955e-02
7.038440552e+02	1.842590608e-02	7.051792603e+02	1.621675119e-02
7.039636841e+02	-1.437799539e-03	7.052993164e+02	1.681038551e-02
7.040833740e+02	-4.700437188e-03	7.054193726e+02	1.020619553e-02
7.042030029e+02	1.289861370e-02	7.055394287e+02	2.343312837e-02
7.043226929e+02	1.894408837e-02	7.056594238e+02	1.682893746e-02
7.044423218e+02	-7.425698917e-03	7.057794800e+02	8.351085708e-03
7.045620117e+02	1.161275059e-02	7.058995361e+02	-1.638680260e-04
7.046817017e+02	2.082490362e-02	7.060195923e+02	1.282189973e-02
7.048013306e+02	8.810720406e-03	7.061396484e+02	4.628808051e-02
7.049210205e+02	-3.798413789e-03	7.062597046e+02	1.089258585e-02
7.050406494e+02	1.857944205e-02	7.063797607e+02	-6.832987419e-04
7.051603394e+02	3.990173712e-02	7.064998169e+02	2.332182042e-02
7.052800293e+02	3.721486032e-02	7.066198730e+02	3.202228621e-02
7.053996582e+02	5.356163252e-03	7.067399292e+02	1.647646725e-02
7.055193481e+02	8.465264924e-03	7.068599854e+02	4.228104278e-02
7.056390381e+02	2.460572496e-02	7.069800415e+02	1.046869382e-01
7.057586670e+02	2.581482008e-02	7.071000977e+02	1.491910219e-01
7.058783569e+02	8.330920711e-03	7.072201538e+02	1.190825850e-01
7.059980469e+02	-2.359014936e-03	7.073402100e+02	9.479919821e-02
7.061177368e+02	2.188046277e-02	7.074602661e+02	6.914303452e-02
7.062373657e+02	2.688957006e-02	7.075803223e+02	5.526681244e-02
7.063570557e+02	1.034607925e-02	7.077003784e+02	5.445056409e-02
7.064767456e+02	-2.243862953e-03	7.078204346e+02	2.341457643e-02
7.065964355e+02	4.988157004e-02	7.079404907e+02	2.358153649e-02
7.067160645e+02	1.533455700e-01	7.080605469e+02	2.187483571e-02
7.068357544e+02	2.946945429e-01	7.081806641e+02	2.172642760e-02
7.069554443e+02	2.879005671e-01	7.083007202e+02	2.120699547e-02
7.070751343e+02	2.465034574e-01	7.084207764e+02	2.569636144e-02
7.071948242e+02	2.048760504e-01	7.085408325e+02	2.350733243e-02
7.073144531e+02	1.189727187e-01	7.086608887e+02	2.020523697e-02
7.074341431e+02	7.037860900e-02	7.087809448e+02	2.001972683e-02
7.075538330e+02	1.013928577e-01	7.089010620e+02	3.008369589e-03
7.076735229e+02	3.798253834e-02	7.090211182e+02	1.222826540e-02
7.077932129e+02	7.332937792e-03	7.091411743e+02	6.273362786e-03
7.079129028e+02	-2.032751217e-03	7.092612305e+02	-4.606855800e-04
7.080325928e+02	2.873200178e-02	7.093813477e+02	2.165222168e-02
7.081522827e+02	1.042284723e-02	7.095014038e+02	1.126360800e-02
7.082719727e+02	5.567274988e-03	7.096214600e+02	7.080335636e-04
7.083916626e+02	-4.892357159e-03	7.097415161e+02	6.347567309e-03
7.085113525e+02	2.109359205e-02	7.098616333e+02	1.169028319e-02
7.086309814e+02	2.719664201e-02	7.099816895e+02	1.115230098e-02
7.087506714e+02	-1.089944877e-02	7.101017456e+02	1.133781206e-02
7.088703613e+02	1.470266003e-02	7.102218628e+02	6.440322846e-03
7.089900513e+02	1.393498108e-02	7.103419189e+02	6.662935950e-03
7.091097412e+02	8.599609137e-03	7.104619751e+02	5.475665443e-03
7.092294922e+02	3.935956396e-03	7.105820923e+02	-1.666506869e-03
7.093491821e+02	-2.589318668e-03	7.107021484e+02	2.476880699e-02
7.094688721e+02	4.882600904e-02	7.108222656e+02	1.315581985e-02
7.095885620e+02	2.677441947e-02	7.109423218e+02	1.747822575e-02
7.097082520e+02	1.612286642e-02	7.110623779e+02	5.178847816e-03
7.098279419e+02	-4.911548924e-03	7.111824951e+02	2.655898686e-03
7.099476318e+02	1.650670730e-02	7.113025513e+02	3.620555857e-03
7.100673218e+02	1.280265395e-02	7.114226685e+02	6.894824328e-04
7.101870117e+02	-1.011257712e-02	7.115427246e+02	2.398966067e-02
7.103067017e+02	-9.172169492e-03	7.116628418e+02	-1.499547041e-03
7.104263916e+02	1.940469630e-02	7.117828979e+02	-2.538408386e-03
7.105461426e+02	8.426881395e-03	7.119030151e+02	1.319292188e-02
7.106658325e+02	1.153118443e-03	7.120230713e+02	7.182366680e-03
7.107855225e+02	-9.959041141e-03	7.121431885e+02	1.809041202e-02
7.109052124e+02	2.287844568e-02	7.122632446e+02	9.241538122e-03
7.110249023e+02	1.886732131e-02	7.123833618e+02	3.721659258e-02
7.111446533e+02	-3.664069809e-03	7.125034180e+02	-1.092350483e-02
7.112643433e+02	1.863221871e-03	7.126235352e+02	5.039714742e-04
7.113840332e+02	8.292537183e-03	7.127436523e+02	3.884908929e-02
7.115037231e+02	1.215012651e-02	7.128637085e+02	1.502948068e-02
7.116234131e+02	-8.845905773e-03	7.129838257e+02	1.593848504e-02
7.117431641e+02	-7.099435199e-03	7.131038818e+02	1.391641516e-02
7.118628540e+02	1.266830973e-02	7.132239990e+02	1.107809693e-02
7.119825439e+02	1.834913716e-02	7.133441162e+02	3.620555857e-03
7.121022949e+02	-9.076209739e-03	7.134641724e+02	1.393496618e-02
7.122219849e+02	-1.011257712e-02	7.135842896e+02	2.577056549e-02
7.123416748e+02	1.366629265e-02	7.137044067e+02	7.033957634e-03
7.124614258e+02	5.991897732e-02	7.138244629e+02	1.770083793e-02
7.125811157e+02	1.253396552e-02	7.139445801e+02	5.624074489e-03
7.127008057e+02	-1.045803260e-02	7.140646973e+02	1.675473340e-02
7.128205566e+02	2.539259568e-02	7.141847534e+02	1.161607914e-02
7.129402466e+02	5.320178345e-02	7.143048706e+02	4.566662014e-03
7.130599365e+02	-1.652269997e-02	7.144249878e+02	1.059576869e-02
7.131796875e+02	2.688957006e-02	7.145451050e+02	3.567685187e-02
7.132993774e+02	3.832799569e-02	7.146651611e+02	2.283949219e-02
7.134191284e+02	3.606333956e-02	7.147852783e+02	1.475121453e-02
7.135388184e+02	-4.796396941e-03	7.149053955e+02	2.962919511e-02
7.136585083e+02	4.391286150e-02	7.150255127e+02	2.269108407e-02
7.137782593e+02	7.697585505e-03	7.151456299e+02	4.124218225e-02
7.138979492e+02	5.548083223e-03	7.152656860e+02	1.942609064e-02
7.140177002e+02	1.034607925e-02	7.153858032e+02	7.627592888e-03
7.141373901e+02	-9.517624974e-03	7.155059204e+02	1.438019238e-02
7.142571411e+02	5.705937371e-02	7.156260376e+02	1.130071003e-02
7.143768311e+02	3.571308684e-03	7.157461548e+02	4.102884326e-03
7.144965820e+02	-1.466107741e-02	7.158662720e+02	1.838723011e-02
7.146162720e+02	1.709686010e-03	7.159863281e+02	2.126264945e-02
7.147360229e+02	3.531485423e-02	7.161064453e+02	1.094823889e-02
7.148557129e+02	3.479667008e-02	7.162265625e+02	2.257977799e-02
7.149754639e+02	8.369305171e-03	7.163466797e+02	1.302596182e-02
7.150951538e+02	1.230366156e-02	7.164667969e+02	1.905506849e-02
7.152149048e+02	3.959466517e-02	7.165869141e+02	2.677232586e-02
7.153345947e+02	2.070975117e-02	7.167070312e+02	1.066997275e-02
7.154543457e+02	-8.807522245e-03	7.168271484e+02	9.965031408e-03
7.155740967e+02	-6.408523768e-03	7.169472656e+02	1.289610472e-02
7.156937866e+02	2.938452922e-02	7.170673828e+02	1.875825226e-02
7.158135376e+02	2.226430178e-02	7.171875000e+02	1.311871782e-02
7.159332275e+02	-5.775188096e-03	7.173076172e+02	2.813583123e-04
7.160529785e+02	-9.963839548e-04	7.174277344e+02	3.555626899e-04
7.161727295e+02	3.506535664e-02	7.175478516e+02	1.983421482e-02
7.162924194e+02	1.756226644e-02	7.176679688e+02	2.682797797e-02
7.164121704e+02	-1.011257712e-02	7.177880859e+02	-3.308278974e-04
7.165319214e+02	-1.051560882e-02	7.179082031e+02	-3.911189735e-03
7.166516113e+02	3.278151155e-02	7.180283203e+02	5.586971994e-03
7.167713623e+02	1.013496798e-02	7.181484375e+02	2.009393089e-02
7.168911133e+02	-6.254987791e-03	7.182685547e+02	-4.245109390e-03
7.170108032e+02	-8.020650595e-03	7.183886719e+02	1.783997170e-03
7.171305542e+02	4.191689566e-02	7.185087891e+02	4.895943776e-02
7.172503052e+02	2.759967372e-02	7.186289062e+02	-5.534410593e-04
7.173700562e+02	2.554613166e-02	7.187490234e+02	1.732981764e-02
7.174897461e+02	1.188143808e-02	7.188692017e+02	-1.003305148e-02
7.176094971e+02	1.827237010e-02	7.189893188e+02	1.196854934e-02
7.177292480e+02	9.420065908e-04	7.191094360e+02	4.139986355e-03
7.178489990e+02	-1.335602254e-02	7.192295532e+02	6.366118323e-03
7.179686890e+02	-9.594392963e-03	7.193496704e+02	8.926169947e-03
7.180884399e+02	8.945064619e-03	7.194697876e+02	1.682893746e-02
7.182081909e+02	5.720810965e-03	7.195899048e+02	2.488938859e-03
7.183279419e+02	1.167032681e-02	7.197100830e+02	1.059576869e-02
7.184476929e+02	-7.444891147e-03	7.198302002e+02	7.265846361e-04
7.185674438e+02	2.633300424e-02	7.199503174e+02	2.207889780e-02
7.186871338e+02	9.290520102e-03	7.200704346e+02	2.581694396e-03
7.188068848e+02	6.622834131e-03	7.201906128e+02	-5.358175375e-03
7.189266357e+02	-1.947826520e-02	7.203107300e+02	1.746895025e-03
7.190463867e+02	1.765822619e-02	7.204308472e+02	8.443840779e-03
7.191661377e+02	2.926937677e-02	7.205509644e+02	1.096679084e-02
7.192858887e+02	-1.362471003e-02	7.206711426e+02	-4.041047301e-03
7.194056396e+02	2.035949845e-03	7.207912598e+02	5.809585564e-03
7.195253296e+02	1.850267313e-02	7.209113770e+02	3.026920836e-03
7.196450806e+02	2.191884629e-02	7.210314941e+02	2.321051434e-02
7.197648315e+02	4.430149856e-04	7.211516724e+02	6.662935950e-03
7.198845825e+02	-1.185904723e-02	7.212717896e+02	3.954475746e-03
7.200043335e+02	2.761886641e-02	7.213919067e+02	3.098342381e-02
7.201240845e+02	9.693551809e-03	7.215120850e+02	2.031654306e-02
7.202438354e+02	-2.147902967e-03	7.216322021e+02	9.556907229e-03
7.203635864e+02	1.065315120e-02	7.217523193e+02	7.404979784e-03
7.204833374e+02	3.331888467e-02	7.218724976e+02	1.153259887e-03
7.206030884e+02	2.079131809e-05	7.219926147e+02	1.950029470e-02
7.207228394e+02	-1.352875028e-02	7.221127319e+02	8.295432664e-03
7.208425903e+02	-2.416590927e-03	7.222329102e+02	9.927929379e-03
7.209623413e+02	1.245719753e-02	7.223530273e+02	2.571491338e-02
7.210820923e+02	1.729357801e-02	7.224732056e+02	1.541905385e-02
7.212018433e+02	8.460466634e-04	7.225933228e+02	1.189434528e-02
7.213215942e+02	-1.326006278e-02	7.227134399e+02	-3.465963295e-03
7.214413452e+02	1.109456737e-02	7.228336182e+02	4.937683698e-03
7.215610962e+02	2.120874263e-02	7.229537354e+02	1.621675119e-02
7.216808472e+02	-9.671160951e-03	7.230739136e+02	-2.927981550e-03
7.218005981e+02	-1.034288108e-02	7.231940308e+02	-1.759262406e-03
7.219203491e+02	1.157436613e-02	7.233142090e+02	2.334037237e-02
7.220401001e+02	1.142083108e-02	7.234343262e+02	1.497382764e-02
7.221598511e+02	-1.759745181e-02	7.235545044e+02	2.102148533e-02
7.222796631e+02	-5.947916303e-03	7.236746216e+02	-1.388240489e-03
7.223994141e+02	5.780785903e-02	7.237947998e+02	3.768037260e-02
7.225191650e+02	1.243800577e-02	7.239149170e+02	1.415757928e-02
7.226389160e+02	9.923855774e-03	7.240350952e+02	2.380415052e-02
7.227586670e+02	1.037966576e-03	7.241552124e+02	1.872114837e-02
7.228784180e+02	3.410575911e-02	7.242753906e+02	4.428455979e-02
7.229981689e+02	3.222494200e-02	7.243955078e+02	5.957994144e-03
7.231179199e+02	-1.400854997e-02	7.245156860e+02	7.683246396e-03
7.232377319e+02	8.733952418e-03	7.246358032e+02	7.163815666e-03
7.233574829e+02	1.585417986e-02	7.247559814e+02	7.182366680e-03
7.234772339e+02	2.896230482e-02	7.248760986e+02	1.853563823e-02
7.235969849e+02	1.579660363e-02	7.249962769e+02	6.310464814e-03
7.237167358e+02	2.534941304e-03	7.251164551e+02	-2.018977888e-03
7.238365479e+02	2.141985483e-02	7.252365723e+02	8.332534693e-03
7.239562988e+02	2.884715423e-02	7.253567505e+02	3.797718883e-02
7.240760498e+02	-9.805505164e-03	7.254768677e+02	-9.059119038e-04
7.241958008e+02	1.003900729e-02	7.255970459e+02	1.097606611e-03
7.243155518e+02	2.468249202e-02	7.257172241e+02	1.439874340e-02
7.244353638e+02	2.243703045e-02	7.258373413e+02	6.811344530e-03
7.245551147e+02	-2.224670956e-03	7.259575195e+02	2.674449934e-03
7.246748657e+02	-4.489325453e-03	7.260776978e+02	1.895303838e-03
7.247946167e+02	8.503648452e-03	7.261978149e+02	1.933333464e-02
7.249144287e+02	2.594916336e-02	7.263179932e+02	1.445439644e-02
7.250341797e+02	-7.425698917e-03	7.264381714e+02	-5.348899867e-04
7.251539307e+02	-1.066914480e-02	7.265582886e+02	6.737140007e-03
7.252737427e+02	2.412592433e-02	7.266784668e+02	1.382365916e-02
7.253934937e+02	5.805735663e-02	7.267986450e+02	2.541809529e-02
7.255132446e+02	-9.939849377e-03	7.269187622e+02	4.047231283e-03
7.256330566e+02	-9.959041141e-03	7.270389404e+02	9.779520333e-03
7.257528076e+02	2.262894996e-02	7.271591187e+02	1.326712687e-02
7.258725586e+02	1.698650606e-02	7.272792969e+02	1.044735964e-02
7.259923706e+02	5.917528688e-05	7.273994141e+02	-1.963324379e-03
7.261121216e+02	-1.176308747e-02	7.275195923e+02	1.617037342e-03
7.262318726e+02	2.919260971e-02	7.276397705e+02	3.144720197e-02
7.263516846e+02	8.369305171e-03	7.277599487e+02	3.120603785e-02
7.264714355e+02	5.260203499e-03	7.278800659e+02	2.098438330e-02
7.265911865e+02	-5.410540383e-03	7.280002441e+02	4.220683873e-02
7.267109985e+02	2.719664201e-02	7.281204224e+02	2.185628377e-02
7.268307495e+02	1.347437315e-02	7.282406006e+02	2.350733243e-02
7.269505005e+02	-2.147902967e-03	7.283607178e+02	8.295432664e-03
7.270703125e+02	2.510951308e-04	7.284808960e+02	2.246847004e-02
7.271900635e+02	3.569869325e-02	7.286010742e+02	8.573698811e-03
7.273098755e+02	2.253299020e-02	7.287212524e+02	2.507490106e-03
7.274296265e+02	2.928856947e-02	7.288414307e+02	9.594009258e-03
7.275494385e+02	5.788462609e-02	7.289616089e+02	1.035460457e-02
7.276691895e+02	4.959369078e-02	7.290817261e+02	1.065142173e-02
7.277889404e+02	5.922806635e-02	7.292019043e+02	3.768964671e-03
7.279087524e+02	1.107537467e-02	7.293220825e+02	2.989818575e-03
7.280285034e+02	2.289763838e-02	7.294422607e+02	1.094823889e-02
7.281483154e+02	3.247443959e-02	7.295624390e+02	7.998614572e-03
7.282680664e+02	2.842492983e-02	7.296826172e+02	1.527064480e-02
7.283878784e+02	-1.464188565e-02	7.298027954e+02	2.915614052e-03
7.285076294e+02	2.260975726e-02	7.299229736e+02	5.401461385e-03
7.286274414e+02	3.840476274e-02	7.300430908e+02	1.183869224e-02
7.287471924e+02	1.819560118e-02	7.301632690e+02	2.000117488e-02
7.288670044e+02	-3.280230099e-03	7.302834473e+02	1.207985636e-02
7.289867554e+02	5.106667522e-03	7.304036255e+02	3.175329417e-03
7.291065674e+02	1.767741702e-02	7.305238037e+02	1.222826540e-02
7.292263184e+02	2.345420606e-02	7.306439819e+02	1.193144731e-02
7.293461304e+02	7.601625752e-03	7.307641602e+02	4.548110534e-03
7.294658813e+02	-1.189743169e-02	7.308843384e+02	2.074321918e-02
7.295856934e+02	2.514309995e-02	7.310045166e+02	5.920892116e-03
7.297054443e+02	3.316535056e-02	7.311246948e+02	1.920347847e-02
7.298252563e+02	1.268270425e-03	7.312448730e+02	2.341457643e-02
7.299450684e+02	-1.191662345e-02	7.313650513e+02	5.531318951e-03
7.300648193e+02	2.800270543e-02	7.314852295e+02	4.399701953e-03
7.301846313e+02	6.258186419e-03	7.316054077e+02	3.917373251e-03
7.303043823e+02	8.268547244e-04	7.317255859e+02	1.259928662e-02
7.304241943e+02	-1.112975180e-02	7.318457642e+02	-3.614372108e-03
7.305439453e+02	2.604512312e-02	7.319659424e+02	4.782782122e-02
7.306637573e+02	5.241011269e-03	7.320861206e+02	1.823882014e-02
7.307835693e+02	-1.464188565e-02	7.322062988e+02	3.100197576e-02
7.309033203e+02	-5.890340079e-03	7.323264771e+02	2.934165299e-03
7.310231323e+02	5.345127732e-02	7.324466553e+02	1.059576869e-02
7.311429443e+02	4.571690783e-02	7.325668335e+02	1.584572904e-02
7.312626953e+02	2.842013258e-03	7.326870117e+02	3.323738230e-03
7.313825073e+02	1.614205912e-02	7.328071899e+02	4.328280315e-02
7.315022583e+02	2.978756092e-02	7.329273682e+02	8.592249826e-03
7.316220703e+02	6.584450137e-03	7.330475464e+02	2.470387844e-03
7.317418823e+02	8.522841148e-03	7.331677246e+02	1.189434528e-02
7.318616333e+02	1.957742497e-02	7.332879028e+02	2.439778484e-02
7.319814453e+02	3.621687740e-02	7.334081421e+02	2.076176926e-02
7.321012573e+02	9.866279550e-03	7.335283203e+02	5.772483069e-03
7.322210083e+02	1.499054022e-02	7.336484985e+02	-1.722160261e-03
7.323408203e+02	2.013399266e-02	7.337686768e+02	4.214190878e-03
7.324606323e+02	1.834913716e-02	7.338888550e+02	5.957066640e-02
7.325803833e+02	-4.412557464e-03	7.340090332e+02	2.217165381e-02
7.327001953e+02	-1.149439998e-02	7.341292114e+02	1.691241749e-03
7.328200073e+02	1.750469021e-02	7.342493896e+02	3.892329335e-02
7.329398193e+02	2.257137373e-02	7.343696289e+02	-2.185937716e-03
7.330595703e+02	-1.032368839e-02	7.344898071e+02	8.564423188e-04
7.331793823e+02	2.230268717e-02	7.346099854e+02	2.283949219e-02
7.332991943e+02	2.245622315e-02	7.347301636e+02	1.940754056e-02
7.334189453e+02	2.418350056e-02	7.348503418e+02	2.133685350e-02
7.335387573e+02	-2.478964743e-04	7.349705200e+02	-1.034842059e-02
7.336585693e+02	-1.972776093e-02	7.350906982e+02	2.222730592e-02
7.337783813e+02	3.084312007e-02	7.352109375e+02	1.193144731e-02
7.338981323e+02	2.368450910e-02	7.353311157e+02	5.586971994e-03
7.340179443e+02	-9.440857917e-03	7.354512939e+02	-1.963324379e-03
7.341377563e+02	-1.256915089e-02	7.355714722e+02	-7.946053520e-04
7.342575684e+02	9.578400292e-03	7.356916504e+02	3.307969868e-02
7.343773804e+02	2.579562739e-02	7.358118896e+02	2.419372275e-02
7.344971313e+02	1.034607925e-02	7.359320679e+02	1.666197740e-02
7.346169434e+02	-5.986300297e-03	7.360522461e+02	-4.319313914e-03
7.347367554e+02	3.567950055e-02	7.361724243e+02	7.089611143e-03
7.348565674e+02	2.502794750e-02	7.362926636e+02	8.963271976e-03
7.349763794e+02	1.222689450e-02	7.364128418e+02	1.371235307e-02
7.350961304e+02	-1.840831246e-03	7.365330200e+02	5.846687593e-03
7.352159424e+02	1.476023626e-02	7.366531982e+02	2.035364509e-02
7.353357544e+02	2.798351459e-02	7.367734375e+02	2.165222168e-02
7.354555664e+02	-2.819622634e-03	7.368936157e+02	4.659417085e-03
7.355753784e+02	-4.450941458e-03	7.370137939e+02	1.872114837e-02
7.356951294e+02	1.395417284e-02	7.371339722e+02	2.640130371e-02
7.358149414e+02	4.066941515e-02	7.372542114e+02	1.682893746e-02
7.359347534e+02	-4.719628952e-03	7.373743896e+02	-6.322832312e-03
7.360545654e+02	8.004656993e-03	7.374945679e+02	-3.892638721e-03
7.361743774e+02	1.813802496e-02	7.376148071e+02	8.666454814e-03
7.362941895e+02	1.729357801e-02	7.377349854e+02	2.513982914e-02
7.364140015e+02	-1.047722436e-02	7.378551636e+02	1.501092967e-02
7.365337524e+02	-1.562067680e-02	7.379753418e+02	3.880271222e-03
7.366535645e+02	5.548083223e-03	7.380955811e+02	9.612560272e-03
7.367733765e+02	1.094103139e-02	7.382157593e+02	8.555147797e-03
7.368931885e+02	-1.667623594e-02	7.383359375e+02	9.853724390e-03
7.370130005e+02	-4.604476970e-03	7.384561768e+02	2.513982914e-02
7.371328125e+02	2.786836214e-02	7.385763550e+02	5.858745798e-02
7.372526245e+02	3.466232494e-02	7.386965332e+02	1.415665150e-01
7.373724365e+02	-1.043884084e-02	7.388167725e+02	1.215869859e-01
7.374921875e+02	1.773499325e-02	7.389369507e+02	8.025513589e-02
7.376119995e+02	1.502892375e-02	7.390571289e+02	8.331607282e-02
7.377318115e+02	1.462589204e-02	7.391773682e+02	5.333749577e-02
7.378516235e+02	-5.429732613e-03	7.392975464e+02	4.472978786e-02
7.379714355e+02	3.609692678e-03	7.394177856e+02	1.927768253e-02
7.380912476e+02	3.585222736e-02	7.395379639e+02	1.773794182e-02
7.382110596e+02	1.685216278e-02	7.396581421e+02	3.838531300e-02
7.383308716e+02	2.136227861e-02	7.397783813e+02	5.457114428e-03
7.384506836e+02	1.464940310e-01	7.398985596e+02	4.436803982e-03
7.385704956e+02	2.553125918e-01	7.400187378e+02	1.866549626e-02
7.386903076e+02	2.085033357e-01	7.401389771e+02	2.565925941e-02
7.388101196e+02	1.475303918e-01	7.402591553e+02	1.096679084e-02
7.389299316e+02	8.458068222e-02	7.403793945e+02	1.734836772e-02
7.390497437e+02	7.101194561e-02	7.404995728e+02	2.757002227e-02
7.391695557e+02	3.771385178e-02	7.406198120e+02	3.397942754e-03
7.392893677e+02	2.366531827e-02	7.407399902e+02	1.955594867e-02
7.394091797e+02	3.166837618e-02	7.408601685e+02	-8.326350711e-03
7.395289917e+02	4.811590537e-02	7.409804077e+02	6.644384935e-03
7.396488037e+02	2.383804508e-02	7.411005859e+02	1.070707478e-02
7.397685547e+02	1.746630669e-02	7.412208252e+02	5.828136578e-03
7.398883667e+02	-1.053959830e-03	7.413410034e+02	4.020332173e-02
7.400081787e+02	3.462393954e-02	7.414612427e+02	2.261688001e-02
7.401279907e+02	2.057540789e-02	7.415814209e+02	1.912927255e-02
7.402478027e+02	1.049961522e-02	7.417016602e+02	5.764135346e-02
7.403676147e+02	-8.620400331e-04	7.418218384e+02	5.549869966e-03
7.404874268e+02	2.111278288e-02	7.419420166e+02	2.959209308e-02
7.406072388e+02	1.550872345e-02	7.420622559e+02	5.976545159e-03
7.407270508e+02	-1.226207893e-02	7.421824341e+02	-7.732715923e-03
7.408469238e+02	-6.216603797e-03	7.423026733e+02	4.993337207e-03
7.409667358e+02	1.921277680e-02	7.424228516e+02	1.653211936e-02
7.410865479e+02	1.992288046e-02	7.425430908e+02	9.222987108e-03
7.412063599e+02	2.251379751e-02	7.426632690e+02	-9.801163105e-04
7.413261719e+02	-7.847922854e-03	7.427835083e+02	-1.647955854e-03
7.414459839e+02	2.260975726e-02	7.429036865e+02	1.443584543e-02
7.415657959e+02	2.201480605e-02	7.430239258e+02	2.859033272e-02
7.416856079e+02	-1.207495807e-03	7.431441040e+02	6.959753577e-03
7.418054199e+02	-6.005492061e-03	7.432643433e+02	-9.977398440e-03
7.419252319e+02	2.671684325e-02	7.433845215e+02	1.357321977e-03
7.420450439e+02	4.502599686e-02	7.435047607e+02	2.282094210e-02
7.421648560e+02	-6.122083589e-02	7.436249390e+02	-5.722704530e-02
7.422846680e+02	-6.175820902e-02	7.437451782e+02	-5.589136481e-02
7.424044800e+02	-6.383094192e-02	7.438653564e+02	-5.678181723e-02
7.425242920e+02	-6.344710290e-02	7.439855957e+02	-5.700442940e-02
7.426441040e+02	-6.392690539e-02	7.441058350e+02	-5.756096169e-02
7.427639160e+02	-6.365821511e-02	7.442260132e+02	-5.681892112e-02
